,42,7,123
2010-03-31,1.0,1.0,1.0
2010-04-01,1.0051454125037445,1.0051454125037445,1.0051454125037445
2010-04-02,1.0092846947568996,1.0092846947568996,1.0092846947568996
2010-04-05,1.0108588616137542,1.0108588616137542,1.0108588616137542
2010-04-06,1.0108588616137542,1.0108588616137542,1.0108588616137542
2010-04-07,1.0112303533861422,1.011230353386142,1.0112303533861422
2010-04-08,1.0086831708489308,1.0086831708489306,1.0086831708489308
2010-04-09,1.0146456005132438,1.0146456005132436,1.0146456005132438
2010-04-12,1.0164867636493622,1.016486763649362,1.0164867636493622
2010-04-13,1.0142674920240895,1.0142674920240895,1.0142674920240895
2010-04-14,1.0173900259303634,1.0173900259303632,1.0173900259303634
2010-04-15,1.0153912964691905,1.0153912964691905,1.0153912964691905
2010-04-16,1.01328749753685,1.01328749753685,1.01328749753685
2010-04-19,0.9963129861683321,0.996312986168332,0.9963129861683321
2010-04-20,1.001277451181473,1.001277451181473,1.001277451181473
2010-04-21,1.0077096833263652,1.0077096833263652,1.0077096833263652
2010-04-22,1.0069764723359576,1.0069764723359576,1.0069764723359576
2010-04-23,1.0045894797571213,1.0045894797571213,1.0045894797571213
2010-04-26,1.007446759596948,1.0074467595969478,1.007446759596948
2010-04-27,0.9991640327478186,0.9991640327478185,0.9991640327478186
2010-04-28,0.9956996694161837,0.9956996694161837,0.9956996694161837
2010-04-29,0.9893228256643933,0.9893228256643933,0.9893228256643933
2010-04-30,0.9870372590541644,0.9870372590541644,0.9870372590541644
2010-05-03,0.9830823511993779,0.9830823511993779,0.9830823511993779
2010-05-04,0.9829066093900926,0.9829066093900926,0.9829066093900926
2010-05-05,0.9849455764471267,0.9849455764471265,0.9849455764471267
2010-05-06,0.9750885945315022,0.975088594531502,0.9750885945315022
2010-05-07,0.9697378141986808,0.9697378141986805,0.9697378141986808
2010-05-10,0.9714060768124246,0.9714060768124244,0.9714060768124246
2010-05-11,0.9635484133820585,0.9635484133820583,0.9635484133820585
2010-05-12,0.9627822341062866,0.9627822341062864,0.9627822341062866
2010-05-13,0.9703895205083594,0.9703895205083592,0.9703895205083594
2010-05-14,0.9681623538362442,0.9681623538362438,0.9681623538362442
2010-05-17,0.9487541937715105,0.9487541937715102,0.9487541937715105
2010-05-18,0.9531682864999066,0.9531682864999063,0.9531682864999066
2010-05-19,0.9509578079323155,0.9509578079323152,0.9509578079323155
2010-05-20,0.9462117595583679,0.9462117595583676,0.9462117595583679
2010-05-21,0.9497478421069712,0.9497478421069708,0.9497478421069712
2010-05-24,0.9614384420733797,0.9614384420733793,0.9614384420733797
2010-05-25,0.9543726005441147,0.9543726005441143,0.9543726005441147
2010-05-26,0.9582923814905094,0.958292381490509,0.9582923814905094
2010-05-27,0.9640391575851857,0.9640391575851852,0.9640391575851857
2010-05-28,0.9658080633080348,0.9658080633080344,0.9658080633080348
2010-05-31,0.9579203199596062,0.9579203199596059,0.9579203199596062
2010-06-01,0.9522502158605679,0.9522502158605676,0.9522502158605679
2010-06-02,0.9542318252997973,0.954231825299797,0.9542318252997973
2010-06-03,0.9542861908287708,0.9542861908287704,0.9542861908287708
2010-06-04,0.9539794970462016,0.9539794970462011,0.9539794970462016
2010-06-07,0.9470077405386075,0.947007740538607,0.9470077405386075
2010-06-08,0.9511119065619228,0.9511119065619223,0.9511119065619228
2010-06-09,0.9585487087341387,0.9585487087341382,0.9585487087341387
2010-06-10,0.9573430903684044,0.9573430903684039,0.9573430903684044
2010-06-11,0.958008117588639,0.9580081175886386,0.958008117588639
2010-06-14,0.9577512517646697,0.9577512517646692,0.9577512517646697
2010-06-15,0.9577888659096072,0.9577888659096068,0.9577888659096072
2010-06-16,0.9580683549565989,0.9580683549565985,0.9580683549565989
2010-06-17,0.9580683549565989,0.9580683549565985,0.9580683549565989
2010-06-18,0.9501689254988752,0.9501689254988748,0.9501689254988752
2010-06-21,0.9627712793936488,0.9627712793936484,0.9627712793936488
2010-06-22,0.9613997402265809,0.9613997402265805,0.9613997402265809
2010-06-23,0.9604507534976138,0.9604507534976133,0.9604507534976138
2010-06-24,0.9604389946836945,0.960438994683694,0.9604389946836945
2010-06-25,0.9574200862366581,0.9574200862366575,0.9574200862366581
2010-06-28,0.955651890143381,0.9556518901433805,0.955651890143381
2010-06-29,0.939172147689159,0.9391721476891584,0.939172147689159
2010-06-30,0.9351540111432364,0.935154016500556,0.9351540165005676
2010-07-01,0.9304595708554493,0.9304595761858758,0.9304595761858869
2010-07-02,0.9291685451103844,0.9291685504334151,0.929168550433426
2010-07-05,0.9282599678979698,0.9282599732157955,0.9282599732158063
2010-07-06,0.9341239119809831,0.9341239173324016,0.9341239173324132
2010-07-07,0.9359180461075968,0.9359180514692934,0.9359180514693052
2010-07-08,0.9369460628359403,0.936946068203526,0.936946068203538
2010-07-09,0.9438099747963329,0.94380998020324,0.9438099802032527
2010-07-12,0.9461885574862914,0.9461885629068248,0.9461885629068377
2010-07-13,0.9415017596899754,0.9415017650836593,0.941501765083672
2010-07-14,0.9452583217711661,0.9452583271863703,0.9452583271863831
2010-07-15,0.9400091879794373,0.9400091933645708,0.9400091933645832
2010-07-16,0.942423277460578,0.9424232828595412,0.9424232828595539
2010-07-19,0.9470236436421158,0.9470236490674333,0.9470236490674462
2010-07-20,0.953933134992167,0.953933140457067,0.9539331404570807
2010-07-21,0.9545730553564398,0.9545730608250057,0.9545730608250194
2010-07-22,0.958249447174945,0.9582494526645721,0.9582494526645862
2010-07-23,0.9612445797282788,0.9612445852350642,0.9612445852350786
2010-07-26,0.9642869339905379,0.9642869395147522,0.9642869395147668
2010-07-27,0.9616315827258664,0.9616315882348687,0.961631588234883
2010-07-28,0.9672460645230898,0.9672460700642562,0.967246070064271
2010-07-29,0.9698805135604774,0.9698805191167359,0.9698805191167511
2010-07-30,0.9703277783074065,0.9703277838662269,0.9703277838662424
2010-08-02,0.9786841406752208,0.9786841462819127,0.9786841462819289
2010-08-03,0.9739894529482519,0.9739894585280492,0.9739894585280651
2010-08-04,0.9778504586248955,0.9778504642268114,0.9778504642268278
2010-08-05,0.9770443157912073,0.977044321388505,0.9770443213885214
2010-08-06,0.9837336537831173,0.9837336594187365,0.9837336594187532
2010-08-09,0.9889550815350033,0.9889550872005346,0.9889550872005518
2010-08-10,0.9782746091699879,0.9782746147743338,0.97827461477435
2010-08-11,0.9804471441892166,0.9804471498060083,0.9804471498060249
2010-08-12,0.9771282580912013,0.97712826368898,0.9771282636889962
2010-08-13,0.9847724015161098,0.9847724071576796,0.9847724071576963
2010-08-16,0.9912091816401892,0.9912091873186334,0.9912091873186508
2010-08-17,0.9936668476618702,0.9936668533543935,0.9936668533544114
2010-08-18,0.9929176445400785,0.9929176502283099,0.9929176502283277
2010-08-19,0.9947492919339943,0.9947492976327187,0.9947492976327367
2010-08-20,0.9866223472069994,0.9866223528591668,0.9866223528591839
2010-08-23,0.9878129057234393,0.987812911382427,0.9878129113824443
2010-08-24,0.9887345947454848,0.9887346004097526,0.98873460040977
2010-08-25,0.9845698714125009,0.9845698770529101,0.9845698770529273
2010-08-26,0.9876605274774765,0.9876605331355912,0.987660533135609
2010-08-27,0.9894493444380849,0.9894493501064472,0.9894493501064653
2010-08-30,0.9976068863824816,0.9976068920975762,0.9976068920975951
2010-08-31,0.9965832469261962,0.9965832526354266,0.9965832526354452
2010-09-01,0.996500238545846,0.9965002442546009,0.9965002442546197
2010-09-02,1.001860836919856,1.0018608426593205,1.0018608426593396
2010-09-03,1.003868771765172,1.0038687775161392,1.0038687775161588
2010-09-06,1.0072150799956712,1.0072150857658082,1.0072150857658282
2010-09-07,1.0084046208433541,1.0084046266203057,1.008404626620326
2010-09-08,1.0103199417437216,1.0103199475316456,1.0103199475316658
2010-09-09,1.0031098828246128,1.0031098885712324,1.0031098885712517
2010-09-10,1.0052600714202151,1.0052600771791522,1.005260077179172
2010-09-13,1.0094086281358317,1.0094086339185349,1.0094086339185548
2010-09-14,1.0090079461424404,1.009007951922848,1.009007951922868
2010-09-15,1.0059308371246931,1.0059308428874731,1.0059308428874927
2010-09-16,0.9994313175646162,0.9994313232901623,0.9994313232901811
2010-09-17,1.0013779169663566,1.0013779227030537,1.001377922703073
2010-09-20,1.0018574577193213,1.0018574634587656,1.0018574634587851
2010-09-21,1.0002085116498394,1.0002085173798374,1.0002085173798567
2010-09-22,1.00843655432548,1.0084365601026144,1.0084365601026344
2010-09-23,1.00843655432548,1.0084365601026144,1.0084365601026344
2010-09-24,1.00843655432548,1.0084365601026144,1.0084365601026344
2010-09-27,1.00843655432548,1.0084365601026144,1.0084365601026344
2010-09-28,1.0071689441268423,1.0071689498967147,1.0071689498967349
2010-09-29,1.0046714281573694,1.0046714339129343,1.0046714339129543
2010-09-30,1.0095739334240765,1.0095738624556245,1.0096395525109765
2010-10-01,1.0179628505717757,1.0179627323031282,1.018028968197933
2010-10-04,1.0179628178927016,1.0179627323031228,1.018028968197933
2010-10-05,1.0179629256589806,1.0179627323031528,1.018028968197933
2010-10-06,1.017962940697144,1.0179627323032978,1.018028968197933
2010-10-07,1.0179628283421758,1.0179627323032816,1.018028968197933
2010-10-08,1.0179628699530874,1.0179627323033236,1.018028968197933
2010-10-11,1.0284839751382253,1.0284839242121855,1.0285508446903278
2010-10-12,1.0289136343273113,1.0289136015403806,1.0289805499764428
2010-10-13,1.0335304881929255,1.0335304049319811,1.0335976537699465
2010-10-14,1.0311287393352275,1.0311286487123978,1.0311957412747712
2010-10-15,1.0342904633908012,1.0342905390742523,1.0343578373718099
2010-10-18,1.0280644369775633,1.0280643369277844,1.0281312301044303
2010-10-19,1.0364770161663803,1.03647720043316,1.0365446410104933
2010-10-20,1.0322735607428437,1.0322735381154904,1.032340705172704
2010-10-21,1.033144556458715,1.0331446653432121,1.0332118890821347
2010-10-22,1.035127512311718,1.0351275531473283,1.0351949059071168
2010-10-25,1.0479943534461473,1.0479944352032335,1.0480626251739402
2010-10-26,1.0470915300334263,1.0470915974167891,1.0471597286424532
2010-10-27,1.0408112197237478,1.0408112776764915,1.0408790002600858
2010-10-28,1.0432857175076422,1.0432857656569936,1.043353649248369
2010-10-29,1.0421976376245798,1.0421977102361581,1.0422655230309712
2010-11-01,1.0538250772756061,1.0538251202103137,1.0538936895668927
2010-11-02,1.0517585236871942,1.0517584975785212,1.0518269324658922
2010-11-03,1.0473588890304035,1.0473587673923574,1.0474269160016596
2010-11-04,1.0555517063293431,1.055551524657309,1.055620206345508
2010-11-05,1.0665245582220064,1.0665244366873892,1.0665938323511994
2010-11-08,1.0719053269898737,1.071905214827329,1.0719749606028326
2010-11-09,1.0782108880558094,1.07821082419138,1.0782809802548827
2010-11-10,1.0745214881316023,1.0745213573898877,1.074591273390518
2010-11-11,1.072677696059732,1.0726775642001287,1.0727473602303288
2010-11-12,1.046581506611395,1.046581385149803,1.046649483177042
2010-11-15,1.0467538245975567,1.046753679367231,1.0468217886052669
2010-11-16,1.035749016618895,1.035748940404519,1.035816333596077
2010-11-17,1.0202315039505412,1.020231432509835,1.0202978160221061
2010-11-18,1.028216331705736,1.0282161879205616,1.0282830909776266
2010-11-19,1.0356220951258686,1.0356220464131647,1.0356894313481553
2010-11-22,1.0344630410595028,1.0344630117320375,1.0345303212520287
2010-11-23,1.0272076193534447,1.0272075943582384,1.0272744317894777
2010-11-24,1.0369689521679994,1.0369688092853468,1.0370362818506498
2010-11-25,1.0380905229810593,1.0380903691630636,1.038157914705019
2010-11-26,1.0334006324789682,1.0334004855025842,1.0334677258874165
2010-11-29,1.0352881574002657,1.0352879021174106,1.03535526531082
2010-11-30,1.0297322191063414,1.0297320267837946,1.029799028472493
2010-12-01,1.0344263600913197,1.0344259983516124,1.0344933054633587
2010-12-02,1.0384188952773892,1.038418437824623,1.0384860047127815
2010-12-03,1.037966966839013,1.0379664592311322,1.0380339967104115
2010-12-06,1.038365396414378,1.0383648891942414,1.0384324525982604
2010-12-07,1.043521722103611,1.0435212489338588,1.0435891478472568
2010-12-08,1.0366080738929946,1.0366076005589524,1.036675049621351
2010-12-09,1.0332010373279419,1.03320052964089,1.0332677570149384
2010-12-10,1.0376382220021276,1.037637773385682,1.0377052894784236
2010-12-13,1.048598271888808,1.0485978417347037,1.048666070967456
2010-12-14,1.0530500729868486,1.053049667911044,1.053118186811248
2010-12-15,1.0488042061666925,1.0488037109642279,1.0488719535924935
2010-12-16,1.0483714132556572,1.0483709473945135,1.0484391618642903
2010-12-17,1.0500126477283367,1.050012194149213,1.0500805154101667
2010-12-20,1.0486076296127296,1.0486070982273221,1.0486753280627614
2010-12-21,1.0537636935932422,1.0537631626789972,1.0538317280044953
2010-12-22,1.0502810984783264,1.0502805182921455,1.0503488570119583
2010-12-23,1.0475060474394255,1.0475054129354737,1.0475735710872456
2010-12-24,1.0443450237782024,1.0443444016630563,1.0444123541369665
2010-12-27,1.0361326282171621,1.0361319538622913,1.0361993719759803
2010-12-28,1.031556128153073,1.0315553944859372,1.0316225148160698
2010-12-29,1.0354865055564473,1.035485808987902,1.0355531850585922
2010-12-30,1.0381580707949167,1.0381574556139466,1.038225005520988
2010-12-31,1.0438900148072672,1.0439572757556652,1.0442610425583454
2011-01-03,1.0506450387850428,1.0507127349797913,1.0499754136337125
2011-01-04,1.0514426214193473,1.0515103690047245,1.0499754136337125
2011-01-05,1.0494781799084352,1.0495458009189849,1.0475652200114312
2011-01-06,1.0500297761452713,1.050097432696812,1.04804816409437
2011-01-07,1.0448228912759807,1.0448902123323929,1.0428804480833533
2011-01-10,1.0396045839068868,1.0396715687321854,1.037916425580104
2011-01-11,1.0404517030044544,1.0405187424121645,1.0379788387861357
2011-01-12,1.044240639896567,1.0443079234367862,1.0407036766281363
2011-01-13,1.044729801128612,1.044797116186949,1.0408230152280422
2011-01-14,1.040087625237253,1.0401546411863465,1.0357485715713952
2011-01-17,1.0274061982875053,1.0274723971344213,1.0227581847156666
2011-01-18,1.0281929017077032,1.028259151244268,1.0236015235863454
2011-01-19,1.036637008243316,1.0367038018588604,1.0316268488493052
2011-01-20,1.0247713505713019,1.0248373796471175,1.0205171023182522
2011-01-21,1.0259863590474076,1.026052466409845,1.0222464472330657
2011-01-24,1.023348108491661,1.0234140458637426,1.019713949293882
2011-01-25,1.0168647164021924,1.0169302360299766,1.0128878723024832
2011-01-26,1.0201699066208452,1.0202356392118974,1.0162003134706377
2011-01-27,1.0257564467502591,1.0258225392987608,1.0223413850786558
2011-01-28,1.0256191719025942,1.0256852556060683,1.0227697794735342
2011-01-31,1.0315427278056533,1.031609193181509,1.0296561747229598
2011-02-01,1.034628632443641,1.0346952966535403,1.0328046051648052
2011-02-02,1.0357469189816255,1.0358136552460635,1.032472722339346
2011-02-03,1.0345538155250973,1.0346204749143195,1.032472722339346
2011-02-04,1.0345538155250973,1.034620474914319,1.032472722339346
2011-02-07,1.0345538155250973,1.0346204749143189,1.032472722339346
2011-02-08,1.0343193587573636,1.0343860030398362,1.032472722339346
2011-02-09,1.0332268415660977,1.0332934154544282,1.032472722339346
2011-02-10,1.038745273078153,1.0388122025354916,1.040015383905031
2011-02-11,1.0411447058149341,1.0412117898748834,1.0421210383758837
2011-02-14,1.048154962147051,1.0482224978987331,1.0485001938019802
2011-02-15,1.0467674707965673,1.0468349171480413,1.0478488936462806
2011-02-16,1.0508632265311917,1.0509309367844288,1.0512522779793494
2011-02-17,1.050824769320321,1.0508924770956451,1.0506749462597973
2011-02-18,1.0490609752110465,1.049128569339853,1.0477235351506886
2011-02-21,1.0535425296492409,1.0536104125379726,1.0528841159580746
2011-02-22,1.044610190037877,1.0446774973893151,1.0452229099481456
2011-02-23,1.043912914112205,1.0439801765360759,1.0447935154150856
2011-02-24,1.043663195916639,1.0437304422504214,1.0456767674803573
2011-02-25,1.0462718862470548,1.0463393006665394,1.0469137441799663
2011-02-28,1.0536246529020667,1.053692541082246,1.0535355748487496
2011-03-01,1.054864071744223,1.054932039783857,1.0546383249036622
2011-03-02,1.0546350345257505,1.0547029878078333,1.0556869696649491
2011-03-03,1.0498081839750324,1.0498758262487315,1.0502718622616063
2011-03-04,1.0539566943693888,1.0540246039439913,1.053628341961287
2011-03-07,1.058872294131082,1.058940520432444,1.0592081619891784
2011-03-08,1.056829574706309,1.056897669389163,1.0555658934768573
2011-03-09,1.058685442690487,1.0587536569524534,1.0571798074967704
2011-03-10,1.0530806299682083,1.053148483095367,1.0519389148082208
2011-03-11,1.0484344239942263,1.0485019777524707,1.0483434870479427
2011-03-14,1.0507520940261155,1.0508197971187554,1.0504546279915552
2011-03-15,1.0450372226461941,1.0451045575126183,1.0468714672525414
2011-03-16,1.048424917263576,1.048492470409273,1.050395638619566
2011-03-17,1.0426068680772547,1.0426740463486834,1.0457869636862578
2011-03-18,1.0467683825328056,1.046835828943028,1.0501661577777173
2011-03-21,1.0476897846707975,1.047757290449709,1.0496786699083254
2011-03-22,1.0484645267440253,1.0485320824418802,1.0498530133837807
2011-03-23,1.0535056240514098,1.0535735045622059,1.0553442263254613
2011-03-24,1.0533476071529926,1.0534154774822886,1.0548365205533583
2011-03-25,1.05710806719794,1.0571761798248969,1.0579301011991853
2011-03-28,1.053985784601024,1.0540536960499969,1.054945386099772
2011-03-29,1.0504721096523546,1.0505397947047665,1.051234013357515
2011-03-30,1.0507104230084892,1.0507781234161415,1.050041300957051
2011-03-31,1.0473598799882846,1.0478209643013054,1.046692891657201
2011-04-01,1.0508805539820263,1.0520670011049646,1.0502113235863797
2011-04-04,1.0552498114290871,1.0573564259650052,1.054577798566985
2011-04-05,1.0552498114290871,1.057808042277207,1.054577798566985
2011-04-06,1.0552498114290871,1.057808042277207,1.054577798566985
2011-04-07,1.056291985926228,1.05877934959943,1.0556193093779933
2011-04-08,1.0619076339296385,1.0644538298508448,1.0612313811782654
2011-04-11,1.0611244812469867,1.0634030325938362,1.0604487272293446
2011-04-12,1.0587495490382184,1.0600583181318413,1.0580753074444342
2011-04-13,1.0619640068838443,1.0636220143909612,1.0612877182325828
2011-04-14,1.0591218239015519,1.0605343841174664,1.0584473452326282
2011-04-15,1.0588190755991302,1.06022922165294,1.05814478972887
2011-04-18,1.0603220994932347,1.0610381006406275,1.0596468564549393
2011-04-19,1.0546509548553604,1.054635020615905,1.0539793233620265
2011-04-20,1.0588958337020533,1.0599107243668555,1.0582214989500671
2011-04-21,1.060739772388497,1.062468244680365,1.060064263364314
2011-04-22,1.0601064093033028,1.061427290816025,1.0594313036226077
2011-04-25,1.0539190041659143,1.0556028241172937,1.0532478387994373
2011-04-26,1.0479236152564664,1.0499571280907292,1.0472562679228539
2011-04-27,1.0447008264181654,1.0465350168822063,1.0440355314474414
2011-04-28,1.0402928998054188,1.04208916013456,1.039630411926766
2011-04-29,1.0416090431013887,1.0430425719694387,1.0409457170655398
2011-05-02,1.0457617720590655,1.0466555065977496,1.0450958014482143
2011-05-03,1.0457617720590655,1.0466555065977496,1.0450958014482143
2011-05-04,1.0376500710030414,1.0379318759540925,1.036989266152358
2011-05-05,1.0363530526513203,1.0365282632334467,1.035693073778529
2011-05-06,1.0338589110372054,1.0338309388810512,1.033200520504186
2011-05-09,1.0377354325455426,1.0380804400383807,1.0370745733342202
2011-05-10,1.0411117972656772,1.0411044661046371,1.0404487878900104
2011-05-11,1.0414347920322902,1.0414081342596893,1.0407715769644401
2011-05-12,1.0334703618581764,1.0331669552650662,1.0328122187642403
2011-05-13,1.0401654384942591,1.0401540984172353,1.0395030317865668
2011-05-16,1.0373765573949898,1.0364396700698237,1.0367159267254915
2011-05-17,1.0371229860655995,1.0359944410829052,1.0364625168774804
2011-05-18,1.0388622516005628,1.0380099414418869,1.0382006747990642
2011-05-19,1.0385822802937363,1.038273458015669,1.0379208817858674
2011-05-20,1.0383024465642374,1.0381345105477002,1.0376412262623853
2011-05-23,1.0280746764556488,1.0268212093554794,1.027419969486459
2011-05-24,1.0301105678422613,1.0288016546177154,1.0294545643599777
2011-05-25,1.0279971586690768,1.0268746383837841,1.0273425010654011
2011-05-26,1.0281305078754743,1.0275311482430427,1.0274757653512607
2011-05-27,1.0224240803308025,1.0229156535589334,1.0217729718207011
2011-05-30,1.019667944995487,1.0205483386944634,1.0190185916701533
2011-05-31,1.0250285460790045,1.0272669785745456,1.0243757789716093
2011-06-01,1.0258386270453619,1.0278375092277674,1.0251853440555443
2011-06-02,1.022779382617417,1.0236989060988333,1.022128047840792
2011-06-03,1.0282938666428574,1.027850919798305,1.0276390200871706
2011-06-06,1.0302306427960133,1.0293918628689211,1.0295745628466109
2011-06-07,1.0302306427960133,1.0293918628689211,1.0295745628466109
2011-06-08,1.0301645699131077,1.02860964173375,1.0295085320407817
2011-06-09,1.0239329644489514,1.0225786421792702,1.023280895038859
2011-06-10,1.0248053455654873,1.0227358337459798,1.0241527205984786
2011-06-13,1.023096785069521,1.0214399083683827,1.0224452481620567
2011-06-14,1.0261938481281012,1.0243047807559662,1.0255403389234732
2011-06-15,1.023864016501577,1.021583372293315,1.0232119909994835
2011-06-16,1.0173050129033059,1.0140444142476936,1.0166571643598175
2011-06-17,1.0134260295151547,1.0094875843423348,1.012780651217764
2011-06-20,1.0109039686728876,1.0067821587556165,1.010260196495021
2011-06-21,1.0159032761913058,1.0123582501519377,1.015256320313317
2011-06-22,1.0141296219941385,1.010729953321788,1.0134837956292
2011-06-23,1.0178919970946703,1.0138959234972198,1.0172437747430827
2011-06-24,1.0230737776480914,1.0202143448465963,1.022422255392403
2011-06-27,1.022093893489658,1.01883352857706,1.0214429952518567
2011-06-28,1.0232759900647659,1.02001247163548,1.0226243390345036
2011-06-29,1.0219274740841309,1.018746545663616,1.0212766818269041
2011-06-30,1.0273543738296478,1.0241561238532741,1.0266338926026235
2011-07-01,1.0273618741947543,1.0241636008690447,1.0266413877077418
2011-07-04,1.035816432711825,1.0325918395569829,1.0350900170626849
2011-07-05,1.036827014729503,1.033599275538593,1.0360998903615557
2011-07-06,1.0391864233476371,1.0359513390976614,1.0384576443319407
2011-07-07,1.039675655588869,1.036439048313301,1.0389465334757453
2011-07-08,1.0404933196996573,1.0372541669594573,1.0397636241606039
2011-07-11,1.0422742361650084,1.0390295392657642,1.0415432916734004
2011-07-12,1.037429060855756,1.0341994474391087,1.0367015142742677
2011-07-13,1.0459526826369214,1.0426965343907602,1.0452191584594004
2011-07-14,1.048207276817316,1.0449441098092087,1.0474721714981663
2011-07-15,1.0488866739056548,1.045621391871051,1.0481510921269148
2011-07-18,1.0498044628527783,1.0465363236555896,1.049068237430795
2011-07-19,1.048143238398022,1.044880270747486,1.047408177988866
2011-07-20,1.0460527418565417,1.0427962821166983,1.0453191475077237
2011-07-21,1.0427963490035437,1.0395500267183415,1.0420650383554222
2011-07-22,1.043457858070304,1.040209476445685,1.0427260835074206
2011-07-25,1.0342722216540803,1.0310524357722737,1.0335468889565453
2011-07-26,1.036707756181502,1.0334803882535744,1.035980715449295
2011-07-27,1.041249958444909,1.0380084502177318,1.0405197322768718
2011-07-28,1.038492939744299,1.0352600143734552,1.0377646470670323
2011-07-29,1.0353995679449024,1.0321762725289565,1.0346734446420482
2011-08-01,1.0381138714063165,1.0348821261105603,1.0373858445687891
2011-08-02,1.035913982035082,1.0326890852000994,1.0351874979748288
2011-08-03,1.0383157754535746,1.0350834016116897,1.0375876070212107
2011-08-04,1.0383512943502455,1.035118809934723,1.0376231010085624
2011-08-05,1.0285610587328764,1.025359052233864,1.0278397312605487
2011-08-08,1.0184685141263354,1.0152979266599098,1.0177542645319513
2011-08-09,1.0182180794030398,1.0150482715632634,1.0175040054379418
2011-08-10,1.0231130746883161,1.0199280282717116,1.0223955678744656
2011-08-11,1.0304528882332038,1.027244992292526,1.029730234025269
2011-08-12,1.0317874312073332,1.0285753807099176,1.0310638410875295
2011-08-15,1.0362758618381365,1.033049838437578,1.0355491239924222
2011-08-16,1.034076287857365,1.0308571119357401,1.0333510925677423
2011-08-17,1.0353168080159654,1.032093770239396,1.0345907427524543
2011-08-18,1.0303068004923863,1.027099359336469,1.0295842487354416
2011-08-19,1.0304538114908643,1.0272459126759985,1.0297311566354501
2011-08-22,1.0299850728089481,1.0267786332213138,1.0292627466788762
2011-08-23,1.0352255265672397,1.0320027729583332,1.0344995253191955
2011-08-24,1.0322528081129947,1.0290393088538705,1.031528891625454
2011-08-25,1.0335526988291979,1.030335152889047,1.0328278707313363
2011-08-26,1.0349773519082892,1.0317553708902405,1.0342515247045527
2011-08-29,1.0339473992562096,1.03072862457682,1.0332222943558609
2011-08-30,1.0309712872467232,1.02776177748157,1.0302482694867705
2011-08-31,1.0326672340699372,1.0294524446641597,1.031943026946441
2011-09-01,1.0300043282226423,1.0267978286911092,1.029281988588793
2011-09-02,1.0280336301204478,1.0248332655558934,1.0273126725325714
2011-09-05,1.0229845698232838,1.0197999234543078,1.022267153129593
2011-09-06,1.0221502101471873,1.0189681612176953,1.0214333785879872
2011-09-07,1.0255142944261024,1.0223217727885165,1.02479510364246
2011-09-08,1.023254801486637,1.020069313861291,1.022537195280112
2011-09-09,1.0240024100906564,1.0208145950900047,1.0232842795879649
2011-09-12,1.0169604571144883,1.013794564370181,1.01624726511696
2011-09-13,1.0169604571144883,1.013794564370181,1.01624726511696
2011-09-14,1.0172147617195477,1.0140480773012885,1.0165013913787941
2011-09-15,1.0166841522962975,1.0135191197146571,1.0159711540706924
2011-09-16,1.0149332651722751,1.011773683265539,1.014221494839718
2011-09-19,1.0085951969952072,1.005455346085792,1.0078878715350492
2011-09-20,1.0080487472157718,1.004910597455482,1.007341804979567
2011-09-21,1.0171929548991934,1.0140263383675998,1.0164795998515117
2011-09-22,1.004281402074637,1.0011549804111124,1.003577101868774
2011-09-23,0.9973140899204529,0.994209358149433,0.9966146758743203
2011-09-26,0.9843207794057948,0.9812564970221579,0.9836304775379594
2011-09-27,0.989308516248898,0.9862287065753144,0.9886147164928712
2011-09-28,0.9841772801940072,0.9811134445367994,0.9834870789618336
2011-09-29,0.973031274024175,0.970002136923646,0.97234888946008
2011-09-30,0.9769518929366228,0.9739172098513252,0.9759688385591743
2011-10-03,0.9766044210207953,0.9735896083403673,0.972299672312328
2011-10-04,0.9765894884822229,0.9735896083403673,0.9697128356489076
2011-10-05,0.9766133127368668,0.9735896083403673,0.973829410737119
2011-10-06,0.9766133492313306,0.9735896083403673,0.973829410737119
2011-10-07,0.9766265686420285,0.9735896083403673,0.9761264608633161
2011-10-10,0.9766267034609674,0.9735896083403673,0.9761436329417048
2011-10-11,0.9771936544178683,0.9741452470731597,0.9784697389579344
2011-10-12,0.9877031707459994,0.9846324906397816,0.9891278199392256
2011-10-13,0.9895652856667215,0.9864814156857528,0.9926280209862125
2011-10-14,0.9904801317196847,0.9874006641401888,0.992446480142527
2011-10-17,0.9910232729733878,0.9879342488034174,0.994470166184993
2011-10-18,0.9797000753145259,0.9766490734441869,0.9805098187770346
2011-10-19,0.9785782952419175,0.9755236994812891,0.9804148261575992
2011-10-20,0.9657797007418955,0.9627545759169603,0.967019561870935
2011-10-21,0.9639875670543958,0.9609645004853281,0.9655087884936381
2011-10-24,0.9745001175060589,0.9714417952390514,0.9783970812171747
2011-10-25,0.9808863783704123,0.9778126389409465,0.9852001503413553
2011-10-26,0.9867484954052561,0.983662516455176,0.9911217649143234
2011-10-27,0.9884302513335237,0.9853274087037107,0.9951436482286925
2011-10-28,0.9950682772125111,0.9919468169081792,1.0026902091428789
2011-10-31,0.9929870047804483,0.9898725096625479,1.0001259889560696
2011-11-01,0.9930455336558658,0.9899419768736736,0.9982508669740732
2011-11-02,1.0001123116089068,0.9969885870108592,1.0063460180033186
2011-11-03,0.9991317479902936,0.9960207809920014,1.0034782134215912
2011-11-04,1.0059482475254446,1.0028122192663709,1.0122687840776876
2011-11-07,1.0035118734220179,1.0003836425235006,1.0093190437547606
2011-11-08,1.0023345654287452,0.999208311166413,1.0082088058521959
2011-11-09,1.0067927273236417,1.0036514666660776,1.013727723558879
2011-11-10,0.9985688256865866,0.9954654232278626,1.0017662169319699
2011-11-11,1.0005754886430123,0.9974646981251967,1.0043546953236087
2011-11-14,1.010626419760308,1.0074902444429688,1.0153089329807292
2011-11-15,1.0096569789567729,1.0065260879487214,1.013755207602289
2011-11-16,1.0016884183787234,0.9985799048854578,1.004668901510659
2011-11-17,1.0020984137847317,0.9989926060221148,1.0044716272896257
2011-11-18,0.991720637277173,0.9886399555068895,0.9933543321147009
2011-11-21,0.9905006965355194,0.9874283932715668,0.9911076601830937
2011-11-22,0.9879440460994845,0.9848753932091172,0.9888111462962498
2011-11-23,0.986495182020715,0.9834383248151968,0.9858266992538857
2011-11-24,0.9857752332458045,0.9827178572247326,0.985448522141895
2011-11-25,0.9823334608073483,0.9792878676643666,0.9811763175641052
2011-11-28,0.9858415834989194,0.9827816349985339,0.9859321997279346
2011-11-29,0.990567849973004,0.9874947085254535,0.9912808236581551
2011-11-30,0.9797419212240048,0.9766933907108263,0.9799855426559472
2011-12-01,0.9930138034335106,0.9899192333362138,0.9965650005052837
2011-12-02,0.9893175831009808,0.9862283835787362,0.9932327270851861
2011-12-05,0.9833403931049343,0.9802581759982553,0.9881487210578115
2011-12-06,0.9813120514229511,0.9782386918465428,0.9852918652130914
2011-12-07,0.9839810522709029,0.9808963893729299,0.9889877073742738
2011-12-08,0.9834900819746496,0.9804092783062036,0.9880001543534822
2011-12-09,0.9790384190994298,0.9759772127181386,0.9817064774828332
2011-12-12,0.9737849041879676,0.9707329097507832,0.9767145151316159
2011-12-13,0.9633622100770314,0.9603310024978496,0.966373975502437
2011-12-14,0.958610697709179,0.9555898707966054,0.9615232748770842
2011-12-15,0.9468084504100428,0.9438156266477161,0.9490762566478225
2011-12-16,0.9565726989344167,0.953556984833624,0.9593060329104185
2011-12-19,0.9564262608618419,0.9534157857766531,0.9582992302024669
2011-12-20,0.9560471959614917,0.9530371053036684,0.9579828802654271
2011-12-21,0.9522960144071615,0.9492846229173186,0.955801985554924
2011-12-22,0.9497251535025996,0.9467191030520261,0.9532257880216917
2011-12-23,0.952496812532079,0.9494802575604591,0.9568284845512062
2011-12-26,0.9490390077530914,0.9460309651182758,0.953129492984764
2011-12-27,0.9432843723270132,0.940286380786604,0.9476995754133908
2011-12-28,0.9424975755130556,0.939500984319963,0.9469569196522731
2011-12-29,0.9398303435031032,0.9368411486482131,0.9439651772176613
2011-12-30,0.9454039337068434,0.9424041296761229,0.9493677621581449
2012-01-02,0.9424241813945413,0.9394458363694648,0.9464073132814163
2012-01-03,0.9424241813945413,0.9394458363694648,0.9464073132814163
2012-01-04,0.9424231192374742,0.9394458363694561,0.9464017896720475
2012-01-05,0.937659189562444,0.9347195387514673,0.9416475386166954
2012-01-06,0.9395819250109796,0.9366284346670724,0.9435609100249702
2012-01-09,0.9482257887282928,0.9452011387847943,0.9522000924515683
2012-01-10,0.9590949791515082,0.955981785216391,0.9630568384977991
2012-01-11,0.9607362077570389,0.9576086593230084,0.9646998709613104
2012-01-12,0.9613745377055363,0.9582422025440561,0.9653355012345296
2012-01-13,0.9534259433447455,0.950357423776638,0.957402827180014
2012-01-16,0.9458482347236156,0.9428423270842001,0.9498311266562824
2012-01-17,0.9611617824103186,0.9580284537823087,0.9651395191659902
2012-01-18,0.9558478964837616,0.9527573471988126,0.9598357248556049
2012-01-19,0.9603533263993786,0.957224552589197,0.9643415301570452
2012-01-20,0.9650127799658067,0.9618450250876289,0.968998468618
2012-01-23,0.966045679537371,0.9628673159974138,0.9700390138774764
2012-01-24,0.966045679537371,0.9628673159974138,0.9700390138774764
2012-01-25,0.966045679537371,0.9628673159974138,0.9700390138774764
2012-01-26,0.966045679537371,0.9628673159974138,0.9700390138774764
2012-01-27,0.9660460961492805,0.9628673159974173,0.9700411802132309
2012-01-30,0.9660438068344309,0.9628673159973986,0.9700292760082958
2012-01-31,0.9670953482978979,0.9639087473004957,0.9710856490684007
2012-02-01,0.9636432676415266,0.9604852211527893,0.9676374427831009
2012-02-02,0.9697149849998432,0.9665048227649495,0.9737109318808294
2012-02-03,0.9739530998508598,0.970708168013536,0.9779427781044336
2012-02-06,0.9756761271209802,0.9724173790608575,0.9796617068484073
2012-02-07,0.9702264874529594,0.9670125321549156,0.9742206462095344
2012-02-08,0.9794659832179046,0.9761743775893433,0.9834541881833019
2012-02-09,0.9788645461287948,0.9755779436124967,0.9828535053059961
2012-02-10,0.9788758674357694,0.9755906551048205,0.9828585247459268
2012-02-13,0.9810514960352984,0.9777477136599885,0.9850334582830043
2012-02-14,0.9798338210118074,0.9765398648180035,0.9838186459687506
2012-02-15,0.9832810605500374,0.9799558369092751,0.9872725056826042
2012-02-16,0.9805338043704498,0.9772318078740851,0.9845273901136754
2012-02-17,0.9812660952598705,0.9779566931129628,0.9852643083590323
2012-02-20,0.9830972545672858,0.9797731937336049,0.9870906524511875
2012-02-21,0.9873828326035763,0.9840230808227404,0.991370616075902
2012-02-22,0.9925388028871238,0.9891359641590975,0.9965198691872107
2012-02-23,0.9940356083500679,0.9906214440520651,0.9980095104988203
2012-02-24,0.9970482412070579,0.993608902015028,1.0010176863493778
2012-02-27,0.9980066204037441,0.9945605498501128,1.0019691612048756
2012-02-28,0.99817674358656,0.9947269661250203,1.0021486954767191
2012-02-29,0.9960738905958062,0.992640893268461,1.0000525382175227
2012-03-01,0.9924729681865221,0.9890717949989116,0.9964497935255474
2012-03-02,0.998412867906628,0.9949613076900441,1.0023843320250916
2012-03-05,0.997539342803281,0.9940969912466138,1.0015041119862387
2012-03-06,0.9937442736192666,0.9903365324103696,0.9977027318790781
2012-03-07,0.9897887509854081,0.9864150200216147,0.9937489765330305
2012-03-08,0.9945178035578631,0.9911031198912243,0.9984776460836152
2012-03-09,1.0007634848987215,0.9972957367249198,1.0047177148514916
2012-03-12,1.001551979159231,0.9980773423535776,1.0055061740895432
2012-03-13,1.0047892060979975,1.0012862299705674,1.00874343400481
2012-03-14,0.9922969439418836,0.9888985125202997,0.9962724952112489
2012-03-15,0.9886398795407965,0.9852714708191653,0.9926229342985051
2012-03-16,0.9951283175834768,0.9917064603318377,0.999099457620051
2012-03-19,0.9974729092322167,0.9940329114515705,1.0014343743606802
2012-03-20,0.9910011483397438,0.9876164702945618,0.9949674928706794
2012-03-21,0.9918465803575466,0.9884551110483906,0.9958105878393185
2012-03-22,0.9904132848387373,0.9870333920587815,0.9943810194546797
2012-03-23,0.9868994885144127,0.9835502380915536,0.9908666457396029
2012-03-26,0.9879170539237478,0.984559398171374,0.9918824889648152
2012-03-27,0.9889440948986646,0.9855754436873343,0.9929184041906775
2012-03-28,0.977400698957314,0.9741286056208117,0.9813900588239908
2012-03-29,0.9719000298755959,0.9686749404118455,0.9758906576788408
2012-03-30,0.9716190954529218,0.9683966611772077,0.9756086679983906
2012-04-02,0.9786336960069593,0.9750167284159014,0.982651967362566
2012-04-03,0.9786337105612367,0.9750510002435127,0.982651965995943
2012-04-04,0.9786336910882706,0.9750256879049665,0.9826519598783059
2012-04-05,0.9786336943646329,0.9750257271146267,0.9826519625397484
2012-04-06,0.9813974520408851,0.977750113003167,0.9854270396266367
2012-04-09,0.9790079399390991,0.975368348590704,0.9830277538738887
2012-04-10,0.9822556373119691,0.9786054186970055,0.9862887368268162
2012-04-11,0.9820128780630968,0.9783353028844072,0.9860449978537456
2012-04-12,0.9872576833382614,0.9835873920416531,0.9913112431106677
2012-04-13,0.9896156471407189,0.9859861339845802,0.9936788282072894
2012-04-16,0.9870527630007391,0.9834196662801259,0.9911054690965863
2012-04-17,0.9837177203505292,0.980089082513536,0.9877567886111758
2012-04-18,0.9907782825198009,0.9871549045742538,0.9948462169389422
2012-04-19,0.9896089303139268,0.9860166410278812,0.9936720689824201
2012-04-20,0.9921291850593731,0.9885309513647499,0.9962026303230136
2012-04-23,0.9888663556692724,0.9852288422546299,0.9929264794972378
2012-04-24,0.9869331529750035,0.9833086184503107,0.9909853669141577
2012-04-25,0.9904116469410086,0.9867720498893939,0.9944780896629541
2012-04-26,0.9907037785727457,0.9870842969709962,0.9947714056544995
2012-04-27,0.9891972750481596,0.9855738161380061,0.9932587446696491
2012-04-30,0.9929920983576371,0.9894014407136452,0.9970690679753119
2012-05-01,0.9929921117878996,0.9894285569905089,0.9970690684591075
2012-05-02,0.9929921071868811,0.9894285019226894,0.9970690647216265
2012-05-03,0.9923776894871859,0.9888084411214049,0.9964521389192551
2012-05-04,0.9944703035104644,0.9908737743421087,0.998553323377806
2012-05-07,0.9945422258409283,0.9908747859023745,0.9986255734998405
2012-05-08,0.9938893830800518,0.9902172499512932,0.9979700640986181
2012-05-09,0.9866314492126138,0.9829625012793284,0.9906824543799908
2012-05-10,0.9881383011799321,0.9844509085986406,0.9921954763417147
2012-05-11,0.9841041848596433,0.9803951471516857,0.988144876768381
2012-05-14,0.982150718227896,0.9784174488785063,0.9861834350454698
2012-05-15,0.9818146595182143,0.9781037847049053,0.9858459912312392
2012-05-16,0.9755481279183393,0.9717722795287876,0.9795538689731371
2012-05-17,0.9817760740929853,0.9779708741590185,0.9858072965065736
2012-05-18,0.9784873259162497,0.9746587937345933,0.9825051129765983
2012-05-21,0.9812909763243525,0.9774487588287756,0.9853202322396276
2012-05-22,0.9837596517967794,0.9799251814049511,0.9877989979516519
2012-05-23,0.9796381584351453,0.975782272308659,0.9836606652374283
2012-05-24,0.9793576106643899,0.9754858661298625,0.983378977284187
2012-05-25,0.9778194355203838,0.9739596837870332,0.9818345070688095
2012-05-28,0.9833529157357699,0.9794862438212687,0.9873906154433195
2012-05-29,0.9872951709064011,0.9834504342079077,0.9913489790288885
2012-05-30,0.9847110185840247,0.9808235630697015,0.9887542835718997
2012-05-31,0.9847380259295124,0.9808417912345938,0.9887814065983154
2012-06-01,0.9834289920013807,0.9795270296962467,0.9874670255958511
2012-06-04,0.975181851044123,0.971255013477401,0.9791861763178601
2012-06-05,0.9761882029222361,0.9722683672655489,0.9801966396465669
2012-06-06,0.9761013822719068,0.9722192878883769,0.9801094448073584
2012-06-07,0.9748388105997876,0.9709833945958349,0.9788416985411835
2012-06-08,0.9711690542323896,0.9673015598458482,0.9751569433061791
2012-06-11,0.9784256860921215,0.9745956638027191,0.9824432297605319
2012-06-12,0.9750651667291023,0.9712353816065775,0.9790689705568146
2012-06-13,0.9797118237727973,0.9758873137740022,0.983734624384127
2012-06-14,0.9775322880137992,0.9736848425457573,0.9815461880656691
2012-06-15,0.9799230229692667,0.9761261916659814,0.9839466736927703
2012-06-18,0.981823284682304,0.9780463803483167,0.9858546966954916
2012-06-19,0.9805153516648425,0.9767413305081027,0.9845414147677051
2012-06-20,0.9801987817236315,0.9764395501911034,0.9842235456738322
2012-06-21,0.9741895813598057,0.9704158616149039,0.9781897848311815
2012-06-22,0.967411490331214,0.9636238886631013,0.9713839846249982
2012-06-25,0.9674114840906264,0.963610458638215,0.9713839847227852
2012-06-26,0.9673550047883145,0.9635658644122126,0.9713272673378218
2012-06-27,0.96598899578514,0.9622312065798406,0.9699556575471071
2012-06-28,0.9641490093015912,0.9603767649499854,0.9681081558908419
2012-06-29,0.9684603053155596,0.9647296679516757,0.9724370563218001
2012-07-02,0.9728810954299256,0.9735324860404597,0.9768148445099848
2012-07-03,0.9760442733410037,0.9754130042646125,0.9799907437101503
2012-07-04,0.975991801740284,0.9748021656074835,0.9799380785012722
2012-07-05,0.972889951883222,0.9751925501319109,0.97682366782187
2012-07-06,0.9763615820317757,0.9770580995940847,0.9803093863273548
2012-07-09,0.9693897893446216,0.964518885073264,0.9733093601450863
2012-07-10,0.9666624589831605,0.9621930789746251,0.970571050366874
2012-07-11,0.968434494016864,0.9637665909472775,0.9723502407409617
2012-07-12,0.9692158239861225,0.9552592236424186,0.9731346764702209
2012-07-13,0.9704568214411402,0.9575200288577963,0.9743806651534002
2012-07-16,0.9645732422435377,0.9547378045770326,0.9684732742183569
2012-07-17,0.9660420070983635,0.9630939661607587,0.9699479689329709
2012-07-18,0.965203525051109,0.9577393044434395,0.969106074250724
2012-07-19,0.9693271017240562,0.9673098620427161,0.9732462734336845
2012-07-20,0.9673788993131053,0.9679861770678715,0.9712902124156354
2012-07-23,0.9598358790751945,0.9501886852306555,0.96371676301643
2012-07-24,0.9596609733019256,0.9466757632204258,0.9635411469393826
2012-07-25,0.9569089091658133,0.9444826353771976,0.9607779368878491
2012-07-26,0.9564621145609029,0.9445736918692332,0.9603293189604194
2012-07-27,0.9588654318019716,0.9545564668509698,0.9627423305008925
2012-07-30,0.9561532891192559,0.9598716347420706,0.9600192271401082
2012-07-31,0.954878139647603,0.9637833354014989,0.9587389462300774
2012-08-01,0.957735870345266,0.9660126965887061,0.9616082117175353
2012-08-02,0.9543134478173002,0.9610832180554557,0.9581719527017178
2012-08-03,0.9572855419671426,0.9623288723121833,0.9611560071592768
2012-08-06,0.9644330763908908,0.9738986899413474,0.9683324290676566
2012-08-07,0.9668169431416836,0.9769550691833834,0.9707258895074141
2012-08-08,0.9648330178735147,0.9756133813608188,0.9687339404846415
2012-08-09,0.9704205962930836,0.9834328056272094,0.9743440907196306
2012-08-10,0.968722560952917,0.9794709071998322,0.9726391949259897
2012-08-13,0.9633093983021234,0.975022732725583,0.9672041347264584
2012-08-14,0.964925674671434,0.9805972406816958,0.9688269382107416
2012-08-15,0.9616643277487775,0.973363402165997,0.9655523664811818
2012-08-16,0.9594219873088622,0.9700505328578708,0.9633009489643354
2012-08-17,0.9608783879167235,0.9742769874975659,0.9647632933967665
2012-08-20,0.9604153274976933,0.9737398565189874,0.9642983609656293
2012-08-21,0.9640367883696759,0.9758233365534024,0.9679344471306467
2012-08-22,0.9618679317127512,0.9698266440893881,0.9657568169082585
2012-08-23,0.9659671650923489,0.9776449343441195,0.9698726219633742
2012-08-24,0.9606664650920954,0.968879182588656,0.9645505160721181
2012-08-27,0.9568214906084649,0.9647799415628084,0.9606900197365166
2012-08-28,0.9560257814037919,0.9645954788847012,0.9598910876950105
2012-08-29,0.9542520751071027,0.9630216078088994,0.9581102108404679
2012-08-30,0.9509745879070041,0.955834733984589,0.9548194704831419
2012-08-31,0.9502660297571638,0.9538547842326774,0.9541080139193799
2012-09-03,0.9569886940478567,0.9595493433754314,0.9608578374573232
2012-09-04,0.9539032781338448,0.9548300005532443,0.9577599749619026
2012-09-05,0.9525978302529096,0.947661950624165,0.9564492682196154
2012-09-06,0.956012507361699,0.9511125244118595,0.9598777441315126
2012-09-07,0.9662017285118916,0.9702210352989211,0.9701081477789579
2012-09-10,0.9719096480909003,0.9741702921326716,0.9758391349750142
2012-09-11,0.97061736748962,0.9740879968025344,0.9745416191797455
2012-09-12,0.972785751722512,0.9801877911144637,0.9767187604558828
2012-09-13,0.9685735932053671,0.9770619615971518,0.9724895555850508
2012-09-14,0.975810985913474,0.9940625622854466,0.9797562133834326
2012-09-17,0.9680656306899184,0.9900049610060417,0.9719795943841041
2012-09-18,0.9660901829559949,0.9875836712520597,0.9699961913529007
2012-09-19,0.9702449581542667,0.9952759528664152,0.9741678352992189
2012-09-20,0.960491608143457,0.9838899251581998,0.9643750164644849
2012-09-21,0.960134072909971,0.9867844584024626,0.9640160104219306
2012-09-24,0.9594247928077854,0.9854809968174792,0.9633038918701333
2012-09-25,0.9588288691234615,0.9852057040675185,0.9627055471047415
2012-09-26,0.9533978615154685,0.9781973539328475,0.9572525886452068
2012-09-27,0.9598821734212301,0.9871777935319751,0.9637630821587484
2012-09-28,0.9665624690742077,0.9929256934918114,0.9704703801730711
2012-10-01,0.9634080324856917,0.9896924472173607,0.9669966517378248
2012-10-02,0.9634079276228458,0.9896924472173607,0.9669966517378248
2012-10-03,0.9634073420031108,0.9896924472173607,0.9669966517378248
2012-10-04,0.9634741979449984,0.9897641034846069,0.9669971167966877
2012-10-05,0.9638240200976097,0.9901434357859658,0.9669995785375598
2012-10-08,0.9631931662585373,0.9894595720136452,0.9669951421773655
2012-10-09,0.971067829345906,0.9975700376201609,0.9749977460006528
2012-10-10,0.9722237667962063,0.9987541565477888,0.9762950894995898
2012-10-11,0.9694256058534081,0.9958946562419748,0.9730226242592213
2012-10-12,0.9695223188641736,0.9960203591536889,0.9726375428007483
2012-10-15,0.9663511161317431,0.9927645272842894,0.9692131904498551
2012-10-16,0.9678012305120727,0.9942655102680162,0.9705523237950956
2012-10-17,0.9696097159298117,0.9961631560027939,0.9717460446349171
2012-10-18,0.9742281257471515,1.0009272652182983,0.9763113502223493
2012-10-19,0.9719065113285936,0.998548617630314,0.9737229257609927
2012-10-22,0.9734948063325254,1.0002076991987687,0.9749094075536812
2012-10-23,0.9692642328366113,0.9958735343884332,0.970176632224021
2012-10-24,0.9691252833799501,0.9957308427514213,0.9700288447344029
2012-10-25,0.9672972575914186,0.993861069101293,0.9679242407321288
2012-10-26,0.9603677207756031,0.9866921579184803,0.9614619334488644
2012-10-29,0.9593250701971104,0.98561457269498,0.9604708894656123
2012-10-30,0.959357344900067,0.9856325424404839,0.9607893397019135
2012-10-31,0.9616931673982947,0.988071727736964,0.9625440082392188
2012-11-01,0.9674281475164335,0.9939970908554532,0.9680326679286179
2012-11-02,0.9678875100259204,0.9945222956416819,0.9675397607460989
2012-11-05,0.9644475347516501,0.9909682224453163,0.9642378162275257
2012-11-06,0.9639398633823354,0.9904347379327583,0.9639069252774858
2012-11-07,0.9660228399519718,0.9926038880572333,0.9655984240372297
2012-11-08,0.9581357588884146,0.984402087637578,0.9590315450811013
2012-11-09,0.9578777702218052,0.9841029334678363,0.9593841440449828
2012-11-12,0.9585100469215956,0.9847610841163781,0.9598990310015221
2012-11-13,0.9527654088042303,0.9788142678382062,0.9546209710244972
2012-11-14,0.9556948151618999,0.9818703975606752,0.956867678201554
2012-11-15,0.9506374627527369,0.9766123607280743,0.9526373644811006
2012-11-16,0.9488579669808777,0.974793920496637,0.9505681000338978
2012-11-19,0.950882681096679,0.9768925813638958,0.9523685059733703
2012-11-20,0.9504998940738668,0.9764933897963053,0.952077825807904
2012-11-21,0.9538336689976191,0.9799726477196188,0.9546125721260011
2012-11-22,0.9523653197649862,0.978504052603622,0.9523068590553943
2012-11-23,0.9542888437937701,0.9805110695227844,0.9537779780431792
2012-11-26,0.952356617342737,0.9785164127374685,0.9518999387715819
2012-11-27,0.9450485657552273,0.9710045952621886,0.9441939591220181
2012-11-28,0.9394837365544003,0.9652627276849858,0.9387339506244016
2012-11-29,0.936976843112813,0.9627249632991493,0.9353620398985162
2012-11-30,0.9416022805299608,0.9674964006495576,0.9399187519735284
2012-12-03,0.9367889948346995,0.9625040709052879,0.9356782497481645
2012-12-04,0.9383745761062343,0.9641390795144229,0.9372559318358136
2012-12-05,0.9486915334287899,0.9748225036191278,0.9466692971781204
2012-12-06,0.9476248518719738,0.9737230342273271,0.9456070847024987
2012-12-07,0.9534749849630212,0.9797239325435058,0.9520054996711491
2012-12-10,0.958365434848135,0.9847641474831288,0.9569146823841277
2012-12-11,0.9566673843546032,0.9830276021160727,0.9549560235711886
2012-12-12,0.9577666340918736,0.9841885783743668,0.9555338408333522
2012-12-13,0.9536354553892067,0.9799335230205546,0.9513414207543809
2012-12-14,0.9651277663787542,0.9917706465937609,0.9630082712517448
2012-12-17,0.9672419433460256,0.9939270975603361,0.9655548482285683
2012-12-18,0.9674186055478308,0.9941050577114735,0.9658044778622386
2012-12-19,0.9669182723563081,0.9936134907834474,0.9648491664509103
2012-12-20,0.9665505592497493,0.9932420914648757,0.9643396498791542
2012-12-21,0.9645228128180292,0.9911313690764949,0.9626936123524596
2012-12-24,0.96674468636638,0.993420753995286,0.9649365327251681
2012-12-25,0.9726964597907474,0.9995502878376026,0.9709932967728225
2012-12-26,0.97562904277179,1.002563832436541,0.9741055988256901
2012-12-27,0.975010466727159,1.0019282269102678,0.97344903915364
2012-12-28,0.9786129030424318,1.005638495016242,0.9771179242722167
2012-12-31,0.982628504616134,1.0097649923310497,0.9811273914201388
2013-01-01,0.9814475441843659,1.008551418237982,0.9799482350835717
2013-01-02,0.9814475441843659,1.008551418237982,0.9799482350835717
2013-01-03,0.9814475441843659,1.008551418237982,0.9799482350835717
2013-01-04,0.9814475441843659,1.008551418237982,0.9799482350835717
2013-01-07,0.9847222812886849,1.0119165911976542,0.9832179695329877
2013-01-08,0.9864509108545457,1.0136929589752601,0.984943958356432
2013-01-09,0.9869293513808868,1.0141846122196978,0.9854216679926986
2013-01-10,0.9882913555011898,1.0155842297433315,0.9867815914462565
2013-01-11,0.9820463787501822,1.0091667903501227,0.9805461548392597
2013-01-14,0.9916204162991613,1.0190052266118124,0.9901055666016912
2013-01-15,0.9946741204206891,1.0221432624934128,0.9931546057295367
2013-01-16,0.9949286652625845,1.022404836901262,0.9934087617157892
2013-01-17,0.9919714879607255,1.0193659935451096,0.9904561019483354
2013-01-18,0.9980485412324617,1.025610872047464,0.9965238716045045
2013-01-21,0.9993033569108052,1.0269003409896484,0.9977767703626158
2013-01-22,0.9971085721845215,1.024644944609007,0.9955853385010756
2013-01-23,0.9980884546405894,1.0256518877130043,0.9965637240388806
2013-01-24,0.991783759373353,1.019173080604243,0.9902686601447009
2013-01-25,0.9913599413460547,1.018737558325724,0.9898454895633704
2013-01-28,0.9975509104118125,1.025099498545569,0.9960270009900023
2013-01-29,1.0006944588603384,1.028329859914648,0.9991657471940826
2013-01-30,1.0025779666716763,1.0302653830890647,1.0010463776631193
2013-01-31,1.0028841824931225,1.0305800554335114,1.0013521256937068
2013-02-01,1.0055446100375174,1.0333139539259888,1.0040084890337126
2013-02-04,1.0055977212969482,1.0333685319175585,1.004061519157683
2013-02-05,1.007694994534329,1.0355237239106665,1.0061555884938282
2013-02-06,1.0084866426655954,1.0363372343695993,1.006946027263157
2013-02-07,1.0082106598846523,1.0360536299879117,1.0066704660875427
2013-02-08,1.0108618056083718,1.0387779903308663,1.0093175617862535
2013-02-11,1.0073898104179881,1.0352101117631676,1.0058508705922617
2013-02-12,1.0073898104179881,1.0352101117631676,1.0058508705922617
2013-02-13,1.0073898104179881,1.0352101117631676,1.0058508705922617
2013-02-14,1.0073898104179881,1.0352101117631676,1.0058508705922617
2013-02-15,1.0073898104179881,1.0352101117631676,1.0058508705922617
2013-02-18,1.0073898104179881,1.0352101117631676,1.0058508705922617
2013-02-19,1.0035131427988784,1.0312263852445298,1.0019801251677212
2013-02-20,1.0075135565871767,1.0353372753336543,1.0059744277205114
2013-02-21,0.9974920812453133,1.0250390447403372,0.9959682616939354
2013-02-22,0.9978920237594796,1.0254500321543283,0.9963675932355818
2013-02-25,0.9984338087717443,1.026006779219825,0.9969085505895142
2013-02-26,0.993245266701631,1.0206749492386655,0.9917279348000824
2013-02-27,0.9959794164650222,1.0234846058791542,0.9944579077372762
2013-02-28,1.0019046423432676,1.0295734640894554,1.0003740819391989
2013-03-01,1.001914201943466,1.0295832876896607,1.000383626935666
2013-03-04,0.9916389299325851,1.0190242515228412,0.9901240519527648
2013-03-05,0.9992799020724177,1.0268762384183932,0.9977533513550497
2013-03-06,1.0022557024121623,1.0299342191102603,1.0007246057108887
2013-03-07,0.9986314903161573,1.0262099199814998,0.9971059301455579
2013-03-08,0.9967120815851137,1.024237504439719,0.9951894536008856
2013-03-11,0.9959664210379419,1.0234712515680093,0.9944449321626792
2013-03-12,0.9891923116693093,1.016510066915432,0.9876811712679514
2013-03-13,0.9872134740702784,1.0144765813049843,0.9857053566418508
2013-03-14,0.9865816122494275,1.0138272698500514,0.9850744600852442
2013-03-15,0.9888726204213791,1.0161815470041826,0.9873619683966266
2013-03-18,0.9834164985929992,1.0105747477234788,0.9819141816173682
2013-03-19,0.9854744252838477,1.0126895065674335,0.9839689645147692
2013-03-20,0.9934263543147707,1.0208610378077236,0.9919087457745905
2013-03-21,0.9959609672444389,1.0234656471617043,0.9944394867006743
2013-03-22,0.9960285737508929,1.0235351207042072,0.9945069899279914
2013-03-25,0.9960813236792347,1.0235893273860919,0.9945596592728605
2013-03-26,0.9930980355238491,1.020523652093389,0.9915809285401477
2013-03-27,0.9932554558908501,1.0206854198156312,0.9917381084237921
2013-03-28,0.9850652995225436,1.0122690823000402,0.9835604637547849
2013-03-29,0.9838779660843988,1.0110489592022696,0.98237494414757
2013-04-01,0.9831334106128891,1.0102838419257785,0.9816315260982524
2013-04-02,0.9824102452233068,1.009540705471202,0.9809094654851942
2013-04-03,0.9785863280372851,1.005611186462692,0.977091390257682
2013-04-04,0.9814194015872209,1.0085224990284523,0.979920136132725
2013-04-05,0.9814194013353141,1.0085224989970172,0.979920136132725
2013-04-08,0.9814194013949027,1.00852249900428,0.979920136132725
2013-04-09,0.983800689751743,1.0109695493827762,0.9822977865315892
2013-04-10,0.984293361870272,1.0114758272608497,0.982789706035674
2013-04-11,0.980891167704216,1.0079796774533616,0.9793927093432957
2013-04-12,0.9792354513776673,1.0062782366028222,0.9777395224859048
2013-04-15,0.9693899952333106,0.9961608864027318,0.9679091070146338
2013-04-16,0.9655075857409198,0.9921712594569922,0.9640326285125358
2013-04-17,0.9654596795873597,0.9921220305747342,0.9639847958305494
2013-04-18,0.9647111423526993,0.9913528214175908,0.9632374019305588
2013-04-19,0.9723816005920348,0.9992351086637762,0.970896142319035
2013-04-22,0.9707450877344506,0.9975534014008589,0.9692621293628966
2013-04-23,0.9628317124056466,0.989421488512463,0.9613608428600297
2013-04-24,0.9698483880877902,0.9966319381210543,0.9683667993595028
2013-04-25,0.9682027939408174,0.9949408986462859,0.9667237188376244
2013-04-26,0.9666263893555916,0.9933209597031698,0.9651497224201702
2013-04-29,0.9655448982972982,0.992209601863478,0.9640698834059587
2013-04-30,0.9655448981694577,0.9922096018504059,0.9640698834059587
2013-05-01,0.9655448978725152,0.9922096018120865,0.9640698834059587
2013-05-02,0.9655448982084988,0.9922096018540131,0.9640698834059587
2013-05-03,0.9732575785204816,1.0001352771961782,0.9717707813868001
2013-05-06,0.978797808940441,1.005828507733725,0.9773025481510831
2013-05-07,0.9779133869545893,1.004919661428392,0.9764194773305167
2013-05-08,0.9817328852162407,1.0088446398098716,0.9802331407471897
2013-05-09,0.981747755719232,1.008859920972928,0.9802479885261554
2013-05-10,0.9843935490025286,1.0115787811351717,0.9828897400369327
2013-05-13,0.9829037032358584,1.0100477916189108,0.9814021704162109
2013-05-14,0.9795834601144713,1.0066358559262119,0.9780869994592891
2013-05-15,0.9792439313288137,1.0062869505002423,0.9777479891992404
2013-05-16,0.9814484241373636,1.008552323074591,0.9799491143208159
2013-05-17,0.9858124436401209,1.0130368601893858,0.9843064669967008
2013-05-20,0.9867268157712779,1.0139764838170868,0.9852194422809276
2013-05-21,0.9926227150698947,1.0200352057560396,0.9911063349172434
2013-05-22,0.9912061355483617,1.0185795058037106,0.9896919195919612
2013-05-23,0.985971799457009,1.013200617201273,0.9844655798213666
2013-05-24,0.9904718445361488,1.0178249365608232,0.988958750456224
2013-05-27,0.9919119610194237,1.0193048236248134,0.9903966669514317
2013-05-28,0.9930219996017747,1.0204455170748223,0.9915050095545195
2013-05-29,0.9929747849338101,1.0203969987779251,0.9914578673112305
2013-05-30,0.9946952351296888,1.0221649613662696,0.9931756893300754
2013-05-31,0.993366047753332,1.0207990670544573,0.9918485327055209
2013-06-03,0.9920964809365188,1.0194944394266123,0.99058090515226
2013-06-04,0.9877144825200066,1.0149914265959215,0.9862056006960397
2013-06-05,0.9884610911939934,1.0157586538529277,0.9869510688990326
2013-06-06,0.9824244215230239,1.0095552740944678,0.9809236210544353
2013-06-07,0.9795319112233135,1.0065828835124233,0.978035529414739
2013-06-10,0.9703158871624684,0.9971123476429775,0.9688335841488218
2013-06-11,0.9703158869854609,0.9971123476157996,0.9688335841488218
2013-06-12,0.9703158869291009,0.9971123475994701,0.9688335841488218
2013-06-13,0.970315887015477,0.9971123476102489,0.9688335841488218
2013-06-14,0.9738166785297577,1.0007098176099016,0.9723290275172322
2013-06-17,0.9748449911902891,1.0017665283853305,0.9733557692767358
2013-06-18,0.9749241962973415,1.0018479207833428,0.9734348533255781
2013-06-19,0.9722626837703832,0.9991129073472744,0.9707774066716388
2013-06-20,0.9577931694138438,0.9842438000536644,0.9563299970805061
2013-06-21,0.9543392241482506,0.9806944699851221,0.9528813283596059
2013-06-24,0.9360939954380009,0.9619453768580996,0.934663971807181
2013-06-25,0.9374585848515976,0.9633476510717341,0.9360264766025459
2013-06-26,0.9394869151966144,0.9654319961183311,0.938051708229203
2013-06-27,0.937499752779968,0.9633899556238423,0.9360675813193324
2013-06-28,0.9367548417244779,0.9626244729236868,0.9353238082008194
2013-07-01,0.9443634379894803,0.9704431898859046,0.9429207811954635
2013-07-02,0.9492467342026629,0.9754613442995941,0.947796617441759
2013-07-03,0.9485204329569891,0.9747149853578009,0.9470714257315925
2013-07-04,0.9504956937545113,0.976744795398176,0.9490436690210695
2013-07-05,0.9483124422573338,0.9745012507368679,0.9468637527654135
2013-07-08,0.9369771341240405,0.9628529041992022,0.9355457610147335
2013-07-09,0.940721660398618,0.9667008401486539,0.9392845669639025
2013-07-10,0.9466602978486113,0.9728034803380643,0.9452141322543699
2013-07-11,0.9579333016497289,0.9843878019324749,0.9564699148513925
2013-07-12,0.9529552696068714,0.9792722954432461,0.951499487498595
2013-07-15,0.9575647222259283,0.9840090437369582,0.9561018984879956
2013-07-16,0.959727534171469,0.9862315843809625,0.9582614064141265
2013-07-17,0.9567494801458546,0.9831712877490698,0.9552879018122139
2013-07-18,0.9546951072706853,0.9810601808530137,0.953236667299477
2013-07-19,0.9494922718960229,0.975713662812689,0.948041780035468
2013-07-22,0.9550817430551442,0.9814574940576847,0.9536227124397327
2013-07-23,0.9611366166568985,0.9876795804014694,0.9596683363128972
2013-07-24,0.9616636611705648,0.9882211798945221,0.9601945756872775
2013-07-25,0.9569665793609841,0.9833943824228922,0.9555046693740074
2013-07-26,0.9553526999199615,0.981735933726023,0.9538932553755133
2013-07-29,0.948655808322398,0.9748540992721317,0.9472065942835838
2013-07-30,0.9484993466667828,0.9746933167361915,0.9470503716463587
2013-07-31,0.9513076295140298,0.9775791537508938,0.9498543644208348
2013-08-01,0.9581395783533293,0.9845997752165307,0.9566758764333599
2013-08-02,0.9570403849835105,0.9834702262764642,0.9555783622458887
2013-08-05,0.9625755321461669,0.9891582333015372,0.9611050536419126
2013-08-06,0.9635190994037673,0.9901278583249749,0.9620471794604608
2013-08-07,0.9593179330416036,0.985810671614165,0.9578524310108725
2013-08-08,0.9615350336061148,0.9880890001238922,0.9600661446220765
2013-08-09,0.9635731629132616,0.9901834148649014,0.9621011603802886
2013-08-12,0.970651479317726,0.9974572076368202,0.9691686635939516
2013-08-13,0.9727563880786124,0.9996202460276711,0.9712703567900569
2013-08-14,0.9693009756776124,0.9960694081845901,0.9678202230490919
2013-08-15,0.9678317880216206,0.9945596471132974,0.9663532797970895
2013-08-16,0.9658861872903485,0.9925603162372327,0.9644106512627275
2013-08-19,0.9702436213665209,0.997038086188133,0.9687614287058534
2013-08-20,0.9669329612848352,0.9936359981787851,0.9654558261552738
2013-08-21,0.9687403042589443,0.9954932531415547,0.9672604081429051
2013-08-22,0.9690719058101527,0.9958340122750541,0.9675915031227335
2013-08-23,0.9700665220488673,0.996856096058125,0.9685845999359083
2013-08-26,0.9791973060991056,1.0062390378831354,0.9777014353450657
2013-08-27,0.981066564194752,1.0081599178279854,0.9795678378683426
2013-08-28,0.9785770292228139,1.00560163130201,0.97708210603479
2013-08-29,0.9766751645552431,1.0036472443139537,0.9751831467501417
2013-08-30,0.9731791565166986,1.0000546897354625,0.9716924793878834
2013-09-02,0.9762690838803785,1.0032299492226786,0.9747776864227558
2013-09-03,0.9793860550170863,1.0064329993304055,0.9778898959178212
2013-09-04,0.979237602439043,1.0062804470532554,0.9777416701238207
2013-09-05,0.9782441484703324,1.0052595576362957,0.9767497338037459
2013-09-06,0.9802425039865906,1.0073131001852453,0.9787450365322123
2013-09-09,0.985603281641558,1.012821922275548,0.9840976247963515
2013-09-10,0.9859899059340188,1.0132192236708573,0.9844836584621697
2013-09-11,0.9835648938340275,1.0107272418942246,0.9820623509315565
2013-09-12,0.9822778528064051,1.0094046576532103,0.9807772760515285
2013-09-13,0.9805762424253375,1.007656055219251,0.9790782651353597
2013-09-16,0.9802486192621283,1.0073193843410162,0.9787511424651811
2013-09-17,0.9763262253225151,1.0032886686936635,0.9748347405708303
2013-09-18,0.9778700502893833,1.004875128275703,0.9763762071132519
2013-09-19,0.9846302488479817,1.0118220179893085,0.9831260784548526
2013-09-20,0.9846302488476408,1.0118220179893085,0.9831260784548526
2013-09-23,0.9846302488473098,1.0118220179893085,0.9831260784548526
2013-09-24,0.983593488539288,1.0107566262772423,0.982090901954098
2013-09-25,0.982931492560129,1.010076348468996,0.9814299172729656
2013-09-26,0.9794367755775498,1.006485120600372,0.9779405389942064
2013-09-27,0.9793767248616521,1.0064234115103399,0.9778805800146493
2013-09-30,0.9832896540349915,1.0104444830770267,0.9817871971711136
2013-10-01,0.9877831134630642,1.0150620352605515,0.9862737906376333
2013-10-02,0.9877831134630642,1.0150620352605515,0.9862737906376333
2013-10-03,0.9877831134630642,1.0150620352605515,0.9862737906376333
2013-10-04,0.9877831134630642,1.0150620352605515,0.9862737906376333
2013-10-07,0.9877831134630642,1.0150620352605515,0.9862737906376333
2013-10-08,0.9877831134630642,1.0150620352605515,0.9862737906376333
2013-10-09,0.9895697963657902,1.0168980597469872,0.988057743506559
2013-10-10,0.9869493850688541,1.0142052823669787,0.9854413361721615
2013-10-11,0.9898684829536684,1.017204994955399,0.9883559737042854
2013-10-14,0.9917590814939142,1.019147804845512,0.9902436834286652
2013-10-15,0.9908858804740983,1.0182504892381834,0.9893718166513693
2013-10-16,0.9847767279916643,1.011972624524749,0.983271998893492
2013-10-17,0.9829141848647107,1.0100586448348372,0.9814123017140107
2013-10-18,0.9870608240790887,1.0143197989111414,0.9855526049046908
2013-10-21,0.9934400746683931,1.0208752208437095,0.9919221080622032
2013-10-22,0.989493447669294,1.0168196025814427,0.9879815114701156
2013-10-23,0.9847540547528386,1.0119493251347969,0.9832493602991508
2013-10-24,0.982110041189666,1.0092322936811196,0.9806093867625459
2013-10-25,0.9756329117191581,1.0025762898141073,0.9741421542817924
2013-10-28,0.975554738551276,1.002495957792015,0.9740641005617372
2013-10-29,0.9711624668887162,0.9979823878064092,0.9696785402468262
2013-10-30,0.9752767929239718,1.0022103363329133,0.973786579632602
2013-10-31,0.9711337551619799,0.9979528831678102,0.9696498723913242
2013-11-01,0.9713892264124444,0.9982154095907795,0.9699049532842454
2013-11-04,0.9712514936649094,0.9980738731733924,0.9697674309909861
2013-11-05,0.9733077867960283,1.0001869535270824,0.9718205821265429
2013-11-06,0.9696267752571859,0.99640428604319,0.9681451951369164
2013-11-07,0.9669289687996555,0.9936319761340652,0.9654515109009644
2013-11-08,0.9620522244587585,0.9886205541238617,0.9605822181771757
2013-11-11,0.960586039960605,0.9871138790243601,0.959118273994431
2013-11-12,0.962503744605021,0.9890845435891398,0.9610330484051217
2013-11-13,0.9566386515015162,0.9830574782733907,0.9551769171058571
2013-11-14,0.9599683328773055,0.9864791131525583,0.9585015107614442
2013-11-15,0.9630602347834505,0.9896564019712284,0.961588688272064
2013-11-18,0.9686950048296923,0.9954467835574359,0.9672148484454186
2013-11-19,0.9675749780230579,0.9942958257465631,0.9660965330286646
2013-11-20,0.9699286884668016,0.9967145369807165,0.9684466470261348
2013-11-21,0.9673355564748833,0.9940497922593906,0.965857477314247
2013-11-22,0.9671289585322869,0.9938374888445677,0.965651195051263
2013-11-25,0.9658442634820659,0.9925173152613256,0.9643684630023696
2013-11-26,0.9678447454438622,0.9945730431473024,0.9663658882475186
2013-11-27,0.971042772282903,0.997859387677605,0.9695590285331868
2013-11-28,0.9734842906075664,1.0003683317220826,0.9719968162420034
2013-11-29,0.9765791654443337,1.00354867557274,0.975086962140637
2013-12-02,0.9672370258777193,0.9939485406109978,0.9657590972708608
2013-12-03,0.9697171103004639,0.9964971158067645,0.9682353921491424
2013-12-04,0.9733735042838199,1.0002544858891982,0.9718861991986636
2013-12-05,0.9727692913776935,0.99963358685391,0.9712829095238805
2013-12-06,0.9715778536292327,0.9984092459947117,0.9700932922805127
2013-12-09,0.9736939162170216,1.000583746416742,0.9722061215456013
2013-12-10,0.9738433023181735,1.000737258010338,0.9723552793862685
2013-12-11,0.9713483456611365,0.9981733998640897,0.9698641349983214
2013-12-12,0.9724591812217607,0.9993149126006802,0.9709732732131983
2013-12-13,0.9702453239133287,0.9970399167289699,0.9687627986568323
2013-12-16,0.9666249830807451,0.9933195954521916,0.9651479896692257
2013-12-17,0.9658530034427177,0.992526296587415,0.9643771896084483
2013-12-18,0.9643926539355875,0.9910256176198405,0.9629190715009182
2013-12-19,0.9606807873673204,0.9872112430045556,0.9592128766280467
2013-12-20,0.9550855919736753,0.9814615289767038,0.9536262306376111
2013-12-23,0.9549284371092175,0.9813000340752488,0.9534693159042315
2013-12-24,0.9558069130756986,0.9822027703037894,0.9543464495681264
2013-12-25,0.9595967951765257,0.9860973149525392,0.9581305407665958
2013-12-26,0.9554066029812935,0.9817914051228871,0.9539467511435854
2013-12-27,0.9606674824997365,0.9871975707056628,0.9591995920901688
2013-12-30,0.960047958418372,0.986560937657019,0.9585810146354716
2013-12-31,0.9600619817777236,0.9866397939686612,0.958594216073206
2014-01-01,0.9629639117659573,0.9896247962439019,0.961483886740474
2014-01-02,0.9629639117659573,0.9896247962439019,0.961483886740474
2014-01-03,0.9598738679971899,0.9864489244341099,0.9583958786565809
2014-01-06,0.9526453449593616,0.9790193802449881,0.9511803876759335
2014-01-07,0.9530146159156712,0.9793984632304394,0.9515504734491073
2014-01-08,0.9533001114165007,0.9796923883090829,0.951835955916125
2014-01-09,0.9503025347569585,0.9766118215947406,0.9488416414844949
2014-01-10,0.94781267139799,0.9740521203254897,0.9463587281164794
2014-01-13,0.9471609616735714,0.9733827332820489,0.9457072716483362
2014-01-14,0.9524013614507074,0.9787690052778029,0.9509364764421807
2014-01-15,0.9528240861717805,0.9792030287661234,0.9513604787679912
2014-01-16,0.9530994238756711,0.9794861525273125,0.9516354911481998
2014-01-17,0.9503708581549966,0.9766823750516729,0.9489112577487531
2014-01-20,0.9500283814282483,0.9763302406330301,0.9485684308028044
2014-01-21,0.9525786902309872,0.9789512806495548,0.9511150868590075
2014-01-22,0.958190897525218,0.9847183807124155,0.9567202285529812
2014-01-23,0.9593030528386303,0.9858615901621283,0.9578274547357706
2014-01-24,0.963518313400501,0.9901934762872047,0.9620343100367664
2014-01-27,0.9624226336663279,0.9890676988699648,0.960936256086539
2014-01-28,0.9603343591291726,0.9869207678128571,0.958853610653241
2014-01-29,0.9627492307500966,0.9894026562410159,0.9612655147280433
2014-01-30,0.960712538786715,0.9873091266201434,0.9592325764735555
2014-01-31,0.9661416207506255,0.992889590553335,0.9646452893854721
2014-02-03,0.9661413383156024,0.992889590553335,0.9646441636106473
2014-02-04,0.9661411337378506,0.992889590553335,0.9646433481725377
2014-02-05,0.9661409629166652,0.9928888710788846,0.9646437942082557
2014-02-06,0.9661423435351921,0.992889732154914,0.9646479485793114
2014-02-07,0.9661450647456405,0.9928909188836839,0.9646569364426177
2014-02-10,0.9745618263676816,1.0015423502850287,0.9730551787375139
2014-02-11,0.9748343649217535,1.0018229117558541,0.9733287478300673
2014-02-12,0.9777253922542313,1.004794636594215,0.9762156592461783
2014-02-13,0.9748997781676864,1.0018903545183997,0.973394898119193
2014-02-14,0.980145925073195,1.0072822553700758,0.9786322519763
2014-02-17,0.9866715441626692,1.0139895339253278,0.9851464189088646
2014-02-18,0.9841171639195379,1.0113631706006556,0.9826001100078544
2014-02-19,0.9857489739559077,1.0130404393378767,0.9842290882386491
2014-02-20,0.9815534714364196,1.0087280806515315,0.980040263677984
2014-02-21,0.9808888066524877,1.0080455056842603,0.9793764789844924
2014-02-24,0.9788574899499219,1.005956863790416,0.9773502193286453
2014-02-25,0.9716235207685564,0.9985225651049596,0.9701272826918315
2014-02-26,0.9735053423831402,1.0004568480256877,0.9720059527524477
2014-02-27,0.9702399498816968,0.9971015810673097,0.9687469513274964
2014-02-28,0.9720805951449633,0.9989933286560897,0.9705843493018882
2014-03-03,0.9769742603174204,1.0040209874972532,0.9754722615509709
2014-03-04,0.9755588965503535,1.0025679563518546,0.9740558408145396
2014-03-05,0.9750429300647502,1.0020387758955336,0.9735370160180833
2014-03-06,0.9748774158335864,1.0018685368793059,0.9733730564854558
2014-03-07,0.9746363938910875,1.0016200449993249,0.9731344280164583
2014-03-10,0.9617334866561247,0.9883586200863961,0.9602527336480638
2014-03-11,0.9639649082208055,0.9906517190948568,0.9624809652173809
2014-03-12,0.9647562652357516,0.9914650437969552,0.9632682427063319
2014-03-13,0.968866827585642,0.9956902129186417,0.9673689103937054
2014-03-14,0.9667109068469034,0.9934731356086612,0.9652190571527146
2014-03-17,0.9707502122935907,0.9976265216727406,0.9692449443159625
2014-03-18,0.9703500751408487,0.9972149537064031,0.9688472853222383
2014-03-19,0.96948838844307,0.9963300496525802,0.9679849932901656
2014-03-20,0.9624334444713183,0.9890779581602482,0.9609436095671802
2014-03-21,0.9675387966588848,0.9943252065967965,0.9660411776408819
2014-03-24,0.9689513842987912,0.9957776757439174,0.9674523215135905
2014-03-25,0.9694798299395236,0.9963205268872213,0.9679797441547457
2014-03-26,0.9704508523959997,0.9973187114031692,0.9689495681324012
2014-03-27,0.9667202069726399,0.9934836275455269,0.9652277738635647
2014-03-28,0.9638624064709652,0.9905464658695933,0.9623768766792564
2014-03-31,0.9624101060363505,0.9891938308165564,0.9609243145704195
2014-04-01,0.9641109634169687,0.992676193055775,0.9626096635023516
2014-04-02,0.9631857023222664,0.9923025980227849,0.9616807361321417
2014-04-03,0.9634557014866199,0.9915526179586179,0.9619587731803676
2014-04-04,0.9669944143880129,0.9949941093838899,0.9654954496329557
2014-04-07,0.9714110731087793,1.0005190763023382,0.9698996054911918
2014-04-08,0.9727061476174782,1.000521025890717,0.9712042543884677
2014-04-09,0.9736191595919848,1.0012852547351057,0.9721179352907934
2014-04-10,0.9748785870502301,1.0030586934375818,0.9733724799929061
2014-04-11,0.9741334458686056,1.0023420779095502,0.9726275564915466
2014-04-14,0.9778571173070044,1.0051017145032983,0.9763561297032699
2014-04-15,0.9748965467705595,1.0021123837511747,0.9733978230645605
2014-04-16,0.9753203045264413,1.0019305907594611,0.9738261601421285
2014-04-17,0.9758225520275212,1.0025319722480668,0.9743272625096306
2014-04-18,0.9752253089524578,1.0015653609055033,0.9737334477366998
2014-04-21,0.9703461371834408,0.9962329047735927,0.9688617399322256
2014-04-22,0.9701311869463308,0.9965032892672324,0.9686430326495238
2014-04-23,0.969063311023437,0.9954553734427679,0.9675756675603557
2014-04-24,0.9688014372253971,0.9942642784413845,0.9673215484429563
2014-04-25,0.9651493939855638,0.9908301676397462,0.9636703472220809
2014-04-28,0.9594814929140281,0.9857245445972096,0.9580022774859188
2014-04-29,0.9622672923827679,0.9881317640094615,0.9607891784848192
2014-04-30,0.9629546155989063,0.9895601680523364,0.9614697328454431
2014-05-01,0.9651125517373906,0.9921523788477827,0.9636225580969591
2014-05-02,0.9656821752803234,0.9921532347303749,0.9641963282260493
2014-05-05,0.9650846368310614,0.9921523374333214,0.9635942241798903
2014-05-06,0.9650522079977218,0.9926153156168082,0.9635576457675812
2014-05-07,0.9624305485209311,0.988938825964416,0.9609465602306368
2014-05-08,0.961540532180277,0.9880329349794812,0.9600574410395688
2014-05-09,0.9611702016927552,0.9877401999772975,0.9596867945472785
2014-05-12,0.9673864735208964,0.994149942424858,0.9658969067689454
2014-05-13,0.9681292931059473,0.9943424640372831,0.966643657779307
2014-05-14,0.9695826854785389,0.9952271607222047,0.9681006796244165
2014-05-15,0.9657761557282769,0.9908848946113276,0.9643015680965925
2014-05-16,0.9633752522771355,0.9887711846447849,0.9619002091131935
2014-05-19,0.9628272920633071,0.9884530416449157,0.9613508138775733
2014-05-20,0.9631844507476788,0.9886071617899713,0.9617094284109572
2014-05-21,0.9654018161546398,0.9903979353718032,0.9639285049989624
2014-05-22,0.9661364941327457,0.9913392586983235,0.9646610193305126
2014-05-23,0.9691229440951007,0.9944681545574198,0.9676439858072148
2014-05-26,0.9719985723883257,0.9977702678847629,0.970513913296898
2014-05-27,0.9700086240143497,0.9958186013413871,0.9685251942525278
2014-05-28,0.9717689403204307,0.9978972310754618,0.9702816586559415
2014-05-29,0.9689669793724395,0.9947165538642332,0.9674848959248913
2014-05-30,0.9692407234866314,0.9954307362194239,0.9677549152436566
2014-06-02,0.9683033518168715,0.9948387851213703,0.9668156338224967
2014-06-03,0.9682965073534422,0.9948387748434195,0.9668087394833009
2014-06-04,0.9663542190198737,0.9930296976609944,0.9648667944504149
2014-06-05,0.9693169519467523,0.9959780196539241,0.9678272925170962
2014-06-06,0.9686038169361527,0.9953330783569221,0.9671140496258482
2014-06-09,0.968212043101,0.9938773577066502,0.9667312987896365
2014-06-10,0.9706922930094043,0.996934619936176,0.9692050830340065
2014-06-11,0.9722380750880166,0.9983047071955898,0.97075103673853
2014-06-12,0.9729834983349984,0.9968718310292276,0.971513433547599
2014-06-13,0.9767448173110138,1.0006920310698004,0.9752714479179533
2014-06-16,0.9790824481279794,1.003580348779151,0.977602786070682
2014-06-17,0.9763354605496251,1.0002143460299602,0.9748628740304505
2014-06-18,0.9754958261934529,0.9987172940657516,0.9740292048599802
2014-06-19,0.9715666568401744,0.9938668709588745,0.9701105524812911
2014-06-20,0.9766330802613817,0.999558823772728,0.9751679672643022
2014-06-23,0.9791782728128219,1.002823447871517,0.977705062486866
2014-06-24,0.9803459691817433,1.0038521979846404,0.9788730348564378
2014-06-25,0.9788745975301317,1.0025793368207174,0.9774011840705205
2014-06-26,0.9819907422714309,1.006545639691684,0.9805082591861646
2014-06-27,0.9827840477267736,1.007345566907289,0.9813009138439929
2014-06-30,0.9836763275061254,1.0081604472189114,0.9822028421996057
2014-07-01,0.983991823647166,1.0095797718955992,0.9824598951435157
2014-07-02,0.9848650594870121,1.0104337959765592,0.9833415353667216
2014-07-03,0.9858552854791479,1.0113410413039985,0.9843390763238704
2014-07-04,0.9848341116297138,1.0103970578541925,0.9833143619595716
2014-07-07,0.982679786454421,1.0082894542034577,0.9811566982321012
2014-07-08,0.9850338517388111,1.0105852212328363,0.983525049761743
2014-07-09,0.9806582636752905,1.0052020007045839,0.9792009821978024
2014-07-10,0.9803593914554638,1.0051056310306945,0.9788884624522123
2014-07-11,0.9823505152947479,1.0070325957280186,0.9808980490879815
2014-07-14,0.9841503335617138,1.0091298124922246,0.9826826479505064
2014-07-15,0.9829386012840111,1.0083097056482908,0.9814539145956799
2014-07-16,0.9800679977982328,1.005717514630434,0.9785650927374765
2014-07-17,0.978236811326807,1.0039193292352147,0.9767170604078383
2014-07-18,0.978171855646001,1.0036568021463657,0.9766665059082897
2014-07-21,0.9781285253768888,1.00340391769043,0.976631717589822
2014-07-22,0.9820594300336049,1.0084321420000806,0.9805116505546817
2014-07-23,0.9799609130377837,1.0069637129139,0.9783720088558165
2014-07-24,0.9803264689192803,1.007835040625094,0.978716769898762
2014-07-25,0.9822094112088154,1.009884034087507,0.9805857033167673
2014-07-28,0.988957636600744,1.017093338462633,0.9873241581514596
2014-07-29,0.9920906758400475,1.0207750805947564,0.9904316073241299
2014-07-30,0.9913400838054707,1.0203230360708115,0.9896712984468551
2014-07-31,0.9935292270158707,1.0225324552364017,0.9918656695786947
2014-08-01,0.9891516553951114,1.0176036533903032,0.9875182877619876
2014-08-04,0.9954787644564391,1.0239655796457094,0.9938495843533696
2014-08-05,0.9961616227188839,1.0247793237745242,0.9945314742240826
2014-08-06,0.99635904809329,1.0247798857575838,0.9947398635875112
2014-08-07,0.9950418057010181,1.0229007662980993,0.9934453717831426
2014-08-08,0.9969009990489216,1.0245435756507062,0.9953216029583704
2014-08-11,0.9998976858608647,1.0284079431652349,0.9982785115886932
2014-08-12,0.9998073102476028,1.0284596565353448,0.9981909250707757
2014-08-13,0.9994721513689516,1.028724902896926,0.9978150994148095
2014-08-14,0.9969116695955094,1.0259779020459117,0.9952751636761192
2014-08-15,1.000182130309244,1.0296113868668968,0.9985215376654255
2014-08-18,1.001804696373458,1.0312060876651674,1.0001604979088254
2014-08-19,1.0022085562837006,1.032095740773007,1.0005392605712151
2014-08-20,1.0007609488674893,1.0307883418653534,0.9990772388454651
2014-08-21,1.000253096096324,1.0298015169411856,0.9985919498725625
2014-08-22,1.0024612996352318,1.0323053491262817,1.0007899446258863
2014-08-25,1.000158872569557,1.0302193857368793,0.9984700508240907
2014-08-26,0.9972853423028296,1.0271450292032043,0.9956037800292398
2014-08-27,0.9981460904077982,1.0275232444697635,0.9964902405822639
2014-08-28,0.9953687713646835,1.0242887357644557,0.9937347589318973
2014-08-29,0.9981679231583901,1.0270152566326372,0.9965374497059332
2014-09-01,1.0007291931830713,1.0295430199959905,0.9991070122806756
2014-09-02,1.0045572889552064,1.0332779214266352,1.0029619289660765
2014-09-03,1.0050639835229345,1.035444639999684,1.0033647086780044
2014-09-04,1.006652861520513,1.0369414371983632,1.0049670593369227
2014-09-05,1.0066067440768525,1.0367321865998644,1.0049362027010535
2014-09-08,1.0056316881919434,1.0356381458098693,1.0039700719890592
2014-09-09,1.0055018061433763,1.0340705684322273,1.0039237671902392
2014-09-10,1.0048240018458374,1.033417434114321,1.0032511001465736
2014-09-11,1.0031287152311534,1.0316376107279135,1.0015573821775416
2014-09-12,1.0062047130139704,1.0344366089353172,1.0046596500228675
2014-09-15,1.0087027690268053,1.0361474934934494,1.0072070017734627
2014-09-16,1.0011823640203212,1.0281385537180674,0.9996844234492634
2014-09-17,1.0046843713341083,1.0322769043020696,1.0031583549683403
2014-09-18,1.005058052227878,1.0320135474707384,1.0035753217320924
2014-09-19,1.005544628755385,1.0329029667939387,1.0040364044187127
2014-09-22,0.9986961955319948,1.0251714769962283,0.9972340875450671
2014-09-23,1.002530372740164,1.0285341247150903,1.0011004551366511
2014-09-24,1.0064996475270631,1.0326513966804003,1.0050674274932483
2014-09-25,1.0054427408774198,1.0311465314625412,1.0040325342988707
2014-09-26,1.0085158627128024,1.033850741426479,1.0071303764428055
2014-09-29,1.0101072911996416,1.033971198888145,1.0088020157892004
2014-09-30,1.0111275956728039,1.0352807625646003,1.0098210018100044
2014-10-01,1.0146527657203595,1.0387135531776452,1.013341616581283
2014-10-02,1.0146527657203595,1.0386871984698438,1.013341616581283
2014-10-03,1.0146527657203595,1.0386472733860928,1.013341616581283
2014-10-06,1.0154958177244438,1.0392179462566242,1.0141835791812415
2014-10-07,1.0158550928667847,1.0394291148885813,1.0145423900629906
2014-10-08,1.0153221868776359,1.0390528885325505,1.0140101727027526
2014-10-09,1.0181648250067417,1.0415836538277956,1.0168491375333057
2014-10-10,1.0136483290657055,1.0375144573676505,1.01233847787436
2014-10-13,1.0155176682556868,1.0393133583629701,1.0142054014769086
2014-10-14,1.0164908847384633,1.0402819424709673,1.0151773603551169
2014-10-15,1.0182463216855304,1.0419163326107632,1.016930528900895
2014-10-16,1.0144247318941133,1.0383273275044729,1.0131138774236814
2014-10-17,1.0134951081985795,1.0372872184420276,1.0121854550014788
2014-10-20,1.0179505108887044,1.0417660057343079,1.0166351003551053
2014-10-21,1.0168518399858022,1.0406489859821293,1.0155378491708076
2014-10-22,1.0158216853873605,1.0391426055482087,1.0145090257532
2014-10-23,1.012745327030886,1.0361606145652504,1.0114366427119728
2014-10-24,1.0134157275553952,1.0368587626205583,1.0121061769351223
2014-10-27,1.0123791547626029,1.0359816802118471,1.0110709436168486
2014-10-28,1.0194277773875147,1.0427493606626566,1.0181104579085465
2014-10-29,1.0259604666842268,1.0491183033084095,1.0246347055686353
2014-10-30,1.0246772089023812,1.0479140097094444,1.023353106031258
2014-10-31,1.0254165005058948,1.0482958279426424,1.0240914423113523
2014-11-03,1.0250285604116627,1.0479555136529664,1.0237040035189817
2014-11-04,1.0240383564423663,1.0469482966615327,1.0227150791057324
2014-11-05,1.0190303382654844,1.0420087839682242,1.0177135323631608
2014-11-06,1.021134155191046,1.044216229675103,1.0198146307057312
2014-11-07,1.021895825920543,1.0451392369362444,1.020575317193175
2014-11-10,1.0294267920621805,1.0525725797272105,1.0280965517102543
2014-11-11,1.022485876392011,1.0453589665015204,1.021164605192797
2014-11-12,1.0289390608704267,1.051755513847746,1.0276094507718778
2014-11-13,1.0252500311609778,1.0477743252618963,1.0239251880805569
2014-11-14,1.0229333609698708,1.0453854948385857,1.0216115115245428
2014-11-17,1.0251707856181327,1.0480226717229768,1.023846044939961
2014-11-18,1.0234642970323753,1.0465684643172286,1.0221417615037045
2014-11-19,1.0233306545810963,1.0466084888070766,1.022008291747155
2014-11-20,1.0217470493566134,1.0450683455495744,1.020426732880497
2014-11-21,1.0258330714409725,1.0491891143943126,1.0245074749473773
2014-11-24,1.033891493477147,1.0568546489185302,1.0325554837727744
2014-11-25,1.0380432092917382,1.0611074785742753,1.0367018346794878
2014-11-26,1.0400779906747726,1.0628364926371188,1.0387339866882686
2014-11-27,1.0428719406607105,1.065592694984946,1.0415243262911844
2014-11-28,1.0428636897879222,1.0654882761012139,1.0415160860802946
2014-12-01,1.0345982463385721,1.0579186595068621,1.0332613233578185
2014-12-02,1.0444976132584651,1.0676039064131904,1.0431478981710394
2014-12-03,1.0451316984045693,1.0685064022614794,1.0437811639430468
2014-12-04,1.0533378800402735,1.0763889970984877,1.051976741430859
2014-12-05,1.0496316915632378,1.0723552364519648,1.0482753421447613
2014-12-08,1.0520794579986643,1.0746572730226003,1.0507199455406113
2014-12-09,1.0389755096239144,1.0619894209730365,1.0376329302795437
2014-12-10,1.0511300783400934,1.074248462225978,1.0497717926843162
2014-12-11,1.0505854940502724,1.0739303294796407,1.049227912114277
2014-12-12,1.0527286106972078,1.0761047423690604,1.0513682593945466
2014-12-15,1.0555244977587896,1.0792079902284784,1.0541605335699888
2014-12-16,1.0537868038479692,1.0778275312944965,1.0524250851326467
2014-12-17,1.0522170309869627,1.076406843296958,1.0508573407550827
2014-12-18,1.0528934233363765,1.0766663667299416,1.0515328590604136
2014-12-19,1.0541250002471974,1.0776793447110926,1.0527628445095432
2014-12-22,1.0477261844306847,1.0706800952298021,1.0463722973363858
2014-12-23,1.040898428298439,1.063876394657605,1.0395533641304426
2014-12-24,1.0430186516901305,1.0659456242769316,1.0416708477384675
2014-12-25,1.0496109840586934,1.0721164984949856,1.0482546613987576
2014-12-26,1.0538695710769703,1.0764731169025503,1.0525077454086247
2014-12-29,1.0541152528590672,1.0766318080706476,1.0527531097171305
2014-12-30,1.0519710334791306,1.0747831150949174,1.0506116611288272
2014-12-31,1.055901800239383,1.0788404586798601,1.0545373484948004
2015-01-01,1.059304521364509,1.082317101317043,1.0579356725739373
2015-01-02,1.059304521364509,1.082317101317043,1.0579356725739373
2015-01-05,1.058836974956986,1.081839397821669,1.0574687303367183
2015-01-06,1.0630999595063324,1.0861949924475323,1.061726206195101
2015-01-07,1.0639120845308756,1.0870247602666465,1.0625372817798133
2015-01-08,1.0618031429321542,1.0848700035258418,1.0604310653862608
2015-01-09,1.0603380971034835,1.083373130697865,1.0589679127112301
2015-01-12,1.0583041280283065,1.0812949752012957,1.0569365719606305
2015-01-13,1.060813370109254,1.0838587286459194,1.0594425715622735
2015-01-14,1.057825300841997,1.0808057458608502,1.0564583635218123
2015-01-15,1.0632873438150368,1.0863864475369218,1.0619133483630616
2015-01-16,1.0679715567051404,1.091172421366844,1.066591508244781
2015-01-19,1.0570403127150205,1.0800037044676316,1.0556743897679706
2015-01-20,1.0639865707833498,1.0871008646759446,1.0626116717800629
2015-01-21,1.075143994180883,1.0985006745570824,1.0737546773919493
2015-01-22,1.0783323064228287,1.1017582504422032,1.0769388696501998
2015-01-23,1.07840465861922,1.1018321744346837,1.0770111283520252
2015-01-26,1.0817409772872886,1.1052409720722531,1.0803431357803306
2015-01-27,1.0822448926049582,1.1057558345645107,1.080846399931259
2015-01-28,1.0802116851875163,1.1036784572721081,1.0788158198541695
2015-01-29,1.0760463359446617,1.0994226190050416,1.074655853136508
2015-01-30,1.0699058242275896,1.0931487093707621,1.0685232762784571
2015-02-02,1.0703414632810153,1.0935938123491924,1.0689583523927284
2015-02-03,1.0768906675200767,1.100285293037695,1.075499093654316
2015-02-04,1.0756852261117122,1.0990536643373585,1.074295209934964
2015-02-05,1.07529693683559,1.098656939773903,1.0739074224119218
2015-02-06,1.0716632401323631,1.0949443037909696,1.070278421224703
2015-02-09,1.0690822850975028,1.0923072794833972,1.0677008013376745
2015-02-10,1.07338511672231,1.0967035868319377,1.071998072780545
2015-02-11,1.0753333288473947,1.0986941223743103,1.0739437673974366
2015-02-12,1.0763785968848563,1.099762098059855,1.0749876847242574
2015-02-13,1.083537874269077,1.107076905265656,1.0821377107855668
2015-02-16,1.0888827826852436,1.1125379277262595,1.0874757124329304
2015-02-17,1.0903119072307896,1.1139980989087295,1.0889029902428435
2015-02-18,1.087619843692381,1.1112475523504097,1.0862144054282998
2015-02-19,1.087635609840529,1.111263661006059,1.0862301512032009
2015-02-20,1.087635609840529,1.111263661006059,1.0862301512032009
2015-02-23,1.087635609840529,1.111263661006059,1.0862301512032009
2015-02-24,1.0873430779879698,1.1109647741229018,1.0859379973645784
2015-02-25,1.0874383581551623,1.111062124178801,1.086033154409346
2015-02-26,1.0927165557568843,1.1164549865835753,1.0913045314469545
2015-02-27,1.095087567940651,1.1188775071923012,1.0936724797741106
2015-03-02,1.101309094749502,1.1252341919092208,1.0998859670350543
2015-03-03,1.0953314602418462,1.1191266978670689,1.0939160569141084
2015-03-04,1.0973062691299504,1.1211444079667812,1.0958883139252937
2015-03-05,1.0932777549227763,1.117028377371814,1.0918650054230787
2015-03-06,1.0889806255480727,1.1126378961503967,1.0875734288617815
2015-03-09,1.0904881578964352,1.114178178485187,1.0890790131548016
2015-03-10,1.089638689775357,1.113310256319347,1.0882306427288497
2015-03-11,1.090509550128977,1.1142000354476076,1.089100377743988
2015-03-12,1.0932712675556002,1.1170217490715515,1.0918585264389735
2015-03-13,1.0953013903523647,1.1190959747322538,1.0938860258813778
2015-03-16,1.102204852797511,1.126149409615225,1.100780567571417
2015-03-17,1.1044221545641582,1.1284148805656664,1.1029950041083023
2015-03-18,1.107445763284123,1.1315041748708528,1.1060147056768712
2015-03-19,1.1120897469183457,1.1362490454951006,1.1106526882875418
2015-03-20,1.114797621895807,1.1390157469838844,1.1133570641093655
2015-03-23,1.1247267883422902,1.1491606169717983,1.1232733999417925
2015-03-24,1.1269443228974991,1.1514263257679551,1.1254880689664266
2015-03-25,1.1264778923366197,1.1509497623601388,1.1250222411339375
2015-03-26,1.1246105934260437,1.1490418978099304,1.1231573551743155
2015-03-27,1.1256560171342767,1.1501100325480746,1.1242014279707475
2015-03-30,1.1282746107169528,1.152785513072106,1.1268166377685096
2015-03-31,1.1237332167003327,1.1500241208536488,1.1223244513090898
2015-04-01,1.1343027352117896,1.1577028685427986,1.1328807193695858
2015-04-02,1.1377755165347592,1.164665225610461,1.1363491470487668
2015-04-03,1.1491028946224207,1.1712355719144092,1.1476623245966682
2015-04-06,1.1557523195173576,1.1780130702621814,1.154303413456393
2015-04-07,1.1572388913322922,1.1780130702621814,1.1557881216342172
2015-04-08,1.1493712364015134,1.175617629603754,1.1479303299697476
2015-04-09,1.1483501091008497,1.172927745374267,1.1469104828028203
2015-04-10,1.1569581133849165,1.1796700385899073,1.155507695683427
2015-04-13,1.168466285740017,1.1913100896130557,1.1670014408464775
2015-04-14,1.1676910706148922,1.1897321646843595,1.166227197567893
2015-04-15,1.1631596796433148,1.1822018361529585,1.1617014873634943
2015-04-16,1.1756293301161103,1.1895187249471773,1.1741555052895554
2015-04-17,1.1772822841589252,1.1919523478306218,1.1758063871105884
2015-04-20,1.1728362057634654,1.1874508670443946,1.1713658825304054
2015-04-21,1.1826517977242197,1.1993826210935221,1.18116916919837
2015-04-22,1.192456392169575,1.2083649444251643,1.1909614721379438
2015-04-23,1.1948055163105722,1.2076559807568437,1.1933076513052225
2015-04-24,1.1981787788294505,1.2104515885168816,1.1966766849418167
2015-04-27,1.2044666742005858,1.2174479668604274,1.2029566975083406
2015-04-28,1.1989314846020407,1.2121279875552968,1.1974284470866612
2015-04-29,1.2043042872362704,1.2158448469026326,1.202794514120045
2015-04-30,1.2072765682064384,1.2175197711786818,1.2057630688974639
2015-05-01,1.2096493828018078,1.2203625795761766,1.2081329088196349
2015-05-04,1.2096353808527147,1.2203625795761766,1.2081189244240507
2015-05-05,1.2012371236682418,1.210390295488497,1.199731195694101
2015-05-06,1.2003996468847131,1.2092023355587094,1.198894768811288
2015-05-07,1.1884683750165426,1.2002957756241255,1.1869784545528346
2015-05-08,1.1987414303932808,1.2108826233059973,1.1972386311388936
2015-05-11,1.2107803886499315,1.223729773632395,1.2092624967850505
2015-05-12,1.2169403160684735,1.2271693199939155,1.215414701825691
2015-05-13,1.2194167898014985,1.2297372296695328,1.2178880709334938
2015-05-14,1.2209781121178969,1.2316237744616576,1.2194474359019996
2015-05-15,1.2215742797192741,1.2319126530279065,1.220042856119325
2015-05-18,1.2241694038243778,1.2352987818097383,1.2226347268534585
2015-05-19,1.2265756314629261,1.2410091475350553,1.225037937930629
2015-05-20,1.2273817306784347,1.2403304459328528,1.225843026581833
2015-05-21,1.2391797616452862,1.2500628483812108,1.2376262669760967
2015-05-22,1.2441831333797813,1.2568160011223612,1.2426233662458872
2015-05-25,1.2508752477750078,1.2633544776787002,1.249307091088314
2015-05-26,1.2563755812564232,1.2716168545406108,1.2548005290901496
2015-05-27,1.2553196229913872,1.273130136207141,1.2537458946246032
2015-05-28,1.235508586487244,1.2522208586714072,1.2339596941777882
2015-05-29,1.2426286504484927,1.2549562074439247,1.2410708320883135
2015-06-01,1.2555934334023053,1.26905611624054,1.2540193617737712
2015-06-02,1.2669638847401639,1.2796349534708495,1.2653755585731954
2015-06-03,1.2665344148844087,1.28177465922344,1.2649466271212715
2015-06-04,1.2630801249075707,1.281052864899148,1.2614966676065915
2015-06-05,1.2661860705796582,1.2821902595229866,1.2645987195175044
2015-06-08,1.2640789701132857,1.2810271784523275,1.262494260612464
2015-06-09,1.2654384014836209,1.2790212037588689,1.2638519877349956
2015-06-10,1.2709665875538023,1.2833730439665672,1.2693732434082678
2015-06-11,1.274091786105068,1.2874192892164271,1.2724945240620338
2015-06-12,1.273574694061935,1.2888010179474696,1.2719780802700724
2015-06-15,1.263096712179339,1.2801730771129518,1.2615132340837671
2015-06-16,1.2532351892959943,1.2684786000147312,1.2516640740744005
2015-06-17,1.2582335699550486,1.2732777191030884,1.2566561885257999
2015-06-18,1.2486055330465762,1.262938318750733,1.2470402217821854
2015-06-19,1.2291330562206866,1.2451352880538233,1.227592156579114
2015-06-22,1.2342640308569301,1.2498479487249272,1.2327166987815878
2015-06-23,1.2367949789714625,1.250740605195545,1.2352444739792234
2015-06-24,1.241271771453879,1.256711742409025,1.2397156541417231
2015-06-25,1.2275536731207428,1.2432655736597145,1.2260147534689199
2015-06-26,1.202053040940379,1.2173477993025752,1.20054609009355
2015-06-29,1.182061753262132,1.198971013392099,1.1805798644440741
2015-06-30,1.1945065690812444,1.2139143728693085,1.1952940060779331
2015-07-01,1.1815669409849967,1.1984150637681759,1.1800324425929052
2015-07-02,1.165248899644674,1.1819534957972433,1.1638233804332807
2015-07-03,1.1485070244824063,1.1623714031044203,1.14454165962552
2015-07-06,1.1390203161443413,1.1469837670433003,1.1293900562153958
2015-07-07,1.1245395249361567,1.132884160871905,1.1155067254620963
2015-07-08,1.0999970794384035,1.1084656388412033,1.0914627618408483
2015-07-09,1.1209561778532606,1.131886353700379,1.1145242237651045
2015-07-10,1.134498531998005,1.1457388400549373,1.1281642252997621
2015-07-13,1.1467762384665086,1.156807616399767,1.1390632164603325
2015-07-14,1.1487733030502325,1.1598316184717623,1.142040833030173
2015-07-15,1.1361834008133336,1.14486602453023,1.1273047979888977
2015-07-16,1.1393012395500584,1.148714932240763,1.1310946668784745
2015-07-17,1.1525060253691986,1.1613966140230254,1.1435818229416295
2015-07-20,1.1554809467677618,1.1636876289826115,1.1458376957694263
2015-07-21,1.1584371665344477,1.1672789845944032,1.1493739631803823
2015-07-22,1.1579662571990559,1.1653604359590062,1.1474848433746434
2015-07-23,1.1656845702771517,1.171743929979708,1.1537704202747208
2015-07-24,1.1586885598474517,1.1636452530214005,1.1457959698177702
2015-07-27,1.1352327447249893,1.138184356379454,1.1207256206846976
2015-07-28,1.1301948473904213,1.1328545562897026,1.1154775749878538
2015-07-29,1.1432683592464905,1.1460895319629187,1.1285095379057901
2015-07-30,1.133647834278144,1.136329581346593,1.1188992962511535
2015-07-31,1.130511833694909,1.1313636746311189,1.1140095621278823
2015-08-03,1.1224034654805441,1.1186456414985622,1.1014866123118146
2015-08-04,1.1349008158549738,1.1319140064096576,1.1145514523064182
2015-08-05,1.1326276995422468,1.1289473683100675,1.111630319796667
2015-08-06,1.1294819511849679,1.125689170929227,1.1084221002657193
2015-08-07,1.138457754387794,1.1330287905231238,1.115649136623103
2015-08-10,1.1516528166140954,1.1493299497115055,1.131700250528229
2015-08-11,1.1554888467422286,1.150974291925675,1.1333193699953559
2015-08-12,1.154603941194803,1.1509527758911007,1.133298183997615
2015-08-13,1.1613981397582422,1.1569375528624035,1.1391911598132016
2015-08-14,1.1614340605851303,1.1566291299592688,1.138887467843081
2015-08-17,1.1642024726998486,1.1588582828424863,1.1410824275037392
2015-08-18,1.1421735951003416,1.1370584618021267,1.1196169963287854
2015-08-19,1.1468974015150424,1.1387532317906026,1.1212857700530126
2015-08-20,1.1363020475003298,1.127224316964889,1.109933698526595
2015-08-21,1.1229634870370833,1.1118075112420975,1.0947533728914653
2015-08-24,1.0911005916363172,1.0748844436107519,1.0583966722772047
2015-08-25,1.0727670740325501,1.0578244710447786,1.0415983845167898
2015-08-26,1.0632213871521032,1.0482798185908107,1.0322001385421924
2015-08-27,1.078300654956844,1.071012615261811,1.054584234331427
2015-08-28,1.0923430944922459,1.0891643166735514,1.0724575047881277
2015-08-31,1.085770578593181,1.0892075319116963,1.0725000571429562
2015-09-01,1.073967512365393,1.069945920798367,1.053533902012305
2015-09-02,1.0686387981222756,1.0661835845974121,1.0498292767023485
2015-09-03,1.0655440480277387,1.0633877525552595,1.0470763302370334
2015-09-04,1.0655440480277387,1.0616422482552519,1.045357600420489
2015-09-07,1.064526639402143,1.0573023900657472,1.0410843117956234
2015-09-08,1.0772188606951871,1.073073375060195,1.056613383907399
2015-09-09,1.0888931220514,1.0814039072556836,1.0648161331484107
2015-09-10,1.0833182439655107,1.0781267054359212,1.061589200689731
2015-09-11,1.0845696294574416,1.078089998607893,1.0615530569117964
2015-09-14,1.0704318615409556,1.0609300764233989,1.0446563526711112
2015-09-15,1.056972483966078,1.0480464874296418,1.0319703864735041
2015-09-16,1.0746206734232149,1.0707670362405923,1.0543424222739686
2015-09-17,1.0701816661454124,1.0652271502889012,1.0488875132454512
2015-09-18,1.0725997316852103,1.0649010016651657,1.0485663674515182
2015-09-21,1.0803503316037055,1.075060673997372,1.0585701994464372
2015-09-22,1.0807523183395351,1.0757307236869649,1.059229971169752
2015-09-23,1.0748394285896032,1.067571994499605,1.0511963896315306
2015-09-24,1.0778145528638923,1.0712461646948357,1.0548142013238735
2015-09-25,1.0720034767784914,1.0662028317565226,1.0498482286271569
2015-09-28,1.0715624395190884,1.0636098011206883,1.0472949727749643
2015-09-29,1.0651781619172738,1.0587967817842412,1.042555780874308
2015-09-30,1.067986910068092,1.0617840552973068,1.0454972322686455
2015-10-01,1.0818337360026913,1.0743940900727948,1.0579138403263852
2015-10-02,1.0818337360026913,1.0751531041253461,1.0586612117784582
2015-10-05,1.0831711071186512,1.078384715253591,1.0618432528662785
2015-10-06,1.0830838308248152,1.0826772863668264,1.066069979756566
2015-10-07,1.0856545828557234,1.0842952588769634,1.0676631340074667
2015-10-08,1.085055842288427,1.0864463308334504,1.069781210433363
2015-10-09,1.0922385376983244,1.0930056995310782,1.07623996424925
2015-10-12,1.1039243308717666,1.1001219269271107,1.0832470350463934
2015-10-13,1.1053365393125927,1.1004703803200464,1.0835901434742052
2015-10-14,1.1036104136401852,1.0985969875726072,1.0817454869052654
2015-10-15,1.1128089433809305,1.1069937974577877,1.0900134971951583
2015-10-16,1.1156768244322834,1.1128523159904846,1.0957821512642891
2015-10-19,1.1143867405671524,1.1083680447210849,1.0913666647277294
2015-10-20,1.118369304723132,1.1125043133849628,1.0954394867092128
2015-10-21,1.1036774586047118,1.0963651074417118,1.079547841830483
2015-10-22,1.1124335762068192,1.1054676164796242,1.088510726475773
2015-10-23,1.1201802397551521,1.1130064447966121,1.095933915871617
2015-10-26,1.1203215572516447,1.1123402534624458,1.0952779433199882
2015-10-27,1.1226956580675684,1.1133733618368964,1.0962952047308494
2015-10-28,1.116061305938793,1.1107973887197709,1.0937587447502002
2015-10-29,1.1162113637744366,1.1105101208246462,1.0934758832890827
2015-10-30,1.1130560774969982,1.1086910691037977,1.091684734203718
2015-11-02,1.106341577705315,1.1006674671881278,1.0837842072050248
2015-11-03,1.1047239827916095,1.1020418009427475,1.0851374599022185
2015-11-04,1.1184335248284774,1.112365037615581,1.095302347306258
2015-11-05,1.1180884676346334,1.110958460250371,1.093917345586782
2015-11-06,1.1234617114745047,1.1152941430650485,1.0981865228833563
2015-11-09,1.1243935158365166,1.1158020467726553,1.098686635799832
2015-11-10,1.1236957057490182,1.1155630777073082,1.0984513323074019
2015-11-11,1.1255065377550055,1.1143605102592091,1.0972672111743607
2015-11-12,1.1273370902386748,1.1128341333287344,1.0957642475083982
2015-11-13,1.1208842769076663,1.1055855495681703,1.0886268505756336
2015-11-16,1.1234998815351744,1.109998184662632,1.0929717997724637
2015-11-17,1.1210005269538614,1.105610468633799,1.0886513874049593
2015-11-18,1.1153493646284371,1.1011422933333874,1.0842517499395392
2015-11-19,1.1205600745050877,1.1063633543170972,1.0893927244915127
2015-11-20,1.125402114639269,1.1120636965385928,1.09500562853337
2015-11-23,1.1212325423286906,1.1082685484611479,1.0912686946519252
2015-11-24,1.1256914666998197,1.1150944269692535,1.0979898702548383
2015-11-25,1.1313292794397058,1.1207721087991418,1.1035804614953404
2015-11-26,1.1313493399615007,1.119455899510928,1.1022844416869357
2015-11-27,1.1126401030242277,1.0997992367410012,1.0829292946407292
2015-11-30,1.1113129582070864,1.0980146232914179,1.0811720555741788
2015-12-01,1.1165899504380814,1.102905983730071,1.0859883868942117
2015-12-02,1.119146023535605,1.1016239066605946,1.084725975746667
2015-12-03,1.1216196380625931,1.1067092902558537,1.089733354080653
2015-12-04,1.1195721960386062,1.10304206753317,1.0861223832928075
2015-12-07,1.1263022940746916,1.1050709746856218,1.088120168814106
2015-12-08,1.1159708259997494,1.0939476435744238,1.0771674597087608
2015-12-09,1.115825734710843,1.0934913061663116,1.07671812211061
2015-12-10,1.114165802847248,1.0910639023599729,1.0743279525196616
2015-12-11,1.1139764150330356,1.0869871860315192,1.0703137693937443
2015-12-14,1.1195179171135645,1.0923723822489364,1.0756163614909262
2015-12-15,1.119534055925512,1.093554448884333,1.076780296275498
2015-12-16,1.1230852583791497,1.094220480865894,1.0774361119188487
2015-12-17,1.12972835817666,1.10039810438201,1.0835189761847739
2015-12-18,1.131189379157257,1.1014090676571673,1.0845144321824682
2015-12-21,1.1404670250487046,1.1092160720272042,1.0922016840492308
2015-12-22,1.1433079194903173,1.1114139008801147,1.0943658001623466
2015-12-23,1.1406315698228657,1.1117216175062674,1.0946687966891455
2015-12-24,1.1403851744259814,1.1126861125793792,1.0956184972656842
2015-12-25,1.141364016875327,1.1107231444812895,1.093685639352302
2015-12-28,1.1332327755647866,1.10281019314986,1.0858940656563023
2015-12-29,1.1390444479606474,1.1111337968310373,1.0940899926602496
2015-12-30,1.1412294607080011,1.1102029202872348,1.0931733949346822
2015-12-31,1.137055867138174,1.1061427939683441,1.0891755473423363
2016-01-01,1.1111794084895223,1.0809698371287948,1.0643887212711935
2016-01-04,1.1111794084895223,1.0809698371287948,1.0643887212711935
2016-01-05,1.108884535629144,1.0787373548463102,1.0621904832812918
2016-01-06,1.1131747258929856,1.082910907951529,1.066300017793948
2016-01-07,1.0910522331742314,1.0613898581837136,1.0451090817881643
2016-01-08,1.0952783941870405,1.0655011227975044,1.0491572832594502
2016-01-11,1.0747362980812152,1.0455175034898152,1.0294801948979668
2016-01-12,1.072907462896983,1.0437383887436897,1.0277283701896538
2016-01-13,1.0661421925356205,1.0371570454027474,1.0212479788019362
2016-01-14,1.0745827062951465,1.045368087394896,1.029333070713049
2016-01-15,1.0638566307275859,1.0349336210335565,1.0190586597849944
2016-01-18,1.0688701444264492,1.0398108326207205,1.023861059284336
2016-01-19,1.0799427915274653,1.0505824482949528,1.0344674479546934
2016-01-20,1.0727060334649576,1.0435424355621725,1.0275354227556552
2016-01-21,1.0616504466150527,1.032787416322975,1.0169453759457807
2016-01-22,1.0688980374356156,1.0398379673042337,1.0238877777459383
2016-01-25,1.0717443400290902,1.0426068876310328,1.0266142252976773
2016-01-26,1.0526230505494596,1.024005447560625,1.0082981147733234
2016-01-27,1.0525125594213252,1.0238979603485052,1.0081922763194353
2016-01-28,1.0417067442651446,1.0133859222742052,0.9978414835595026
2016-01-29,1.051998790228364,1.0233981589693637,1.0077001414489128
2016-02-01,1.0494200170788932,1.0208894947787943,1.0052299579357526
2016-02-02,1.0569304798550947,1.0281957710307887,1.0124241624084425
2016-02-03,1.0558254156754008,1.0271207501680781,1.011365631409613
2016-02-04,1.063586736052934,1.0346710639700694,1.0188001301133358
2016-02-05,1.0618701645020994,1.0330011607523266,1.017155841725696
2016-02-08,1.0627557220513788,1.0338626426988955,1.01800410930543
2016-02-09,1.0627557220513788,1.0338626426988955,1.01800410930543
2016-02-10,1.0627557220513788,1.0338626426988955,1.01800410930543
2016-02-11,1.0627557220513788,1.0338626426988955,1.01800410930543
2016-02-12,1.0617524058395793,1.032886603587865,1.017043041766247
2016-02-15,1.064378267931701,1.0354410765166804,1.019558331352352
2016-02-16,1.0736343752359885,1.04444553855829,1.0284246729550566
2016-02-17,1.0756559934900118,1.0464121951918564,1.0303611628250617
2016-02-18,1.0774857122084855,1.0481921694516283,1.0321138338628462
2016-02-19,1.0803703341339312,1.0509983673249004,1.034876987156651
2016-02-22,1.087577890428204,1.0580099721962575,1.0417810402455934
2016-02-23,1.0853392535245805,1.055832196986771,1.039636670170848
2016-02-24,1.0855261855589586,1.0560140469105657,1.0398157306785538
2016-02-25,1.0656336744610406,1.0366623523801302,1.0207608739302918
2016-02-26,1.068003839665343,1.038968080037868,1.023031233776537
2016-02-29,1.0542608383671277,1.0255987089340723,1.0098669369343916
2016-03-01,1.0632757660178893,1.0343685482596752,1.0185022547248734
2016-03-02,1.0767643070175212,1.0474903770625483,1.0314228063448216
2016-03-03,1.0781996802277831,1.0488867268630049,1.0327977373812907
2016-03-04,1.0778366815589249,1.0485335970183047,1.032450024234325
2016-03-07,1.0843375462913483,1.0548577231110987,1.0386771438577054
2016-03-08,1.0854546834387333,1.0559444887144147,1.0397472394432654
2016-03-09,1.078611604360893,1.0492874520381432,1.0331923157886587
2016-03-10,1.0729597810106444,1.0437892844877708,1.027778485238289
2016-03-11,1.0756351052548487,1.0463918748439542,1.0303411541732233
2016-03-14,1.0825404137717163,1.0531094491310344,1.0369556868455327
2016-03-15,1.0784169370485948,1.049098077134989,1.0330058457280835
2016-03-16,1.078107652154284,1.0487972007515038,1.0327095845207133
2016-03-17,1.0895873991456055,1.0599648485144848,1.0437059304998195
2016-03-18,1.099825259047873,1.0699243723020477,1.0535126840507523
2016-03-21,1.1055823615413733,1.075524956777594,1.0590273605417555
2016-03-22,1.1053548542457614,1.0753036347098843,1.0588094333577145
2016-03-23,1.1057330142427944,1.0756715136925927,1.0591716694040296
2016-03-24,1.0976512256863895,1.0678094442618769,1.0514301971256428
2016-03-25,1.1018350654060185,1.0718795381690778,1.055437859412359
2016-03-28,1.0980451508426168,1.0681926597972933,1.051807534475588
2016-03-29,1.0936112058684921,1.0638792602329215,1.0475602986240788
2016-03-30,1.104486905030202,1.0744592823802686,1.0579780326418446
2016-03-31,1.1047129762591354,1.074679207423563,1.0582352756933762
2016-04-01,1.1025207887730295,1.0725466188139225,1.0561353183482687
2016-04-04,1.1048354973468482,1.0747983975374342,1.058352642049905
2016-04-05,1.105240414001399,1.0751923057459347,1.05874052297171
2016-04-06,1.1096408553539618,1.0794731125497978,1.062955828094377
2016-04-07,1.1050320889963121,1.074989644460909,1.0585409626570133
2016-04-08,1.1083183836743005,1.0781865948324525,1.0616889957020734
2016-04-11,1.1188454791706623,1.0884274907824687,1.0717731931762142
2016-04-12,1.1236724266722753,1.0931232083369729,1.076397060397747
2016-04-13,1.1304758405614264,1.0997416581997832,1.0829142397261022
2016-04-14,1.1323026469831114,1.1015187993392137,1.0846641883904484
2016-04-15,1.128414585489045,1.0977364423517848,1.0809397061805819
2016-04-18,1.1270552041527262,1.0964140184385178,1.0796375170019201
2016-04-19,1.134197191600234,1.1033618370796163,1.086479025355615
2016-04-20,1.1306350644439478,1.0998965532716696,1.0830667647102734
2016-04-21,1.1327941319175532,1.101996922300705,1.0851349954745289
2016-04-22,1.1300056866767951,1.0992842863620655,1.0824638662477302
2016-04-25,1.1266359272742155,1.0960061404166492,1.0792358800223083
2016-04-26,1.1313553364721183,1.1005972433051883,1.0837567333126936
2016-04-27,1.1329226856990058,1.102121981097815,1.0852581407161257
2016-04-28,1.132727524474315,1.1019321257102364,1.0850711903526797
2016-04-29,1.1339629726174016,1.103133985794945,1.0862546604796728
2016-05-02,1.1373037249715976,1.1063839133049516,1.089454860046928
2016-05-03,1.135646472426894,1.1047717163908954,1.087867331755664
2016-05-04,1.1315637210232798,1.100799962517413,1.083956350668231
2016-05-05,1.1314505824412084,1.1006898998275354,1.0838479720747294
2016-05-06,1.1193556456194402,1.0889237873650284,1.072261895802303
2016-05-09,1.1050625815316233,1.0750193079973975,1.0585701723044103
2016-05-10,1.108605811350405,1.0784662082286796,1.0619643306647297
2016-05-11,1.1134687622594934,1.0831969503680685,1.066622686551332
2016-05-12,1.1135123567466125,1.0832393596543466,1.066664446922656
2016-05-13,1.108557959338929,1.0784196571671172,1.0619184918924467
2016-05-16,1.116120220711962,1.0857763237704383,1.0691625923248107
2016-05-17,1.1193066746064322,1.088876147724165,1.072214985107339
2016-05-18,1.1097793083549963,1.0796078014369703,1.0630884560736518
2016-05-19,1.1081175562333752,1.0779912272757382,1.0614966175125509
2016-05-20,1.1121662878054814,1.0819298862129365,1.065375010057486
2016-05-23,1.10972326444891,1.0795532811933701,1.0630347700577518
2016-05-24,1.1056499751083542,1.0755907321383762,1.0591328529436086
2016-05-25,1.1077937522140504,1.077676226497865,1.0611864366393065
2016-05-26,1.1127841068821451,1.0825309086775126,1.065966836129029
2016-05-27,1.1126654216382899,1.0824154501226295,1.0658531442339838
2016-05-30,1.113652053930946,1.0833752588992773,1.0667982667397071
2016-05-31,1.1240283995646285,1.093469503414554,1.076738056728898
2016-06-01,1.1257830359302499,1.095176436581129,1.078418871689905
2016-06-02,1.1290904630255045,1.098393944844113,1.081587148065036
2016-06-03,1.1309865085589264,1.1002384426954885,1.0834034227996574
2016-06-06,1.1373897806173163,1.1064676293607258,1.0895372951426763
2016-06-07,1.1416959500850752,1.1106567272441539,1.0936622946057288
2016-06-08,1.142558187787231,1.1114955233389563,1.0944882560745115
2016-06-09,1.1341684047515697,1.1033338328573687,1.086451449632882
2016-06-10,1.1317677527513839,1.1009984472465328,1.0841517983335347
2016-06-13,1.129220492292028,1.0985204390123653,1.0817117067148074
2016-06-14,1.127696791245692,1.0970381627396888,1.0802521111171313
2016-06-15,1.1325445588222254,1.101754134334921,1.0848959224673174
2016-06-16,1.1286445206860418,1.0979601263136627,1.081159967498965
2016-06-17,1.1317292021263223,1.1009609446951218,1.0841148696179166
2016-06-20,1.1392798796317154,1.1083063423607533,1.091347873541387
2016-06-21,1.1377958592848374,1.1068626679906162,1.0899262891890145
2016-06-22,1.1399202998357252,1.108929351497112,1.0919613498612226
2016-06-23,1.1427341926134411,1.1116667431319696,1.094656855991223
2016-06-24,1.135072485594544,1.1042133345059009,1.0873174938096724
2016-06-27,1.1446197292936198,1.1135010178336975,1.0964630640031319
2016-06-28,1.1513779101576853,1.1200754644191022,1.1029369133590867
2016-06-29,1.156839211578005,1.1253882897484155,1.1081684458370948
2016-06-30,1.1608186208594289,1.1292595110561041,1.1103568168871767
2016-07-01,1.1630964425524186,1.1314754057403178,1.1136798151719907
2016-07-04,1.1739720650706245,1.1420553533278632,1.1236669433415352
2016-07-05,1.1702128344980278,1.1383983247429716,1.1162955513823891
2016-07-06,1.1685566206139153,1.1367871382515,1.1162065871929305
2016-07-07,1.1675649003313564,1.1358223798118416,1.1109291986410492
2016-07-08,1.1634160969702396,1.1317863697316672,1.107642106093083
2016-07-11,1.1676173335024944,1.1358733874853388,1.1107075399547912
2016-07-12,1.1751473253833713,1.143198661905351,1.121876207870039
2016-07-13,1.1785942342597668,1.1465518598662277,1.1211395528006123
2016-07-14,1.179995155923198,1.147914694752097,1.1245170936429065
2016-07-15,1.1788464617816468,1.1467972300928198,1.1238595581683113
2016-07-18,1.1744756231175466,1.1425452211708123,1.1185041880295397
2016-07-19,1.1750514054231491,1.14310534971563,1.1185011158184337
2016-07-20,1.1748292186955671,1.1428892035659703,1.1192249324873826
2016-07-21,1.1777056805978825,1.145687463262197,1.1201763608008624
2016-07-22,1.172698835546999,1.1408167390228594,1.1144576055263509
2016-07-25,1.1731020263076455,1.1412089682592348,1.1130011775156992
2016-07-26,1.1770668688936676,1.1450660188954411,1.1170495828662872
2016-07-27,1.16852597140684,1.136757322302674,1.1062204331082732
2016-07-28,1.1700873001571876,1.1382762032971137,1.106177703735014
2016-07-29,1.1643885114304402,1.1327323472152615,1.1003105700046298
2016-08-01,1.165565400702062,1.133877240465212,1.1007823932337577
2016-08-02,1.1662519913193663,1.1345451647824656,1.1007448600130667
2016-08-03,1.1675331950715262,1.1357915365211064,1.104547341139839
2016-08-04,1.168400984224726,1.1366357331399688,1.1076824198902155
2016-08-05,1.172139363764639,1.1402724775680164,1.1111880409463857
2016-08-08,1.1760001596269696,1.1440283101928883,1.1169836563343178
2016-08-09,1.1782469665547994,1.146214033308598,1.1183380658737825
2016-08-10,1.1794723859333858,1.1474061372802558,1.1177038714228902
2016-08-11,1.1752232166236667,1.143272489894814,1.1174761528789126
2016-08-12,1.1807138204001284,1.1486138209387797,1.12441603082748
2016-08-15,1.1891084624182429,1.1567802383019405,1.134915010685154
2016-08-16,1.1913324547673874,1.1589437670976177,1.1386122933653195
2016-08-17,1.190830031114132,1.1584550028076392,1.1392282633222113
2016-08-18,1.1916334847449546,1.159236612990311,1.1418063413373105
2016-08-19,1.191302818273938,1.15891493632983,1.1414722406678774
2016-08-22,1.1865999207089022,1.1543398961733344,1.1339464579187102
2016-08-23,1.1874538171618056,1.1551705777919534,1.1361705116236411
2016-08-24,1.1859688966865778,1.1537260277652042,1.1331431325948675
2016-08-25,1.1814927167198834,1.149371541448603,1.1299612047117156
2016-08-26,1.1814708902025277,1.149350308327533,1.1303767207485884
2016-08-29,1.1808471118398554,1.1487434885917183,1.1286226447333918
2016-08-30,1.1811847603091947,1.1490719574313313,1.1273624578197605
2016-08-31,1.1792268224472346,1.1471672499146321,1.123075848581631
2016-09-01,1.1784804159293647,1.1464411359082984,1.1193944061889631
2016-09-02,1.179222727960737,1.147163266744706,1.122675072340722
2016-09-05,1.183666268819677,1.1514860013111188,1.1283683582456538
2016-09-06,1.188860095729319,1.1565386239440583,1.1326426480715355
2016-09-07,1.1888527206157598,1.156531449337292,1.1339529709799008
2016-09-08,1.1907173943925997,1.1583454283342471,1.1393112277763149
2016-09-09,1.1888333442402241,1.1565125997461758,1.1339666905079708
2016-09-12,1.1756558710544942,1.1436933817742454,1.1219588007189565
2016-09-13,1.1771333783907478,1.1451307202026075,1.1211617972211467
2016-09-14,1.1745425694927536,1.142610347478725,1.1163744258879607
2016-09-15,1.180935903619819,1.1488298663946113,1.123826056490473
2016-09-16,1.181768487556546,1.1496398149192182,1.1230833107213773
2016-09-19,1.181768487556546,1.1496398149192182,1.1234223949836069
2016-09-20,1.183337506286836,1.1511661768265535,1.1247822005955577
2016-09-21,1.1844967450406036,1.1522938994222744,1.127657315646668
2016-09-22,1.1877579474493212,1.1554664397066443,1.1322677609221028
2016-09-23,1.187140095761031,1.1548653855170523,1.1284008241402892
2016-09-26,1.181016609827502,1.1489083784472172,1.1252988686265544
2016-09-27,1.1827773445222243,1.1506212441479668,1.1244162376203968
2016-09-28,1.1815017751873702,1.149380353644049,1.1281756607085738
2016-09-29,1.183173568554262,1.1510066960597876,1.1307467975930687
2016-09-30,1.1827232578949174,1.1505686279707192,1.1303164403323007
2016-10-03,1.1877070964684355,1.1554169712084827,1.1350794435437506
2016-10-04,1.1881129844677265,1.1558118243538293,1.135467346525678
2016-10-05,1.1884936288443175,1.1561821201734097,1.1358311244372974
2016-10-06,1.189122471702876,1.1567938667169493,1.136432103082699
2016-10-07,1.1887371797541644,1.156419049678527,1.1360638835342547
2016-10-10,1.1875708377787877,1.1552844169760785,1.1349492225169646
2016-10-11,1.190661602917872,1.1582911536591682,1.1379030349380808
2016-10-12,1.189457914067158,1.1571201894287573,1.1367526818965514
2016-10-13,1.1877137166801377,1.1554234114368662,1.1350857704119135
2016-10-14,1.1899275245228529,1.1575770326117105,1.137201483773982
2016-10-17,1.1889510049019316,1.1566270615741667,1.136268234026447
2016-10-18,1.1959987733924975,1.1634832227837455,1.1430037138095377
2016-10-19,1.194724050395259,1.1622431556081103,1.1417854741655378
2016-10-20,1.197975271241005,1.1654059856976937,1.1448926324534696
2016-10-21,1.197916674097096,1.1653489816310023,1.1448366317663479
2016-10-24,1.203196023339683,1.1704848015060871,1.1498820514816692
2016-10-25,1.2057795447359538,1.172998084853141,1.1523510962803254
2016-10-26,1.204472099007805,1.1717261845776192,1.1511015838593057
2016-10-27,1.2027429762008317,1.170044071334025,1.1494490789956116
2016-10-28,1.202222267867941,1.1695375194689561,1.1489514434030454
2016-10-31,1.2027015903137177,1.1700038106026693,1.1494095269294031
2016-11-01,1.2058569169085396,1.1730733535128726,1.1524250400690472
2016-11-02,1.2010721508395552,1.168418670606788,1.1478522884005438
2016-11-03,1.204449901804184,1.1717045908481105,1.1510803702203465
2016-11-04,1.2029506060126125,1.1702460563259256,1.1496475086689883
2016-11-07,1.2079738682251895,1.1751327513945156,1.1544481886463835
2016-11-08,1.2106724090239982,1.177757927118154,1.157027156303813
2016-11-09,1.212206473985524,1.179250285542848,1.1584932463929154
2016-11-10,1.2197265255258645,1.1865658898697962,1.1656800822240816
2016-11-11,1.2232802610682247,1.1900230102061475,1.169076350692897
2016-11-14,1.2139546707567856,1.1809509541879484,1.1601639800478956
2016-11-15,1.2129642446221538,1.1799874547122908,1.1592174399883877
2016-11-16,1.2160523577962987,1.1829916115292611,1.1621687179539157
2016-11-17,1.214118499058778,1.1811103284992153,1.1603205490693445
2016-11-18,1.2108044720813667,1.1778863997846953,1.1571533676080281
2016-11-21,1.2156206276750856,1.1825716188302913,1.161756117922136
2016-11-22,1.2235589859567046,1.1902941574169417,1.1693427251990847
2016-11-23,1.2227485349769773,1.1895057401218916,1.1685681855421073
2016-11-24,1.2226737980975402,1.1894330351097437,1.1684967602759149
2016-11-25,1.2244630718550487,1.1911736639834032,1.1702067507837255
2016-11-28,1.230521141496238,1.197067033229917,1.175996385566339
2016-11-29,1.2236763002587565,1.190408282301738,1.1694548412696955
2016-11-30,1.2182410893532176,1.1851208381658647,1.1642604661678322
2016-12-01,1.2213605381505692,1.188155478686236,1.1672416912658292
2016-12-02,1.2147753596792363,1.1817493310873557,1.1609483040013242
2016-12-05,1.2140739690095996,1.1810670090859503,1.1602779921598227
2016-12-06,1.2130516260064204,1.1800724604638348,1.159300949477658
2016-12-07,1.2194938761044327,1.186339565474949,1.1654577415673613
2016-12-08,1.2172711613328373,1.184177279523393,1.163333515945067
2016-12-09,1.2163419734755676,1.183273353443535,1.1624455006767291
2016-12-12,1.2037299854299184,1.1710042467993542,1.1503923535536695
2016-12-13,1.204934695329934,1.1721762043198571,1.1515436824015033
2016-12-14,1.2007317123925143,1.1680874876404386,1.1475269348818364
2016-12-15,1.196416100841267,1.1638892043749085,1.143402549355551
2016-12-16,1.1965303540951535,1.1640003514320816,1.1435117400139465
2016-12-19,1.1925314080941634,1.1601101245485101,1.1396899884936753
2016-12-20,1.1870262813723547,1.1547546653936864,1.1344287955660515
2016-12-21,1.1914148299590837,1.1590239027596638,1.1386228862661918
2016-12-22,1.1877454324137362,1.1554542649166202,1.1351160808119696
2016-12-23,1.185953534273936,1.153711083009601,1.1334035822090234
2016-12-26,1.1857236921847205,1.153487489624189,1.1331839244907986
2016-12-27,1.1883943127363934,1.1560855041668618,1.1357362090555057
2016-12-28,1.1887393737982432,1.1564211840732546,1.1360659803595905
2016-12-29,1.1905922618761708,1.1582236977884233,1.1378367664184568
2016-12-30,1.19191352181856,1.1595090367119285,1.139099480941796
2017-01-02,1.1925410301257084,1.160195299038824,1.1397736637515936
2017-01-03,1.1925410301257084,1.160195299038824,1.1397736637515936
2017-01-04,1.195971848342275,1.1635330619049769,1.1430526756678123
2017-01-05,1.196850990952972,1.1643883592057398,1.1438929181156958
2017-01-06,1.1942837470368537,1.1618907475951332,1.1414392692012345
2017-01-09,1.199608443507994,1.1670710203560415,1.1465283593473716
2017-01-10,1.2022361332793743,1.1696274383266387,1.1490397795184775
2017-01-11,1.2018550435972302,1.1692566850807824,1.1486755522321512
2017-01-12,1.2000345262439205,1.1674855462924543,1.146935588841972
2017-01-13,1.198354911173185,1.165851488042017,1.145330293112514
2017-01-16,1.1954875470562798,1.163061896501745,1.142589803668314
2017-01-17,1.195514253600554,1.163087878674549,1.1426153285056528
2017-01-18,1.1962996647840232,1.1638519868602248,1.1433659869396353
2017-01-19,1.1942963398279924,1.1619029988273444,1.1414513047885486
2017-01-20,1.1947348532117044,1.1623296182504887,1.1418704149016026
2017-01-23,1.1984068035502262,1.165901972922938,1.1453798893638858
2017-01-24,1.1995236285371265,1.166988505852974,1.1464472972558848
2017-01-25,1.1987277318344975,1.1662141965507498,1.1456866172643312
2017-01-26,1.202797110434685,1.1701731998912461,1.1495759346455867
2017-01-27,1.19885208728064,1.1663351790581684,1.1458054702504146
2017-01-30,1.1986845958246846,1.1661722305348727,1.1456453899298396
2017-01-31,1.1986845958246846,1.1661722305348727,1.1456453899298396
2017-02-01,1.1986845958246846,1.1661722305348727,1.1456453899298396
2017-02-02,1.1981537163919775,1.1656557503412157,1.1451380007660779
2017-02-03,1.197933579268132,1.1654415840779364,1.1449276042347765
2017-02-06,1.2014317448666876,1.1688448676381469,1.1482709835567062
2017-02-07,1.2021362390053598,1.1695302535219365,1.1489443053504573
2017-02-08,1.2061967674771044,1.1734806467792946,1.1528251642023497
2017-02-09,1.2081052556964902,1.175337370367387,1.154649205937674
2017-02-10,1.2098939213711961,1.1770775214019618,1.1563587270172728
2017-02-13,1.2158830104468952,1.182904166201276,1.162082811829369
2017-02-14,1.2154142721377454,1.1824481416545167,1.1616348141785848
2017-02-15,1.2114902936735412,1.1786305947083797,1.1578844632911547
2017-02-16,1.2135465795564795,1.180631107189375,1.1598497629624542
2017-02-17,1.2114022946724703,1.178544982536737,1.1578003580559273
2017-02-20,1.2168336918958667,1.1838290619659644,1.1629914276763562
2017-02-21,1.2184860226957717,1.1854365759869325,1.1645706464050727
2017-02-22,1.219155945176722,1.1860883279128493,1.1652109262623298
2017-02-23,1.2166253210643994,1.1836263428535667,1.1627922768043937
2017-02-24,1.2177789500772669,1.184748681560372,1.1638948602236556
2017-02-27,1.2168566815945936,1.1838514281065968,1.1630134001305397
2017-02-28,1.21547633498045,1.1825085211438024,1.1616941308744673
2017-03-01,1.2176470391138832,1.1846203484667985,1.1637687860356594
2017-03-02,1.216069904785401,1.1830859913355682,1.1622614364968236
2017-03-03,1.2149103612961283,1.1819578985728871,1.1611532003039702
2017-03-06,1.2173375977459482,1.1843193001914463,1.1634730367802977
2017-03-07,1.2168555641947478,1.1838503410144,1.1630123321732244
2017-03-08,1.2121821198090577,1.1793036561879453,1.1585456776135439
2017-03-09,1.2072821653559067,1.1745366050103008,1.1538625355679446
2017-03-10,1.2053509121596144,1.1726577339081838,1.1520167361568017
2017-03-13,1.2124600648130317,1.1795740623868565,1.1588113241510618
2017-03-14,1.210486312730876,1.1776538451118637,1.156924906338017
2017-03-15,1.211925854752523,1.1790543419032464,1.158300751732589
2017-03-16,1.2186089973250558,1.1855562151298986,1.1646881796724622
2017-03-17,1.2156159143566638,1.1826443146570103,1.1618275341645778
2017-03-20,1.2181381360935053,1.1850981252415473,1.1642381530340107
2017-03-21,1.2166463798046723,1.183646830409844,1.162812403740866
2017-03-22,1.2132883418498484,1.180379873759497,1.1596029517169109
2017-03-23,1.2140057781056768,1.181077850726616,1.1602886429670705
2017-03-24,1.2151208829770952,1.1821627101964984,1.1613544068549848
2017-03-27,1.2117011785809342,1.178835759706493,1.158086016996609
2017-03-28,1.2116421556355175,1.1787783376622376,1.1580296056891202
2017-03-29,1.2126769416459557,1.1797850567892894,1.1590186046522768
2017-03-30,1.2064351656413819,1.1737125787820577,1.1530530137624608
2017-03-31,1.2068584793550259,1.1734651157930376,1.1528092245409962
2017-04-03,1.2156126313874134,1.1820271889257317,1.1612205839889453
2017-04-04,1.2156126313874716,1.1825478274601389,1.1617320579961727
2017-04-05,1.2156126313874724,1.1825478274601389,1.1617320579961727
2017-04-06,1.2161471961470631,1.1825617522535743,1.1617457376787694
2017-04-07,1.2138824034378168,1.1804672007936252,1.1596880555101154
2017-04-10,1.2118362270948713,1.1785772411106643,1.1578313637966549
2017-04-11,1.2127949262743347,1.1788023752060208,1.158052534974556
2017-04-12,1.209664265233698,1.176784709955839,1.1560703856280259
2017-04-13,1.2124612805854156,1.1791496938800452,1.1583937399800412
2017-04-14,1.2073873825527468,1.173241240383425,1.1525892898928545
2017-04-17,1.2039350465275618,1.1700872485035707,1.1494908160786022
2017-04-18,1.1989698294918916,1.1655503376092755,1.145033766048334
2017-04-19,1.1958263929668074,1.1623068515122426,1.1418473733366914
2017-04-20,1.1966054331716185,1.1638817916172033,1.1433945905966363
2017-04-21,1.1957069328827747,1.1630044572403904,1.1425326994769218
2017-04-24,1.187160867902888,1.1555513670689392,1.1352108021445257
2017-04-25,1.1876433696299644,1.1571506479447466,1.1367819317174888
2017-04-26,1.1877633349037884,1.1577052505858592,1.1373267719790565
2017-04-27,1.1897945715345493,1.1600005467894206,1.13958166528684
2017-04-28,1.1913700151102917,1.1611430055849796,1.1407040139791473
2017-05-01,1.1925505027154095,1.1625181415869168,1.1420549441829484
2017-05-02,1.1925505027154042,1.1625181415869168,1.1420549441829484
2017-05-03,1.1897469064749586,1.1599042933799806,1.1394871061757061
2017-05-04,1.182740709441898,1.1534824938824457,1.1331783462481406
2017-05-05,1.1769731959950378,1.1474450366435107,1.127247163203886
2017-05-08,1.1720659231683008,1.1433125914899278,1.123187459315935
2017-05-09,1.1729214072989458,1.1452034547389085,1.1250450386904163
2017-05-10,1.1673035491007944,1.140492738073749,1.1204172423011518
2017-05-11,1.1682150023284448,1.1417153611923971,1.1216183442259944
2017-05-12,1.1669247494626196,1.140637377782116,1.1205593359925587
2017-05-15,1.1703395450263014,1.1445231106827845,1.124376670374046
2017-05-16,1.1756869428474876,1.1493158845229587,1.1290850795288914
2017-05-17,1.1770176754642703,1.1503911749561948,1.1301414421883451
2017-05-18,1.1745749046122123,1.1475951318759137,1.127394616388599
2017-05-19,1.1758647599659853,1.1489145393789684,1.1286907990530683
2017-05-22,1.173608514989025,1.1475985851461301,1.1273980088727107
2017-05-23,1.1692808590469053,1.1436610712706299,1.1235298049897453
2017-05-24,1.168156313369839,1.1427147176374615,1.122600109523462
2017-05-25,1.1724144399829708,1.1473273682550094,1.1271315660703405
2017-05-26,1.1708735760476703,1.1459389204752726,1.1257675584089857
2017-05-29,1.1652358299621977,1.1409654891276195,1.1208816717660568
2017-05-30,1.1652358299621812,1.140825437905157,1.1207440857918425
2017-05-31,1.1652358299621735,1.140825437905157,1.1207440857918425
2017-06-01,1.1616558673175519,1.1380367935620106,1.1180045284931404
2017-06-02,1.1624491613510815,1.1391560846508335,1.1191041172877074
2017-06-05,1.1655905541549108,1.141843714016799,1.1217444377229158
2017-06-06,1.167750585425335,1.1442875523610923,1.1241452584620004
2017-06-07,1.1728748018110546,1.1489305522825028,1.1287065300898562
2017-06-08,1.1736267133616025,1.149925019065036,1.1296834917949592
2017-06-09,1.1744783112023085,1.150598208800954,1.130344831724871
2017-06-12,1.1741341996175754,1.1491787177640853,1.1289503272445656
2017-06-13,1.1748920926542314,1.1503700966525288,1.1301207349150082
2017-06-14,1.1766206003022033,1.1520426991955004,1.1317638955122666
2017-06-15,1.177346420396946,1.1516408132863951,1.1313690837901333
2017-06-16,1.1771881327456142,1.1517068859947535,1.1314339934552446
2017-06-19,1.1816090604616671,1.1567978154195713,1.1364353099182831
2017-06-20,1.181580906512638,1.1564916828081582,1.1361345659987407
2017-06-21,1.1820973090824103,1.1564543549663073,1.1360978952193213
2017-06-22,1.177993327221802,1.1526101679513554,1.1323213754131038
2017-06-23,1.1811379400915767,1.155487463885109,1.135148023814939
2017-06-26,1.186420037221338,1.1610418375162164,1.1406046267188612
2017-06-27,1.188350914381539,1.1627081724852486,1.1422416300669986
2017-06-28,1.1865022753286796,1.1604643394689522,1.1400372940669736
2017-06-29,1.1900564280149049,1.1647070331405742,1.1442053058260977
2017-06-30,1.188678289814825,1.163282096861247,1.142794264053964
2017-07-03,1.191910413527357,1.1664451660296211,1.1459026525226144
2017-07-04,1.1858498768270107,1.1605141131103476,1.1400551156682108
2017-07-05,1.1898631410611165,1.1644416336796313,1.1439204416937925
2017-07-06,1.1910446062873066,1.1655978568204655,1.1450532759747654
2017-07-07,1.1914083585565443,1.1659538374975944,1.1453963500755904
2017-07-10,1.190980904392518,1.1655355159210155,1.1449938908697772
2017-07-11,1.1927633356964877,1.1672798654582786,1.146727407692281
2017-07-12,1.1937803465263321,1.1682751477821915,1.1477138405781064
2017-07-13,1.1962855917007078,1.1707268682220875,1.1501380929175247
2017-07-14,1.1945457814418396,1.1690242291283828,1.1484676190006602
2017-07-17,1.1878667995126178,1.162487944104843,1.142050452683023
2017-07-18,1.1902739022136761,1.1648436188920754,1.1443674845161935
2017-07-19,1.197154762107192,1.1715774687433962,1.1509904570740959
2017-07-20,1.1986866875715398,1.1730766645154325,1.1524667785563691
2017-07-21,1.1995311702702967,1.1739031047835773,1.1532769582322755
2017-07-24,1.1997718199169898,1.1741386129341114,1.1535154996368013
2017-07-25,1.2011166998455058,1.1754547594109805,1.1548087940198
2017-07-26,1.1987746217213755,1.173162719946143,1.1525615316056432
2017-07-27,1.2033915069099184,1.1776809650668916,1.1570100245284605
2017-07-28,1.2020953554356395,1.1764125059575021,1.1557561508439125
2017-07-31,1.2087080768244385,1.1828839461015968,1.1621313139762068
2017-08-01,1.209532717238572,1.1836909680168866,1.1629350149700703
2017-08-02,1.2083659655295307,1.1825491440379012,1.1618165632488022
2017-08-03,1.2065615055166834,1.1807832364366324,1.1600778082896006
2017-08-04,1.2074527873625571,1.1816554759849158,1.1609363306563278
2017-08-07,1.2104548333130887,1.1845933830184097,1.1638290719325317
2017-08-08,1.2126341801421552,1.1867261679534309,1.165932629755462
2017-08-09,1.2157787446177246,1.1898035485939285,1.1689512368156068
2017-08-10,1.2136731720366885,1.1877429617150828,1.1669110761166934
2017-08-11,1.2045200208316782,1.178785368211536,1.1580821045332983
2017-08-14,1.2105473198715109,1.1846838935951858,1.1638955954590928
2017-08-15,1.2105274946193618,1.1846644919109048,1.1638727256465256
2017-08-16,1.210666129673849,1.184800165017972,1.1640178286605083
2017-08-17,1.216778668552358,1.1907821090853155,1.1698915826568503
2017-08-18,1.2162910768069919,1.190304934770935,1.1694076827664104
2017-08-21,1.219679778495751,1.1936212366163663,1.1726712306136875
2017-08-22,1.2210898203015672,1.1950011527825708,1.1740394884539458
2017-08-23,1.218455406316965,1.1924230232329127,1.171512496498418
2017-08-24,1.2172114884256005,1.1912056817323669,1.1703165024991329
2017-08-25,1.2227855166045136,1.196660620418039,1.1756922648898953
2017-08-28,1.2263723346265656,1.2001708058277536,1.179141698923779
2017-08-29,1.2250422797000522,1.1988691676157053,1.1778579386627424
2017-08-30,1.2253523236105655,1.199172587416867,1.178172485015442
2017-08-31,1.2255953137366906,1.1994103860423297,1.1783999383781507
2017-09-01,1.2293532459089243,1.203088029736705,1.182012305087447
2017-09-04,1.2314897888897776,1.2051789253306577,1.1840558812142552
2017-09-05,1.232377029889972,1.2060472103662063,1.184909002949173
2017-09-06,1.2324199646352185,1.2060892278076842,1.1849438218890749
2017-09-07,1.2296238602007676,1.2033528623356964,1.1822508117985977
2017-09-08,1.2288986082508335,1.2026431054432711,1.1815608782110882
2017-09-11,1.2320574057155378,1.2057344149841174,1.1846124050740074
2017-09-12,1.232755298310847,1.2064173970564,1.1852842801815482
2017-09-13,1.2318033656645624,1.2054858025162045,1.1843650810223925
2017-09-14,1.229977143394357,1.203698597609694,1.1826033055358498
2017-09-15,1.228282656533824,1.2020403135768196,1.1809756134052047
2017-09-18,1.2295221425446974,1.2032533178843043,1.1821849442994043
2017-09-19,1.2268864745328403,1.2006739610997694,1.179645358668582
2017-09-20,1.2297561635535161,1.2034823390182654,1.1824083459012278
2017-09-21,1.223719014538785,1.1975741741051042,1.1766027688768939
2017-09-22,1.2219226975386648,1.1958162355405386,1.1748641886356888
2017-09-25,1.218116831483845,1.1920916820742569,1.1711858098541816
2017-09-26,1.220233723807768,1.1941633468489086,1.1732217817713875
2017-09-27,1.2217444961850181,1.1956418414709995,1.174680862220365
2017-09-28,1.2163735670407938,1.19038566259525,1.1695056837009308
2017-09-29,1.2201132529400218,1.1940454498494903,1.1731079556618225
2017-10-02,1.2246347089604102,1.1966648500027,1.1756814062004988
2017-10-03,1.2246347084337867,1.1966648500027,1.1756814053623539
2017-10-04,1.2253209034759258,1.1966648500027,1.1756814039614463
2017-10-05,1.2255824623180647,1.1966648500027,1.1756814122926802
2017-10-06,1.2255824562838193,1.1966648500027,1.1756814026963298
2017-10-09,1.225145981662185,1.1966648500027,1.175681403891269
2017-10-10,1.2259449016757715,1.1969288071144606,1.1759407382302258
2017-10-11,1.2245306994882128,1.1958088880802915,1.1748404592389028
2017-10-12,1.2264165003845964,1.197528563216175,1.1765299751254052
2017-10-13,1.2309074198967578,1.2021328633121164,1.1810535452230397
2017-10-16,1.2292872689245946,1.1997053853765158,1.1786686375228126
2017-10-17,1.2268968646245737,1.1972080049273213,1.1762150489991987
2017-10-18,1.2253293743721934,1.1955324127215838,1.1745688400931158
2017-10-19,1.2193569695639361,1.1912356401184898,1.1703474050682476
2017-10-20,1.2256621256406361,1.1966581338942228,1.1756748190285806
2017-10-23,1.2243524065421054,1.195923348712172,1.1749529157059129
2017-10-24,1.2245324995150502,1.1966335140694737,1.1756506348193374
2017-10-25,1.2261871445396642,1.1978403248067095,1.1768362848946377
2017-10-26,1.2270606934416932,1.1990966376692505,1.1780705740653012
2017-10-27,1.2241170510505086,1.195217839655821,1.1742597981399112
2017-10-30,1.2180011603659069,1.1892199753398867,1.1683671091372518
2017-10-31,1.219192464147042,1.1907689154425358,1.1698888916233288
2017-11-01,1.2208252454984811,1.1912703325248033,1.1703815107492501
2017-11-02,1.220138092406986,1.1908145659892901,1.1699337369011285
2017-11-03,1.2186076752295747,1.1889360161049265,1.1680881365335407
2017-11-06,1.2233952983151937,1.1939274685569656,1.1729920776302667
2017-11-07,1.2273736132354591,1.1967084072412302,1.175724249163217
2017-11-08,1.227013308027062,1.196628105067071,1.1756453538520595
2017-11-09,1.230318811900089,1.1992844586322673,1.1782551310939495
2017-11-10,1.2312547784388685,1.2003075951767368,1.17926032446754
2017-11-13,1.2324330938100228,1.2013230190747124,1.1802579407258298
2017-11-14,1.2300040010010864,1.198905869530558,1.1778831698258658
2017-11-15,1.2240459474999121,1.1937450364777882,1.1728128296086435
2017-11-16,1.2258041296441846,1.1950048703735083,1.174050569136177
2017-11-17,1.2207934827187332,1.1892037266610962,1.1683511568259848
2017-11-20,1.2247880420278434,1.1931385915840087,1.1722170209597749
2017-11-21,1.2283294269507867,1.1949646732881838,1.1740110845904317
2017-11-22,1.2291899359810279,1.1952489905546615,1.1742904210253253
2017-11-23,1.2210832005470087,1.1878325515612276,1.1670040303439944
2017-11-24,1.2233211662802135,1.1896313664442117,1.168771304990254
2017-11-27,1.217799476711317,1.1845088547199287,1.163738616120425
2017-11-28,1.2214521213660479,1.1883051705608427,1.167468362362335
2017-11-29,1.2223186926887655,1.1893888353201367,1.1685330220468337
2017-11-30,1.2178040649448245,1.1861941193036818,1.165394328048025
2017-12-01,1.219562593461896,1.1883595845024244,1.1675218229000404
2017-12-04,1.2213923718833302,1.1900420880970362,1.1691748159915574
2017-12-05,1.2149558820099635,1.1843641268584055,1.1635964200971496
2017-12-06,1.2127047983835646,1.1841289344617312,1.1633653415433192
2017-12-07,1.2068624146193212,1.1777924824800765,1.1571400051561924
2017-12-08,1.2112289234843745,1.181185510961892,1.1604735443971206
2017-12-11,1.21516068635142,1.1841717681709591,1.1634074455206307
2017-12-12,1.2119926070552445,1.1814630797026777,1.1607462455799573
2017-12-13,1.2149697001886317,1.1831228535295382,1.1623769098230432
2017-12-14,1.2139323796697903,1.1822331927463243,1.1615028545583055
2017-12-15,1.2120974679281502,1.1813937985294323,1.1606781785882696
2017-12-18,1.2146458744869515,1.1833602461171782,1.162610145713191
2017-12-19,1.21728489137969,1.1854198606059831,1.164633644965012
2017-12-20,1.2149640734210339,1.1830808730723692,1.1623356784323844
2017-12-21,1.216571405924076,1.1843063439965409,1.1635396628257946
2017-12-22,1.2170905185744574,1.1841502960726031,1.1633863532774023
2017-12-25,1.2141876590223524,1.1810819233199814,1.160371794629132
2017-12-26,1.2163873844938546,1.183357837430863,1.162607800741521
2017-12-27,1.213366073036173,1.1802315237355439,1.1595363033781863
2017-12-28,1.2160475144362106,1.1821415884102877,1.1614128768179937
2017-12-29,1.2179127354013277,1.183890799904272,1.163131416873864
2018-01-01,1.2244405614921925,1.190236273621479,1.1693657027888278
2018-01-02,1.2244405614921925,1.190236273621479,1.1693657027888278
2018-01-03,1.2269518107829225,1.192677372105089,1.1717640147366561
2018-01-04,1.2282483101684736,1.1939376542665425,1.1730022355222414
2018-01-05,1.2289461549034064,1.194616004970524,1.173668695555766
2018-01-08,1.230668970761463,1.196290694613709,1.1753140300576204
2018-01-09,1.2319633204449394,1.1975488871242095,1.176550198971559
2018-01-10,1.2305179787148834,1.1961439204733229,1.1751699027633127
2018-01-11,1.231318319364254,1.1969219039068124,1.175934250575409
2018-01-12,1.2299631847092611,1.1956046244301781,1.1746401632645396
2018-01-15,1.2250021659296173,1.190782189849568,1.1699023186075292
2018-01-16,1.2250784227246057,1.1908563164395873,1.16997525672415
2018-01-17,1.2233752349736888,1.1892007065997305,1.1683487141838071
2018-01-18,1.2240035410808525,1.1898114612114299,1.1689487854637584
2018-01-19,1.223678225944704,1.1894952336316036,1.1686381220268407
2018-01-22,1.227980004078007,1.1936768432060871,1.172746415454271
2018-01-23,1.2292897058912395,1.1949499589903567,1.1739973402582242
2018-01-24,1.2311581995531375,1.1967662569825677,1.175781793540978
2018-01-25,1.2324592944099575,1.198031006242524,1.1770242834771005
2018-01-26,1.2316163121786348,1.1972115724036818,1.176219341592041
2018-01-29,1.2275602467113258,1.1932688116040193,1.1723456826990712
2018-01-30,1.2241519498723623,1.189955724259008,1.1690906239868073
2018-01-31,1.2204460228693927,1.186353320936999,1.1655514813345245
2018-02-01,1.2110984939349163,1.1772669117176189,1.156624427612753
2018-02-02,1.2122275416032355,1.1783644198627605,1.157702651739975
2018-02-05,1.2117625796811289,1.177912446477569,1.1572585055650089
2018-02-06,1.1990047124407213,1.1655109654738236,1.1450741736341565
2018-02-07,1.1967750464386426,1.1633435843553013,1.1429447207193373
2018-02-08,1.1972042921756554,1.1637608392736345,1.1433546717869234
2018-02-09,1.1860141561818107,1.1528832955320396,1.1326676777345102
2018-02-12,1.193221510407441,1.1598893150204166,1.1395507732438799
2018-02-13,1.1958859388873608,1.1624793136900144,1.142095431633272
2018-02-14,1.198791758991161,1.165303960799011,1.1448707256125705
2018-02-15,1.2053865300335649,1.1717145093856423,1.1511689563542316
2018-02-16,1.2053865300335649,1.1717145093856423,1.1511689096760538
2018-02-19,1.2053865300335649,1.1717145093856423,1.1511689274292183
2018-02-20,1.2053865300335649,1.1717145093856423,1.151168918473913
2018-02-21,1.2053865300335649,1.1717145093856423,1.15116905464733
2018-02-22,1.2053865300335649,1.1717145093856423,1.1511689646673737
2018-02-23,1.2092620203673767,1.175481739350439,1.1548701972261144
2018-02-26,1.2171676958249569,1.1831665727290488,1.1624202751125536
2018-02-27,1.2154732706947948,1.1815194807294223,1.160802004865197
2018-02-28,1.214748895961608,1.1808153411327382,1.1601100980711017
2018-03-01,1.2183621768806903,1.1843276864044674,1.1635608318713182
2018-03-02,1.217407828405342,1.1833999972958598,1.1626493173548405
2018-03-05,1.21721879214824,1.183216241695704,1.1624686385731542
2018-03-06,1.2206283808071294,1.1865305847741363,1.165724997058667
2018-03-07,1.2174534767188254,1.1834443704408262,1.162692815705249
2018-03-08,1.2180479524911458,1.1840222397553988,1.1632606435989685
2018-03-09,1.2190130799404848,1.1849604067314008,1.1641824761064814
2018-03-12,1.2222527429599692,1.1881095709794363,1.167276525705175
2018-03-13,1.220044424082756,1.1859629406618517,1.1651675485416213
2018-03-14,1.2187545881804214,1.1847091358417101,1.163935705068646
2018-03-15,1.2184409419881574,1.1844042512381976,1.1636361992327648
2018-03-16,1.2162546522788196,1.182279034711946,1.1615482793805854
2018-03-19,1.2151910413926095,1.1812451353969466,1.160532517051023
2018-03-20,1.2157369857619085,1.1817758290150395,1.1610539382037421
2018-03-21,1.2135246507159207,1.1796252947188495,1.1589411405390004
2018-03-22,1.2137283256251488,1.1798232800458743,1.1591355594071975
2018-03-23,1.1987670731093447,1.1652799645080454,1.1448472224367405
2018-03-26,1.201578216362683,1.1680125795288898,1.1475319506792072
2018-03-27,1.207080835436789,1.173361485002858,1.1527870786523005
2018-03-28,1.2019994527498754,1.1684220488355863,1.1479340958638329
2018-03-29,1.2038658897458638,1.1702363476140787,1.1497165984151811
2018-03-30,1.209991113962825,1.1761904659897375,1.1555662315229354
2018-04-02,1.2118478191821407,1.177996777183474,1.1573417668509738
2018-04-03,1.2098647959328295,1.176069146535638,1.1554479353773985
2018-04-04,1.2087071222893344,1.1749438106646815,1.154342331144181
2018-04-05,1.2116736366288585,1.1778274601428687,1.157175418724106
2018-04-06,1.2116736366288585,1.1778274601428687,1.1571754185347838
2018-04-09,1.211673636628859,1.1778274601428687,1.1571754187732284
2018-04-10,1.2158204301077722,1.181858419539323,1.1611356996372915
2018-04-11,1.2171452847598063,1.1831462664831627,1.162400965607573
2018-04-12,1.2146152986287637,1.1806869514920293,1.1599847722690668
2018-04-13,1.2139897283635508,1.1800788555375223,1.1593873387578997
2018-04-16,1.2114785591949868,1.1776378318869403,1.1569891158754064
2018-04-17,1.2072884919093605,1.1735648074687584,1.1529875079399503
2018-04-18,1.2144113144478488,1.1804886652848754,1.1597899630241408
2018-04-19,1.218660327313287,1.18461898873182,1.1638478653739779
2018-04-20,1.2110512731402459,1.1772224813887557,1.156581048517676
2018-04-23,1.2099312750535902,1.1761337686678615,1.155511425390169
2018-04-24,1.2155596325174498,1.18160490691502,1.1608866325155158
2018-04-25,1.2153853996522808,1.1814355409679105,1.1607202362528581
2018-04-26,1.2088096166539113,1.1750434420121483,1.1544402165400565
2018-04-27,1.2086072610152354,1.1748467388564943,1.1542469623658047
2018-04-30,1.2100079318031702,1.1762082841330244,1.1555846343657843
2018-05-01,1.21000793180317,1.1762082841330244,1.1555846340770466
2018-05-02,1.21000793180317,1.1762082841330244,1.1555846341099998
2018-05-03,1.2130482995394485,1.179163724030756,1.1584882533267589
2018-05-04,1.2127677573597595,1.178891018350797,1.158220329448511
2018-05-07,1.2187323796227514,1.1846890283745832,1.163916677278179
2018-05-08,1.2193333645724405,1.1852732257652638,1.1644906311603547
2018-05-09,1.2176791405091694,1.1836652098209943,1.1629108105146455
2018-05-10,1.2201067970532613,1.1860250536394847,1.1652292768403463
2018-05-11,1.2186623954612434,1.1846209991093501,1.1638498409703475
2018-05-14,1.2183847476577898,1.1843511069558275,1.1635846812599775
2018-05-15,1.2198660732950757,1.1857910541167342,1.16499938039814
2018-05-16,1.2169013787840246,1.1829091736330042,1.1621680309531723
2018-05-17,1.2143350277842213,1.180414509567899,1.1597171083581745
2018-05-18,1.2169396259208607,1.1829463523968853,1.1622045577214128
2018-05-21,1.2202189073381953,1.1861340323018625,1.1653363449062457
2018-05-22,1.2202818269201732,1.1861951943253606,1.1653964345607615
2018-05-23,1.2157521165880933,1.1817920142491969,1.161070459923415
2018-05-24,1.2166036859835854,1.182619796407616,1.1618837276060143
2018-05-25,1.213921971539888,1.1800129913929949,1.1593226300201416
2018-05-28,1.2129042476157186,1.1790236959684723,1.158350680754732
2018-05-29,1.213069424231063,1.1791842586376975,1.158508428128802
2018-05-30,1.2045187293693118,1.1708724138413606,1.1503423236056607
2018-05-31,1.2097448468839205,1.1759525480726911,1.1553333827180168
2018-06-01,1.2067239668433163,1.1730160515128416,1.152448374613322
2018-06-04,1.2061359037625436,1.172444415039213,1.151886761013713
2018-06-05,1.209522473759062,1.1757363865875032,1.1551210111072592
2018-06-06,1.2094319351037628,1.1756483769855839,1.155034544663944
2018-06-07,1.208315438751303,1.1745630681835078,1.1539682659482975
2018-06-08,1.202679001932146,1.1690840762649963,1.14858534261898
2018-06-11,1.2018385170326742,1.1682670689748256,1.1477826607439898
2018-06-12,1.2049474641535414,1.1712891726010775,1.150751774691312
2018-06-13,1.1996807165550205,1.1661695432226273,1.1457219130710614
2018-06-14,1.1997663684319952,1.1662528025506051,1.1458037124199798
2018-06-15,1.1957479800550146,1.162346661463724,1.141966061307521
2018-06-18,1.1747338727818453,1.1419195498649366,1.1218971191894356
2018-06-19,1.1747338727818453,1.1419195498649366,1.1218971191542149
2018-06-20,1.17895936169795,1.1460270064666696,1.1259325555180075
2018-06-21,1.1716273767846568,1.138899828894121,1.1189303457261142
2018-06-22,1.175229336498159,1.1424011735901192,1.1223702981446642
2018-06-25,1.1734901682769106,1.140710586267866,1.120709353488788
2018-06-26,1.174082772026832,1.1412866365742698,1.1212753035353422
2018-06-27,1.1719335041447219,1.1391974050731248,1.1192227048165677
2018-06-28,1.1697383873645208,1.137063605389957,1.1171263192312553
2018-06-29,1.1806850343928224,1.1477044752386205,1.127580612153086
2018-07-02,1.1747966564532488,1.1420154141801875,1.1219981648809683
2018-07-03,1.17685336326826,1.1440074068768966,1.123956924963494
2018-07-04,1.171376168643707,1.1387117080758364,1.1187588781562159
2018-07-05,1.1650058424336276,1.1325434582511822,1.1126953234473955
2018-07-06,1.166133733385425,1.1336318798562954,1.1137615155407645
2018-07-09,1.1736607372575951,1.1409110156676308,1.1209079138307185
2018-07-10,1.1736137500291415,1.1408655647351988,1.1208633986775078
2018-07-11,1.167257313559423,1.1347212299655776,1.1148329751566506
2018-07-12,1.175052303048707,1.1422660976894874,1.1222468345274477
2018-07-13,1.1755050862917817,1.1427031246889574,1.1226751955985883
2018-07-16,1.1753871552428372,1.1425890824811424,1.1225626781958755
2018-07-17,1.17496221195953,1.1421885189373422,1.122179788485123
2018-07-18,1.1724980283326223,1.1398036226903148,1.11983662312569
2018-07-19,1.1721905542159727,1.139509188812994,1.1195504029550898
2018-07-20,1.1764776471475942,1.143654908821297,1.1236204172095736
2018-07-23,1.1795833913248939,1.146662079435125,1.1265764829456537
2018-07-24,1.1843281838921027,1.151245077549783,1.1310705963081034
2018-07-25,1.1858280319474117,1.1526897189708911,1.1324832623597234
2018-07-26,1.1848140759911894,1.1517118533712492,1.131525957055719
2018-07-27,1.184836583457895,1.15173298569043,1.1315460351462316
2018-07-30,1.183394831190623,1.1503386637022732,1.1301771301386925
2018-07-31,1.1847235346055747,1.1516303280535545,1.1314518588514357
2018-08-01,1.1788148843456703,1.145915411314254,1.1258397341430426
2018-08-02,1.1724136142945594,1.1397348322255119,1.1197816972114456
2018-08-03,1.1693987921749514,1.1368159174350834,1.1169126106447627
2018-08-06,1.1670347796892848,1.134521497941491,1.114651930823924
2018-08-07,1.1764018605079727,1.1435810992782605,1.1235472886565216
2018-08-08,1.1719147647119144,1.1392319991678255,1.1192673296096958
2018-08-09,1.1783702946606258,1.1454771593826545,1.1254007787217795
2018-08-10,1.178427826719132,1.145540185926254,1.1254701220134382
2018-08-13,1.1792098049332371,1.1463110692040852,1.1262415018758878
2018-08-14,1.1770624109570982,1.1442369883137002,1.1242077418667575
2018-08-15,1.1700591262260973,1.1374677043132935,1.1175648399664773
2018-08-16,1.1641775327331345,1.131777721954507,1.1119767044737092
2018-08-17,1.159219777005589,1.1269717111671322,1.1072470901198759
2018-08-20,1.1628668513182003,1.1304922549514007,1.1106969357610825
2018-08-21,1.166894047185623,1.134388208487362,1.1145231473723873
2018-08-22,1.164878793116153,1.13243034225657,1.1125924393480306
2018-08-23,1.1648908844352237,1.1324463459737255,1.1126124275723992
2018-08-24,1.165612157530198,1.1331485225171587,1.1133065776683604
2018-08-27,1.170917937496328,1.1382691078035496,1.118323319715563
2018-08-28,1.1721916816922635,1.139500409981581,1.1195316312043464
2018-08-29,1.169298799769963,1.136696198462391,1.1167721786907354
2018-08-30,1.1661881689564784,1.1336909464097218,1.1138247764603437
2018-08-31,1.1633654646555762,1.1309654686028583,1.111153249768834
2018-09-03,1.162303799111745,1.1299424926013761,1.1101527754874683
2018-09-04,1.1651132062029228,1.1326556429814842,1.1128126384474557
2018-09-05,1.1597145663529935,1.1274495698860296,1.1077161909391455
2018-09-06,1.1592400424049227,1.1269986472156612,1.1072813224757971
2018-09-07,1.1594737269759245,1.1272249968157324,1.1075039419598627
2018-09-10,1.1558012300647875,1.1236791351859963,1.1040286508368145
2018-09-11,1.1539136152929095,1.1218565702971695,1.1022425542677114
2018-09-12,1.1528659337806784,1.1208441092510955,1.1012494388238445
2018-09-13,1.15579845426023,1.1236634825741028,1.104000490094983
2018-09-14,1.154371007074747,1.1222721198958592,1.102623713363851
2018-09-17,1.150306439564741,1.1183461503300145,1.098774309856956
2018-09-18,1.1561164102703696,1.1239692320196994,1.104298946501626
2018-09-19,1.1593617759709525,1.127102630120821,1.10737000864798
2018-09-20,1.1588380335266808,1.1265932017269922,1.1068668754051318
2018-09-21,1.1650833355401145,1.1326278380381192,1.1127862130900716
2018-09-24,1.164209842699216,1.1317956249426748,1.1119819861481572
2018-09-25,1.1642306711418675,1.1318057101959915,1.1119819861481572
2018-09-26,1.167191117829038,1.134673358025208,1.1148018476738588
2018-09-27,1.1634197316155162,1.1310234484847785,1.111215910172338
2018-09-28,1.1657593338963552,1.1332872199117328,1.1134396785238176
2018-10-01,1.157638987599517,1.1254633466504682,1.105680025817742
2018-10-02,1.1576389873269537,1.1254633464892128,1.1056800257765809
2018-10-03,1.1575236246520142,1.125351189374548,1.1055698391890612
2018-10-04,1.1559740554578979,1.1238446901851202,1.1040898222514204
2018-10-05,1.1558025526327151,1.1236779543856361,1.1039260175977332
2018-10-08,1.1545558873328206,1.1224659392859535,1.102735307383595
2018-10-09,1.1566845139663808,1.1245354018323737,1.104768392342664
2018-10-10,1.1570659673188808,1.1249062541078445,1.1051327270569602
2018-10-11,1.1352947681418797,1.1037401695069622,1.0843387003938223
2018-10-12,1.1398161290992423,1.108135862796734,1.088657126373221
2018-10-15,1.1346692462220225,1.103132033152065,1.083741253467462
2018-10-16,1.1290158895611162,1.097635806590075,1.0783416387802396
2018-10-17,1.132126357213774,1.100659822115319,1.0813124992741534
2018-10-18,1.1232516295441695,1.0920317607693293,1.0728361019144796
2018-10-19,1.1303826176228837,1.0989645485208124,1.0796470252711945
2018-10-22,1.1449550184041999,1.1131319211979949,1.0935653648120252
2018-10-23,1.13664727754625,1.1050550893666642,1.085630509348763
2018-10-24,1.1370323467768721,1.1054294560806435,1.0859982956633154
2018-10-25,1.1353976961015066,1.1038402387412374,1.084437012962339
2018-10-26,1.134148145925727,1.1026254183449435,1.0832435460806815
2018-10-29,1.1279839620921592,1.0966325631732288,1.0773560330926233
2018-10-30,1.1296353057794537,1.0982380099923457,1.0789332604860846
2018-10-31,1.1335909029824474,1.1020836648614925,1.0827113170215878
2018-11-01,1.1354518422923812,1.103892882541609,1.0844887342863372
2018-11-02,1.1456829580273533,1.1138396327819011,1.0942606413239369
2018-11-05,1.1447677048216112,1.1129498180685078,1.0933864674534752
2018-11-06,1.14477905808086,1.1129608564656972,1.093397312601382
2018-11-07,1.1438395886877242,1.112047498899502,1.0925000100126427
2018-11-08,1.1427235840150671,1.110962513629727,1.0914340976212467
2018-11-09,1.1381303182561202,1.1064969142701104,1.0870469945976873
2018-11-12,1.1426787228977102,1.1109188997553072,1.0913912508005736
2018-11-13,1.1465478252347656,1.1146804668619144,1.095086701108693
2018-11-14,1.1450804361682774,1.1132538621948223,1.0936851726453642
2018-11-15,1.1516054694608828,1.1195975371604066,1.0999173385751526
2018-11-16,1.1561006338967457,1.1239677620745234,1.1042107438995366
2018-11-19,1.1576663551480562,1.1254899653619308,1.1057061899907703
2018-11-20,1.1475676331247424,1.1156719322844493,1.0960607411825067
2018-11-21,1.148783286793608,1.1168537971257342,1.0972218304724828
2018-11-22,1.147932680972415,1.1160268338736996,1.0964094042803783
2018-11-23,1.1361826575375071,1.1046033957383201,1.0851867698524744
2018-11-26,1.1352028677532648,1.1036508370520781,1.084250953633958
2018-11-27,1.1349331309434918,1.1033885975698845,1.0839933240183977
2018-11-28,1.1408590236480316,1.1091497861274,1.089653244201361
2018-11-29,1.1356001570517218,1.1040370847880845,1.084630412806214
2018-11-30,1.1387097051080912,1.1070602061635324,1.087600394739965
2018-12-03,1.1500380085443311,1.118073646347888,1.0984202389034883
2018-12-04,1.1523937967192366,1.1203639570184387,1.1006702903334873
2018-12-05,1.1507293041708022,1.11874572808382,1.0990805069587737
2018-12-06,1.142895971672639,1.1111301178296917,1.0915987646363392
2018-12-07,1.1434020528684525,1.1116221316371115,1.0920821284215216
2018-12-10,1.1397948478935032,1.1081151873133093,1.0886368304059997
2018-12-11,1.1410613661146751,1.1093465035175616,1.0898465024276571
2018-12-12,1.142750800674101,1.1109889816723704,1.0914601092825944
2018-12-13,1.1472984464231861,1.1154102283140699,1.0958036384494063
2018-12-14,1.1394825909663895,1.1078116090730235,1.0883385881701553
2018-12-17,1.1388525596548909,1.107199089502122,1.0877368360260529
2018-12-18,1.136049496325757,1.1044739377962718,1.0850595899568327
2018-12-19,1.1325511188541737,1.1010727940113394,1.0817182302474948
2018-12-20,1.1323972060182392,1.1009231615354154,1.0815712308014478
2018-12-21,1.1307440172986234,1.0993159222989484,1.0799922440053578
2018-12-24,1.1310333366395389,1.0995972033189365,1.0802685841638024
2018-12-25,1.1262569392597204,1.0949535582964216,1.0757065605882163
2018-12-26,1.1257727372955597,1.0944828143257428,1.0752440913138075
2018-12-27,1.1238025651889805,1.0925674035864505,1.0733623518271205
2018-12-28,1.1260513735087663,1.0947537081049723,1.0755102256398894
2018-12-31,1.1234173010804875,1.0934748892675756,1.0729332072615132
2019-01-01,1.1242260765771626,1.0919544176611224,1.0738102510193095
2019-01-02,1.1242260765771626,1.0919544176611224,1.0738102510193095
2019-01-03,1.1259815340266206,1.093351742688897,1.075502799400902
2019-01-04,1.1348950462214973,1.1033065516776288,1.0839681384894544
2019-01-07,1.1393514674347842,1.1080580286216009,1.088210721151347
2019-01-08,1.1388164776201881,1.1076926253629673,1.0876921497845216
2019-01-09,1.140565265649502,1.1111298180239892,1.0892862479650416
2019-01-10,1.1397680756993123,1.1105797481661777,1.0885138259859013
2019-01-11,1.1414732953707623,1.1125969070730068,1.0901283332059912
2019-01-14,1.1385041715871753,1.1087227830231976,1.0873334488156114
2019-01-15,1.1424884975641558,1.1140218039380096,1.0910793959594582
2019-01-16,1.1435395969450908,1.1152085895599626,1.0920771039564834
2019-01-17,1.1418489778069711,1.1132036867014463,1.090476648948553
2019-01-18,1.147309986338127,1.1192499770180167,1.095665657773939
2019-01-21,1.150004660760793,1.1220522615778412,1.098234279527852
2019-01-22,1.145049495598346,1.1169062930145623,1.0935105971574217
2019-01-23,1.1457256154017768,1.1175370601358456,1.0941583389283567
2019-01-24,1.1472842696635317,1.1193151989401386,1.0956370276522802
2019-01-25,1.1473834691646632,1.1207595197203561,1.0956714397771576
2019-01-28,1.1473404000275935,1.1207431375319759,1.0956291436677883
2019-01-29,1.1451656743151195,1.1186025769554229,1.0935506951327987
2019-01-30,1.1434649809104132,1.117367270510799,1.0919056655635304
2019-01-31,1.143907512391935,1.1186636814569906,1.0922900597267313
2019-02-01,1.152256044349851,1.1263337010720462,1.1002933399828982
2019-02-04,1.160660866796542,1.134263589768757,1.1083413661741446
2019-02-05,1.160654723413096,1.1341266685415365,1.1083413623219962
2019-02-06,1.1606547361067159,1.1341266685415365,1.1083413624599243
2019-02-07,1.1606547171020691,1.1341266685415365,1.1083413622534208
2019-02-08,1.1606547255686748,1.1341266685415365,1.1083413623454186
2019-02-11,1.1606822439042677,1.134741101352936,1.1083413790556325
2019-02-12,1.1634427059985306,1.1373696177462482,1.1109835844412221
2019-02-13,1.1674930103671093,1.142072026158665,1.1148225480643055
2019-02-14,1.1682167234597107,1.1425461892915116,1.1155248615123285
2019-02-15,1.1648970382774586,1.137893098017647,1.1124140535091798
2019-02-18,1.176105983988947,1.149557074881196,1.123098560399883
2019-02-19,1.1778881534193224,1.150844681462584,1.1248227420577888
2019-02-20,1.1783048030369847,1.1520841435186695,1.1251838102115652
2019-02-21,1.1769633754647664,1.1511909508896134,1.1238826336132854
2019-02-22,1.1841784748128048,1.1584016349089907,1.13077356490488
2019-02-25,1.1980030607065577,1.1715868668617753,1.144005373673318
2019-02-26,1.1951996689211948,1.1684391899987232,1.1413433491673612
2019-02-27,1.1938267802005567,1.1671287849286975,1.1400293413510605
2019-02-28,1.194317580013181,1.1672088908291651,1.1405164668760404
2019-03-01,1.1998924996439986,1.1728869565756048,1.1458362445882422
2019-03-04,1.2021019315266779,1.175366495791768,1.1479342963539783
2019-03-05,1.2074207719268697,1.1802802805360102,1.153032263564602
2019-03-06,1.2126473224878056,1.185329829285187,1.1580319124131024
2019-03-07,1.2146817040743685,1.1864258416975308,1.1600168924592669
2019-03-08,1.2023832653694861,1.1733983135229722,1.1483035955146776
2019-03-11,1.2126353556660563,1.1836785529287823,1.1580937325965301
2019-03-12,1.2176694599629323,1.1895853254494457,1.1628625654538869
2019-03-13,1.2120549677134094,1.184064384662783,1.1574960700605834
2019-03-14,1.2064634184408862,1.1790425718349569,1.1521302128975228
2019-03-15,1.2097312603528059,1.1825398165320145,1.1552409638776189
2019-03-18,1.217555125604923,1.19094174670149,1.1626874549152468
2019-03-19,1.2182773507631268,1.191779276745272,1.1633720808410837
2019-03-20,1.2172968376414588,1.1904395934884413,1.1624516561192555
2019-03-21,1.2208675856771964,1.192985039067641,1.1659078838566217
2019-03-22,1.221448353581287,1.1936470125836482,1.1664589444035514
2019-03-25,1.215990858319404,1.1868117341742717,1.1613082517946767
2019-03-26,1.2097236633069344,1.1811728307389036,1.1552944183318254
2019-03-27,1.2126375317076743,1.184348331021013,1.1580656529949436
2019-03-28,1.2078883980053117,1.1801137638617123,1.1535068247327753
2019-03-29,1.2168370140027847,1.1891956117294156,1.162047414460604
2019-04-01,1.2290481909971607,1.201129402310148,1.1737087680274922
2019-04-02,1.2305028876571253,1.2025510544004954,1.1750979651614895
2019-04-03,1.23544292878353,1.207378878637972,1.1798155747938643
2019-04-04,1.2370772687333853,1.2089760932806173,1.1813763265553479
2019-04-05,1.2388358264099333,1.2106947039476397,1.183055702985656
2019-04-08,1.238835826410187,1.21069470394813,1.183055702985656
2019-04-09,1.2391907085973142,1.2110415247093056,1.1833946061612115
2019-04-10,1.2397087113543244,1.2115477606298473,1.1838892851996594
2019-04-11,1.23321478337806,1.2052013472944978,1.1776877544052153
2019-04-12,1.2316532882823177,1.2036753227785189,1.1761965675674593
2019-04-15,1.2289400258757066,1.2010236942445192,1.1736054731744316
2019-04-16,1.2350440843914121,1.2069890943082051,1.1794346888656502
2019-04-17,1.235520133518693,1.2074543296080669,1.1798893032890976
2019-04-18,1.231535910413549,1.2035606112397594,1.1760844747830463
2019-04-19,1.2356476886641423,1.2075789872396012,1.180011115104778
2019-04-22,1.2315339382933086,1.2035586839184023,1.176082591459338
2019-04-23,1.2277361204561084,1.1998471364769554,1.1724557750922393
2019-04-24,1.228246629214233,1.2003460486303068,1.1729432975587557
2019-04-25,1.2179636181092919,1.190296624146386,1.1631232918145527
2019-04-26,1.2142590436133451,1.1866762019501298,1.159585520392139
2019-04-29,1.2098780936634004,1.1823947686967242,1.1554018281608993
2019-04-30,1.212452664781599,1.1849108564232633,1.1578604760131055
2019-05-01,1.1929412108354378,1.165842620378104,1.1392275495411675
2019-05-02,1.1929412108349826,1.165842620377225,1.1392275495411675
2019-05-03,1.1933612220541028,1.166253090713798,1.1396286492328835
2019-05-06,1.1906617404807467,1.1636149299709093,1.1370507151737228
2019-05-07,1.1959766301836983,1.1688090878066255,1.1421262953598033
2019-05-08,1.1929117609505924,1.1658138394698239,1.1391994256745535
2019-05-09,1.1882036356414296,1.161212662900822,1.134703289561405
2019-05-10,1.1993984516786307,1.1721531799564773,1.1453940450870819
2019-05-13,1.1953877471455514,1.1682335817063045,1.1415639275125444
2019-05-14,1.1929227846733033,1.1658246127803382,1.1392099530401765
2019-05-15,1.2011988194169119,1.1739126509371067,1.1471133490290588
2019-05-16,1.205504226591468,1.1781202574284364,1.1512248998920764
2019-05-17,1.1958560496362378,1.1686912463411008,1.142011144100708
2019-05-20,1.1936521386843177,1.166537398946095,1.139906466979764
2019-05-21,1.1993905571629577,1.172145464771362,1.1453865060313193
2019-05-22,1.1959300535929596,1.1687635692398277,1.142081815937636
2019-05-23,1.1875976445982541,1.160620437416213,1.1341245840192595
2019-05-24,1.187622766528301,1.1606449886823107,1.1341485748028755
2019-05-27,1.1938603185554562,1.1667408498484375,1.140105273293938
2019-05-28,1.19555050591785,1.1683926432860388,1.1417193578688
2019-05-29,1.1973606039572733,1.1701616235358685,1.14344795399357
2019-05-30,1.1930935256903876,1.1659914752805987,1.1393730062320628
2019-05-31,1.1917727433778718,1.1647006955681345,1.138111693786185
2019-06-03,1.1883049012246205,1.1613116281542548,1.1347999955388222
2019-06-04,1.1865651691789945,1.159611415479807,1.1331385970914467
2019-06-05,1.1869204456427527,1.1599586215609954,1.1334778767911549
2019-06-06,1.1802058364096317,1.1533965399164101,1.1270656011871614
2019-06-07,1.185980697910123,1.1590402209323274,1.1325804423677186
2019-06-10,1.1859806979097627,1.1590402209316317,1.1325804423677186
2019-06-11,1.1974469034866222,1.1702459627016901,1.1435303677816873
2019-06-12,1.1931472686344071,1.166043997409337,1.139424329335579
2019-06-13,1.196181924295138,1.1690097184992592,1.1423223458514926
2019-06-14,1.191664365535581,1.1645947796122416,1.138008195791855
2019-06-17,1.1908305563819082,1.1637799110837415,1.1372119299324415
2019-06-18,1.1919277002837052,1.164852132506126,1.1382596735654769
2019-06-19,1.198321727474469,1.1711009143798563,1.1443658017319156
2019-06-20,1.208504313816152,1.1810521953281852,1.154089904461884
2019-06-21,1.2122898105970168,1.1847517015960924,1.1577049545431417
2019-06-24,1.2138519025636756,1.1862783094247082,1.15919671137685
2019-06-25,1.2122460671273456,1.1847089517934173,1.1576631806776327
2019-06-26,1.210425143316264,1.1829293916880597,1.155924246224754
2019-06-27,1.2146219011534376,1.1870308168962407,1.1599320398221407
2019-06-28,1.2125975469009491,1.1850524474302062,1.1579988346369041
2019-07-01,1.2208434768709462,1.1931110646666152,1.1658734813555902
2019-07-02,1.221707408706296,1.1939553716161968,1.1666985135829187
2019-07-03,1.220820224667644,1.1930883406552548,1.1658512761103001
2019-07-04,1.21874270444264,1.1910580129232557,1.1638672988159944
2019-07-05,1.2197659707245276,1.1920580349130931,1.1648444912622582
2019-07-08,1.2101683267970338,1.182678408956478,1.155678993185969
2019-07-09,1.2081477372100735,1.1807037186386564,1.1537493831575731
2019-07-10,1.2069555696907954,1.1795386321348298,1.1526108944661961
2019-07-11,1.2100834533697262,1.1825954634952984,1.1555979412928372
2019-07-12,1.2105687601876673,1.183069746190184,1.1560613965680915
2019-07-15,1.21537441685942,1.1877662386207717,1.1606506725727084
2019-07-16,1.215158882689264,1.1875556004774728,1.1604448430942698
2019-07-17,1.2142341588090457,1.186651882421758,1.1595617560557836
2019-07-18,1.2105641990870992,1.1830652886985742,1.1560570408315367
2019-07-19,1.215459737542243,1.1878496211777083,1.1607321515813283
2019-07-22,1.2065969524172409,1.179188161132474,1.1522684243772687
2019-07-23,1.208136039011706,1.1806922861739928,1.1537382116847745
2019-07-24,1.211208526683404,1.1836949798907586,1.1566723567780755
2019-07-25,1.2133622848503944,1.1857998137604027,1.158729139305891
2019-07-26,1.2129297860393913,1.1853771394973713,1.1583161142916905
2019-07-29,1.2114276365343408,1.1839091124904593,1.1568816009361211
2019-07-30,1.21405657452298,1.1864783321013197,1.159392167724156
2019-07-31,1.2116587168038064,1.1841349435912913,1.1571022765307166
2019-08-01,1.2064301580757015,1.1790251556545528,1.1521091401552161
2019-08-02,1.202261731620049,1.174951418258474,1.148128402285256
2019-08-05,1.197909901728357,1.1706984435785153,1.143972518943045
2019-08-06,1.1928884900822014,1.165791097216122,1.139177202598779
2019-08-07,1.1926723871767844,1.1655799032568273,1.1389708299921364
2019-08-08,1.1965316764109561,1.169351525724632,1.1426563499313476
2019-08-09,1.193135527980654,1.166032523455947,1.1394131173082092
2019-08-12,1.1980617770635058,1.1708468689469176,1.1441175559009358
2019-08-13,1.1967155258934796,1.1695311989227015,1.1428319213668967
2019-08-14,1.1957924827031352,1.168629123378679,1.14195043934181
2019-08-15,1.1986789624124452,1.1714500344490646,1.1447069517117439
2019-08-16,1.2004914331686034,1.1732213335177213,1.1464378137189946
2019-08-19,1.2105746840236835,1.1830755354616425,1.156067053668265
2019-08-20,1.2098017573035973,1.1823201663751195,1.1553289289351323
2019-08-21,1.2093800806856376,1.181908068470572,1.1549262388315147
2019-08-22,1.2103593722731096,1.1828651146854907,1.155861436597186
2019-08-23,1.2120141310497488,1.1844822843253062,1.15744168780173
2019-08-26,1.2102660106794936,1.182773873873324,1.1557722787239697
2019-08-27,1.2138643510671223,1.1862904751512537,1.159208599362486
2019-08-28,1.2140434396832656,1.1864654956297378,1.1593796242921561
2019-08-29,1.2149655260963637,1.1873666361304562,1.160260192618679
2019-08-30,1.21239781009384,1.184857247800525,1.1578080912210686
2019-09-02,1.218706491149358,1.1910226222431874,1.1638327160658828
2019-09-03,1.2207167001655355,1.1929871677929913,1.1657524129211652
2019-09-04,1.2278005974249728,1.199910148798598,1.1725173489013838
2019-09-05,1.2306570980704588,1.2027017618029872,1.175245232053878
2019-09-06,1.2285962866637727,1.2006877633354602,1.1732772112438365
2019-09-09,1.2353904129408544,1.2073275557326844,1.1797654235388069
2019-09-10,1.2331516149654205,1.2051396138002022,1.177627430225653
2019-09-11,1.2331177478111897,1.2051065159648064,1.1775950879803374
2019-09-12,1.2348953794654152,1.2068437673289159,1.1792926795585519
2019-09-13,1.2377023625578638,1.2095869876101233,1.181973274746922
2019-09-16,1.2369049340771743,1.208807673339608,1.1812117514848266
2019-09-17,1.2300839461617574,1.2021416294871237,1.174697887026561
2019-09-18,1.2291596796117397,1.2012383583729973,1.173815236726118
2019-09-19,1.2287254937625958,1.2008140353942132,1.1734006006355762
2019-09-20,1.228567517941127,1.2006596481167982,1.1732497378717606
2019-09-23,1.2270115914792332,1.1991390657385796,1.171763868933957
2019-09-24,1.22672559808118,1.1988595689037245,1.1714907527423988
2019-09-25,1.2219665706512508,1.1942086464953472,1.1669460064389772
2019-09-26,1.214529774413391,1.186940782886981,1.1598440611988847
2019-09-27,1.21369589026706,1.1861258410697157,1.1590477237221435
2019-09-30,1.2109236078285106,1.1834165331899766,1.156400266747391
2019-10-01,1.212878230574913,1.1853267551554978,1.1582668801742972
2019-10-02,1.212878230574913,1.1853267551554978,1.1582668801742972
2019-10-03,1.2131201662756683,1.1855631950980272,1.158497922419308
2019-10-04,1.212080524224231,1.1845471693270235,1.157505091543907
2019-10-07,1.2123414789885445,1.184802196300242,1.157754296495491
2019-10-08,1.2123414789885445,1.184802196300242,1.157754296495491
2019-10-09,1.2150737782940146,1.1874724292949683,1.1603635706274453
2019-10-10,1.2185391396484295,1.1908590722621875,1.1636728997781152
2019-10-11,1.2211904075848197,1.1934501145786114,1.1662047910791347
2019-10-14,1.2240221299876102,1.1962175121974223,1.1689090116598315
2019-10-15,1.2204576826073739,1.1927340340207753,1.1655050579548543
2019-10-16,1.21866584106627,1.190982895558456,1.1637938963070795
2019-10-17,1.219646236938045,1.1919410209729981,1.1647301486357227
2019-10-18,1.215637128286696,1.1880229823529818,1.1609015550862476
2019-10-21,1.2155413640487207,1.1879293934743973,1.1608101027521585
2019-10-22,1.2178864198678527,1.1902211795207451,1.1630495695172378
2019-10-23,1.2160538363500022,1.188430224567472,1.1612995003508768
2019-10-24,1.217170690999583,1.1895217089922032,1.1623660672311855
2019-10-25,1.2197293662691984,1.1920222619565284,1.1648095349653798
2019-10-28,1.2241356990978705,1.1963285014967249,1.1690174671796931
2019-10-29,1.2203965523813947,1.1926742924155793,1.1654466801933083
2019-10-30,1.2173899955079832,1.1897360318275711,1.1625754972814162
2019-10-31,1.216577630887493,1.1889421207033257,1.161799710388042
2019-11-01,1.2217315507841318,1.1939789652878958,1.1667215686330519
2019-11-04,1.2249706361527206,1.1971444723048705,1.1698148101555048
2019-11-05,1.228172519992679,1.2002736228549664,1.1728725251944094
2019-11-06,1.2240746375292717,1.1962688269893031,1.1689591549841438
2019-11-07,1.2257731697330734,1.1979287757087267,1.1705812086635479
2019-11-08,1.2219683665130343,1.1942104015627282,1.1669477214393087
2019-11-11,1.2122126175573689,1.184676262057026,1.1576312372104791
2019-11-12,1.2131985979445785,1.1856398451303773,1.1585728226048062
2019-11-13,1.211648643304358,1.1841250989192431,1.157092656599445
2019-11-14,1.2128497350435326,1.1852989069223472,1.1582396676896491
2019-11-15,1.2096623965984292,1.1821839713571125,1.1551958431211105
2019-11-18,1.213713847967316,1.1861433908467973,1.159064872854618
2019-11-19,1.220962994479217,1.1932278673391534,1.1659876175313744
2019-11-20,1.2196753667143154,1.1919694890436705,1.1647579668075982
2019-11-21,1.2175754964077947,1.1899173189296965,1.162752645772566
2019-11-22,1.2151182984205902,1.1875159381121292,1.1604060861799674
2019-11-25,1.2173064515393959,1.18965438562542,1.1624957149838924
2019-11-26,1.215489262638676,1.187878475588537,1.1607603472728845
2019-11-27,1.2151467972287204,1.187543789547595,1.1604333017938269
2019-11-28,1.2139052996226725,1.1863304935284122,1.1592477041611449
2019-11-29,1.2118947140310536,1.184365579957372,1.1573276476857113
2019-12-02,1.2130071072958508,1.1854527043411558,1.1583899540606328
2019-12-03,1.2148302884044662,1.187234470468256,1.1601310441729253
2019-12-04,1.2157763281902292,1.1881590202220884,1.161034487341047
2019-12-05,1.2192839516744463,1.191586965301854,1.1643841757165772
2019-12-06,1.2224186149718812,1.1946504222765022,1.1673776969014662
2019-12-09,1.2239708254081727,1.1961673730415396,1.1688600171328758
2019-12-10,1.2252005935510804,1.19736920604149,1.1700344134360796
2019-12-11,1.2259734965521514,1.1981245519477937,1.1707725155185151
2019-12-12,1.2271986898230178,1.1993219139974909,1.1719425429389794
2019-12-13,1.2327760030857366,1.2047725342374556,1.1772687307373226
2019-12-16,1.2373637556280475,1.2092560724009331,1.1816499140170944
2019-12-17,1.2422994389074047,1.2140796377832739,1.186363362019867
2019-12-18,1.241613291296746,1.213409076550994,1.1857081090585209
2019-12-19,1.242449640685268,1.2142264276105503,1.1865068007759243
2019-12-20,1.24102496236811,1.2128341119730464,1.1851462703714135
2019-12-23,1.236580310285099,1.2084904236302743,1.1809017442748333
2019-12-24,1.2408040899526724,1.2126182568468726,1.1849353430111091
2019-12-25,1.2436201737290407,1.2153703710828638,1.1876246291139834
2019-12-26,1.2469283733379497,1.21860342235626,1.190783872922151
2019-12-27,1.246452121437882,1.218137988889723,1.1903290648560458
2019-12-30,1.250402726447529,1.221998852823909,1.1941017889630288
2019-12-31,1.252158487081527,1.223714729985081,1.1957784942914031
2020-01-01,1.2577220809860656,1.229151942512792,1.2010915804627267
2020-01-02,1.2577220809860656,1.229151942512792,1.2010915804627267
2020-01-03,1.2592552077574495,1.2306502431132613,1.202555676294969
2020-01-06,1.2630304620137145,1.2343397395232552,1.2061609450342685
2020-01-07,1.2664295733122901,1.2376616373563485,1.2094070071202376
2020-01-08,1.2643012425939082,1.2355816533309758,1.2073745071387754
2020-01-09,1.2648707709901255,1.2361382444452687,1.2079183918108127
2020-01-10,1.2658183909819718,1.23706433850957,1.2088233440342742
2020-01-13,1.2702211749683932,1.2413671098222363,1.2130278871973719
2020-01-14,1.2672343717444445,1.2384481541641297,1.2101755685023141
2020-01-15,1.2664058752102982,1.2376384775752345,1.2093843760547542
2020-01-16,1.266613665098678,1.2378415473541609,1.2095828099450476
2020-01-17,1.2672924850355731,1.2385049473665046,1.2102310651702528
2020-01-20,1.2702277371494792,1.2413735229382588,1.213034153908095
2020-01-21,1.2634407292084953,1.2347406871785733,1.2065527394384863
2020-01-22,1.2654036441046252,1.2366590129311699,1.208427271650768
2020-01-23,1.252628637076574,1.2241742001561304,1.1962274751983477
2020-01-24,1.2222542428940735,1.1944897840387008,1.1672207258808396
2020-01-27,1.219561915677884,1.1918586151360564,1.1646496240451458
2020-01-28,1.219561915677884,1.1918586151360564,1.1646496240451458
2020-01-29,1.219561915677884,1.1918586151360564,1.1646496240451458
2020-01-30,1.2170716422204915,1.189424910183415,1.1622714782465295
2020-01-31,1.2165872277220242,1.18895149953827,1.1618088751131672
2020-02-03,1.2167448303737285,1.1891055221227624,1.1619593815095188
2020-02-04,1.2228017459074523,1.1950248500939114,1.1677435768902868
2020-02-05,1.2287592617929324,1.2008470363573887,1.173432848215565
2020-02-06,1.2403033255452582,1.2121288676937187,1.1844571261437804
2020-02-07,1.2429664319398497,1.2147314795485284,1.1870003228617012
2020-02-10,1.2456092986500835,1.2173143114792035,1.189524191212218
2020-02-11,1.247116505486791,1.218787280936538,1.1909635341870715
2020-02-12,1.2527042151012728,1.2242480613670235,1.1962996502285126
2020-02-13,1.251107179144898,1.2226873033285688,1.1947745228017965
2020-02-14,1.2521249405805548,1.223681945519053,1.1957464582633484
2020-02-17,1.2634557582255237,1.2347553747997513,1.2065670917553362
2020-02-18,1.2640793870619265,1.2353648374205162,1.207162640927972
2020-02-19,1.2643216439249492,1.235601591229862,1.2073939898745196
2020-02-20,1.272163546385275,1.2432653587567453,1.2148828009261017
2020-02-21,1.2763324630177475,1.247339575194895,1.218864006903648
2020-02-24,1.2786139444019746,1.249569230949233,1.2210427617518012
2020-02-25,1.2778069262155496,1.2487805448106306,1.2202720805626506
2020-02-26,1.2686031347425697,1.2397858246427007,1.2114827012445553
2020-02-27,1.2679199067409008,1.2391181166982137,1.2108302364331736
2020-02-28,1.2455850733387952,1.2172906364647627,1.1895010566756914
2020-03-02,1.2594249550345624,1.2308161344485171,1.2027177804898699
2020-03-03,1.2619599207188177,1.2332935164092145,1.205138606192265
2020-03-04,1.2665768782481488,1.2378055961456431,1.2095476794682039
2020-03-05,1.274281702927161,1.2453353997199774,1.2169055848360155
2020-03-06,1.2698246400919695,1.2409795825449434,1.2126492067968033
2020-03-09,1.2509268062643966,1.2225110277587874,1.194602271434513
2020-03-10,1.257921683023829,1.2293470104345103,1.2012821951705595
2020-03-11,1.2517032495174225,1.2232698334974605,1.195343754364657
2020-03-12,1.2391279215427142,1.2109801639102566,1.183334646167926
2020-03-13,1.23227956287211,1.204287371050647,1.1767946433615804
2020-03-16,1.2107529676787554,1.1832497692643635,1.1562373098825522
2020-03-17,1.2066422495970444,1.1792324293514818,1.1523116819936567
2020-03-18,1.1966406655868642,1.1694580391263523,1.1427604317393085
2020-03-19,1.1917551448354218,1.1646834967909645,1.13809488763426
2020-03-20,1.2029242414811943,1.1755988786911533,1.1487610818161211
2020-03-23,1.1852915231075982,1.158366701274268,1.131922298511472
2020-03-24,1.2021545851267805,1.1748467056813952,1.1480260801960407
2020-03-25,1.2161181972008506,1.1884931234113612,1.1613609632743946
2020-03-26,1.2119547016428958,1.1844242049037907,1.1573849342807452
2020-03-27,1.2132619338220043,1.1857017422839136,1.1586333067056027
2020-03-30,1.2044412795236819,1.1770814560307552,1.150209813334491
2020-03-31,1.2090402162493568,1.1815759243201447,1.1546016772158647
2020-04-01,1.2021363392177606,1.1748288742424338,1.1480086558317615
2020-04-02,1.2126791275806055,1.1851321749410524,1.158076742039873
2020-04-03,1.210080989670641,1.1825930557610465,1.1555955885197786
2020-04-06,1.2278685908055196,1.1999765976564365,1.1725822807968054
2020-04-07,1.2298527132124843,1.2019156491747112,1.1744770656253776
2020-04-08,1.231059837315308,1.2030953525116175,1.1756298374645573
2020-04-09,1.2366077404146236,1.2085172306629892,1.1809279393286725
2020-04-10,1.2328118862517228,1.2048076022893135,1.1773029982191467
2020-04-13,1.229600005898317,1.2016686823043736,1.174235736772242
2020-04-14,1.2366605812014977,1.2085688711301577,1.180978400893416
2020-04-15,1.233793200808048,1.2057666255197697,1.1782401278674262
2020-04-16,1.234017114630382,1.2059854529649086,1.1784539596914994
2020-04-17,1.2357643020537639,1.2076929516626338,1.180122477828725
2020-04-20,1.2370237993964037,1.2089238385403467,1.1813252647374781
2020-04-21,1.229881775875734,1.2019440516568878,1.1745048197060786
2020-04-22,1.2333004463660133,1.205285064379383,1.177769560306825
2020-04-23,1.2371567742581053,1.209053792774304,1.1814522522406932
2020-04-24,1.2343730066520895,1.2063332606216397,1.1787938272324203
2020-04-27,1.2353086564411837,1.2072476563956844,1.179687348226392
2020-04-28,1.23253991100778,1.2045418051752592,1.1770432689987307
2020-04-29,1.2350332369796229,1.2069784933021033,1.1794243298685387
2020-04-30,1.2386151975969861,1.2104790868890307,1.1828450082553659
2020-05-01,1.2439570518533294,1.2156995967576787,1.1879463388818603
2020-05-04,1.2439570518533294,1.2156995967576787,1.1879463388818603
2020-05-05,1.2449842746954722,1.2167034854314178,1.188927309738307
2020-05-06,1.2460568303531825,1.2177516771504453,1.1899515722439342
2020-05-07,1.2443546389809852,1.2160881523834919,1.1883260241547413
2020-05-08,1.250170660421896,1.2217720583591163,1.1938801719987484
2020-05-11,1.2495303282138914,1.221146271796869,1.1932686715445857
2020-05-12,1.2478104451844318,1.219465457252453,1.1916262283869963
2020-05-13,1.2488004001429316,1.220432924611606,1.1925716093925989
2020-05-14,1.244170759655288,1.2159084500201591,1.1881504242243155
2020-05-15,1.248103294659986,1.2197516544236586,1.19190589195079
2020-05-18,1.251291257105252,1.2228671998144054,1.1949503124231082
2020-05-19,1.255851986558677,1.2273243287395474,1.1993056893621714
2020-05-20,1.2542776612813615,1.225785765489356,1.1978022500379524
2020-05-21,1.2509930780381158,1.222575794117449,1.19466555923922
2020-05-22,1.2382541831530331,1.210126273169873,1.18250024893563
2020-05-25,1.2386999253787305,1.2105618900130997,1.1829259210633882
2020-05-26,1.24491692239528,1.21663766309128,1.1888629900591756
2020-05-27,1.2409241515457936,1.2127355911472086,1.18504999868172
2020-05-28,1.2411425074348916,1.2129489869119021,1.185258522825412
2020-05-29,1.2440773761240542,1.2158171877687052,1.188061245402687
2020-06-01,1.2574579323180617,1.2288937941878841,1.2008393254169383
2020-06-02,1.2572067628771801,1.2286483302568405,1.2005994651924314
2020-06-03,1.2578232770010902,1.2292508397813586,1.2011882200013513
2020-06-04,1.2553316642682697,1.2268158259759756,1.1988087952298483
2020-06-05,1.2580190285764352,1.2294421447069241,1.2013751576186227
2020-06-08,1.2592465160554989,1.2306417488500894,1.2025473759477079
2020-06-09,1.262391566599943,1.2337153571173256,1.2055508166808941
2020-06-10,1.2625518120191983,1.2338719624368426,1.2057038468509014
2020-06-11,1.25886692324451,1.2302707787859992,1.202184874775012
2020-06-12,1.2580799067134907,1.229501639949593,1.2014332946418627
2020-06-15,1.252624557621127,1.2241702133686847,1.1962235794254563
2020-06-16,1.2622109564526633,1.2335388496704718,1.205378338730063
2020-06-17,1.263339244707106,1.2346415079768085,1.206455824402958
2020-06-18,1.2641414962924393,1.2354255357913821,1.2072219536131577
2020-06-19,1.2687209408650786,1.239900954707202,1.2115952029999222
2020-06-22,1.268082242892933,1.2392767652578716,1.2109852631981173
2020-06-23,1.2702008082206364,1.2413472057210342,1.213008437487758
2020-06-24,1.2710936634880834,1.242219779084384,1.2138610908366296
2020-06-25,1.2666393685735102,1.2378666669544927,1.209607356088968
2020-06-26,1.2666393685735102,1.2378666669544927,1.209607356088968
2020-06-29,1.2656472564269494,1.2368970914094886,1.2086599150253787
2020-06-30,1.2727093377753258,1.2437987520694767,1.215404017380191
2020-07-01,1.2790694140262777,1.2500143542256048,1.22147772328995
2020-07-02,1.2843621904330713,1.2551869010863514,1.2265321858580935
2020-07-03,1.2902310682439946,1.2609224627582996,1.2321368101483328
2020-07-06,1.30609771709631,1.276428688301149,1.2472890434077932
2020-07-07,1.3066979808086652,1.2770153165548908,1.2478622795001435
2020-07-08,1.314982605382528,1.285111749417045,1.2557738785516288
2020-07-09,1.3229792936036764,1.2929267866254142,1.2634105059426948
2020-07-10,1.315631121205203,1.2857455336967694,1.256393194143036
2020-07-13,1.3268663731773034,1.2967255681534282,1.2671225649254008
2020-07-14,1.3227720484040877,1.2927242491622482,1.2632125922159023
2020-07-15,1.3175951998288622,1.287664996741917,1.2582688376845683
2020-07-16,1.2984657464406335,1.268970083814162,1.2400007117203313
2020-07-17,1.3006837079882578,1.271137662634551,1.2421188067915039
2020-07-20,1.310837463954715,1.281060768111229,1.2518153772705907
2020-07-21,1.3173747499665476,1.2874495545702422,1.2580583138514074
2020-07-22,1.320886347872139,1.2908813837892998,1.261411797695048
2020-07-23,1.3227006245848252,1.2926544477907724,1.263144384342909
2020-07-24,1.3063911705475946,1.2767154757283055,1.24756928375256
2020-07-27,1.3092795801909565,1.2795382728927853,1.250327639160338
2020-07-28,1.3110732600437853,1.281291207908144,1.2520405563475667
2020-07-29,1.320756207158106,1.290754199323135,1.2612875167284787
2020-07-30,1.3184323719092144,1.2884831518052164,1.2590683150510795
2020-07-31,1.3216036100372872,1.291582352784685,1.2620967642393806
2020-08-03,1.3286101523459257,1.2984297360175605,1.2687878282687757
2020-08-04,1.330525858768356,1.3003019256737745,1.2706172776275841
2020-08-05,1.3352684356350382,1.3049367712062854,1.275146314074017
2020-08-06,1.3356219091971953,1.3052822153406616,1.2754838720495358
2020-08-07,1.3302438798493414,1.300026352125934,1.2703479951600052
2020-08-10,1.3303589104850009,1.3001387697509459,1.2704578463982672
2020-08-11,1.3249102213420456,1.2948138518334986,1.2652544912587667
2020-08-12,1.317586035838815,1.287656040919054,1.2582600863145674
2020-08-13,1.3190091588758617,1.2890468366058478,1.259619131467388
2020-08-14,1.3239242708208836,1.2938502979477646,1.2643129343857316
2020-08-17,1.3330442020247437,1.302763062798024,1.2730222293475946
2020-08-18,1.3371931344684869,1.306817749003885,1.2769843509493568
2020-08-19,1.3300646903231605,1.2998512330296625,1.2701768738650414
2020-08-20,1.3202208674417337,1.290231020266147,1.2607762813484669
2020-08-21,1.3238112130020763,1.2937398083255305,1.2642049671357896
2020-08-24,1.3270346505764834,1.2968900230001787,1.2672832654254502
2020-08-25,1.3250961258330543,1.2949955333589322,1.2654320251689177
2020-08-26,1.3202560276121074,1.2902653817458147,1.260809858388452
2020-08-27,1.322536875458178,1.2924944183533107,1.2629880082242917
2020-08-28,1.3291779369237495,1.298984622925655,1.2693300476400105
2020-08-31,1.3301365168971109,1.299921428006939,1.2702454663581917
2020-09-01,1.3331691566346906,1.3028851789665032,1.2731415577208622
2020-09-02,1.3312417053821253,1.3010015112731352,1.2713008923574987
2020-09-03,1.3251128538001278,1.295011881337181,1.2654479999384742
2020-09-04,1.3223204652906444,1.292282924111598,1.2627813421936314
2020-09-07,1.3151728033085401,1.2852976268487557,1.2559555125795339
2020-09-08,1.3184894867632413,1.288538969250767,1.2591228582377878
2020-09-09,1.3053995062506327,1.275746337859647,1.2466222703735843
2020-09-10,1.3006189252179448,1.271074351455416,1.2420569409459736
2020-09-11,1.3052438808517612,1.2755942476131457,1.2464736522017985
2020-09-14,1.3105971212828158,1.280825885010662,1.251585856326331
2020-09-15,1.3134696043626406,1.2836331173959228,1.2543290022838975
2020-09-16,1.3108140416712704,1.2810378778832292,1.2517930096045808
2020-09-17,1.3079451614509148,1.2782341665156733,1.2490533042832561
2020-09-18,1.3174648852508255,1.2875376423612046,1.258144390682438
2020-09-21,1.3136297178183265,1.2837895937495256,1.2544819064321593
2020-09-22,1.3038970264944916,1.2742779881035549,1.245187441636617
2020-09-23,1.302129944511937,1.2725510467670926,1.2434999247174823
2020-09-24,1.2915672261453521,1.2622282687903204,1.2334128058788294
2020-09-25,1.2917373296188794,1.2623945082307142,1.233575250231958
2020-09-28,1.290486061256477,1.2611716634055319,1.2323803217833753
2020-09-29,1.2933262512055008,1.2639473362236562,1.2350926286485078
2020-09-30,1.2921444788439405,1.2627924087434843,1.2339640670569734
2020-10-01,1.3075093255264192,1.277808230944343,1.2486370924132255
2020-10-02,1.3075093255264192,1.277808230944343,1.2486370924132255
2020-10-05,1.3075093255264192,1.277808230944343,1.2486370924132255
2020-10-06,1.3084061133018983,1.2786846474857363,1.2494935012040653
2020-10-07,1.3095006338538275,1.2797543051492712,1.2505387396072387
2020-10-08,1.3092947059112596,1.279553055020605,1.2503420838263317
2020-10-09,1.308985259097454,1.279250637532637,1.2500465702400776
2020-10-12,1.32348624581187,1.2934222230186792,1.2638946319974353
2020-10-13,1.3234147260944629,1.29335232792746,1.2638263325442307
2020-10-14,1.319804145782382,1.2898237647645128,1.2603783231000258
2020-10-15,1.315560514354497,1.2856765307358282,1.2563257664536291
2020-10-16,1.3167221709078754,1.286811799354153,1.2574351179763104
2020-10-19,1.314996695458533,1.2851255194260351,1.2557873342044972
2020-10-20,1.3189064620009643,1.2889464725706545,1.2595210586470285
2020-10-21,1.3177011773147103,1.2877685668665357,1.2583700434024006
2020-10-22,1.3163752763638397,1.2864727847903679,1.2571038427904422
2020-10-23,1.309818115100342,1.2800645745615395,1.2508419258658787
2020-10-26,1.3078110854243095,1.2781031361306883,1.2489252651965108
2020-10-27,1.310492937492667,1.2807240678366572,1.2514863635409283
2020-10-28,1.3124698646362807,1.2826560875376025,1.2533742770818284
2020-10-29,1.3091677135411963,1.2794289473813198,1.25022080944563
2020-10-30,1.2985586872741952,1.269060913424223,1.240089467777355
2020-11-02,1.3017216261445506,1.2721520036700893,1.243109991392337
2020-11-03,1.3106714500636607,1.2808985253553071,1.2516568383614541
2020-11-04,1.3128080764214602,1.2829866165781745,1.2536972604608545
2020-11-05,1.3206053973159013,1.2906068152442298,1.2611434972869882
2020-11-06,1.3190785828309926,1.2891146835417229,1.2596854295226732
2020-11-09,1.3271516478294965,1.297004362569353,1.2673949947317291
2020-11-10,1.3244352724246247,1.2943496917513972,1.2648009275069494
2020-11-11,1.323170620453539,1.2931137673366457,1.2635932180633052
2020-11-12,1.322458274703855,1.2924176030765109,1.2629129465667175
2020-11-13,1.3211566060935978,1.2911455028844312,1.2616698872041066
2020-11-16,1.3265441515368905,1.2964106660290644,1.2668148517150468
2020-11-17,1.3244615754002103,1.2943753972343683,1.2648260461583551
2020-11-18,1.3235465510865136,1.293481158411953,1.2639522219521058
2020-11-19,1.3247583690032378,1.294665448939114,1.265109476260379
2020-11-20,1.327468525661747,1.297314042274383,1.267697604745583
2020-11-23,1.331984939413055,1.3017278621631614,1.2720106613521185
2020-11-24,1.3306974728190293,1.3004696413774324,1.2707811645422995
2020-11-25,1.3255893112470243,1.2954775156814466,1.2659030042964616
2020-11-26,1.3256802061737645,1.2955663458590003,1.2659898065661082
2020-11-27,1.3282792591712689,1.298106359339619,1.2684718339707888
2020-11-30,1.323167760587449,1.2931109724346457,1.2635904869662424
2020-12-01,1.3298596457971987,1.2996508462501615,1.269981061723865
2020-12-02,1.3306993797518323,1.3004715049927689,1.2707829856130823
2020-12-03,1.331913444880642,1.3016579916848396,1.2719423859499226
2020-12-04,1.3351607539570887,1.3048315356017315,1.2750434808975624
2020-12-07,1.333057642920332,1.3027761983732373,1.2730350650502023
2020-12-08,1.3319481666318627,1.3016919247043877,1.2719755443111223
2020-12-09,1.3273530241905902,1.2972011645092696,1.267587303871778
2020-12-10,1.3280547534803775,1.2978869534706783,1.268257436927776
2020-12-11,1.3249947430941482,1.2948964536081058,1.2653352073139434
2020-12-14,1.3282284912428919,1.2980567446443487,1.268423351931511
2020-12-15,1.3291945721883922,1.299000880307337,1.2693459338812343
2020-12-16,1.3312613392361263,1.301020699128878,1.2713196421728663
2020-12-17,1.3384446721314278,1.3080408570122906,1.2781795365729423
2020-12-18,1.339824740250303,1.3093895758069751,1.2794974654088156
2020-12-21,1.3479526538875013,1.3173328575436731,1.287259409628411
2020-12-22,1.3351889828596846,1.304859123262777,1.2750704387587188
2020-12-23,1.3381264670944515,1.307729880251025,1.2778756591134053
2020-12-24,1.3376739376832913,1.3072876303985494,1.2774435054016489
2020-12-25,1.343412208164874,1.3128955515885563,1.2829234031199457
2020-12-28,1.3414479035472102,1.3109758676830345,1.28104754376007
2020-12-29,1.338424700216085,1.3080213387745887,1.2781604639179203
2020-12-30,1.3458208137174497,1.3152494437865645,1.285223558212704
2020-12-31,1.3530326292952208,1.322297437345109,1.2921106528261064
2021-01-01,1.3630810657524177,1.3321176157289691,1.3017066459393485
2021-01-04,1.3630810657524177,1.3321176157289691,1.3017066459393485
2021-01-05,1.3675101562046654,1.3364460959299107,1.3059363110814604
2021-01-06,1.369848137453942,1.338730968109234,1.308169021816492
2021-01-07,1.371402686437573,1.3402502042995017,1.3096535752990632
2021-01-08,1.3712192460532675,1.3400709309032042,1.309478394542793
2021-01-11,1.3601763193639067,1.3292788529111985,1.298932689358938
2021-01-12,1.3691728109596142,1.3380709821783336,1.3075241027325575
2021-01-13,1.3685443789971696,1.3374568255393817,1.3069239667016672
2021-01-14,1.3639195482935935,1.3329370514732812,1.3025073747502425
2021-01-15,1.364440546658738,1.3334462149568138,1.3030049145189004
2021-01-18,1.3708476895586228,1.339707814606932,1.3091235678438944
2021-01-19,1.3693004917340712,1.3381957625857905,1.3076460345227674
2021-01-20,1.372795713062987,1.341611587234484,1.3109838791650656
2021-01-21,1.3795536855204897,1.3482160470742586,1.3174375655098487
2021-01-22,1.374410448966694,1.3431896431535781,1.312525909578356
2021-01-25,1.3760465971737077,1.3447886249763643,1.3140883881770107
2021-01-26,1.365428456652616,1.334411683802584,1.3039483426352811
2021-01-27,1.3678451742968403,1.3367735038199426,1.306256244562863
2021-01-28,1.3542894553226512,1.3235257135805054,1.2933108886910718
2021-01-29,1.351019251246143,1.3203297947406292,1.2901879296185232
2021-02-01,1.3582299516459884,1.3273766984533335,1.2970739592662228
2021-02-02,1.3611522987564486,1.33023266216655,1.2998647240622014
2021-02-03,1.3559795572784956,1.32517742354559,1.2949248916990572
2021-02-04,1.3536426285850884,1.3228935800102308,1.2926931861250504
2021-02-05,1.3515418334828342,1.3208405061070136,1.290686981933426
2021-02-08,1.3568062141417778,1.325985302249035,1.2957143273052032
2021-02-09,1.3688163448609652,1.3377226134762081,1.3071836869544418
2021-02-10,1.3742051785632243,1.3429890356151852,1.3123298817180973
2021-02-11,1.3806675791370346,1.3493046377178741,1.3185013046713734
2021-02-12,1.3826658293983156,1.3512574961627069,1.3204095812276089
2021-02-15,1.3826658294000094,1.3512574961627069,1.3204095812276218
2021-02-16,1.3826658294001062,1.3512574961627069,1.3204095812276226
2021-02-17,1.3838296178544354,1.3523948482523132,1.3215209686579457
2021-02-18,1.382139425849898,1.3507430502788182,1.3199068796507378
2021-02-19,1.3867403992395462,1.3552395089696057,1.324300688494537
2021-02-22,1.3844414975828192,1.3529928286535273,1.3221052977391232
2021-02-23,1.3868947217798573,1.3553903259483837,1.324448062466119
2021-02-24,1.3784812786868967,1.347168000777459,1.3164134451067648
2021-02-25,1.3816990453618154,1.3503126733717363,1.3194863278364422
2021-02-26,1.3657839513675236,1.334759103157823,1.3042878307394163
2021-03-01,1.3728137862816363,1.3416292498907525,1.3110011385999198
2021-03-02,1.365252686849265,1.3342399067339328,1.3037804870727527
2021-03-03,1.375160835553044,1.343922984105829,1.3132425090589068
2021-03-04,1.3636059355585377,1.3326305626763788,1.3022078827992947
2021-03-05,1.3624165475464176,1.331468192536521,1.3010720484569052
2021-03-08,1.3557036985367745,1.3249078311322775,1.2946614538225742
2021-03-09,1.3434014927133806,1.3128850795151497,1.2829131701141985
2021-03-10,1.3429521194856453,1.312445914150288,1.2824840304741616
2021-03-11,1.3547564048196106,1.323982055928772,1.2937568131806396
2021-03-12,1.3510563733301169,1.3203660735424951,1.2902233802102718
2021-03-15,1.3481903440553802,1.3175651483597532,1.2874863974678241
2021-03-16,1.3505225593879508,1.3198443856019848,1.289713601905965
2021-03-17,1.3535168212032354,1.3227706304242997,1.2925730433605862
2021-03-18,1.356483211562983,1.3256696369206948,1.2954058683141296
2021-03-19,1.3451760648192026,1.3146193408361027,1.2846078399095446
2021-03-22,1.3494478781811425,1.3187941166239734,1.2886873095631357
2021-03-23,1.3462885861460205,1.3157065903798277,1.2856702685870711
2021-03-24,1.3395081937062479,1.3090802198384435,1.2791951717410714
2021-03-25,1.3400426945760848,1.309602579108452,1.27970560604902
2021-03-26,1.3470945699715857,1.3164942656468321,1.28643996198191
2021-03-29,1.348608278341554,1.3179735889492585,1.2878855137496612
2021-03-30,1.3489208164307391,1.3182790274933847,1.288183979424242
2021-03-31,1.3441565391217671,1.313622974461155,1.2835499922109592
2021-04-01,1.3532956793176434,1.322554511956013,1.2922770585799526
2021-04-02,1.3577376493277902,1.3268955791512138,1.2965187450249336
2021-04-05,1.3569818318559705,1.3261569306630472,1.2957970065355306
2021-04-06,1.3569818318559705,1.3261569306630472,1.2957970065355306
2021-04-07,1.357555712785211,1.3267177754391681,1.2963450118018947
2021-04-08,1.358211836813973,1.3273589950986293,1.2969715519164542
2021-04-09,1.3548079276467462,1.32403240838428,1.2937211212873434
2021-04-12,1.3465144414485466,1.3159273151966593,1.285801579303003
2021-04-13,1.3471136756898183,1.3165129373645452,1.2863737947283134
2021-04-14,1.3538614670832312,1.323107447411009,1.2928173355945543
2021-04-15,1.3552109859064065,1.324426310861057,1.2941060060913008
2021-04-16,1.3616253529112199,1.3306949705140865,1.300231156309627
2021-04-19,1.3681906282823555,1.33711111053214,1.3065004106012366
2021-04-20,1.3683922226519332,1.3373081255283044,1.3066929153013738
2021-04-21,1.3677891140555967,1.3367187170143524,1.3061170002114275
2021-04-22,1.3703324175864464,1.3392042474209038,1.3085456289702069
2021-04-23,1.373223324676817,1.3420294853008794,1.3113061882245274
2021-04-26,1.369663432872094,1.3385504592163617,1.3079068080442922
2021-04-27,1.3716387882488874,1.3404809428543585,1.3097930968095528
2021-04-28,1.3728151338145214,1.341630566812541,1.3109164022413688
2021-04-29,1.3757306988242788,1.3444799024880234,1.3137005076164838
2021-04-30,1.370462201399209,1.3393310830930867,1.3086695609729255
2021-05-03,1.3762578715243339,1.3449951000488325,1.3142039106765855
2021-05-04,1.3770004194314125,1.3457207804007758,1.314912977911396
2021-05-05,1.3764829904488547,1.3452151052213177,1.3144188792352358
2021-05-06,1.3772976150610468,1.3460112249997747,1.3151967733154277
2021-05-07,1.3777146949694246,1.346418830612577,1.315595047547311
2021-05-10,1.381848351422038,1.3504585878332878,1.319542321955559
2021-05-11,1.378119373457001,1.3468143165125288,1.315981479524881
2021-05-12,1.3861736308167703,1.3546856151314595,1.323672579237234
2021-05-13,1.3758739264669688,1.344619876603046,1.313837277281555
2021-05-14,1.37906868879463,1.347742067411492,1.3168879912731446
2021-05-17,1.3843668899183967,1.3529199157624316,1.3219473023081423
2021-05-18,1.390069187902685,1.3584926815983802,1.3273924899185823
2021-05-19,1.3855116880262268,1.3540387088879315,1.3230404827224924
2021-05-20,1.3836071234292666,1.3521774079619644,1.3212217928582966
2021-05-21,1.3796123037185555,1.3482733336982264,1.3174070951952421
2021-05-24,1.3811510608878834,1.3497771367977274,1.3188764714882708
2021-05-25,1.389478731215363,1.3579156375954566,1.3268286562769231
2021-05-26,1.3897984197024003,1.3582280641090512,1.3271339303600407
2021-05-27,1.3915877505892145,1.3599767489485175,1.3288425822759355
2021-05-28,1.3924567921786424,1.3608260495801097,1.3296724397314295
2021-05-31,1.3972472918643213,1.365507729327298,1.3342469410304059
2021-06-01,1.4034156142151948,1.3715359334226955,1.340137140478895
2021-06-02,1.3971641630741367,1.3654264888724494,1.33416756042637
2021-06-03,1.3974391150801508,1.3656951951290959,1.334430115147421
2021-06-04,1.394359756806704,1.3626857868817206,1.3314896017675735
2021-06-07,1.3943477952947714,1.3626740970848652,1.3314781795871196
2021-06-08,1.3921945901982087,1.3605698037222635,1.3294220601512632
2021-06-09,1.3941613790425171,1.3624919154232455,1.331300168639611
2021-06-10,1.3967865377555864,1.3650574416076793,1.3338069618200499
2021-06-11,1.3982882997061357,1.3665250898636645,1.3352410109682165
2021-06-14,1.3895951532211706,1.358029414984556,1.3269398289419356
2021-06-15,1.3895951532211706,1.358029414984556,1.3269398289419356
2021-06-16,1.3810741454313875,1.3497019685358447,1.3188030240655098
2021-06-17,1.3835763736883355,1.3521473567253932,1.3211924295895225
2021-06-18,1.381626420355967,1.3502416981045602,1.3193303975183113
2021-06-21,1.3819816503688536,1.3505888587905104,1.3196696105987842
2021-06-22,1.3857892279539816,1.354309944279657,1.3233055086787258
2021-06-23,1.3923230789685805,1.3606953737699536,1.3295447555036346
2021-06-24,1.3904062172559881,1.3588220550669314,1.3277143229872885
2021-06-25,1.396664538863896,1.3649382140160118,1.3336904637248341
2021-06-28,1.3978688278316789,1.3661151466201584,1.3348404526213857
2021-06-29,1.3915770235361884,1.3599662655688716,1.3288323388939878
2021-06-30,1.394496266975142,1.3628191959041018,1.3323352892141886
2021-07-01,1.391911068685888,1.3602927224116657,1.331682902830146
2021-07-02,1.3892980444176333,1.3577390550290591,1.3290238561877892
2021-07-05,1.3939525112817832,1.3622877920457042,1.334402759222519
2021-07-06,1.3951063611042567,1.3634154312689115,1.3358519880830961
2021-07-07,1.3965019721956067,1.364779339965085,1.337711226442656
2021-07-08,1.3910769384860038,1.3594775401302879,1.3353912635073162
2021-07-09,1.3943136420881124,1.3626407194839147,1.337928629465162
2021-07-12,1.4014225453372355,1.3695881384474269,1.3445029147863046
2021-07-13,1.4077561595702879,1.3757778796899602,1.3491886341990014
2021-07-14,1.4056786347167196,1.373747547434893,1.34776760906261
2021-07-15,1.407970005569212,1.375986868010118,1.3492788427500042
2021-07-16,1.407405386718521,1.3754350749172901,1.3486701699440016
2021-07-19,1.404393406972235,1.37249151464171,1.3476479400787138
2021-07-20,1.4042227961910405,1.3723247794175673,1.3484023643393155
2021-07-21,1.4067875287014941,1.3748312520273418,1.351162272349139
2021-07-22,1.4100955700003301,1.3780641485862377,1.352532741643551
2021-07-23,1.4072860507227691,1.37531844973182,1.3512822163705551
2021-07-26,1.397502315548234,1.365756959737716,1.3459584092045485
2021-07-27,1.3836570674387718,1.3522262172449027,1.3365259014634565
2021-07-28,1.3832240102105129,1.3518029972495729,1.3344049850461457
2021-07-29,1.396959268854542,1.3652262487735045,1.3449506400450384
2021-07-30,1.3962056213619842,1.3644897209719415,1.3456704565565998
2021-08-02,1.4003105048779294,1.3685013588550712,1.3487193587706412
2021-08-03,1.3958462916336851,1.3641385536988682,1.3443184989006445
2021-08-04,1.4045338346674232,1.3726287524122018,1.3522490410412689
2021-08-05,1.400235145727959,1.3684277115470085,1.3487797740079743
2021-08-06,1.4018193700128618,1.3699759489408356,1.3505094454724833
2021-08-09,1.3993709290235419,1.3675831261995302,1.3475624298622368
2021-08-10,1.4036617515050485,1.3717764792994982,1.3506138890672466
2021-08-11,1.4070501513714608,1.3750879090183903,1.3538554127171558
2021-08-12,1.406781513427063,1.374825373394564,1.3541734732419108
2021-08-13,1.4065413912939706,1.3745907058231337,1.3544561656394578
2021-08-16,1.4052438713463582,1.3733226600538107,1.3540131819398495
2021-08-17,1.3976969322218475,1.3659471555416955,1.3481372669871605
2021-08-18,1.399058310039893,1.367277608600085,1.3490161555028144
2021-08-19,1.394089042082789,1.362421221443006,1.3462948290904513
2021-08-20,1.388765469376283,1.3572185778454335,1.342875772158466
2021-08-23,1.3966098168993881,1.3648847348922495,1.3498005713665935
2021-08-24,1.4062943069636726,1.3743492342062407,1.357069478875587
2021-08-25,1.4093508898028742,1.3773363843806694,1.360353472664822
2021-08-26,1.4020004201805183,1.3701528864126287,1.354019001525995
2021-08-27,1.4056205852987669,1.3736908166547748,1.3577717660076798
2021-08-30,1.408376593763437,1.3763842202361796,1.3600292445866706
2021-08-31,1.4097868897334631,1.3777624802325488,1.3600085600616663
2021-09-01,1.4075732605708609,1.3755991353840527,1.357097089393356
2021-09-02,1.412467993494821,1.3803826806294384,1.3618518384180638
2021-09-03,1.4120948459477567,1.3800180094201373,1.3622768577810487
2021-09-06,1.418438169450272,1.3862172393785,1.3676656005016394
2021-09-07,1.4261638175917526,1.3937673933927868,1.374779066145715
2021-09-08,1.4235936110868246,1.391255571134595,1.3722834547415572
2021-09-09,1.423562400821932,1.3912250698352286,1.374862032820895
2021-09-10,1.4253635500004265,1.3929853045043852,1.3745894207421487
2021-09-13,1.4240349699357615,1.3916869041728102,1.3749221019605942
2021-09-14,1.4185202395585352,1.3862974452002006,1.3706248236175913
2021-09-15,1.418192254393585,1.385976910474256,1.372369388328378
2021-09-16,1.4094839498464253,1.3774664218614818,1.365057070671591
2021-09-17,1.4078835541558918,1.3759023804081243,1.362269237638929
2021-09-20,1.4102167786653326,1.3781826039018144,1.3684071814621779
2021-09-21,1.4107663471631715,1.3787196885223012,1.3684071814621779
2021-09-22,1.4120554469046462,1.3799795053570407,1.3684071814621779
2021-09-23,1.415439089482518,1.3832862858529145,1.3718948985740762
2021-09-24,1.4106418238498402,1.3785979938532194,1.368418913308452
2021-09-27,1.4063783716789569,1.374431389325907,1.3639429926023778
2021-09-28,1.409192447077942,1.3771815408058943,1.3655096271399318
2021-09-29,1.401863668154853,1.3700192408159575,1.3572147811203576
2021-09-30,1.4105320511715758,1.3784907138850158,1.3656070755391678
2021-10-01,1.41464214211766,1.382507445026365,1.3695862782407875
2021-10-04,1.4146421596376693,1.3825074727337565,1.3695863383053848
2021-10-05,1.4149485959946586,1.382806954963361,1.3698830425117705
2021-10-06,1.4143251981357754,1.3821977103003866,1.3692794680144087
2021-10-07,1.4176126063038346,1.385410447035011,1.3724621921030884
2021-10-08,1.418211869608664,1.3859960999161813,1.3730423784790928
2021-10-11,1.4242910930237624,1.3919372356408548,1.3789280076021075
2021-10-12,1.4168793313316523,1.384693836573245,1.371752302627271
2021-10-13,1.4194537591141059,1.3872097830266377,1.3742447308928334
2021-10-14,1.42237661498839,1.3900662482215924,1.3770745121886387
2021-10-15,1.4259187616002627,1.3935279366736386,1.3805038608016098
2021-10-18,1.4271548755457122,1.3947359686444578,1.3817005940137836
2021-10-19,1.4322519171532042,1.3997172309138182,1.3866353126015036
2021-10-20,1.4303028961862874,1.3978124871956195,1.3847483824302385
2021-10-21,1.4272357877921429,1.3948150443210978,1.3817789349942349
2021-10-22,1.4240667134963423,1.3917179626337095,1.3787108134317478
2021-10-25,1.429189778216771,1.3967246553870571,1.3836707202230827
2021-10-26,1.4294012910905038,1.396931365648608,1.3838755049028086
2021-10-27,1.4185549545681804,1.3863314025873232,1.3733745817169178
2021-10-28,1.4114834869808526,1.379420567426231,1.3665283319746373
2021-10-29,1.4125440953706558,1.3804570835953889,1.3675551616737294
2021-11-01,1.4098725400533683,1.377846216358295,1.364968701076637
2021-11-02,1.4071265409222016,1.3751625947298578,1.3623101610519703
2021-11-03,1.4097474310543618,1.377723935374957,1.3648475200238308
2021-11-04,1.4085737675458139,1.3765769249041442,1.363711206174668
2021-11-05,1.4048460768637174,1.3729339231138586,1.3601022879694145
2021-11-08,1.40778408349744,1.37580519421749,1.3629467346707376
2021-11-09,1.408781320772121,1.3767797853414152,1.3639122382563016
2021-11-10,1.4102972985921987,1.3782613156511478,1.3653798883448802
2021-11-11,1.418354751595202,1.3861357386289126,1.3731807195031935
2021-11-12,1.41846549261093,1.386243960428119,1.373287918600781
2021-11-15,1.414732630889666,1.382595892896595,1.3696739445123578
2021-11-16,1.4153932750036218,1.383241531955136,1.3703135554413286
2021-11-17,1.4178547494408267,1.3856470807669197,1.3726965866810705
2021-11-18,1.4141700830091877,1.3820461194993634,1.3691292963650776
2021-11-19,1.4200640862170875,1.3878062232894983,1.3748355265097605
2021-11-22,1.4215392903469364,1.3892479214075744,1.376263763805557
2021-11-23,1.4188937370545278,1.3866624778074617,1.373702527033308
2021-11-24,1.4230433585405333,1.3907178371456193,1.3777199834215852
2021-11-25,1.4227108567010998,1.390392888183031,1.3773980709946423
2021-11-26,1.4153602660782918,1.3832092188771588,1.3702813780534193
2021-11-29,1.4131249841451887,1.3810247174015038,1.368117306542263
2021-11-30,1.4086530309722372,1.3766543311418342,1.3637877143810069
2021-12-01,1.4117196422222422,1.3796512714025801,1.366756612250814
2021-12-02,1.407439976932529,1.3754688271695552,1.3626132737093022
2021-12-03,1.412404366393774,1.3803204477503463,1.3674195535154963
2021-12-06,1.4090379933302917,1.377030563783451,1.3641604769120093
2021-12-07,1.4129376765987078,1.3808416761992168,1.367936011533992
2021-12-08,1.4167940942864314,1.3846104944528126,1.3716696121786498
2021-12-09,1.4188643758770436,1.3866337399478914,1.3736739232846202
2021-12-10,1.416121743005678,1.3839534123708601,1.3710186596470344
2021-12-13,1.4217891550090718,1.3894920802409807,1.3765055483763107
2021-12-14,1.417304888514797,1.385109673418078,1.3721640882128816
2021-12-15,1.4131782454403439,1.3810767713931733,1.3681688819413413
2021-12-16,1.4195647787268377,1.3873182360324103,1.374352032514069
2021-12-17,1.4162283060251928,1.3840575452640584,1.3711217901330122
2021-12-20,1.4047210760991233,1.3728116994378678,1.3599810143449087
2021-12-21,1.4101742717291281,1.3781410357234545,1.3652605855517044
2021-12-22,1.413048047434453,1.3809495388243076,1.368042862816196
2021-12-23,1.4185049503133127,1.386282492610916,1.3733260006601131
2021-12-24,1.4172925841589181,1.3850976623152575,1.3721522317353418
2021-12-27,1.4145261827985263,1.3823941156199184,1.36947399511045
2021-12-28,1.4190192887834234,1.3867851590447047,1.3738240047079686
2021-12-29,1.414799230645077,1.3826609643963022,1.369738360420141
2021-12-30,1.418264927446767,1.386047935683575,1.3730936779513385
2021-12-31,1.4239071115640567,1.3915619531969283,1.3785561604476342
2022-01-03,1.4232143977429808,1.3908849749094865,1.3778855093231923
2022-01-04,1.4232853539584018,1.3909543192992442,1.3779542056075895
2022-01-05,1.4173825915844753,1.38518564276718,1.3722394441823889
2022-01-06,1.4164112284369443,1.384236344889626,1.3712990186165739
2022-01-07,1.4177979413961002,1.3855915575845377,1.372641565245558
2022-01-10,1.4205148606064968,1.388246759860299,1.3752719515147975
2022-01-11,1.418574133777158,1.3863501181514943,1.373393036166596
2022-01-12,1.4280845707135967,1.395644518110274,1.382600568961959
2022-01-13,1.423047926394335,1.390722285087102,1.377724340029669
2022-01-14,1.423018680270351,1.3906937033115885,1.3776960253846617
2022-01-17,1.424043906843975,1.391695641065586,1.3786885988449993
2022-01-18,1.4270966169969723,1.394679006531317,1.3816440812309627
2022-01-19,1.4268481096227565,1.3944361441955375,1.381403488731031
2022-01-20,1.4325918676660598,1.4000494283041127,1.3869643100587783
2022-01-21,1.4289784236759187,1.3965180665068073,1.3834659530152698
2022-01-24,1.4276270107038564,1.3951973519323062,1.3821575820809475
2022-01-25,1.4152857064826152,1.3831363900425633,1.3702093441488659
2022-01-26,1.4188596281079917,1.3866291272563824,1.3736694376013159
2022-01-27,1.407337883526772,1.3753691080715167,1.3625146566169735
2022-01-28,1.406387238692777,1.37444005787488,1.3615942894935438
2022-01-31,1.4182593202966027,1.3860424559041915,1.3730882493869765
2022-02-01,1.4217372790675173,1.3894414101344827,1.3764554363688302
2022-02-02,1.4217372790675173,1.3894414101344827,1.3764554363688302
2022-02-03,1.4217372790675173,1.3894414101344827,1.3764554363688302
2022-02-04,1.4217372790675173,1.3894414101344827,1.3764554363688302
2022-02-07,1.4217651358988124,1.389468634176172,1.376482405969642
2022-02-08,1.4234883994011724,1.3911527524067375,1.3781507841229357
2022-02-09,1.4276720884261547,1.3952414056790554,1.3822012240933153
2022-02-10,1.4300443417229867,1.3975597713957568,1.3844979219396358
2022-02-11,1.421207282306059,1.3889234526619954,1.375942319821696
2022-02-14,1.4205571140386375,1.3882880534728403,1.3753128591896768
2022-02-15,1.4224262280425,1.390114709097241,1.3771224425562303
2022-02-16,1.4239989715586585,1.391651726520252,1.3786450947330444
2022-02-17,1.4252754842600164,1.3928992422419981,1.3798809509444891
2022-02-18,1.4286291525382255,1.3961767293348697,1.3831278060430248
2022-02-21,1.4295789460109816,1.3971049475096005,1.384047348920778
2022-02-22,1.4249012261084582,1.3925334856556641,1.3795186127861654
2022-02-23,1.431910223815833,1.3993832685245158,1.3863043763304261
2022-02-24,1.427749627417109,1.3953171833114764,1.382276293494112
2022-02-25,1.424965662807669,1.3925964586250972,1.379580997198698
2022-02-28,1.42768598189167,1.3952549835436878,1.382214675056739
2022-03-01,1.4332526322138213,1.4006951830708523,1.3876040294832577
2022-03-02,1.4353762916547144,1.4027706019345507,1.3896600511023367
2022-03-03,1.4376402650023972,1.4049831473654297,1.3918519176785975
2022-03-04,1.4286938748301918,1.3962399814095963,1.3831904669522825
2022-03-07,1.4275931524382015,1.3951642627835104,1.3821248021893935
2022-03-08,1.4199892906080753,1.3877331285934809,1.3747631207398228
2022-03-09,1.417600758616514,1.3853988539652717,1.3724506626695934
2022-03-10,1.415121458342198,1.3829758729265023,1.3700503272551552
2022-03-11,1.414753112029423,1.3826158938869317,1.3696937126455853
2022-03-14,1.395166601232301,1.3634743059281378,1.3507310254718496
2022-03-15,1.364797180922427,1.3337947506392775,1.32132886073976
2022-03-16,1.3889481517029951,1.3573971133201506,1.3447106314184476
2022-03-17,1.4016299558595353,1.369790840424127,1.3569885244801554
2022-03-18,1.4085927705757404,1.3765954893844004,1.3637295759456098
2022-03-21,1.4079261211114267,1.3759439833815692,1.3630841590371434
2022-03-22,1.4130820460079507,1.3809827874308465,1.3680758695013895
2022-03-23,1.4170200173497716,1.3848313046884355,1.3718884178121922
2022-03-24,1.4166376648836272,1.3844576376561717,1.3715182431404143
2022-03-25,1.4125386223023757,1.3804517080177288,1.3675497536536845
2022-03-28,1.4095725085329947,1.3775529718313562,1.364678109586343
2022-03-29,1.4080053021339458,1.3760213657455298,1.3631608181713653
2022-03-30,1.416979879631821,1.3847920787299903,1.3718495584667352
2022-03-31,1.4120993174697458,1.3799318383083194,1.3671244405953906
2022-04-01,1.4137768171254754,1.3815711246921132,1.3687485124648875
2022-04-04,1.4196205218252191,1.3872817103917774,1.3744060971827645
2022-04-05,1.4175541878509945,1.3852624472958075,1.3724055752338857
2022-04-06,1.4175541878509945,1.3852624472958075,1.3724055752338857
2022-04-07,1.4069637980041032,1.3749133054549856,1.3621524856558374
2022-04-08,1.4087778874071144,1.376686070085478,1.3639087969362123
2022-04-11,1.3936328373244316,1.3618860227068585,1.3492461114820633
2022-04-12,1.4033330823216694,1.3713652971073764,1.358637407017316
2022-04-13,1.398678516068928,1.3668167614015576,1.3541310870964938
2022-04-14,1.4064701846847574,1.3744309365969658,1.361674593750691
2022-04-15,1.4043636287396484,1.3723723677825268,1.3596351308868464
2022-04-18,1.4051423090282584,1.373133309813178,1.360389010476475
2022-04-19,1.4046711956386484,1.3726729283387775,1.3599329018860524
2022-04-20,1.395770664692934,1.3639751505848392,1.3513158497852378
2022-04-21,1.386411920611029,1.3548295977434563,1.3422551784787922
2022-04-22,1.3832084037938184,1.35169905671427,1.3391536925687821
2022-04-25,1.3519646309298843,1.321167013825764,1.3089050231088801
2022-04-26,1.3471895386526131,1.316500697666024,1.3042820158758954
2022-04-27,1.361001316286695,1.3299978444071299,1.3176538931496953
2022-04-28,1.363757260875416,1.332691008857775,1.3203220618525302
2022-04-29,1.382711907144542,1.351213870208283,1.3386730091667707
2022-05-02,1.3852022391503551,1.353647472703706,1.3410840249559746
2022-05-03,1.3852022391503551,1.353647472703706,1.3410840249559746
2022-05-04,1.384022378371948,1.3524944890341069,1.3399417423369657
2022-05-05,1.3836333517574448,1.352114324406406,1.339565106086137
2022-05-06,1.369403762794133,1.3382088840357533,1.3257887246300313
2022-05-09,1.3675065184840938,1.3363548587585772,1.3239519068977752
2022-05-10,1.3691208090252125,1.3379323759249766,1.3255147828411895
2022-05-11,1.374888919785918,1.3435690897078632,1.3310991812609492
2022-05-12,1.3731876936220033,1.3419066173033332,1.3294521385643807
2022-05-13,1.3800684865543502,1.348630666470899,1.33611378061187
2022-05-16,1.3799473699421745,1.3485123088828581,1.3359965215220742
2022-05-17,1.3872655597393624,1.3556637910590676,1.3430816294949173
2022-05-18,1.3833700726240727,1.351857042744976,1.3393102123024785
2022-05-19,1.3838606231257575,1.3523364185560103,1.339785138939651
2022-05-20,1.394735400491793,1.362963469597148,1.3503135583923136
2022-05-23,1.394859020094162,1.3630842731575192,1.3504332407529271
2022-05-24,1.3799407237338115,1.348505814074447,1.335990086993158
2022-05-25,1.3862631576756432,1.3546842236126428,1.3421111535916577
2022-05-26,1.3887240299553822,1.3570890374715627,1.3444936479369163
2022-05-27,1.3949740056256823,1.3631966393302997,1.3505445640348746
2022-05-30,1.3986373521622555,1.3667765352045018,1.35409123424607
2022-05-31,1.4063688968575825,1.3743319560962155,1.3615765319059236
2022-06-01,1.4035541519357302,1.371581330778061,1.3588514356403143
2022-06-02,1.4068650548350028,1.374816811645257,1.362056887422661
2022-06-03,1.4175371147703881,1.3852457631382444,1.3723890459250154
2022-06-06,1.4175371147703881,1.3852457631382444,1.3723890459250154
2022-06-07,1.4158981000267616,1.3836440849841614,1.3708022332364271
2022-06-08,1.4222125596955195,1.3898147019024145,1.3769155795397034
2022-06-09,1.4155013848760492,1.3832564069643256,1.3704181533266189
2022-06-10,1.4207704076795116,1.3884054019629912,1.3755193595686668
2022-06-13,1.4162744177482403,1.3840118302261306,1.3711665653680962
2022-06-14,1.4153739031479602,1.3831318292570667,1.3702947318476597
2022-06-15,1.4132283286715035,1.3810351307494648,1.3682174931792508
2022-06-16,1.410213505921731,1.3780889853560077,1.3652986914956253
2022-06-17,1.414883556555482,1.3826526527102079,1.3698200026252556
2022-06-20,1.4114314295781585,1.3792791648351288,1.3664778247031002
2022-06-21,1.4108620938018457,1.3787227984700279,1.3659266220751596
2022-06-22,1.399368691789651,1.367491214989396,1.3547992809582365
2022-06-23,1.407620538011718,1.3755550849918674,1.3627883087204173
2022-06-24,1.4070656115640148,1.3750127997123327,1.3622510564889334
2022-06-27,1.417185222558591,1.384901886995324,1.3720483613589567
2022-06-28,1.4251450426714634,1.392680383213735,1.3797546639429346
2022-06-29,1.4153172713804465,1.3830764875554704,1.3702399037824344
2022-06-30,1.4181901449271468,1.3843545941596263,1.372649038867469
2022-07-01,1.4122968672478342,1.3786987620204896,1.3669450106359575
2022-07-04,1.4165882767056461,1.3824168328440194,1.3710986115988857
2022-07-05,1.4143590443155067,1.380266388749662,1.3689409778489963
2022-07-06,1.4019018187290349,1.3689973072610406,1.3568837828998919
2022-07-07,1.4031185918005233,1.369768404774909,1.3580614777210378
2022-07-08,1.4032693335069515,1.3702961113068186,1.3582073758336906
2022-07-11,1.3948206751433476,1.363414342127609,1.3500300217293428
2022-07-12,1.3861763350876037,1.355482171401476,1.3416632794643109
2022-07-13,1.3848724345420664,1.353924536847213,1.3404012498197961
2022-07-14,1.3847476676208847,1.3537790968937653,1.340280490045311
2022-07-15,1.3706633683832559,1.341034587860057,1.3266484647751304
2022-07-18,1.387668284800626,1.3575986714316461,1.3431073109542784
2022-07-19,1.383757403981272,1.3541322007264962,1.339322015497757
2022-07-20,1.3889577989296493,1.359170427647265,1.3443554152447397
2022-07-21,1.3827787592116245,1.353985514639706,1.3383748014067034
2022-07-22,1.3842752031238972,1.3554871451470574,1.3398231921619126
2022-07-25,1.38161123994558,1.3533842339782347,1.3372447720487226
2022-07-26,1.3912075674070528,1.362510011421383,1.3465329420085057
2022-07-27,1.3903123317675379,1.362128587563984,1.3456664515283774
2022-07-28,1.3980751033880077,1.370201158657685,1.3531799434370548
2022-07-29,1.3955214935018354,1.3690232873048382,1.3507083319071465
2022-08-01,1.3982518708463185,1.3713744202741682,1.3533510435241793
2022-08-02,1.3877254403996913,1.3626022438613248,1.3431626383716437
2022-08-03,1.3843534913087072,1.3601731107156307,1.3398989746842311
2022-08-04,1.3859496362548906,1.3608994545252624,1.3414438676743532
2022-08-05,1.3942902819900316,1.3681173049115025,1.3495166765634774
2022-08-08,1.3965153510928963,1.370677742367645,1.3516702916279333
2022-08-09,1.3974458925896411,1.371427279832464,1.3525709519337823
2022-08-10,1.393576705110683,1.3686523903356422,1.3488260107606032
2022-08-11,1.403742654392221,1.3770113391564196,1.3586655069874192
2022-08-12,1.4052896755175954,1.3786897248029277,1.360162851928318
2022-08-15,1.4058119886553584,1.379382152369191,1.3606683966625295
2022-08-16,1.4061667241981792,1.3799640258488928,1.3610117447953234
2022-08-17,1.405759224634895,1.37848632629454,1.3606173290378523
2022-08-18,1.401930949977002,1.3754835787671889,1.3569119842685062
2022-08-19,1.3986765856100798,1.3728715972441519,1.3537621242418307
2022-08-22,1.4029276908940573,1.37649227175361,1.3578767178772324
2022-08-23,1.40446867561104,1.378648906735047,1.3593682132957197
2022-08-24,1.3962824084311223,1.3722545705819464,1.351444823171948
2022-08-25,1.4014639544418768,1.3767447191789177,1.3564599812307208
2022-08-26,1.4028302410727154,1.3784104861459114,1.3577823913334246
2022-08-29,1.3998657313106875,1.3758082019578581,1.35491307300249
2022-08-30,1.3965440993928175,1.372714391304383,1.3516981131866037
2022-08-31,1.3904434110473276,1.3662522857951467,1.3457933346403292
2022-09-01,1.3831840864460805,1.3596314756963168,1.338767128019163
2022-09-02,1.3818273933171243,1.3587680743846808,1.337454000240991
2022-09-05,1.384459045735417,1.3617469088701772,1.34000114099867
2022-09-06,1.390319372532487,1.3668599983007874,1.345673284344512
2022-09-07,1.388366335267885,1.3647431695975434,1.3437829702198596
2022-09-08,1.3866208508177664,1.3633955754441722,1.342093535252223
2022-09-09,1.3931681413459527,1.368703541255967,1.3484305731999557
2022-09-12,1.396403001544507,1.3716108544950343,1.3515615535846013
2022-09-13,1.3964030003021404,1.3716108544950343,1.351561553547946
2022-09-14,1.3878451980440445,1.363926078230696,1.3432785590717655
2022-09-15,1.381939737986593,1.3588077427387606,1.337562740409101
2022-09-16,1.3716430344377475,1.3506772300276975,1.3275966849843497
2022-09-19,1.368034211855689,1.3470290843606556,1.3241037483878273
2022-09-20,1.3713254852067804,1.3503404490913449,1.3272893339572465
2022-09-21,1.3712969108719817,1.3511310847715703,1.3272616783348408
2022-09-22,1.3691026242070068,1.3498096863586424,1.3251378539349445
2022-09-23,1.3627949933495838,1.343576125250172,1.3190327806875246
2022-09-26,1.3536266048677008,1.3345146742642806,1.3101588115878977
2022-09-27,1.360897915136605,1.3405680483922355,1.317196621505534
2022-09-28,1.3478771602484836,1.3287321791387874,1.304593985984905
2022-09-29,1.35048005733829,1.3315058790262573,1.3071132997519608
2022-09-30,1.3470010439348754,1.3280757455587409,1.302255983663166
2022-10-03,1.3463942614659217,1.327477488402177,1.297914551313016
2022-10-04,1.352335751962537,1.3333355014051433,1.2979158007279474
2022-10-05,1.352335751962537,1.3333355014863608,1.2979164516408428
2022-10-06,1.351898786666798,1.332904675584989,1.2979168808856238
2022-10-07,1.3503158447565455,1.3313439741045436,1.2979182779942664
2022-10-10,1.347205207766329,1.3282770413245273,1.2979175937771026
2022-10-11,1.3455084845625611,1.3266041569025464,1.3002965217524056
2022-10-12,1.3513986437891288,1.332411559589396,1.3105534387269429
2022-10-13,1.3488119972431143,1.3298612554081097,1.3111626907510763
2022-10-14,1.360271995579659,1.3411602411840948,1.32328441191495
2022-10-17,1.3591603998276833,1.340064263297041,1.3244391607061137
2022-10-18,1.3621396179334702,1.3430016234512239,1.3261501276902365
2022-10-19,1.355971916184251,1.3369205777334021,1.3215554859130918
2022-10-20,1.351679588046408,1.3326885565923385,1.3181647449802194
2022-10-21,1.350541536604686,1.3315664947748542,1.3175244404188946
2022-10-24,1.3398562031151,1.3210312896803105,1.3113023917467137
2022-10-25,1.3387745456491917,1.3199648294615507,1.3107070023859821
2022-10-26,1.3435672282360922,1.3246901752037783,1.3165712979716644
2022-10-27,1.3424808293813806,1.3236190402619217,1.31437238199072
2022-10-28,1.3273148083748174,1.3086661010401597,1.3003622731349134
2022-10-31,1.32445557231119,1.305847037055282,1.3009701995161125
2022-11-01,1.341686656762811,1.3228360256140528,1.3139845944683919
2022-11-02,1.3489207656475335,1.3299684957020534,1.3199999244824256
2022-11-03,1.3453811456133467,1.3264786070794266,1.3192714117621158
2022-11-04,1.3613597094011787,1.3422326730289218,1.3311116678138242
2022-11-07,1.3654644955315123,1.3462797870858871,1.3329243696881024
2022-11-08,1.3647637790378904,1.34558891549614,1.3309155659952998
2022-11-09,1.363471821,1.344315109265384,1.3310081897468062
2022-11-10,1.3582467974679466,1.33916349710873,1.3278632812859925
2022-11-11,1.3739136698623502,1.3546102508381768,1.3351392046331252
2022-11-14,1.3704385079913188,1.3511839146726834,1.329315587885931
2022-11-15,1.38208625371428,1.3626680101811717,1.338924577391535
2022-11-16,1.3795415755361309,1.360159084553185,1.3358542744316746
2022-11-17,1.3776234000158782,1.358267859139429,1.3359319641412588
2022-11-18,1.3751452169222669,1.3558244942773332,1.332912932204767
2022-11-21,1.3695708256801218,1.3503284229484396,1.3306759766905
2022-11-22,1.3650047314546032,1.3458264821723958,1.3270805451686947
2022-11-23,1.366391400663955,1.347193668583465,1.3270060527990606
2022-11-24,1.3687778276725153,1.3495465664057766,1.3292976165845687
2022-11-25,1.3683959261799101,1.3491700305122694,1.3279696391703903
2022-11-28,1.3621300585793408,1.342992198018695,1.3239276591188862
2022-11-29,1.3757876305868675,1.3564578817996307,1.3328339848932043
2022-11-30,1.3773861568509398,1.3580339489868727,1.332466291121026
2022-12-01,1.3818786595546273,1.3624633323302886,1.337201473722089
2022-12-02,1.3828234725153643,1.3633948706410255,1.3374900047214688
2022-12-05,1.3892566623160423,1.369737674272698,1.3402160877567297
2022-12-06,1.3868355018079157,1.3673505307488303,1.3389125446123724
2022-12-07,1.3804531808233813,1.3610578809255534,1.337315399478322
2022-12-08,1.3852437795039525,1.3657811718631379,1.336841202533301
2022-12-09,1.3909820243844044,1.371438794679249,1.339867138074742
2022-12-12,1.3836029474261773,1.3641633935137942,1.3337678620147397
2022-12-13,1.3828162518245883,1.3633877511131922,1.3306059139448054
2022-12-14,1.3851524448460193,1.3656911208580291,1.3324005966487047
2022-12-15,1.3844354665984882,1.3649842160305596,1.3322031890039001
2022-12-16,1.3813090834746868,1.3619017583038835,1.3284028161753252
2022-12-19,1.3721882494370463,1.3529090715858976,1.3196520866996138
2022-12-20,1.3673364968183732,1.3481254858659877,1.3146958782527387
2022-12-21,1.3695699228521936,1.3503275325051667,1.3149745294858404
2022-12-22,1.3689432054271655,1.3497096203567402,1.311488044125426
2022-12-23,1.3665093557564103,1.3473099663276957,1.3088187921850527
2022-12-26,1.3760329652216623,1.3566997695706278,1.3175721073073947
2022-12-27,1.3814961995717707,1.3620862457461518,1.3228770506829501
2022-12-28,1.3790326898267047,1.3596573481296639,1.3203507440552458
2022-12-29,1.3773156800580528,1.3579644622050862,1.3194646287913374
2022-12-30,1.3808687079250244,1.3614675704163037,1.3224716601526243
2023-01-02,1.387510051515314,1.368015816873655,1.3291551020387553
2023-01-03,1.387510051515314,1.368015816873655,1.3291551020387553
2023-01-04,1.389717295048427,1.3701920490830668,1.3312697009585917
2023-01-05,1.3937332520967785,1.37415158274989,1.3354171149423313
2023-01-06,1.393770736830808,1.3741885408310137,1.3355402983988658
2023-01-09,1.3984716190023072,1.378823376562003,1.3403100768046776
2023-01-10,1.3972817636049835,1.3776502383915417,1.3392094201371205
2023-01-11,1.3971833931129354,1.3775532499849434,1.3391348490353354
2023-01-12,1.3986711587150567,1.3790201127822832,1.3406047528848368
2023-01-13,1.4044206600950018,1.384688834834647,1.346570257654031
2023-01-16,1.4077036456488676,1.3879256951077323,1.350045996332619
2023-01-17,1.4080232518423383,1.3882408108990456,1.3503036531348716
2023-01-18,1.4116409931736003,1.3918077236987896,1.3539703712966946
2023-01-19,1.414329490002047,1.3944584476924022,1.3567328362678284
2023-01-20,1.4216245334487874,1.4016509972591762,1.364232687292738
2023-01-23,1.4260412414853216,1.4060056514441264,1.3685919292398894
2023-01-24,1.4260412414853216,1.4060056514441264,1.3685919292398894
2023-01-25,1.4260412414853216,1.4060056514441264,1.3685919292398894
2023-01-26,1.4260412414853216,1.4060056514441264,1.3685919292398894
2023-01-27,1.4266332575392862,1.406589349792677,1.3691962514411264
2023-01-30,1.4235968517295907,1.4035956048683975,1.3660966464772237
2023-01-31,1.419874413388855,1.3999254660309153,1.3621884662175716
2023-02-01,1.4259699615738854,1.4059353730009805,1.3684479802581813
2023-02-02,1.423555122167273,1.403554461597962,1.3659623066274122
2023-02-03,1.419616707634286,1.399671380989899,1.361892450323981
2023-02-06,1.4126714497535346,1.3928237025728973,1.3548111766695266
2023-02-07,1.4132596747983408,1.3934036631751987,1.3553943326363833
2023-02-08,1.4119904663446008,1.39215228684266,1.354076676004979
2023-02-09,1.4189621714095428,1.3990260408662816,1.3611670029849459
2023-02-10,1.413931008957298,1.3940655652254637,1.3560190379043562
2023-02-13,1.416951211066457,1.3970433341079107,1.35905752114567
2023-02-14,1.4185015467420212,1.3985718878818592,1.3606300114433338
2023-02-15,1.415518406738103,1.395630660389596,1.3575724849554431
2023-02-16,1.413913539526531,1.394048341236654,1.3558864030094933
2023-02-17,1.4096660908172505,1.389860568319759,1.3515389602734134
2023-02-20,1.4174883066002573,1.3975728835584598,1.3595785264459124
2023-02-21,1.4181515126271582,1.3982267716752743,1.3603173515875624
2023-02-22,1.4170267843976174,1.3971178456491053,1.3591014788166311
2023-02-23,1.4149273578478652,1.3950479156163182,1.3569633615708534
2023-02-24,1.4126255464824522,1.3927784442334585,1.354587390762129
2023-02-27,1.4081552960823853,1.388370999944317,1.3500078497148449
2023-02-28,1.4098765299659874,1.3900680508411631,1.3517606945707874
2023-03-01,1.4192010160838524,1.3992615298213888,1.3612318789288396
2023-03-02,1.4171903211983066,1.3972790847909333,1.3592110379534932
2023-03-03,1.4193917433771586,1.3994495774349305,1.3614939563162394
2023-03-06,1.4194115639498956,1.399469119532643,1.3613289833244704
2023-03-07,1.4144395222421553,1.3945669340018674,1.3562138993111985
2023-03-08,1.409796403041814,1.3899890496840133,1.3514540269551223
2023-03-09,1.407809778810276,1.3880303371197615,1.349406259338853
2023-03-10,1.3992802938550837,1.3796206896972107,1.3406544040095563
2023-03-13,1.4052283072281353,1.3854851346894643,1.3466898056122558
2023-03-14,1.399733974657497,1.3800679963764204,1.3410623017775514
2023-03-15,1.4019545602900179,1.382257383231451,1.3433419926993742
2023-03-16,1.3922863664513907,1.3727250255541874,1.3334203838179077
2023-03-17,1.3978112958964952,1.3781723308618208,1.3390192322415704
2023-03-20,1.3944412433914533,1.3748496269105541,1.3355288568179062
2023-03-21,1.3988426495624706,1.3791891942180927,1.340026300128913
2023-03-22,1.400732860503664,1.3810528480791628,1.341984762571753
2023-03-23,1.4045304214566345,1.3847970540714236,1.3458531972318306
2023-03-24,1.4058301280346515,1.3860785000357825,1.3472289730239624
2023-03-27,1.4022488644414717,1.3825475524693032,1.3434985051602473
2023-03-28,1.402716032396345,1.383008156809218,1.3439705541644966
2023-03-29,1.4052632214984109,1.3855195584213278,1.3465575060025448
2023-03-30,1.4081646819984206,1.3883802539901364,1.3494891871979067
2023-03-31,1.4114575958563453,1.3920966873060623,1.353003036811452
2023-04-03,1.4154384789382037,1.3960348702830139,1.3566370085675739
2023-04-04,1.4166309569849822,1.396452916509229,1.357021098712311
2023-04-05,1.417200909173598,1.3973237060145667,1.3578254607176812
2023-04-06,1.417200909173598,1.3973237127130076,1.3578254607176812
2023-04-07,1.4210685030863417,1.401995398575833,1.3620976886138119
2023-04-10,1.4156346950315923,1.3965977107880467,1.357200978901476
2023-04-11,1.4177059677872037,1.398613833052089,1.3590679477965593
2023-04-12,1.4187697318442345,1.3986654733964272,1.3591278199558556
2023-04-13,1.4153400095289355,1.3954716012522177,1.356216906884845
2023-04-14,1.4184345567399947,1.3990471966445353,1.3594873720032237
2023-04-17,1.4216441043536114,1.4041127741106196,1.3641231234047533
2023-04-18,1.4224266551152676,1.4041395577075788,1.3641607854030773
2023-04-19,1.4201070806337672,1.4002461887158175,1.3606225997530115
2023-04-20,1.4174778052896189,1.397807333599771,1.3584041687446164
2023-04-21,1.4055894169464094,1.3842643582660825,1.3460340667672748
2023-04-24,1.4014239019788306,1.379478703519651,1.3416847868975832
2023-04-25,1.3979902876360195,1.374135412696665,1.3368101972349515
2023-04-26,1.3987356748679602,1.3756437667588828,1.338208380719898
2023-04-27,1.3977897391752845,1.3751367051087369,1.337789115549036
2023-04-28,1.402338625888562,1.379896878802021,1.3421634713062378
2023-05-01,1.4034829216346048,1.3811656859163088,1.3433965766266422
2023-05-02,1.4034829216346048,1.3811654623098018,1.3433965766266422
2023-05-03,1.4034829216346048,1.379827406161153,1.3421729190737948
2023-05-04,1.4034829216346048,1.38124845356007,1.3434727089514902
2023-05-05,1.402711673422155,1.3810057847508435,1.3432983517004
2023-05-08,1.4080491722061377,1.3876200917332135,1.3493728462743595
2023-05-09,1.4022674359018514,1.3794848113073241,1.341943796955538
2023-05-10,1.4017737929004004,1.3783544025829069,1.3409506709473156
2023-05-11,1.398367096163561,1.3748289555459259,1.3377906299325046
2023-05-12,1.392411595584931,1.3683016680728275,1.3318247225335555
2023-05-15,1.3987611143274246,1.3764714758020316,1.3393140581903278
2023-05-16,1.3950557207715752,1.3728799345313363,1.3360151345877982
2023-05-17,1.395618131348586,1.3710646688695467,1.334350147165577
2023-05-18,1.3964887973645175,1.3728826561584597,1.3360037191515484
2023-05-19,1.3948910759929312,1.3696952771152149,1.3331150751365315
2023-05-22,1.3929495015915245,1.3690267711000406,1.3325634925486358
2023-05-23,1.3892760725700843,1.3639273248926858,1.3279652007974978
2023-05-24,1.3860149096614551,1.358899329633061,1.3233632077227553
2023-05-25,1.384144309975079,1.354909460335249,1.319699735530447
2023-05-26,1.3867142669561683,1.356259864083087,1.3209375424856247
2023-05-29,1.3862971483459985,1.3558217554431256,1.3205639813474752
2023-05-30,1.385733906834507,1.3554943344293076,1.3203038562467209
2023-05-31,1.3828642195164993,1.3504744793319452,1.3157394006092
2023-06-01,1.387696323736129,1.3550316674469456,1.3199654813084105
2023-06-02,1.3928592299649158,1.3644432424451685,1.3285882168825525
2023-06-05,1.3919758327028278,1.3644831884291906,1.3286475700792544
2023-06-06,1.387367154951791,1.3598566647964816,1.3244624275535322
2023-06-07,1.3868453554062399,1.3601888013397885,1.3248055082395587
2023-06-08,1.3869771391165377,1.360604199316958,1.3251733009484163
2023-06-09,1.3926817101993352,1.3667120725765574,1.3307758994155932
2023-06-12,1.3918936898025107,1.3659917350981743,1.3301437421523195
2023-06-13,1.3960005783537557,1.3706675258722492,1.3344492861991761
2023-06-14,1.3986202589467458,1.3725503111445478,1.3362077225556188
2023-06-15,1.4014896452353947,1.3778169467952026,1.340988200502396
2023-06-16,1.40801190299238,1.3854824162668502,1.347949691582878
2023-06-19,1.4059017556761226,1.3827235286012016,1.3453887349717732
2023-06-20,1.4069367561428356,1.381977816147043,1.3447182400661204
2023-06-21,1.3994825600035092,1.372363453569374,1.33594854243396
2023-06-22,1.391764517137499,1.3628124462104676,1.3272505811820163
2023-06-23,1.391764517137499,1.3628124294585173,1.3272505811820163
2023-06-26,1.391764517137499,1.3622453893995954,1.3267312682215928
2023-06-27,1.3964307882015323,1.368906395232089,1.3328177821542524
2023-06-28,1.395197502876622,1.3678192703282261,1.3318390973901133
2023-06-29,1.3959857885091598,1.3671749839777059,1.3312684882276518
2023-06-30,1.400744097433762,1.3721449058738202,1.3358062039960104
2023-07-03,1.40975788100407,1.3792565994375574,1.3444021124410785
2023-07-04,1.4106107006446669,1.379512788933982,1.3452153957219428
2023-07-05,1.406940364418159,1.3774721123794882,1.3417152147010567
2023-07-06,1.4034448095153342,1.3772640080486487,1.3383817122196258
2023-07-07,1.399562545317299,1.3742284919642513,1.3346794281090275
2023-07-10,1.401306400283272,1.3753581736467289,1.336342438713228
2023-07-11,1.4066523852133606,1.379852698814,1.3414405860745218
2023-07-12,1.4054869135715595,1.3774368894239015,1.340329145192937
2023-07-13,1.413533260009288,1.3829534495431794,1.3480024664670127
2023-07-14,1.414351903887643,1.3834389467876596,1.3487831583747452
2023-07-17,1.4091263804018141,1.3803321638365587,1.343799887915372
2023-07-18,1.4104434107140251,1.3817035118673162,1.3450558612636054
2023-07-19,1.412210075857194,1.3839176528052042,1.3467406245719633
2023-07-20,1.4102331741774066,1.3820025120457817,1.3448553712022853
2023-07-21,1.4097755166310755,1.380656684407659,1.3444189304558765
2023-07-24,1.4065300119232524,1.3796957685624167,1.3413238859414696
2023-07-25,1.4187186717290643,1.3878997344563784,1.3529474847204763
2023-07-26,1.4193496205356704,1.388957951766993,1.353549183015361
2023-07-27,1.4197832583524368,1.3878253444304636,1.353962717563377
2023-07-28,1.425458186896646,1.3921414337143285,1.3593745588592576
2023-07-31,1.4282018400956886,1.3940721092883475,1.361991017474205
2023-08-01,1.4296571320603566,1.395964804301469,1.3633788427327491
2023-08-02,1.4256305822367303,1.394616258575116,1.3595389620339948
2023-08-03,1.4226255075367813,1.3920527642320066,1.356673201294662
2023-08-04,1.426720461369919,1.3956240790802772,1.3605783148254795
2023-08-07,1.424455054119373,1.3932774964606431,1.3584179308842044
2023-08-08,1.4200088133839845,1.3907211796893069,1.3541778159518678
2023-08-09,1.420361717460104,1.3907252236278345,1.354514359540662
2023-08-10,1.4196741260975656,1.3899964909197597,1.3538586446229588
2023-08-11,1.412907556985552,1.3839734865897617,1.3474057707408658
2023-08-14,1.4099071578021936,1.3826400359820499,1.344544468775026
2023-08-15,1.4097032528224387,1.3835836937741417,1.344350016748394
2023-08-16,1.4041485343638689,1.3793210244110854,1.3390528126535235
2023-08-17,1.4078099033498017,1.3831603071691603,1.342544442146007
2023-08-18,1.4009203238290782,1.378291270137894,1.335974260563482
2023-08-21,1.398813013428649,1.3781476824646663,1.333964644167801
2023-08-22,1.4015470840696183,1.3799513541809667,1.3365719644725602
2023-08-23,1.3965719622859047,1.3743994763320349,1.3318274871972695
2023-08-24,1.4007926914862763,1.3765483974919113,1.3358525452078127
2023-08-25,1.3973751132553354,1.3745589970202827,1.3325934044275654
2023-08-28,1.400001545661636,1.3762270287053433,1.3350980765581868
2023-08-29,1.4087283349653645,1.3831898632130608,1.3434202956608803
2023-08-30,1.4122407888348503,1.3868627742106623,1.3467699136790232
2023-08-31,1.410768800567356,1.3859418818568099,1.3453661661495557
2023-09-01,1.4162227946159571,1.388844280748357,1.3505673153738695
2023-09-04,1.419142332579053,1.3918875543661522,1.3533515048115257
2023-09-05,1.4155739337818218,1.390513244314566,1.3499485354422034
2023-09-06,1.4164204022002287,1.3914394526574578,1.350755761946605
2023-09-07,1.4079119617610794,1.3840828681559145,1.3426417691473445
2023-09-08,1.4051812344313948,1.3818832153853464,1.3400376371582707
2023-09-11,1.4100537835657454,1.3869764951927912,1.34468429701182
2023-09-12,1.4105344386893575,1.3879188760822805,1.3451426691646982
2023-09-13,1.406452770178716,1.3837541483318114,1.3412502250503426
2023-09-14,1.4083405419523343,1.3854873077958354,1.3430504805293455
2023-09-15,1.4101505887484904,1.386542212405458,1.3447766143340592
2023-09-18,1.4072703132764517,1.3851046787415349,1.342029867191262
2023-09-19,1.405140800492056,1.3824599005668052,1.3399990777034567
2023-09-20,1.4035452159769035,1.3814890199236698,1.338477463803097
2023-09-21,1.39642271752027,1.3754897532512096,1.3316851613105842
2023-09-22,1.4060662213267785,1.3830727252934323,1.3408815964309952
2023-09-25,1.4009504975344096,1.3797828067131475,1.3360030353919168
2023-09-26,1.3959605905806207,1.3762288640830282,1.331244458374239
2023-09-27,1.398710390364676,1.3781872286499652,1.3338667786132206
2023-09-28,1.3984888581505877,1.3794824954813958,1.333655516541958
2023-09-29,1.3944951743931282,1.3725160415399973,1.3298469782450524
2023-10-02,1.3915740815067512,1.3696409888729202,1.3269743535893483
2023-10-03,1.3915740815138458,1.369640988887318,1.3269743535893483
2023-10-04,1.3907346404652134,1.3688147783812752,1.326173881288098
2023-10-05,1.3908467507423752,1.3689251215829312,1.3262807872357683
2023-10-06,1.3925247498894509,1.370576673209421,1.3278808901974921
2023-10-09,1.392717052937244,1.3707659454333068,1.3280642660217068
2023-10-10,1.3875504069368814,1.3656807327550426,1.3231374663601403
2023-10-11,1.3894603854141512,1.3675606073165243,1.3249587797740436
2023-10-12,1.395601980660688,1.373605402708128,1.3308152695456377
2023-10-13,1.3923616775244718,1.370416171317097,1.3277253877757333
2023-10-16,1.3920838339143413,1.3701427068545697,1.32746044227704
2023-10-17,1.3924020754553659,1.3704559324867236,1.327763910383746
2023-10-18,1.3885375313576096,1.366652298895772,1.3240787663111802
2023-10-19,1.3821455184284155,1.3603610327798406,1.3179834837270248
2023-10-20,1.37806389834999,1.3563437445552902,1.3140913408456052
2023-10-23,1.369724377408481,1.3481356656794068,1.3061389576746056
2023-10-24,1.372261269762024,1.3506325731103206,1.3085580823299656
2023-10-25,1.3751851452045676,1.3535103643879485,1.3113462254007051
2023-10-26,1.3782641776437763,1.3565408670265178,1.3142823228995573
2023-10-27,1.38632327258458,1.3644729398039421,1.3219672980131127
2023-10-30,1.3912815923001658,1.3693531095751312,1.3266954424397042
2023-10-31,1.386576138241524,1.3647218198456723,1.3222084252270156
2023-11-01,1.3855301855916275,1.3636923527232665,1.3212110279422227
2023-11-02,1.385243257300755,1.3634099468936667,1.3209374193766528
2023-11-03,1.392926015585242,1.3709716144264337,1.328263528304168
2023-11-06,1.400485134388182,1.3784115912867996,1.3354717372727782
2023-11-07,1.3968882989664781,1.3748714467261771,1.3320418744668023
2023-11-08,1.3963950045570253,1.3743859272222831,1.3315714798726739
2023-11-09,1.3936377914514466,1.371672171550127,1.328942262246221
2023-11-10,1.3916621866106853,1.3697277049749959,1.3270583689890747
2023-11-13,1.394343272522115,1.3723665333824777,1.3296149933457841
2023-11-14,1.3970266895192396,1.375007656090078,1.3321738406150074
2023-11-15,1.4047473808652473,1.382606658829115,1.3395361216540638
2023-11-16,1.3999135019454505,1.3778489682370776,1.3349266414640826
2023-11-17,1.3965027460450683,1.3744919706015994,1.3316742197401805
2023-11-20,1.4004615756593786,1.3783884037647955,1.3354492722895468
2023-11-21,1.398056093014367,1.3760208347905103,1.3331554570859558
2023-11-22,1.394136887268745,1.3721634010182888,1.3294181889399694
2023-11-23,1.3950915539650637,1.373103020852765,1.3303285380664163
2023-11-24,1.3905407165824981,1.3686239107999794,1.325988959934439
2023-11-27,1.3884612164297774,1.3665771863632996,1.3240059944725686
2023-11-28,1.3887832744208233,1.3668941683513285,1.3243131018086773
2023-11-29,1.3850165175574811,1.3631867807348952,1.3207212054867545
2023-11-30,1.3862837774595853,1.3644340668935937,1.3219296365902684
2023-12-01,1.383681769062967,1.3618730695185954,1.3194484189112798
2023-12-04,1.3808529030117256,1.3590887901948387,1.3167508746648595
2023-12-05,1.369961549765771,1.348369099399873,1.3063651204409688
2023-12-06,1.3726162287014776,1.3509819368775053,1.3088965638374965
2023-12-07,1.3718142596751464,1.3501926079591329,1.30813182387044
2023-12-08,1.3756838425490847,1.3540012010387044,1.3118217726898975
2023-12-11,1.3769019709034598,1.3552001300474938,1.3129833530165833
2023-12-12,1.3792744585647283,1.3575352239697185,1.315245705035335
2023-12-13,1.3707731872076838,1.3491679442137439,1.3071390801170104
2023-12-14,1.3721982351197466,1.3505705315380123,1.3084979742879832
2023-12-15,1.3735669656015854,1.3519176889702826,1.309803165491481
2023-12-18,1.3692366721014155,1.3476556468208087,1.305673893058497
2023-12-19,1.3679301918938536,1.3463697585630008,1.3044280622990923
2023-12-20,1.3656647354673819,1.3441400088180835,1.3022677729967689
2023-12-21,1.3696523445354603,1.348064767751942,1.3060702690714527
2023-12-22,1.3676028866331238,1.3460476120703466,1.3041159512267049
2023-12-25,1.3700880558361581,1.3484936117181177,1.3064857536983352
2023-12-26,1.3675570254151288,1.3460024737658645,1.304072218908972
2023-12-27,1.3710818496207577,1.349471741910475,1.3074334135846994
2023-12-28,1.3793983161594556,1.3576571296176685,1.3153638127083405
2023-12-29,1.3797989582220558,1.3580514569632753,1.3157458561937574
2024-01-01,1.3771147257081042,1.3554095316124792,1.3147618697488292
2024-01-02,1.3771147257081042,1.3554095316124792,1.3147618697488292
2024-01-03,1.3742364639937092,1.352576635155537,1.3127538035170319
2024-01-04,1.3715274280390506,1.3499102972914627,1.3100040358611096
2024-01-05,1.3654836641750892,1.3439617913125625,1.304578936476207
2024-01-08,1.3561200516008842,1.3347457620129848,1.2970894549583336
2024-01-09,1.3562227838367757,1.3348468750205602,1.2974194849415528
2024-01-10,1.3531841861097271,1.3318561697266835,1.2949374339269595
2024-01-11,1.3597409369921098,1.3383095773185432,1.3002720686172387
2024-01-12,1.3576332406909168,1.3362351011498468,1.2985039782844319
2024-01-15,1.3572920507342765,1.3358992888119776,1.2983417943765239
2024-01-16,1.3559421395241593,1.3345706540290103,1.2992889321704983
2024-01-17,1.34218503414779,1.3210303792829876,1.289289437181302
2024-01-18,1.3455304218008695,1.3243230390701062,1.2919171830343872
2024-01-19,1.3438040182411946,1.3226238459802544,1.29072629258662
2024-01-22,1.3283570515741399,1.3074203444109327,1.2773702528714639
2024-01-23,1.3363542983560142,1.3152915437561283,1.2828413670946084
2024-01-24,1.3452659941208502,1.3240627791105133,1.2882737201559764
2024-01-25,1.3557536139317885,1.3343850997773026,1.296907363695755
2024-01-26,1.3523738062187904,1.3310585623933735,1.2951823142822292
2024-01-29,1.3475468087352402,1.3263076449523716,1.2894380303927915
2024-01-30,1.3361593577631468,1.315099675630282,1.2803300414800312
2024-01-31,1.3275191008137366,1.3065956008600799,1.2729908934670107
2024-02-01,1.3268008661241075,1.305888686578289,1.2717138731582813
2024-02-02,1.3173723550388459,1.2966087816300518,1.2623201596407285
2024-02-05,1.3085494558174875,1.2879249432432622,1.2534847116060759
2024-02-06,1.3298426230253209,1.3088825012713436,1.2711163936623044
2024-02-07,1.3417201052115328,1.3205727782318997,1.283546779878717
2024-02-08,1.3481704068299465,1.3269214143109547,1.2914496712932406
2024-02-09,1.3489971488339632,1.3277351257303378,1.2931707216013395
2024-02-12,1.3502092114672082,1.3289280846175051,1.293517983281794
2024-02-13,1.350209211495121,1.3289280846308333,1.2935180165772617
2024-02-14,1.350209211452604,1.3289280846105316,1.2935179658618419
2024-02-15,1.350635117668937,1.3293472779445594,1.2935180204487033
2024-02-16,1.3531796670864937,1.331851721804027,1.2935180465781722
2024-02-19,1.3519986239844162,1.330689293540066,1.2935180504171664
2024-02-20,1.3525699199412096,1.3312515851206899,1.2934990462554825
2024-02-21,1.356581125136274,1.335199568273601,1.295927323970741
2024-02-22,1.3628661800299398,1.341385562173462,1.3007835490165431
2024-02-23,1.3650263503637292,1.3435116853333753,1.3030851178053315
2024-02-26,1.3628360746685975,1.3413559313342798,1.3014436328989196
2024-02-27,1.372670405457246,1.3510352597224744,1.3104383067203775
2024-02-28,1.3623376404444503,1.3408653530879528,1.3015802640149912
2024-02-29,1.3723504614241206,1.3507203584414158,1.3119190394350986
2024-03-01,1.37557909760375,1.3538981069409268,1.3146960326426342
2024-03-04,1.3785316511522954,1.3568041242583644,1.3176551110802068
2024-03-05,1.375870525460512,1.3541849415278684,1.3178019349316534
2024-03-06,1.3798767368724862,1.3581280096019481,1.32006125154375
2024-03-07,1.3765282264123897,1.3548322762043334,1.3180314751335402
2024-03-08,1.3823439595681613,1.3605563455410121,1.3231361666026311
2024-03-11,1.3868341691458126,1.364975783328552,1.3261683213777673
2024-03-12,1.3906924473402462,1.3687732498357468,1.3268326095200709
2024-03-13,1.3889670145818167,1.3670750121960924,1.3251541054103697
2024-03-14,1.3872921189511491,1.3654265151647298,1.324221747820137
2024-03-15,1.3901517205315541,1.3682410455504894,1.3286740137267925
2024-03-18,1.394811105224775,1.372826991998729,1.3333053289609451
2024-03-19,1.3925870704810743,1.3706380110477452,1.332405912501027
2024-03-20,1.3947714963316915,1.3727880074124277,1.3345392839125503
2024-03-21,1.3991516149204988,1.3770990893996136,1.3369048083969926
2024-03-22,1.3906948721210455,1.3687756363333037,1.330694578785638
2024-03-25,1.384885312729489,1.3630576434466941,1.3249525609015202
2024-03-26,1.3845972094586116,1.362774081082767,1.3237114519556807
2024-03-27,1.374845539663912,1.3531761108220148,1.3152748724839685
2024-03-28,1.3809123669041794,1.3591473166187664,1.320477240417095
2024-03-29,1.3890012282834028,1.3671086865818627,1.3261859741142707
2024-04-01,1.3977277109407849,1.3756976280690778,1.3344093101184162
2024-04-02,1.3965703189200396,1.3745584781103184,1.3333043490575167
2024-04-03,1.3982591413593943,1.3762206824262746,1.3349166662333696
2024-04-04,1.3978581505362926,1.3758260117603183,1.3345338406761131
2024-04-05,1.3978581505362926,1.3758260117603183,1.3345338406761131
2024-04-08,1.3978581505362926,1.3758260117603183,1.3345338406761134
2024-04-09,1.4026856942030894,1.3805774668164894,1.3391426920212057
2024-04-10,1.3988595815443368,1.3768116588626005,1.3354899059065588
2024-04-11,1.398981023189476,1.3769311864233342,1.3356058461296145
2024-04-12,1.4002904726428282,1.3782199971841242,1.336855976276722
2024-04-15,1.4021232770491252,1.3800239141167105,1.3386057528994324
2024-04-16,1.3914445121743224,1.3695134610041553,1.328410746234589
2024-04-17,1.4016728768478635,1.379580612830826,1.3381757562555283
2024-04-18,1.4022683201367543,1.380166671128994,1.3387442253968571
2024-04-19,1.401763835738228,1.379670138086185,1.3382625946216073
2024-04-22,1.3976243290485388,1.3755958756147177,1.3343106115238388
2024-04-23,1.3920834755380844,1.370142353441775,1.3290207639497753
2024-04-24,1.3986310726582902,1.3765867515848729,1.335271748690041
2024-04-25,1.3978468237622972,1.3758148635110685,1.334523027015284
2024-04-26,1.4059175371104682,1.3837583715126238,1.3422281293691867
2024-04-29,1.4093435912607908,1.3871304264207147,1.345498980006551
2024-04-30,1.4072473706417474,1.3850672450707375,1.343497720176123
2024-05-01,1.4138720819344914,1.3915875419631167,1.349822325743817
2024-05-02,1.4138720819344914,1.3915875419631167,1.349822325743817
2024-05-03,1.4138720819344914,1.3915875419631167,1.349822325743829
2024-05-06,1.4138720819344914,1.3915875419631167,1.349822325743834
2024-05-07,1.4165768969562225,1.3942497254457864,1.3524046100714562
2024-05-08,1.410743419869465,1.3885081918391449,1.3468353950472065
2024-05-09,1.4148849801112642,1.3925844754960728,1.3507893386693484
2024-05-10,1.4161979043738182,1.3938767062984363,1.3520427862135889
2024-05-13,1.4151760030811336,1.3928709115507496,1.351067178021798
2024-05-14,1.4145766042162522,1.3922809600217896,1.350494932495817
2024-05-15,1.4119995678193673,1.3897445412001996,1.3480346382997588
2024-05-16,1.4138910297632015,1.3916061911483437,1.3498404152178094
2024-05-17,1.4212085153842529,1.3988083433097753,1.3568264117776778
2024-05-20,1.4275203538539167,1.4050206986777294,1.3628523179591094
2024-05-21,1.423270946630464,1.4008382678530813,1.3587954129259938
2024-05-22,1.4251081264814691,1.402646491267576,1.3605493667817254
2024-05-23,1.4141494674890263,1.391860555546114,1.3500871454684036
2024-05-24,1.409907252696194,1.3876852037898264,1.346037107042123
2024-05-27,1.4134316237943185,1.3911540260378286,1.3494018207760474
2024-05-28,1.4108133628183386,1.3885770323922155,1.3469021695135481
2024-05-29,1.4137964981099391,1.3915131494412514,1.3497501659379565
2024-05-30,1.4089321165157722,1.3867254370729962,1.3451061454584352
2024-05-31,1.408811584557297,1.386606804861032,1.3449910737123596
2024-06-03,1.402665931827215,1.3805580159211048,1.339123824898617
2024-06-04,1.405496861373193,1.38334432619264,1.341826510642456
2024-06-05,1.4005366412153712,1.3784622858060944,1.3370909931775306
2024-06-06,1.400752002443852,1.3786742526506435,1.33729659833744
2024-06-07,1.4008025567785165,1.3787240101806906,1.3373448625126352
2024-06-10,1.3959974781727598,1.3739946661058087,1.3327574585399018
2024-06-11,1.3959974781727598,1.3739946661058087,1.3327574585399018
2024-06-12,1.3986424298908382,1.3765979298112303,1.335282591428346
2024-06-13,1.3948659996987642,1.3728810212612685,1.331677237117402
2024-06-14,1.396244524811701,1.374237818955903,1.3329933137309795
2024-06-17,1.3928757957563709,1.370922185621954,1.3297771913073566
2024-06-18,1.3952296821861367,1.3732389716212419,1.3320244444419995
2024-06-19,1.3941212744567844,1.3721480338952703,1.3309662486375142
2024-06-20,1.3907554952899692,1.3688353039556287,1.3277529424696652
2024-06-21,1.3895438718754092,1.3676427773631183,1.326596206748705
2024-06-24,1.380680708644113,1.3589193095594871,1.3181345532456625
2024-06-25,1.3790050471475592,1.3572700587521715,1.3165348008094473
2024-06-26,1.3855677440762593,1.3637293187101227,1.3228002013222475
2024-06-27,1.3785242682042924,1.3567968575345164,1.3160758016096696
2024-06-28,1.3831279639041647,1.3613279927698934,1.3204709455134764
2024-07-01,1.3868201733748142,1.364962008018019,1.3238495697809656
2024-07-02,1.3868500811553723,1.3649914443567623,1.323117431099864
2024-07-03,1.386896114299282,1.365036752121377,1.323478671464794
2024-07-04,1.3815687654959539,1.3597933696019848,1.3191743823435569
2024-07-05,1.3818054725090068,1.3600263456569541,1.319044917269078
2024-07-08,1.3741615803007683,1.352502931478282,1.3111723819183938
2024-07-09,1.3795193460769346,1.3577762514047098,1.3159860003592294
2024-07-10,1.3747051271286173,1.3530379111673236,1.312802548811257
2024-07-11,1.3829193308629453,1.3611226479140386,1.3217588074563904
2024-07-12,1.3830385854850913,1.3612400228643327,1.3248384023327497
2024-07-15,1.3811135919455435,1.3593453698167157,1.321446533128519
2024-07-16,1.383503915944928,1.3616980188817593,1.32243650110631
2024-07-17,1.382210938283375,1.3604254205177146,1.322421217392522
2024-07-18,1.384833739772819,1.3630068830886755,1.3245841145743706
2024-07-19,1.381588463155726,1.3598127560642324,1.3203671392621172
2024-07-22,1.3809852634242696,1.3592190635458068,1.322392581801573
2024-07-23,1.3702194285406095,1.348622912661977,1.3123972860078388
2024-07-24,1.3677461436408525,1.346188610212405,1.3088799200996215
2024-07-25,1.3622457444694602,1.3407749049276125,1.3032900464744928
2024-07-26,1.3682629859436075,1.3466973062860288,1.3080778003853302
2024-07-29,1.3666304059495122,1.3450904577599574,1.3083990166862134
2024-07-30,1.3641012526106893,1.3426011671360922,1.3062422196679617
2024-07-31,1.378253159696779,1.3565300212231886,1.3203875768259543
2024-08-01,1.3779440258282256,1.3562257595308764,1.3191522226883627
2024-08-02,1.3753501181247783,1.3536727348962132,1.3144764862355438
2024-08-05,1.3627919834321724,1.3413125334327871,1.3032226785613932
2024-08-06,1.3615974956673096,1.3401368724530947,1.302629081234311
2024-08-07,1.3621047553129966,1.3406361373023903,1.3047344050930458
2024-08-08,1.360960377503085,1.3395097965812806,1.3042935700910174
2024-08-09,1.3615424770039737,1.340082721481817,1.3048764681206304
2024-08-12,1.359524526545643,1.3380965770902742,1.3033672621115706
2024-08-13,1.3599063824261048,1.338472414148737,1.3043211816166196
2024-08-14,1.354940103808426,1.3335844106982504,1.300711609039699
2024-08-15,1.3579958336533815,1.3365919782816147,1.3036270912288213
2024-08-16,1.3564100983454281,1.335031236105346,1.3039253931783055
2024-08-19,1.3592310517246076,1.3378077270880109,1.307295949169265
2024-08-20,1.3547849479506897,1.333431699891287,1.3028971903409368
2024-08-21,1.3552452115187958,1.3338847088867143,1.301141015003501
2024-08-22,1.3509606009718655,1.3296676298356795,1.3000957389839733
2024-08-23,1.3504587677809188,1.3291737065130924,1.2995539592404797
2024-08-26,1.3559845028987014,1.3346123489002317,1.303548732398455
2024-08-27,1.3533366061662293,1.3320061863281862,1.3008334717525498
2024-08-28,1.3526684582084751,1.3313485691472466,1.2997901240712353
2024-08-29,1.3552840238033403,1.3339229100724874,1.3031340233657769
2024-08-30,1.3614737530109453,1.340015080532474,1.3101271632384808
2024-09-02,1.3507756880591413,1.3294856314489338,1.301044968789458
2024-09-03,1.355154058973598,1.3337949926373465,1.305446999602692
2024-09-04,1.3495606425232465,1.3282897358707253,1.3015271902542165
2024-09-05,1.3513242715171083,1.330025567665916,1.304197318143425
2024-09-06,1.347946449443381,1.3267009843834021,1.2990425425738068
2024-09-09,1.3429428719378398,1.3217762702194407,1.2948575012833512
2024-09-10,1.342932014857007,1.3217655837850908,1.2959956324711064
2024-09-11,1.3451876779678198,1.3239856948268702,1.2964641348221921
2024-09-12,1.3448260731348138,1.3236297896209916,1.2957140438813195
2024-09-13,1.3437848609263676,1.3226049882727025,1.2957272780926479
2024-09-16,1.3453522300048029,1.3241476536779373,1.2977670741701752
2024-09-17,1.3453522300048029,1.3241476538425103,1.299207170664648
2024-09-18,1.3453522300048029,1.3241476538339016,1.301311809129238
2024-09-19,1.35189505596392,1.3305873561484955,1.3058039962872936
2024-09-20,1.351758161370253,1.330452619133625,1.3078335166282105
2024-09-23,1.351071754988708,1.3297770313507828,1.3083489290772106
2024-09-24,1.3681409446230415,1.3465771875092638,1.326190436152454
2024-09-25,1.3735453674578022,1.3518964289778312,1.331301532069518
2024-09-26,1.3889931560617854,1.3671007390443637,1.3502893449081643
2024-09-27,1.4059980419655838,1.3838376048309637,1.3690405163681028
2024-09-30,1.4436074119733502,1.4208542001338593,1.4056613008956742
2024-10-01,1.4717088572634773,1.4485127284833959,1.433024082338701
2024-10-02,1.4717088572689363,1.4485127284833959,1.433024082338701
2024-10-03,1.470030820105849,1.4468611394059723,1.4313901533606979
2024-10-04,1.4731743229321483,1.44995509635526,1.434451027270098
2024-10-07,1.4749687918293635,1.4517212819451186,1.436198327403799
2024-10-08,1.4637598302775965,1.4406889888948302,1.4252840003746994
2024-10-09,1.4346827775038242,1.4120702299420684,1.39697125587511
2024-10-10,1.4367220784304104,1.4140773886774713,1.3989569524784944
2024-10-11,1.4269463786598755,1.4044557672072364,1.3894382130108545
2024-10-14,1.437679046859581,1.4150192740135004,1.3998887664299982
2024-10-15,1.42424172603422,1.4017937436482444,1.3868046539176027
2024-10-16,1.4250465275500728,1.4025858604004977,1.3875883007297307
2024-10-17,1.4182641832334377,1.395910415030859,1.3809842345127603
2024-10-18,1.4381040053095533,1.415437534608314,1.4003025546510297
2024-10-21,1.440250307039976,1.4175500076918208,1.4023924394980392
2024-10-22,1.4429307261695348,1.4201881797518552,1.405002402131464
2024-10-23,1.4471309361853693,1.4243221887741575,1.409092207052797
2024-10-24,1.4427941617618945,1.4200537678097989,1.4048694274284235
2024-10-25,1.4471143681054393,1.4243058818132153,1.4090760744588056
2024-10-28,1.4516556471949993,1.4287755842534027,1.4134979832979382
2024-10-29,1.4471873469051626,1.4243777104445936,1.4091471350415279
2024-10-30,1.4486345719920979,1.4258021252774262,1.4105563189020154
2024-10-31,1.4512084579541837,1.428335443294272,1.4130625486747863
2024-11-01,1.4476290813410226,1.4248124825148705,1.4095772581842405
2024-11-04,1.4539611625996054,1.4310447615492417,1.4157428967516414
2024-11-05,1.4663305848667272,1.4432192249283777,1.4277871811191796
2024-11-06,1.4632631994401442,1.4402001856682038,1.4248004238195837
2024-11-07,1.474200494860218,1.4509650944588692,1.4354502256734856
2024-11-08,1.4721683412389805,1.44896497036397,1.433471488490653
2024-11-11,1.4759843592548878,1.452720842790029,1.4371872001519304
2024-11-12,1.4655211133326074,1.4424225118215033,1.426998987100297
2024-11-13,1.4642439810231016,1.441165508844033,1.425755424994928
2024-11-14,1.449649343901661,1.4268009030046558,1.4115444169061806
2024-11-15,1.4406767197446608,1.417969699604907,1.4028076437325534
2024-11-18,1.4380909721291684,1.415424706845044,1.4002898640523709
2024-11-19,1.4479564633372919,1.4251347045235934,1.4098960347398615
2024-11-20,1.4520900764283935,1.4292031662706983,1.4139209932694143
2024-11-21,1.4527413114672854,1.429844136939417,1.414555110171727
2024-11-22,1.438281507849213,1.4156122394347341,1.400475391394979
2024-11-25,1.4373536453606706,1.4146990013513852,1.3995719183770245
2024-11-26,1.4328105194526644,1.4102274812760518,1.3951482113383418
2024-11-27,1.4438642394850214,1.4211069796799787,1.4059113775225396
2024-11-28,1.4388247044573121,1.416146874556148,1.4010043097739373
2024-11-29,1.446778684088722,1.4239754886799063,1.4087492141507378
2024-12-02,1.4521108795118962,1.429223641484732,1.4139412495462313
2024-12-03,1.4541032019048477,1.4311845621448216,1.415881202488451
2024-12-04,1.450074359151674,1.4272192194414675,1.4119582603721037
2024-12-05,1.4492428762577565,1.4264008418498122,1.4111486335222825
2024-12-06,1.4544441095408192,1.4315200966536032,1.4162131491963295
2024-12-09,1.456705876377481,1.4337462149592426,1.418415464080684
2024-12-10,1.461246029910061,1.4382148095101852,1.4228362768770018
2024-12-11,1.4653090065039975,1.4422137480582629,1.4267924556046734
2024-12-12,1.4711287573829155,1.4479417717673506,1.432459230744388
2024-12-13,1.4603598823446469,1.4373426287966067,1.421973422210879
2024-12-16,1.4556707199478092,1.4327273739716753,1.4174075173484613
2024-12-17,1.450174223218786,1.427317509501448,1.412055499436861
2024-12-18,1.4495593494251096,1.426712326950042,1.4114567879769457
2024-12-19,1.4475609254143162,1.4247454008216274,1.4095108937816285
2024-12-20,1.4502596876632232,1.4274016269142016,1.4121387173995683
2024-12-23,1.4482988420484058,1.4254716868921244,1.4102294138258253
2024-12-24,1.453649427619473,1.4307379399587101,1.4154393559407341
2024-12-25,1.4513463090076746,1.428471121626707,1.4131967762269555
2024-12-26,1.4535222739391083,1.430612790397926,1.415315544578244
2024-12-27,1.4540443694444858,1.4311266569554233,1.415823916467232
2024-12-30,1.4541310580351468,1.4312119792128444,1.4159083263914525
2024-12-31,1.4465767437581079,1.423776731179821,1.4085525819236482
2025-01-01,1.436252165554626,1.4136148823399353,1.3984993916255613
2025-01-02,1.436252165554626,1.4136148823399353,1.3984993916255613
2025-01-03,1.4295201511067719,1.4069889735755514,1.3919443323291998
2025-01-06,1.427733439877027,1.405230423339468,1.3902045859060193
2025-01-07,1.4291825808648906,1.4066567238987864,1.3916156353293108
2025-01-08,1.4270979400360202,1.4046049398383693,1.3895857905702556
2025-01-09,1.4260324305167957,1.4035562241951318,1.3885482886258589
2025-01-10,1.4211242324031432,1.3987253859444875,1.3837691055265802
2025-01-13,1.4249453656468292,1.4024862929427317,1.3874897979264076
2025-01-14,1.4383728678690162,1.4157021595079224,1.40056434997175
2025-01-15,1.4372267626301078,1.4145741184429172,1.3994483708158663
2025-01-16,1.4402780972599936,1.4175773598981807,1.402419499233203
2025-01-17,1.4434104621130248,1.4206603544303098,1.405469527944298
2025-01-20,1.4457927311126995,1.423005075637659,1.4077891775341365
2025-01-21,1.4488415131892944,1.4260058047713355,1.41075782049362
2025-01-22,1.4446251316598941,1.4218558791367366,1.4066522691530234
2025-01-23,1.4419314523884088,1.4192046559060638,1.40402939490242
2025-01-24,1.4490700860384542,1.4262307750022045,1.4109803851644755
2025-01-27,1.447732153343144,1.424913929941832,1.4096776208551838
2025-01-28,1.453636235320897,1.430724955575401,1.4154265103970192
2025-01-29,1.453592826754049,1.4306822311864749,1.4153842428511216
2025-01-30,1.453592826754049,1.4306822311864749,1.4153842428511216
2025-01-31,1.453592826754049,1.4306822311864749,1.4153842428511216
2025-02-03,1.453592826754049,1.4306822311864749,1.4153842428511216
2025-02-04,1.4567162044695048,1.4337563802305127,1.4184255206570942
2025-02-05,1.4556718090766614,1.4327284459263714,1.4174085778412455
2025-02-06,1.4650222510569246,1.4419315122518812,1.426513237687505
2025-02-07,1.4729642487875185,1.4497483333204446,1.4342464751098052
2025-02-10,1.4788352551265163,1.4555268046322105,1.4399631584264478
2025-02-11,1.4768821728624941,1.4536045055951263,1.4380614141342296
2025-02-12,1.4841678827697342,1.4607753828270564,1.4451556146633553
2025-02-13,1.4789219732501495,1.4556121559605333,1.4400475971107212
2025-02-14,1.4872047852531958,1.4637644196061086,1.4481126902921375
2025-02-17,1.4845678233995656,1.4611690198498168,1.4455450426070826
2025-02-18,1.4815980127099004,1.4582460174068426,1.4426532952229203
2025-02-19,1.488952075542249,1.4654841702290222,1.4498140519783635
2025-02-20,1.4893800226817082,1.465905372340812,1.450230750263341
2025-02-21,1.497250368638558,1.473651670964822,1.4578942193229592
2025-02-24,1.4945398575007434,1.470983881160875,1.455254955642013
2025-02-25,1.4885159494326539,1.465054918058765,1.4493893897125245
2025-02-26,1.4947327616409871,1.4711737448700855,1.4554427891779638
2025-02-27,1.4934852578123436,1.4699459033947233,1.4542280767568099
2025-02-28,1.4793054484187613,1.4559895870400872,1.4404209923980311
2025-03-03,1.4812670739137614,1.4579202946552354,1.4423310553571322
2025-03-04,1.4821722644080757,1.458811218118958,1.4432124523610594
2025-03-05,1.4857070295710584,1.4622902705860712,1.4466543040417923
2025-03-06,1.4953406038397818,1.4717720066509468,1.4560346538696982
2025-03-07,1.4922206036440626,1.4687011818923505,1.4529966648032724
2025-03-10,1.4911661124496018,1.4676633109101263,1.4519698915601782
2025-03-11,1.489833519170654,1.4663517211096686,1.4506723263173973
2025-03-12,1.4896038474711433,1.466125669347821,1.4504486916801498
2025-03-13,1.487971415314454,1.4645189665372358,1.4488591690094437
2025-03-14,1.500493110560763,1.4768433028737258,1.461051723773893
2025-03-17,1.4999543855025006,1.4763130688534658,1.4605271594360265
2025-03-18,1.5046212125988485,1.480906340421594,1.4650713161040474
2025-03-19,1.503436612011756,1.4797404107473322,1.4639178534739468
2025-03-20,1.499931229348671,1.4762902776720448,1.460504611955981
2025-03-21,1.4904952056242202,1.4670029784867755,1.4513166199344594
2025-03-24,1.4925801159385732,1.4690550277852186,1.4533467270954055
2025-03-25,1.4885559663483703,1.4650943042535842,1.4494283547589322
2025-03-26,1.4905934375902672,1.4670996621837307,1.4514122698126977
2025-03-27,1.4921658982255355,1.4686473387054582,1.4529433973504087
2025-03-28,1.4906907797065707,1.467195470056182,1.451507053231442
2025-03-31,1.48656457657417,1.4631343015052096,1.4474893099047794
2025-04-01,1.4908400595330806,1.4673423970460384,1.4516524091547212
2025-04-02,1.491849044327069,1.4683354788789154,1.4526348721660802
2025-04-03,1.4882516366059613,1.4647947710938427,1.4491320244723125
2025-04-04,1.429639271359467,1.4071062161744707,1.3920603213412222
2025-04-07,1.429639271359467,1.407106216146561,1.3920603213250107
2025-04-08,1.4328113383498549,1.410228287027141,1.3951490085612523
2025-04-09,1.4375102051187536,1.4148530933333452,1.3997243627507787
2025-04-10,1.4522890877015748,1.429399040624754,1.4141147732638253
2025-04-11,1.458570113126156,1.4355810685939885,1.4202306980784212
2025-04-14,1.4651944219296784,1.4421009693028528,1.4266808828407191
2025-04-15,1.4640054337094508,1.4409307211462585,1.425523147906658
2025-04-16,1.4606093927161923,1.4375882063925927,1.422216373959756
2025-04-17,1.4652824291152737,1.442187589438522,1.4267665767396145
2025-04-18,1.4657760998008835,1.4426734791698208,1.4272472709668391
2025-04-21,1.4734556176050175,1.4502319573509985,1.434724927908974
2025-04-22,1.4764508314941187,1.4531799626282627,1.4376414107676039
2025-04-23,1.475524044448721,1.4522677829774995,1.436738984875627
2025-04-24,1.472988734854143,1.449772433311812,1.4342703174625928
2025-04-25,1.4738541754858048,1.4506242334311115,1.4351130094572682
2025-04-28,1.470106666022576,1.4469357897822335,1.4314640055795755
2025-04-29,1.470012579606653,1.4468431862622715,1.4313723922635826
2025-04-30,1.4700021486153616,1.4468329196534395,1.4313622354433209
2025-05-01,1.4788154573895074,1.455507318698316,1.4399438809478171
2025-05-02,1.4788154573895074,1.4555073186797016,1.439943880937005
2025-05-05,1.479611464489482,1.4562907796035538,1.4407189644855105
2025-05-06,1.479611464489482,1.4562907796464888,1.4407189645104492
2025-05-07,1.482830718167356,1.459459293494289,1.44385359810646
2025-05-08,1.4823464133724582,1.4589826220383302,1.4433820235839272
2025-05-09,1.480342386604957,1.457010181475719,1.441430673909539
2025-05-12,1.487784448615959,1.46433494651139,1.4486771167433337
2025-05-13,1.483722926382037,1.4603374394150213,1.4447223541466943
2025-05-14,1.4908636054956994,1.467365571723654,1.4516753360992145
2025-05-15,1.4793453778654069,1.4560288869600304,1.4404598721672
2025-05-16,1.4784442702198972,1.4551419820125158,1.4395824507027066
2025-05-19,1.4797085138665722,1.4563862994662327,1.4408134629269456
2025-05-20,1.4835735056257002,1.4601903737064266,1.4445768609918979
2025-05-21,1.4892542117844612,1.4657815442165085,1.4501082462797805
2025-05-22,1.484119794255862,1.4607280520664956,1.445108790076933
2025-05-23,1.4801471243734092,1.4568179968602784,1.44124054427683
2025-05-26,1.478708731585165,1.4554022750936964,1.4398399605297125
2025-05-27,1.4766611408106234,1.4533869571149232,1.437846191933589
2025-05-28,1.474021136417911,1.4507885627915893,1.4352755816946303
2025-05-29,1.4799557671538988,1.4566296556769545,1.441054216992135
2025-05-30,1.4751331690731049,1.4518830682817698,1.4363583838733218
2025-06-02,1.4776523475281427,1.454362541080829,1.4388113441778596
2025-06-03,1.4793792424967431,1.4560622178619853,1.4404928466592717
2025-06-04,1.4839929393429592,1.4606031965681772,1.444985269628881
2025-06-05,1.486365945558713,1.462938800995484,1.447295899918498
2025-06-06,1.486651146555798,1.4632195068613534,1.447573604245157
2025-06-09,1.4904123617218406,1.4669214401835435,1.4512359535575694
2025-06-10,1.4882921511241514,1.464834646978825,1.449171474001083
2025-06-11,1.4917508818293739,1.4682388634525243,1.4525392898704217
2025-06-12,1.4918666016135895,1.4683527593277654,1.4526519678840173
2025-06-13,1.491390528089215,1.4678841894618382,1.4521884083002239
2025-06-16,1.495846003767306,1.4722694407781944,1.4565267690415067
2025-06-17,1.493867433762818,1.4703220557815606,1.4546002070043826
2025-06-18,1.4950287159287723,1.471465034569193,1.4557309641550666
2025-06-19,1.4891640090533076,1.465692763470879,1.4500204147387536
2025-06-20,1.488630391476963,1.465167556399143,1.4495008236105877
2025-06-23,1.4926929918422769,1.4691661245670735,1.4534566359603442
2025-06-24,1.4947957358087238,1.4712357263485298,1.4555041079545838
2025-06-25,1.501149979741929,1.477489818784751,1.461691326673358
2025-06-26,1.4994108995444584,1.4757781488523998,1.4599979592720709
2025-06-27,1.4989200232700912,1.4752950094551245,1.4595199859838044
2025-06-30,1.5000825932065753,1.4764392557100046,1.4606519970447394
2025-07-01,1.5030278267772232,1.4793380683934374,1.4635198133324647
2025-07-02,1.503621999140608,1.4799228758298153,1.4640983675167365
2025-07-03,1.5062692152261339,1.4825283681917416,1.4666759998935395
2025-07-04,1.503905678266995,1.4802020837737881,1.4643745899591398
2025-07-07,1.501469536040991,1.4778043384781026,1.4620024832390837
2025-07-08,1.5082593187922653,1.4844871050486061,1.4686137923652705
2025-07-09,1.505139927562698,1.4814168796588836,1.4655763962582395
2025-07-10,1.50999988795342,1.486200240451054,1.4703086095866331
2025-07-11,1.5119338929866146,1.4881037629705558,1.472191778111417
2025-07-14,1.5141954921072163,1.4903297161995541,1.4743939296998
2025-07-15,1.5147344906873303,1.4908602194216478,1.4749187603678318
2025-07-16,1.5138204629876184,1.489960598035534,1.4740287584491918
2025-07-17,1.5183183282307122,1.4943875708359968,1.478408394534191
2025-07-18,1.5229487580602425,1.4989450188030988,1.4829171106588426
2025-07-21,1.530142744437611,1.50602561819078,1.4899219986670336
2025-07-22,1.5352086870305315,1.511011714642146,1.4948547798319491
2025-07-23,1.5364852502283763,1.512268157470074,1.4960977877784798
2025-07-24,1.540014567568447,1.515741847991248,1.4995343348381982
2025-07-25,1.5384945260643068,1.5142457643906584,1.498054248559524
2025-07-28,1.5361868226971604,1.5119744335892937,1.4958072046050732
2025-07-29,1.53807925125139,1.5138370349444732,1.4976498895171404
2025-07-30,1.5360268925710088,1.511817024234628,1.495651478353238
2025-07-31,1.5263442289017766,1.5022869724728167,1.4862233294676603
2025-08-01,1.524058549968095,1.5000373188911602,1.4839977310034254
2025-08-04,1.5289264919413992,1.504828535476325,1.4887377161160107
2025-08-05,1.5332378358931362,1.509071926775951,1.4929357337283926
2025-08-06,1.5364088974171652,1.512193008052902,1.4960234419413916
2025-08-07,1.5371329590592704,1.5129056574922612,1.4967284711747528
2025-08-08,1.5350654961972336,1.510870780653805,1.4947153528498551
2025-08-11,1.538605000068788,1.5143544971414329,1.498161818679257
2025-08-12,1.541986718423055,1.5176829150153244,1.5014546464787228
2025-08-13,1.549798869582985,1.5253719360613127,1.5090614504250572
2025-08-14,1.5443223517676026,1.5199817356222318,1.5037288862632925
2025-08-15,1.5484479559328008,1.524042314648009,1.5077460463743322
2025-08-18,1.5518491003993367,1.5273898524760698,1.5110577896639883
2025-08-19,1.5500743354015225,1.5256430601678426,1.5093296754553511
2025-08-20,1.5526554417343634,1.528183484781807,1.5118429358206893
2025-08-21,1.5516621391674912,1.527205838027003,1.5108757428278645
2025-08-22,1.5595984832606022,1.53501709456757,1.5186034752218722
2025-08-25,1.5710180911508798,1.5462567139593049,1.5297229116799247
2025-08-26,1.568277401551388,1.5435592213177505,1.5270542627903572
2025-08-27,1.5595210252528804,1.5349408574090286,1.5185280532469525
2025-08-28,1.5650867735265144,1.5404188819469367,1.5239475023967934
2025-08-29,1.5669290453581068,1.5422321170649693,1.5257413489749927
2025-09-01,1.574189609243655,1.5493782446106568,1.5328110644608766
2025-09-02,1.5682429177190058,1.5435252810333377,1.5270206853947355
2025-09-03,1.5650601528257315,1.5403926808055242,1.523921581433346
2025-09-04,1.5543806311477426,1.5298814828713134,1.513522777566878
2025-09-05,1.567461783874895,1.5427564588500098,1.5262600841202931
2025-09-08,1.5717943830521448,1.5470207703942143,1.5304787982581711
2025-09-09,1.57047719872137,1.5457243466832549,1.5291962369315075
2025-09-10,1.5709923649781772,1.5462313932416372,1.5296978617301495
2025-09-11,1.5799456593054966,1.555043571478104,1.5384158131892685
2025-09-12,1.5814184431848697,1.5564931422966592,1.5398498840386425
2025-09-15,1.583028906775129,1.5580782228036865,1.5414180156020516
2025-09-16,1.5874004349915911,1.5623808498221297,1.5456746355074416
2025-09-17,1.591314367636833,1.5662330935673336,1.5494856880169605
2025-09-18,1.5821574702811134,1.5572205213313977,1.540569485353735
2025-09-19,1.5819410009810402,1.557007463866722,1.5403587060795059
2025-09-22,1.5854170860857684,1.5604287611504941,1.543743420142849
2025-09-23,1.5802204593846418,1.5553140403591375,1.5386833899841732
2025-09-24,1.589236357142492,1.5641878353639262,1.547462299315724
2025-09-25,1.5909324838527827,1.5658572288174548,1.5491138422897825
2025-09-26,1.5832606488596372,1.5583063123685572,1.5416436662140263
2025-09-29,1.591373507665369,1.5662913014692397,1.5495432735134778
2025-09-30,1.5953396554844403,1.5701949374730997,1.553405168466874
2025-10-01,1.6096624664854582,1.5842920016346502,1.5673514951560246
2025-10-02,1.6096624664080637,1.5842920016346502,1.5673514947827722
2025-10-03,1.608997274181494,1.5836372937142684,1.5667037876460617
2025-10-06,1.608159236098218,1.5828124641909302,1.5658877781358864
2025-10-07,1.607569037948882,1.5822315683665678,1.5653130937043875
2025-10-08,1.6075690379979002,1.5822315683665678,1.5653130939407875
2025-10-09,1.6072142293410474,1.5818823520378744,1.5649676114050621
2025-10-10,1.5950445211062805,1.5699044550741772,1.5531177908575922
2025-10-13,1.5945209099949005,1.5693890967475352,1.5526079433318758
2025-10-14,1.5855321831108606,1.5605420444548388,1.5438554904561947
2025-10-15,1.5954686412591075,1.5703218905698788,1.5535307625469816
2025-10-16,1.5937458847656343,1.5686262871108505,1.5518532895589598
2025-10-17,1.5826735370403278,1.5577284545946632,1.54107198539206
2025-10-20,1.586321589216024,1.5613190085359947,1.5446241461926555
2025-10-21,1.5959118665014052,1.5707581300187266,1.5539623371922564
2025-10-22,1.5882167920445005,1.5631843402957666,1.5464695328372402
2025-10-23,1.5901603650169305,1.5650972797133134,1.5483620186054035
2025-10-24,1.5958019818904872,1.5706499770518798,1.553855342086605
2025-10-27,1.6028682252060316,1.57760484680261,1.5607358447612902
2025-10-28,1.5964360894774856,1.5712740903361915,1.5544727813991086
2025-10-29,1.603630340296636,1.5783549499680856,1.5614779270185546
2025-10-30,1.5986670863777301,1.5734699236613194,1.5566451353113762
2025-10-31,1.5953589769593193,1.5702139545322873,1.5534239816074236
2025-11-03,1.5979496913312576,1.5727638357409632,1.5559465974104356
2025-11-04,1.5897459474130942,1.564689393987091,1.5479584938572397
2025-11-05,1.5912260148844366,1.5661461336430957,1.5493996566206352
2025-11-06,1.6005944204197315,1.5753668804031773,1.5585218077982306
2025-11-07,1.5981074590782507,1.5729191169315926,1.556100217832046
2025-11-10,1.6039780752845112,1.578697204233575,1.5618165213707378
2025-11-11,1.6029344908748173,1.5776700680628526,1.5608003684853156
2025-11-12,1.6026804320679464,1.5774200137192995,1.560552987177524
2025-11-13,1.6105632927821842,1.5851786298332267,1.5682286421037268
2025-11-14,1.6010276664022116,1.5757932977781808,1.5589436658885067
2025-11-17,1.5965562299057858,1.571392337200385,1.554589763814868
2025-11-18,1.588214959586272,1.563182536578024,1.546467749099825
2025-11-19,1.5894914309698835,1.5644388891247654,1.5477106673154482
2025-11-20,1.5846883496638662,1.559711510905816,1.543033837935638
2025-11-21,1.5676159003695083,1.5429081466300385,1.5264101483129209
2025-11-24,1.5737440063098582,1.5489396652555227,1.5323771733989
2025-11-25,1.5809391313477472,1.5560213854142713,1.5393831699175209
2025-11-26,1.58200730384674,1.5570727220248255,1.5404232650007552
2025-11-27,1.5824784077044343,1.5575364006334773,1.5408819856534042
2025-11-28,1.5866933687555134,1.561684928187493,1.5449861538168925
2025-12-01,1.5931982261242699,1.5680872601791602,1.5513200269858578
2025-12-02,1.5903836514612346,1.5653170470771867,1.548579434979348
2025-12-03,1.5854343613659403,1.5604457644958116,1.5437602400848636
2025-12-04,1.5861593375190761,1.5611593140043278,1.544466159935617
2025-12-05,1.5913272491980293,1.566245772352336,1.549498229983319
2025-12-08,1.5927986027551695,1.567693935459293,1.5509309077969284
2025-12-09,1.5858329493121466,1.5608380702012215,1.5441483507204954
2025-12-10,1.5877668638846476,1.5627415036388759,1.5460314312205745
2025-12-11,1.5837709143444219,1.5588085357446613,1.5421405174509866
2025-12-12,1.59041632537595,1.5653492060915246,1.5486112497082003
2025-12-15,1.5870191107143246,1.5620055361787253,1.5453033327913277
2025-12-16,1.5770135102279128,1.5521576376397335,1.5355607352751246
2025-12-17,1.5857188165680167,1.560725736490767,1.544037217452115
2025-12-18,1.5852972458417918,1.560310810282003,1.5436267280088654
2025-12-19,1.5881722900828168,1.5631405398825444,1.5464262001007247
2025-12-22,1.5970689363264188,1.5718969628074921,1.555088992901216
2025-12-23,1.5996060496045996,1.5743940877181137,1.5575594166666877
2025-12-24,1.605613699689315,1.5803070490944446,1.5634091519238542
2025-12-25,1.606486867647523,1.5811664548441084,1.564259367719038
2025-12-26,1.6110600749631947,1.5856675822073072,1.5687123654547346
2025-12-29,1.60839495518068,1.5830444682443285,1.566117300322545
2025-12-30,1.6081458017829016,1.5827992418434602,1.5658746960707044
2025-12-31,1.6047967186842307,1.5795029448291782,1.5626136456899296
2026-01-01,1.6181583714920404,1.5926539998572617,1.5756240792005198
2026-01-02,1.6181583714920404,1.5926539998572617,1.5756240792005198
2026-01-05,1.618199810984542,1.5926947862160528,1.5756644294303646
2026-01-06,1.6302212624163188,1.6045267632519011,1.5873698895859008
2026-01-07,1.6316784024825892,1.6059609368068286,1.5887887278254897
2026-01-08,1.6280891570120215,1.6024282627333508,1.585293827889105
2026-01-09,1.6368591768269893,1.6110600551476686,1.5938333223162098
2026-01-12,1.6499866201412585,1.6239805921472508,1.6066157026744625
2026-01-13,1.6460113139771533,1.6200679422160194,1.60274488988833
2026-01-14,1.6514200789277753,1.6253914577006878,1.6080114821113634
2026-01-15,1.649595715043755,1.6235958482435289,1.6062350727588992
2026-01-16,1.647021097065156,1.6210618097409548,1.6037281302041464
2026-01-19,1.6476661919545954,1.6216967370579765,1.6043562683759576
2026-01-20,1.6456069026247757,1.6196699049306156,1.6023511087381448
2026-01-21,1.6529262334994939,1.626873873221921,1.6094780464798493
2026-01-22,1.6565124106669729,1.630403527361108,1.612969958765387
2026-01-23,1.6664145248406754,1.640149570794818,1.62261178975174
2026-01-26,1.6691578408017287,1.6428496483714998,1.6252829959582777
2026-01-27,1.6712670826660228,1.6449256457386072,1.6273367950973416
2026-01-28,1.6823794412936552,1.6558628585229813,1.6381570585146146
2026-01-29,1.6915905436323009,1.6649287814091536,1.6471260413388162
2026-01-30,1.6711831131847814,1.6448429997554013,1.6272550328057807
2026-02-02,1.6321830918292084,1.6064576716182313,1.5892801511008983
2026-02-03,1.653469187110867,1.6274082691638936,1.6100067282201782
2026-02-04,1.6628172638987782,1.6366090075946336,1.6191090850356404
2026-02-05,1.6511794565604172,1.6251546278754023,1.6077771846515572
2026-02-06,1.6462466506326277,1.6202995696663236,1.6029740405744533
2026-02-09,1.6604891094843333,1.6343175480492278,1.6168421275980234
2026-02-10,1.6613360858839332,1.6351511749495986,1.6176668406998032
2026-02-11,1.6643535423132105,1.6381210721760706,1.6206049814230277
2026-02-12,1.665459694107501,1.639209789501897,1.6216820573341624
2026-02-13,1.654202034702636,1.6281295660864223,1.610720312460335
2026-02-16,1.6668582189930685,1.6405862717468467,1.6230438211292781
2026-02-17,1.6654456914863487,1.639196007580177,1.621668422780556
2026-02-18,1.6654456914863487,1.639196007603866,1.621668422780556
2026-02-19,1.6654456914863487,1.6391960076141399,1.621668422780556
2026-02-20,1.6654456914863487,1.6391960076149164,1.621668422780556
2026-02-23,1.6686480121476377,1.6423478553553896,1.6247865684652678
2026-02-24,1.6662966640731132,1.640033567711321,1.6224970270272525
2026-02-25,1.6739610810373284,1.6475771830652473,1.6299599800574405
2026-02-26,1.671110157225199,1.6447711936799179,1.6271839945386588
2026-02-27,1.6755191898742843,1.649110734005499,1.6314771330412112
2026-03-02,1.6809697378513928,1.654475373990134,1.6367844099980713
2026-03-03,1.6678851576656981,1.6415970245675928,1.6240437660845826
2026-03-04,1.6622070972064922,1.6360084580453074,1.618514956951746
2026-03-05,1.666964651608854,1.6406910269618877,1.623147456098017
2026-03-06,1.6733527560550605,1.646978446260232,1.629367645273079
2026-03-09,1.6761058930144968,1.6496881900824278,1.632048414326991
2026-03-10,1.6805712612077317,1.6540831779474896,1.6363964075591184
2026-03-11,1.6842873394045892,1.657740685736158,1.6400148063452409
2026-03-12,1.6846129569690924,1.6580611711757178,1.6403318648509349
2026-03-13,1.6799850860321672,1.6535062417784319,1.6358256403601092
2026-03-16,1.6793108247257584,1.6528426077288192,1.6351691024286144
2026-03-17,1.6713807235820306,1.6450374957559581,1.627447448891679
2026-03-18,1.6715893194803657,1.6452428039209246,1.6276505617179817
2026-03-19,1.6571526605759512,1.6310336863539687,1.613593379310041
2026-03-20,1.6473924816115801,1.621427341069666,1.6040897526783722
2026-03-23,1.6179649721510758,1.5924636490191308,1.5754357634806904
2026-03-24,1.6282915772308582,1.6026274928163393,1.5854909273674591
2026-03-25,1.6393581919995388,1.6135196827098632,1.5962666493313677
2026-03-26,1.6303359851341315,1.6046396780956487,1.5874815967462141
2026-03-27,1.636243327802132,1.6104539130511206,1.5932336612633653
2026-03-30,1.6388914896936102,1.6130603363194256,1.5958122145838212
