,50,100,200,500,1000
2010-03-31,1.0,1.0,1.0,1.0,1.0
2010-04-01,1.0051454125037445,1.0051454125038044,1.0051454125037451,1.0051454125037445,1.0051454125037445
2010-04-02,1.0092846947568996,1.009284694757044,1.009284694756901,1.0092846947568996,1.0092846947568996
2010-04-05,1.010858861613754,1.0108588616138987,1.0108588616137555,1.0108588616137542,1.0108588616137542
2010-04-06,1.010858861613754,1.010858861613911,1.0108588616137555,1.0108588616137542,1.0108588616137542
2010-04-07,1.0112303533861418,1.0112303533862739,1.011230353386143,1.0112303533861422,1.0112303533861422
2010-04-08,1.0086831708489303,1.0086831708490267,1.0086831708489314,1.0086831708489308,1.0086831708489308
2010-04-09,1.0146456005132436,1.0146456005133413,1.0146456005132445,1.0146456005132438,1.0146456005132438
2010-04-12,1.0164867636493617,1.016486763649457,1.0164867636493629,1.0164867636493622,1.0164867636493622
2010-04-13,1.014267492024089,1.0142674920241819,1.0142674920240904,1.0142674920240895,1.0142674920240895
2010-04-14,1.0173900259303632,1.0173900259305209,1.0173900259303648,1.0173900259303634,1.0173900259303634
2010-04-15,1.0153912964691902,1.0153912964693932,1.0153912964691925,1.0153912964691905,1.0153912964691905
2010-04-16,1.0132874975368498,1.0132874975369996,1.0132874975368513,1.01328749753685,1.01328749753685
2010-04-19,0.9963129861683319,0.9963129861683995,0.9963129861683325,0.9963129861683321,0.9963129861683321
2010-04-20,1.0012774511814728,1.0012774511815663,1.0012774511814737,1.001277451181473,1.001277451181473
2010-04-21,1.007709683326365,1.0077096833264994,1.0077096833263663,1.0077096833263652,1.0077096833263652
2010-04-22,1.006976472335957,1.0069764723360901,1.0069764723359587,1.0069764723359576,1.0069764723359576
2010-04-23,1.0045894797571209,1.0045894797573236,1.0045894797571229,1.0045894797571213,1.0045894797571213
2010-04-26,1.0074467595969474,1.0074467595971324,1.0074467595969492,1.007446759596948,1.007446759596948
2010-04-27,0.999164032747818,0.9991640327479547,0.9991640327478195,0.9991640327478186,0.9991640327478186
2010-04-28,0.995699669416183,0.9956996694163361,0.9956996694161848,0.9956996694161837,0.9956996694161837
2010-04-29,0.9893228256643926,0.9893228256645772,0.9893228256643948,0.9893228256643933,0.9893228256643933
2010-04-30,0.9870372590541638,0.9870372590543712,0.9870372590541662,0.9870372590541644,0.9870372590541644
2010-05-03,0.9830823511993773,0.9830823511996477,0.9830823511993801,0.9830823511993779,0.9830823511993779
2010-05-04,0.982906609390092,0.9829066093902222,0.9829066093900936,0.9829066093900926,0.9829066093900926
2010-05-05,0.9849455764471261,0.9849455764471206,0.9849455764471264,0.9849455764471267,0.9849455764471267
2010-05-06,0.9750885945315015,0.9750885945313678,0.9750885945315008,0.9750885945315022,0.9750885945315022
2010-05-07,0.9697378141986801,0.9697378141984738,0.9697378141986787,0.9697378141986808,0.9697378141986808
2010-05-10,0.971406076812424,0.9714060768123034,0.9714060768124232,0.9714060768124246,0.9714060768124246
2010-05-11,0.9635484133820579,0.9635484133819554,0.9635484133820573,0.9635484133820585,0.9635484133820585
2010-05-12,0.962782234106286,0.9627822341062158,0.9627822341062858,0.9627822341062866,0.9627822341062866
2010-05-13,0.9703895205083589,0.9703895205082387,0.9703895205083581,0.9703895205083594,0.9703895205083594
2010-05-14,0.9681623538362436,0.9681623538359863,0.9681623538362416,0.9681623538362442,0.9681623538362442
2010-05-17,0.9487541937715099,0.9487541937711571,0.948754193771507,0.9487541937715105,0.9487541937715105
2010-05-18,0.9531682864999061,0.9531682864995192,0.9531682864999029,0.9531682864999066,0.9531682864999066
2010-05-19,0.9509578079323151,0.9509578079318929,0.9509578079323115,0.9509578079323155,0.9509578079323155
2010-05-20,0.9462117595583674,0.9462117595578554,0.9462117595583632,0.9462117595583679,0.9462117595583679
2010-05-21,0.9497478421069707,0.9497478421064486,0.9497478421069663,0.9497478421069712,0.9497478421069712
2010-05-24,0.9614384420733791,0.9614384420728248,0.9614384420733743,0.9614384420733797,0.9614384420733797
2010-05-25,0.9543726005441142,0.9543726005434797,0.9543726005441087,0.9543726005441147,0.9543726005441147
2010-05-26,0.9582923814905089,0.9582923814899843,0.9582923814905044,0.9582923814905094,0.9582923814905094
2010-05-27,0.964039157585185,0.9640391575848027,0.9640391575851819,0.9640391575851857,0.9640391575851857
2010-05-28,0.9658080633080343,0.9658080633076196,0.9658080633080307,0.9658080633080348,0.9658080633080348
2010-05-31,0.9579203199596057,0.9579203199592254,0.9579203199596024,0.9579203199596062,0.9579203199596062
2010-06-01,0.9522502158605672,0.9522502158600934,0.9522502158605631,0.9522502158605679,0.9522502158605679
2010-06-02,0.9542318252997968,0.9542318252993732,0.954231825299793,0.9542318252997973,0.9542318252997973
2010-06-03,0.9542861908287702,0.9542861908284274,0.9542861908287671,0.9542861908287708,0.9542861908287708
2010-06-04,0.953979497046201,0.9539794970456946,0.9539794970461964,0.9539794970462016,0.9539794970462016
2010-06-07,0.947007740538607,0.947007740538106,0.9470077405386026,0.9470077405386075,0.9470077405386075
2010-06-08,0.9511119065619223,0.9511119065614281,0.951111906561918,0.9511119065619228,0.9511119065619228
2010-06-09,0.9585487087341381,0.9585487087337374,0.9585487087341347,0.9585487087341387,0.9585487087341387
2010-06-10,0.9573430903684037,0.9573430903680533,0.9573430903684008,0.9573430903684044,0.9573430903684044
2010-06-11,0.9580081175886385,0.958008117588242,0.958008117588635,0.958008117588639,0.958008117588639
2010-06-14,0.9577512517646691,0.9577512517643143,0.957751251764666,0.9577512517646697,0.9577512517646697
2010-06-15,0.9577888659096067,0.9577888659092999,0.957788865909604,0.9577888659096072,0.9577888659096072
2010-06-16,0.9580683549565983,0.9580683549563831,0.9580683549565965,0.9580683549565989,0.9580683549565989
2010-06-17,0.9580683549565983,0.9580683549564082,0.9580683549565967,0.9580683549565989,0.9580683549565989
2010-06-18,0.9501689254988747,0.9501689254986648,0.950168925498873,0.9501689254988752,0.9501689254988752
2010-06-21,0.9627712793936481,0.9627712793934633,0.962771279393647,0.9627712793936488,0.9627712793936488
2010-06-22,0.9613997402265803,0.9613997402263592,0.9613997402265788,0.9613997402265809,0.9613997402265809
2010-06-23,0.9604507534976131,0.9604507534973084,0.9604507534976108,0.9604507534976138,0.9604507534976138
2010-06-24,0.9604389946836939,0.9604389946833987,0.9604389946836915,0.9604389946836945,0.9604389946836945
2010-06-25,0.9574200862366574,0.9574200862364411,0.9574200862366559,0.9574200862366581,0.9574200862366581
2010-06-28,0.9556518901433805,0.9556518901431397,0.9556518901433786,0.955651890143381,0.955651890143381
2010-06-29,0.9391721476891585,0.9391721476888196,0.9391721476891557,0.939172147689159,0.939172147689159
2010-06-30,0.9349653302469321,0.9349653302467484,0.9351540165005643,0.9351540111432364,0.9351540165005676
2010-07-01,0.9297490038291168,0.9297490038289341,0.9304595761858836,0.9304595708554493,0.9304595761858869
2010-07-02,0.9285361458755692,0.9285361458753867,0.9291685504334227,0.9291685451103844,0.929168550433426
2010-07-05,0.9274556533288313,0.9274556533286489,0.9282599732158031,0.9282599678979698,0.9282599732158063
2010-07-06,0.9338285507586125,0.9338285507584289,0.9341239173324098,0.9341239119809831,0.9341239173324132
2010-07-07,0.934698121215667,0.9346981212154832,0.9359180514693018,0.9359180461075968,0.9359180514693052
2010-07-08,0.9363605842105296,0.9363605842103455,0.9369460682035347,0.9369460628359403,0.936946068203538
2010-07-09,0.9439788971631673,0.9439788971629817,0.9438099802032495,0.9438099747963329,0.9438099802032527
2010-07-12,0.9465311905578803,0.9465311905576942,0.9461885629068344,0.9461885574862914,0.9461885629068377
2010-07-13,0.9419937102716346,0.9419937102714493,0.9415017650836686,0.9415017596899754,0.9415017650836718
2010-07-14,0.94598608414243,0.9459860841422439,0.9452583271863798,0.9452583217711661,0.9452583271863831
2010-07-15,0.9399589813763147,0.93995898137613,0.9400091933645798,0.9400091879794373,0.9400091933645831
2010-07-16,0.9422090281923821,0.9422090281921969,0.9424232828595505,0.942423277460578,0.9424232828595538
2010-07-19,0.9459610894255377,0.9459610894253517,0.947023649067443,0.9470236436421158,0.9470236490674463
2010-07-20,0.9530761004439817,0.9530761004437944,0.9539331404570774,0.953933134992167,0.9539331404570808
2010-07-21,0.9544782748228916,0.954478274822704,0.9545730608250161,0.9545730553564398,0.9545730608250195
2010-07-22,0.9583006767533684,0.9583006767531801,0.9582494526645827,0.958249447174945,0.958249452664586
2010-07-23,0.96192017570589,0.961920175705701,0.9612445852350752,0.9612445797282788,0.9612445852350785
2010-07-26,0.9648698443422391,0.9648698443420496,0.9642869395147634,0.9642869339905379,0.9642869395147667
2010-07-27,0.9628457218714168,0.9628457218712277,0.9616315882348798,0.9616315827258664,0.961631588234883
2010-07-28,0.9685457537690066,0.9685457537688165,0.9672460700642677,0.9672460645230898,0.967246070064271
2010-07-29,0.9710352415201923,0.9710352415200016,0.9698805191167476,0.9698805135604774,0.9698805191167509
2010-07-30,0.9712292387129051,0.9712292387127144,0.9703277838662389,0.9703277783074065,0.9703277838662422
2010-08-02,0.9804412657625903,0.9804412657623978,0.9786841462819253,0.9786841406752208,0.9786841462819287
2010-08-03,0.9761774086013854,0.9761774086011936,0.9739894585280614,0.9739894529482519,0.9739894585280647
2010-08-04,0.9801376009475151,0.9801376009473226,0.9778504642268241,0.9778504586248955,0.9778504642268274
2010-08-05,0.9793843526807057,0.9793843526805134,0.9770443213885177,0.9770443157912073,0.977044321388521
2010-08-06,0.9861314593102478,0.9861314593100542,0.9837336594187498,0.9837336537831173,0.9837336594187529
2010-08-09,0.9914808981399992,0.9914808981398043,0.9889550872005484,0.9889550815350033,0.9889550872005515
2010-08-10,0.9802576667841922,0.9802576667839997,0.9782746147743465,0.9782746091699879,0.9782746147743496
2010-08-11,0.9816729552886196,0.9816729552884268,0.9804471498060214,0.9804471441892166,0.9804471498060245
2010-08-12,0.9778761370531766,0.9778761370529845,0.9771282636889929,0.9771282580912013,0.977128263688996
2010-08-13,0.9849466628246908,0.9849466628244974,0.9847724071576932,0.9847724015161098,0.9847724071576963
2010-08-16,0.9911450648533366,0.9911450648531421,0.9912091873186479,0.9912091816401892,0.991209187318651
2010-08-17,0.9935468906659185,0.9935468906657235,0.9936668533544083,0.9936668476618702,0.9936668533544114
2010-08-18,0.9924267490767203,0.9924267490765255,0.9929176502283246,0.9929176445400785,0.9929176502283277
2010-08-19,0.9943283336935966,0.9943283336934013,0.9947492976327336,0.9947492919339943,0.9947492976327367
2010-08-20,0.9863611416751553,0.9863611416749615,0.9866223528591808,0.9866223472069994,0.9866223528591839
2010-08-23,0.9871438103652205,0.9871438103650265,0.9878129113824412,0.9878129057234393,0.9878129113824443
2010-08-24,0.9871679545789612,0.9871679545787673,0.9887346004097668,0.9887345947454848,0.98873460040977
2010-08-25,0.9831713300249849,0.9831713300247917,0.984569877052924,0.9845698714125009,0.9845698770529272
2010-08-26,0.9859888975526858,0.9859888975524921,0.9876605331356054,0.9876605274774765,0.9876605331356086
2010-08-27,0.987613694432878,0.987613694432684,0.9894493501064617,0.9894493444380849,0.989449350106465
2010-08-30,0.9957830998536809,0.9957830998534851,0.9976068920975916,0.9976068863824816,0.9976068920975948
2010-08-31,0.9940773973332481,0.9940773973330527,0.9965832526354418,0.9965832469261962,0.996583252635445
2010-09-01,0.9943240714772994,0.994324071477104,0.9965002442546161,0.996500238545846,0.9965002442546194
2010-09-02,1.0002565367535847,1.0002565367533882,1.0018608426593363,1.001860836919856,1.0018608426593394
2010-09-03,1.0025185976907862,1.002518597690589,1.0038687775161552,1.003868771765172,1.0038687775161586
2010-09-06,1.0070607215578868,1.0070607215576886,1.0072150857658249,1.0072150799956712,1.0072150857658282
2010-09-07,1.008345674422538,1.0083456744223396,1.0084046266203226,1.0084046208433541,1.008404626620326
2010-09-08,1.009003795185502,1.0090037951853035,1.0103199475316627,1.0103199417437216,1.0103199475316658
2010-09-09,1.002521984188075,1.0025219841878779,1.0031098885712488,1.0031098828246128,1.0031098885712517
2010-09-10,1.0048699785066948,1.0048699785064974,1.0052600771791689,1.0052600714202151,1.005260077179172
2010-09-13,1.0102132341674757,1.010213234167277,1.0094086339185517,1.0094086281358317,1.0094086339185548
2010-09-14,1.0099713342056678,1.009971334205469,1.009007951922865,1.0090079461424404,1.009007951922868
2010-09-15,1.0071814895888587,1.0071814895886606,1.0059308428874898,1.0059308371246931,1.0059308428874927
2010-09-16,1.0009412102644435,1.0009412102642465,0.9994313232901781,0.9994313175646162,0.9994313232901811
2010-09-17,1.003759563282689,1.0037595632824916,1.0013779227030701,1.0013779169663566,1.001377922703073
2010-09-20,1.0042342565878155,1.0042342565876183,1.001857463458782,1.0018574577193213,1.001857463458785
2010-09-21,1.0027689885247961,1.002768988524599,1.0002085173798534,1.0002085116498394,1.0002085173798565
2010-09-22,1.0106825806062143,1.0106825806060156,1.0084365601026313,1.00843655432548,1.0084365601026342
2010-09-23,1.0109350655795901,1.0109350655793912,1.0084365601026313,1.00843655432548,1.0084365601026342
2010-09-24,1.0109350655795901,1.0109350655793912,1.0084365601026313,1.00843655432548,1.0084365601026342
2010-09-27,1.011709596627516,1.011709596627317,1.0084365601026313,1.00843655432548,1.0084365601026342
2010-09-28,1.0097054709837718,1.009705470983573,1.0071689498967316,1.0071689441268423,1.0071689498967347
2010-09-29,1.0082897592087874,1.008289759208589,1.0046714339129508,1.0046714281573694,1.0046714339129539
2010-09-30,1.0129063799747682,1.012906379968506,1.0095738624556785,1.0095739334240765,1.009639552510976
2010-10-01,1.021721919055131,1.0217219190430695,1.0179627323031037,1.0179628505717757,1.0180289681979326
2010-10-04,1.0217219190532507,1.0217219190430695,1.0179627323031037,1.0179628178927016,1.0180289681979326
2010-10-05,1.0217930495652363,1.0217930495488532,1.0179627323031037,1.0179629256589806,1.0180289681979326
2010-10-06,1.0226262682862237,1.0226262682689622,1.0179627323031037,1.017962940697144,1.0180289681979326
2010-10-07,1.0226397098325306,1.02263970982174,1.0179627323031037,1.0179628283421758,1.0180289681979326
2010-10-08,1.022845209260775,1.0228452092475855,1.0179627323031037,1.0179628699530874,1.0180289681979326
2010-10-11,1.033681565072073,1.03368156505998,1.028483924211929,1.0284839751382253,1.0285508446903273
2010-10-12,1.0337937134260784,1.0337937134148738,1.0289136015401812,1.0289136343273113,1.0289805499764424
2010-10-13,1.0393021418404467,1.039302141824598,1.0335304049316225,1.0335304881929255,1.0335976537699458
2010-10-14,1.0383647211366345,1.0383647211212421,1.0311286487117877,1.0311287393352275,1.0311957412747703
2010-10-15,1.0410410830277694,1.0410410830207981,1.034290539073753,1.0342904633908012,1.034357837371809
2010-10-18,1.0341716336498747,1.034171633635112,1.0280643369273639,1.0280644369775633,1.0281312301044296
2010-10-19,1.0431196726779288,1.0431196726764074,1.0364772004326972,1.0364770161663803,1.0365446410104926
2010-10-20,1.0384393872278468,1.0384393872159754,1.0322735381150736,1.0322735607428437,1.0323407051727034
2010-10-21,1.0395779617406407,1.0395779617360237,1.0331446653427716,1.033144556458715,1.033211889082134
2010-10-22,1.0410064372639485,1.0410064372546626,1.0351275531469715,1.035127512311718,1.0351949059071164
2010-10-25,1.0535471413867594,1.05354714137499,1.0479944352029427,1.0479943534461473,1.0480626251739398
2010-10-26,1.0526022942182838,1.0526022942060302,1.0470915974165027,1.0470915300334263,1.0471597286424528
2010-10-27,1.0451545523939207,1.045154552383528,1.0408112776764014,1.0408112197237478,1.0408790002600854
2010-10-28,1.047651164410509,1.0476511643986162,1.0432857656568988,1.0432857175076422,1.0433536492483688
2010-10-29,1.0462252564216972,1.0462252564116288,1.0421977102361248,1.0421976376245798,1.042265523030971
2010-11-01,1.05911578845338,1.0591157884371916,1.0538251202100624,1.0538250772756061,1.0538936895668924
2010-11-02,1.0572266831633361,1.057226683143958,1.0517584975782277,1.0517585236871942,1.051826932465892
2010-11-03,1.0546785290157579,1.0546785289925218,1.0473587673917308,1.0473588890304035,1.0474269160016594
2010-11-04,1.063738105329979,1.063738105300135,1.0555515246565268,1.0555517063293431,1.055620206345508
2010-11-05,1.0752645550465674,1.0752645550159654,1.0665244366865256,1.0665245582220064,1.0665938323511994
2010-11-08,1.0806554463184315,1.0806554462862819,1.0719052148264665,1.0719053269898737,1.0719749606028326
2010-11-09,1.0857828540500059,1.0857828540182235,1.0782108241907276,1.0782108880558094,1.0782809802548825
2010-11-10,1.0815769658969636,1.0815769658627807,1.0745213573893113,1.0745214881316023,1.0745912733905179
2010-11-11,1.080507453741817,1.0805074537082646,1.0726775641994195,1.072677696059732,1.0727473602303284
2010-11-12,1.0541702292733883,1.054170229250621,1.0465813851491306,1.046581506611395,1.0466494831770414
2010-11-15,1.0536765958798344,1.053676595855643,1.0467536793666683,1.0467538245975567,1.0468217886052662
2010-11-16,1.0421266824407682,1.0421266824247621,1.0357489404040578,1.035749016618895,1.0358163335960764
2010-11-17,1.0258119898786109,1.025811989868738,1.0202314325095065,1.0202315039505412,1.0202978160221055
2010-11-18,1.0347847368372045,1.0347847368201903,1.0282161879200546,1.028216331705736,1.028283090977626
2010-11-19,1.041685236187186,1.0416852361728952,1.0356220464127615,1.0356220951258686,1.0356894313481548
2010-11-22,1.0403113879192074,1.0403113879064738,1.0344630117316738,1.0344630410595028,1.0345303212520283
2010-11-23,1.0312865475122812,1.0312865475025472,1.0272075943581755,1.0272076193534447,1.0272744317894773
2010-11-24,1.0409414901144889,1.0409414900943312,1.0369688092852856,1.0369689521679994,1.0370362818506493
2010-11-25,1.0421071019791286,1.042107101957919,1.038090369162993,1.0380905229810593,1.0381579147050186
2010-11-26,1.0370614308247257,1.0370614308056831,1.0334004855025747,1.0334006324789682,1.033467725887416
2010-11-29,1.0398435513861748,1.039843551360177,1.0352879021172305,1.0352881574002657,1.0353552653108196
2010-11-30,1.0340488852171525,1.0340488851968739,1.0297320267836645,1.0297322191063414,1.0297990284724925
2010-12-01,1.039312134278959,1.0393121342471612,1.0344259983513577,1.0344263600913197,1.0344933054633583
2010-12-02,1.043764744091989,1.0437647440531643,1.0384184378242751,1.0384188952773892,1.038486004712781
2010-12-03,1.0428972461251917,1.0428972460836632,1.0379664592308466,1.037966966839013,1.038033996710411
2010-12-06,1.0429881744707408,1.0429881744290963,1.0383648891940087,1.038365396414378,1.03843245259826
2010-12-07,1.0485125161857325,1.0485125161440914,1.04352124893357,1.043521722103611,1.0435891478472565
2010-12-08,1.0408176032745808,1.0408176032355796,1.0366076005587952,1.0366080738929946,1.0366750496213508
2010-12-09,1.0378757617170034,1.0378757616772882,1.0332005296406466,1.0332010373279419,1.0332677570149382
2010-12-10,1.0420357709193753,1.0420357708814085,1.0376377733854973,1.0376382220021276,1.0377052894784233
2010-12-13,1.052917351856278,1.0529173518152513,1.0485978417345383,1.048598271888808,1.0486660709674558
2010-12-14,1.057513632796861,1.0575136327555796,1.053049667910859,1.0530500729868486,1.0531181868112478
2010-12-15,1.0519066269366888,1.051906626891893,1.0488037109642594,1.0488042061666925,1.0488719535924935
2010-12-16,1.050411587649106,1.0504115876062068,1.0483709473947316,1.0483714132556572,1.0484391618642903
2010-12-17,1.0521216895463863,1.052121689503567,1.050012194149422,1.0500126477283367,1.0500805154101667
2010-12-20,1.0505275873531608,1.0505275873064133,1.0486070982275504,1.0486076296127296,1.0486753280627614
2010-12-21,1.0566406083836175,1.0566406083348983,1.0537631626790624,1.0537636935932422,1.0538317280044953
2010-12-22,1.0535386285389512,1.0535386284887103,1.0502805182921369,1.0502810984783264,1.0503488570119583
2010-12-23,1.050419776518865,1.0504197764665728,1.0475054129355141,1.0475060474394255,1.0475735710872456
2010-12-24,1.0471952166660274,1.0471952166156497,1.0443444016631087,1.0443450237782024,1.0444123541369665
2010-12-27,1.038701394970795,1.038701394920534,1.036131953862381,1.0361326282171621,1.0361993719759803
2010-12-28,1.0343879767155921,1.0343879766636268,1.0315553944859708,1.031556128153073,1.0316225148160696
2010-12-29,1.0393066102936435,1.0393066102422925,1.0354858089877736,1.0354865055564473,1.035553185058592
2010-12-30,1.0419321715675964,1.0419321715199281,1.0381574556138402,1.0381580707949167,1.0382250055209878
2010-12-31,1.0477530797180525,1.0477530796690113,1.0439572757552724,1.0438900148072672,1.04426104075125
2011-01-03,1.0545331016321335,1.054533101582775,1.0507127349793959,1.0506450387850428,1.0499754118167282
2011-01-04,1.0553336358355156,1.0553336357861196,1.051510369004329,1.0514426214193473,1.0499754118167282
2011-01-05,1.0533619246266828,1.0533619245773793,1.0495458009185896,1.0494781799084352,1.0475652181986177
2011-01-06,1.053915562124607,1.0539155620752774,1.050097432696417,1.0500297761452713,1.0480481622807207
2011-01-07,1.0486894084301073,1.048689408381022,1.0448902123319999,1.0448228912759807,1.0428804462786465
2011-01-10,1.0434517899652032,1.0434517899163633,1.039671568731794,1.0396045839068868,1.0379164237839877
2011-01-11,1.0443020439486446,1.0443020438997648,1.0405187424117723,1.0404517030044544,1.0379788369899112
2011-01-12,1.048105002345848,1.0481050022967902,1.0443079234363926,1.044240639896567,1.0407036748271965
2011-01-13,1.0485959737892798,1.0485959737401989,1.044797116186555,1.044729801128612,1.0408230134268959
2011-01-14,1.0439366188593813,1.0439366188105186,1.040154641185954,1.040087625237253,1.03574856977903
2011-01-17,1.0312082624680512,1.0312082624197842,1.027472397134034,1.0274061982875053,1.0227581829457812
2011-01-18,1.0319978771972327,1.0319978771489287,1.0282591512438801,1.0281929017077032,1.0236015218150003
2011-01-19,1.0404732323617223,1.0404732323130215,1.0367038018584696,1.036637008243316,1.0316268470640726
2011-01-20,1.0285636641194889,1.0285636640713456,1.0248373796467314,1.0247713505713019,1.0205171005522449
2011-01-21,1.0297831689089456,1.0297831688607453,1.0260524664094581,1.0259863590474076,1.0222464454640656
2011-01-24,1.0271351551281431,1.0271351550800671,1.0234140458633572,1.023348108491661,1.0197139475292645
2011-01-25,1.0206277703151805,1.020627770267409,1.0169302360295938,1.0168647164021924,1.0128878705496782
2011-01-26,1.0239451918648892,1.0239451918169624,1.0202356392115128,1.0201699066208452,1.0162003117121003
2011-01-27,1.029552405788324,1.0295524057401348,1.0258225392983742,1.0257564467502591,1.0223413833094912
2011-01-28,1.0294146229353716,1.0294146228871888,1.0256852556056812,1.0256191719025942,1.0227697777036284
2011-01-31,1.03536009980772,1.0353600997592587,1.0316091931811193,1.0315427278056533,1.029656172941137
2011-02-01,1.0384574242789812,1.0384574242303752,1.0346952966531495,1.034628632443641,1.0328046033775342
2011-02-02,1.0395798491968946,1.039579849148236,1.035813655245672,1.0357469189816255,1.0324727205526492
2011-02-03,1.0383823304896862,1.0383823304410835,1.0346204749139287,1.0345538155250973,1.0324727205526492
2011-02-04,1.0383823304896862,1.0383823304410833,1.0346204749139287,1.0345538155250973,1.0324727205526492
2011-02-07,1.0383823304896862,1.0383823304410833,1.0346204749139287,1.0345538155250973,1.0324727205526492
2011-02-08,1.0381470060810134,1.0381470060324218,1.0343860030394458,1.0343193587573636,1.0324727205526492
2011-02-09,1.0370504458729872,1.0370504458244467,1.0332934154540379,1.0332268415660977,1.0324727205526492
2011-02-10,1.0425892991333439,1.0425892990845445,1.0388122025350996,1.038745273078153,1.0400153821052818
2011-02-11,1.0449976113155455,1.044997611266633,1.0412117898744906,1.0411447058149341,1.0421210365724902
2011-02-14,1.0520338101079483,1.0520338100587068,1.048222497898337,1.048154962147051,1.0485001919875478
2011-02-15,1.050641184146467,1.0506411840972907,1.046834917147646,1.0467674707965673,1.0478488918329754
2011-02-16,1.0547520968133708,1.0547520967640023,1.0509309367840318,1.0508632265311917,1.0512522761601544
2011-02-17,1.0547134972860686,1.0547134972367018,1.0508924770952481,1.050824769320321,1.0506749444416015
2011-02-18,1.0529431760033976,1.0529431759541135,1.049128569339457,1.0490609752110465,1.0477235333376003
2011-02-21,1.0574413150773776,1.0574413150278834,1.053610412537574,1.0535425296492409,1.0528841141360559
2011-02-22,1.048475920060526,1.0484759200114515,1.0446774973889204,1.044610190037877,1.0452229081393847
2011-02-23,1.0477760637651568,1.047776063716115,1.0439801765356802,1.043912914112205,1.0447935136070678
2011-02-24,1.0475254214515466,1.0475254214025167,1.043730442250026,1.043663195916639,1.0456767656708112
2011-02-25,1.050143765615159,1.0501437655660066,1.0463393006661426,1.0462718862470548,1.0469137423682795
2011-02-28,1.0575237422390944,1.0575237421895962,1.0536925410818465,1.0536246529020667,1.0535355730256035
2011-03-01,1.0587677477286666,1.0587677476791104,1.0549320397834565,1.054864071744223,1.054638323078608
2011-03-02,1.0585378629250755,1.05853786287553,1.0547029878074325,1.0546350345257505,1.0556869678380805
2011-03-03,1.0536931499207198,1.0536931498714013,1.049875826248333,1.0498081839750324,1.0502718604441084
2011-03-04,1.05785701247355,1.0578570124240363,1.0540246039435908,1.0539566943693888,1.0536283401379807
2011-03-07,1.062790803118081,1.0627908030683364,1.058940520432042,1.058872294131082,1.059208160156216
2011-03-08,1.0607405243167254,1.0607405242670767,1.0568976693887617,1.056829574706309,1.0555658916501978
2011-03-09,1.0626032602068969,1.0626032601571611,1.058753656952051,1.058685442690487,1.0571798056673183
2011-03-10,1.0569777060702432,1.0569777060207708,1.0531484830949671,1.0530806299682083,1.0519389129878378
2011-03-11,1.052314306143822,1.0523143060945677,1.0485019777520728,1.0484344239942263,1.0483434852337818
2011-03-14,1.0546405530465002,1.054640552997137,1.0508197971183566,1.0507520940261155,1.050454626173741
2011-03-15,1.048904532964336,1.048904532915241,1.0451045575122224,1.0450372226461941,1.0468714654409284
2011-03-16,1.0523047642321497,1.0523047641828958,1.0484924704088754,1.048424917263576,1.0503956368018545
2011-03-17,1.0464651845192958,1.0464651844703152,1.0426740463482875,1.0426068680772547,1.0457869618765216
2011-03-18,1.0506420992567165,1.0506420992075403,1.0468358289426303,1.0467683825328056,1.0501661559604032
2011-03-21,1.051566911175641,1.0515669111264214,1.0477572904493109,1.0476897846707975,1.0496786680918546
2011-03-22,1.05234452029317,1.0523445202439141,1.0485320824414819,1.0484645267440253,1.0498530115670082
2011-03-23,1.0574042729050828,1.05740427285559,1.0535735045618058,1.0535056240514098,1.0553442244991864
2011-03-24,1.0572456712424405,1.057245671192955,1.0534154774818882,1.0533476071529926,1.054836518727962
2011-03-25,1.0610200474098164,1.0610200473601543,1.0571761798244954,1.05710806719794,1.0579300993684355
2011-03-28,1.0578862103577658,1.0578862103082503,1.0540536960495968,1.053985784601024,1.054945384274187
2011-03-29,1.0543595325503567,1.0543595325010064,1.0505397947043675,1.0504721096523546,1.0512340115383527
2011-03-30,1.0545987278192894,1.054598727769928,1.0507781234157427,1.0507104230084892,1.0500412991399528
2011-03-31,1.0516997710805116,1.0516997710472578,1.047820964311715,1.0473598799882846,1.0466929433085546
2011-04-01,1.055961525797561,1.055961525789535,1.0520670011219644,1.0508805539820263,1.0502114024534364
2011-04-04,1.0612705309701165,1.0612705310062076,1.0573564259934913,1.0552498114290871,1.0545779265809354
2011-04-05,1.0617238190706033,1.0617238191282072,1.0578080423112557,1.0552498114290871,1.0545779524678696
2011-04-06,1.06172381907076,1.06172381912984,1.0578080423116365,1.0552498114290871,1.0545779542441085
2011-04-07,1.0626987219635273,1.062698722029474,1.05877934963565,1.056291985926228,1.0556194723591876
2011-04-08,1.0683942079223196,1.068394208060694,1.0644538299058675,1.0619076339296385,1.0612316261292996
2011-04-11,1.067339520835778,1.0673395209256615,1.0634030326363202,1.0611244812469867,1.0604489145846607
2011-04-12,1.0639824249575587,1.0639824249905008,1.0600583181595629,1.0587495490382184,1.0580754285555873
2011-04-13,1.067559313254016,1.067559313323408,1.0636220144281583,1.0619640068838443,1.0612878802658443
2011-04-14,1.0644602532394207,1.0644602532989949,1.0605343841520727,1.0591218239015519,1.0584474981100134
2011-04-15,1.0641539611315252,1.0641539612111348,1.0602292216927136,1.0588190755991302,1.0581449670302292
2011-04-18,1.0649658344108273,1.0649658344565536,1.0610381006716672,1.0603220994932347,1.0596469915919922
2011-04-19,1.058539051566932,1.0585390516071678,1.054635020645411,1.0546509548553604,1.0539794572010297
2011-04-20,1.0638342848380622,1.063834284924721,1.0599107244084434,1.0588958337020533,1.0582216848234438
2011-04-21,1.066401272539403,1.0664012726288241,1.0624682447227123,1.060739772388497,1.0600644507814927
2011-04-22,1.0653564652881489,1.0653564653714456,1.0614272908567721,1.0601064093033028,1.059431484293793
2011-04-25,1.0595104376722786,1.059510437755118,1.0556028241578175,1.0539190041659143,1.0532480246481866
2011-04-26,1.0538438424999013,1.0538438425910164,1.0499571281332873,1.0479236152564664,1.0472564692561548
2011-04-27,1.0504090633770393,1.0504090634856385,1.0465350169292165,1.0447008264181654,1.0440357568201233
2011-04-28,1.0459467490281757,1.045946749134351,1.0420891601808644,1.0402928998054188,1.0396306384247782
2011-04-29,1.0469036901892903,1.0469036903109699,1.0430425720197631,1.0416090431013887,1.04094596108238
2011-05-02,1.0505299991194577,1.0505299992279156,1.0466555066447256,1.0457617720590655,1.045096025816171
2011-05-03,1.050529999114338,1.050529999174662,1.046655506632298,1.0457617720590655,1.0450959677887395
2011-05-04,1.0417740754726477,1.0417740755093885,1.037931875982394,1.0376500710030414,1.036989411548268
2011-05-05,1.040365266859919,1.0403652666982657,1.0365282632104995,1.0363530526513203,1.0356929810455822
2011-05-06,1.0376579575921199,1.037657957397326,1.0338309388494988,1.0338589110372054,1.033200390019294
2011-05-09,1.0419231894984704,1.0419231894355374,1.0380804400409502,1.0377354325455426,1.0370745985259366
2011-05-10,1.0449584098592206,1.044958409828895,1.0411044661156803,1.0411117972656772,1.0404488493149533
2011-05-11,1.0452632021177806,1.045263201989852,1.0414081342455381,1.0414347920322902,1.0407715203271368
2011-05-12,1.0369915160603493,1.036991515941505,1.033166955253111,1.0334703618581764,1.0328121803216557
2011-05-13,1.0440045241082634,1.0440045240051254,1.040154098409462,1.0401654384942591,1.039503006277863
2011-05-16,1.0402763457475215,1.0402763456232178,1.0364396700565182,1.0373765573949898,1.0367158781114092
2011-05-17,1.0398294686133265,1.0398294684347047,1.0359944410555673,1.0371229860655995,1.0364624028677805
2011-05-18,1.041852429923947,1.0418524297908849,1.0380099414263482,1.0388622516005628,1.0382006142972118
2011-05-19,1.042116921977286,1.0421169218267798,1.0382734579956312,1.0385822802937363,1.0379208005586462
2011-05-20,1.0419774601578595,1.0419774600265612,1.0381345105326194,1.0383024465642374,1.0376411684971807
2011-05-23,1.0306222795646596,1.0306222793892297,1.0268212093287992,1.0280746764556488,1.0274198676080846
2011-05-24,1.0326100560123428,1.0326100558843656,1.028801654603323,1.0301105678422613,1.0294545179636951
2011-05-25,1.0306759063856776,1.0306759063042283,1.0268746383813696,1.0279971586690768,1.02734251281418
2011-05-26,1.0313348465028054,1.0313348464235887,1.0275311482412166,1.0281305078754743,1.027475779726899
2011-05-27,1.0267022662547503,1.0267022661755087,1.022915653557017,1.0224240803308025,1.0217729914043665
2011-05-30,1.0243261881015253,1.0243261880158214,1.0205483386908354,1.019667944995487,1.019018605962307
2011-05-31,1.031069698938631,1.0310696988909136,1.0272669785808473,1.0250285460790045,1.0243758344138436
2011-06-01,1.0316423415686078,1.0316423414791933,1.0278375092233136,1.0258386270453619,1.0251853485559492
2011-06-02,1.0274884182272996,1.027488418157485,1.0236989060993649,1.022779382617417,1.0221280785784406
2011-06-03,1.0316558017848363,1.031655801720398,1.0278509198002999,1.0282938666428574,1.027639052258829
2011-06-06,1.033202449090949,1.033202449000535,1.0293918628642371,1.0302306427960133,1.029574561888903
2011-06-07,1.0332024490955927,1.0332024490488338,1.0293918628755085,1.0302306427960133,1.0295746146053955
2011-06-08,1.0324173323489445,1.0324173323222383,1.0286096417455004,1.0301645699131077,1.0295086080345492
2011-06-09,1.0263640073407692,1.0263640073459948,1.0225786421991558,1.0239329644489514,1.0232810152463836
2011-06-10,1.0265217807951534,1.0265217807859277,1.0227358337621368,1.0248053455654873,1.0241528225692875
2011-06-13,1.0252210581824748,1.025221058179127,1.0214399083860344,1.023096785069521,1.022445358776331
2011-06-14,1.0280965357106087,1.0280965357265477,1.0243047807786494,1.0261938481281012,1.0255404700730264
2011-06-15,1.0253650531759104,1.0253650531354737,1.0215833723013932,1.023864016501577,1.0232120561020461
2011-06-16,1.0177981875305797,1.017798187432388,1.0140444142407237,1.0173050129033059,1.016657165449328
2011-06-17,1.013224489224019,1.0132244891108553,1.0094875843314166,1.0134260295151547,1.0127806375530608
2011-06-20,1.0105090487333408,1.0105090485913883,1.0067821587372165,1.0109039686728876,1.01026015016562
2011-06-21,1.016105781613454,1.016105781456447,1.012358250129752,1.0159032761913058,1.0152562514327732
2011-06-22,1.0144714571869782,1.0144714570927273,1.0107299533157756,1.0141296219941385,1.013483804335079
2011-06-23,1.0176491470854334,1.0176491468555982,1.0138959234562588,1.0178919970946703,1.0172436159058689
2011-06-24,1.0239909578604907,1.0239909575856598,1.0202143447941328,1.0230737776480914,1.0224220377574382
2011-06-27,1.0226050301094562,1.0226050298529246,1.0188335285292962,1.022093893489658,1.0214428005038259
2011-06-28,1.023788337366288,1.023788337165898,1.0200124716022325,1.0232759900647659,1.0226242111856194
2011-06-29,1.0225177252176332,1.0225177250886823,1.0187465456487903,1.0219274740841309,1.0212766416764496
2011-06-30,1.0288155445668554,1.0288155444487412,1.0241513254252979,1.0273543738296478,1.0266983197657327
2011-07-01,1.0301274915352325,1.0301274910665759,1.0241588024060395,1.0273618741947543,1.0267058145570311
2011-07-04,1.038097619430872,1.0380976187698998,1.0325870016055672,1.035816432711825,1.035154973682922
2011-07-05,1.0389708173630707,1.0389708178033663,1.0335944328670872,1.036827014729503,1.0361649128200783
2011-07-06,1.0403800551856235,1.0403800556314347,1.0359464854061464,1.0391864233476371,1.0385228147666337
2011-07-07,1.0408854209244855,1.0408854237661618,1.0364341923367464,1.039675655588869,1.0390117399550836
2011-07-08,1.042349475818987,1.042349478541785,1.0372493071638689,1.0404933196996573,1.0398288816471564
2011-07-11,1.0426776926129513,1.0426776948177918,1.039024671152109,1.0422742361650084,1.0416086596941267
2011-07-12,1.0356270922931035,1.0356270947264574,1.034194601955639,1.037429060855756,1.0367665789671634
2011-07-13,1.044590776955988,1.0445907798955203,1.0426916490963103,1.0459526826369214,1.0452847588189351
2011-07-14,1.0467565184655965,1.0467565211932204,1.0449392139843046,1.048207276817316,1.0475379127725175
2011-07-15,1.0471561446808264,1.0471561469028448,1.0456164928729106,1.0488866739056548,1.048216874874314
2011-07-18,1.0477571019237066,1.0477571035628068,1.0465314203707639,1.0498044628527783,1.0491340764272377
2011-07-19,1.0465584499013385,1.0465584520268931,1.0448753752216842,1.048143238398022,1.0474739138976676
2011-07-20,1.0449674409710137,1.0449674436150442,1.042791396354906,1.0460527418565417,1.045384753479172
2011-07-21,1.0418491179784,1.041849120309268,1.0395451561660691,1.0427963490035437,1.0421304394088837
2011-07-22,1.0441209661794415,1.0441209690658355,1.0402046028037293,1.043457858070304,1.0427915272836827
2011-07-25,1.0349354044993755,1.0349354070138543,1.031047605033347,1.0342722216540803,1.0336117558509792
2011-07-26,1.0382160904168838,1.0382160930995714,1.0334755461390839,1.036707756181502,1.0360457354529715
2011-07-27,1.0423851541984015,1.0423851564891264,1.0380035868881357,1.041249958444909,1.040585036255578
2011-07-28,1.039893527177684,1.0398935294295033,1.0352551639209702,1.038492939744299,1.0378297780594452
2011-07-29,1.0365175015882342,1.0365175035364855,1.0321714365245738,1.0353995679449024,1.0347383809650634
2011-08-01,1.0398610152401406,1.0398610172280947,1.0348772774285773,1.0381138714063165,1.0374509511972303
2011-08-02,1.0369308627104508,1.0369308645249715,1.0326842467930608,1.035913982035082,1.0352524662590066
2011-08-03,1.0376511701304338,1.0376511703775575,1.0350785519866754,1.0383157754535746,1.037652722423164
2011-08-04,1.0372916799378211,1.0372916771566965,1.035113960143811,1.0383512943502455,1.037688211846238
2011-08-05,1.024598893457442,1.0245988918023954,1.0253542481698557,1.0285610587328764,1.0279042306427573
2011-08-08,1.013413611232091,1.013413606682727,1.0152931697347929,1.0184685141263354,1.0178181244748394
2011-08-09,1.0086368753526251,1.0086368702064799,1.0150435158078335,1.0182180794030398,1.0175678482852182
2011-08-10,1.014992809907822,1.0149928068606064,1.019923249653402,1.0231130746883161,1.022459722463037
2011-08-11,1.021091117248954,1.021091114864875,1.0272401793924042,1.0304528882332038,1.0297948503978194
2011-08-12,1.0224340428001257,1.0224340404179948,1.028570561576593,1.0317874312073332,1.0311285411563493
2011-08-15,1.0291405791360912,1.0291405776870952,1.0330449983403027,1.0362758618381365,1.0356141076620693
2011-08-16,1.026898985773524,1.02689898410565,1.0308522821119375,1.034076287857365,1.0334159378036871
2011-08-17,1.0283573543390845,1.0283573532360442,1.0320889346215398,1.0353168080159654,1.0346556670595297
2011-08-18,1.022608082946993,1.022608080014674,1.0270945471186779,1.0303068004923863,1.0296488547254534
2011-08-19,1.020284988541006,1.0202849864469694,1.0272410997715633,1.0304538114908643,1.0297957737217522
2011-08-22,1.0201996180969848,1.0201996158716118,1.0267738225062004,1.0299850728089481,1.0293273340741427
2011-08-23,1.0266295265855963,1.0266295248251607,1.031997937766819,1.0352255265672397,1.034564442411708
2011-08-24,1.022216890596814,1.0222168892666423,1.029034487546925,1.0322528081129947,1.03159362325978
2011-08-25,1.0245727279595933,1.02457272686045,1.0303303255107499,1.0335526988291979,1.0328926844104394
2011-08-26,1.0252208743178284,1.0252208735854007,1.0317505368578646,1.0349773519082892,1.0343164285536575
2011-08-29,1.0253901403963346,1.0253901399206715,1.03072379535501,1.0339473992562096,1.0332871341976435
2011-08-30,1.023950151381181,1.02395015195112,1.027756962160185,1.0309712872467232,1.0303129250557133
2011-08-31,1.026812483391882,1.0268124843628614,1.0294476214215778,1.0326672340699372,1.032007789775135
2011-09-01,1.024517019702398,1.0245170204012661,1.026793017886069,1.0300043282226423,1.0293465838074027
2011-09-02,1.02123526740834,1.0212352671517846,1.0248284639553207,1.0280336301204478,1.027377142013877
2011-09-05,1.0141664737404745,1.0141664723743262,1.0197951454361995,1.0229845698232838,1.022331303469665
2011-09-06,1.013762128090547,1.013762128099876,1.018963387096602,1.0221502101471873,1.0214974797148906
2011-09-07,1.0182229536138387,1.0182229550109057,1.0223169829549157,1.0255142944261024,1.0248594188738946
2011-09-08,1.0155838290317736,1.0155838298308475,1.0200645345810238,1.023254801486637,1.0226013674656083
2011-09-09,1.0161000169045018,1.0161000168485286,1.0208098123179077,1.0240024100906564,1.0233484967268405
2011-09-12,1.0061698064377096,1.0061698061296978,1.0137898144886803,1.0169604571144883,1.0163110400714206
2011-09-13,1.0062303813961164,1.0062303809142483,1.0137898144886806,1.0169604571144883,1.0163110396776023
2011-09-14,1.0064669485296613,1.0064669482938005,1.0140433262320163,1.0172147617195477,1.0165651824446407
2011-09-15,1.006524479419471,1.0065244805813192,1.013514371123685,1.0166841522962975,1.016034915027643
2011-09-16,1.005992199344038,1.0059921990207055,1.0117689428523762,1.0149332651722751,1.0142851426295512
2011-09-19,0.9979183905187788,0.9979183886922545,1.005450635275618,1.0085951969952072,1.0079511184516734
2011-09-20,0.9978020564574226,0.997802055315224,1.0049058891975924,1.0080487472157718,1.0074050191793185
2011-09-21,1.0055384173364497,1.005538416097935,1.0140215874001777,1.0171929548991934,1.0165433872807628
2011-09-22,0.9896962262439913,0.9896962225841536,1.0011502897492202,1.004281402074637,1.003640074090489
2011-09-23,0.9822004937319454,0.9822004893272501,0.9942047000295201,0.9973140899204529,0.9966772094627082
2011-09-26,0.9690451641909796,0.9690451598300344,0.9812518995896438,0.9843207794057948,0.9836921963861501
2011-09-27,0.9766940804593858,0.9766940776444276,0.9862240858467584,0.989308516248898,0.9886767516799237
2011-09-28,0.9714345664345312,0.9714345619761048,0.9811088477745273,0.9841772801940072,0.9835487886263571
2011-09-29,0.9593336611505177,0.9593336568180444,0.9699975922206314,0.973031274024175,0.9724099004109692
2011-09-30,0.962967180268741,0.9629302784715192,0.9738481897042212,0.9769518929366228,0.9763456267314738
2011-10-03,0.9593468939080831,0.9593101308435991,0.973516428170726,0.9766044210207953,0.9760162303632954
2011-10-04,0.9567945185563586,0.9567578533012697,0.973515834956819,0.9765894884822229,0.976016180505812
2011-10-05,0.9608562534688296,0.9608194325642844,0.9735167814883555,0.9766133127368668,0.9760162564686066
2011-10-06,0.9608562534688296,0.9608194325642844,0.9735167814883555,0.9766133492313306,0.9760163317728675
2011-10-07,0.9631227027606178,0.9630857950036297,0.9735173074210858,0.9766265686420285,0.9760163354817769
2011-10-10,0.9631396460760723,0.9631027376698005,0.9735173113435557,0.9766267034609674,0.9760164102580976
2011-10-11,0.965434764181238,0.9653977678239076,0.9740791130067871,0.9771936544178683,0.9765750895663081
2011-10-12,0.9759508603762574,0.9759134610323486,0.9846751463077672,0.9877031707459994,0.9871189541247434
2011-10-13,0.9794044324570697,0.9793669007690693,0.9865438285744657,0.9895652856667215,0.9889779103835264
2011-10-14,0.9792253100635663,0.9791877852397024,0.9874724803451498,0.9904801317196847,0.9899022379575723
2011-10-17,0.9812220369723265,0.981184435632032,0.9880120134914736,0.9910232729733878,0.9904386169673156
2011-10-18,0.9674476664720755,0.9674105929784589,0.9766075380641642,0.9797000753145259,0.979092092539912
2011-10-19,0.9673539393249885,0.9673168694230833,0.9754707002708085,0.9785782952419175,0.9779605702380799
2011-10-20,0.9541371240236651,0.9541005606024044,0.9625688472684346,0.9657797007418955,0.9651225096132643
2011-10-21,0.9526464768619091,0.952609970563633,0.9607604988953358,0.9639875670543958,0.9633228297807069
2011-10-24,0.965363074372117,0.965326080762007,0.971345461355724,0.9745001175060589,0.9738562986747478
2011-10-25,0.972075514393621,0.9720382635565717,0.97778226255146,0.9808863783704123,0.9802614607826643
2011-10-26,0.9779182424220975,0.9778807676862805,0.9836930320611584,0.9867484954052561,0.9861429246434991
2011-10-27,0.9818865470252707,0.9818489202203337,0.9853758899311522,0.9884302513335237,0.9878169247204559
2011-10-28,0.9893325741904296,0.9892946620468123,0.992064925362228,0.9950682772125111,0.9944722243247436
2011-10-31,0.9868025140232165,0.9867646988338559,0.9899686080527446,0.9929870047804483,0.9923866049608745
2011-11-01,0.9849523720347398,0.9849146277445396,0.9900383662599828,0.9930455336558658,0.9924564498127108
2011-11-02,0.9929396811090648,0.9929016307377583,0.9971594569842963,1.0001123116089068,0.9995414128779183
2011-11-03,0.9901100808364734,0.9900721388980789,0.9961809508965869,0.9991317479902936,0.9985683550167379
2011-11-04,0.998783545298875,0.998745270985262,1.003044834395895,1.0059482475254446,1.0053969102292437
2011-11-07,0.995873100816357,0.9958349380336813,1.0005902224068624,1.0035118734220179,1.0029550841584447
2011-11-08,0.9947776532772344,0.9947395324731263,0.9994023931880298,1.0023345654287452,1.001773329388103
2011-11-09,1.0002230490851434,1.0001847196084075,1.0038930398566677,1.0067927273236417,1.0062407278220373
2011-11-10,0.9884208912157533,0.9883830140086747,0.9956187102430699,0.9985688256865866,0.9980098306568703
2011-11-11,0.9909748864249269,0.9909369113463785,0.9976392987340333,1.0005754886430123,1.0000200310854062
2011-11-14,1.0017831939567985,1.0017448046938615,1.007771474759979,1.010626419760308,1.0101003162768156
2011-11-15,1.0002501669917192,1.0002118364758,1.0067968487540788,1.0096569789567729,1.0091308745552434
2011-11-16,0.9912849068210837,0.9912469198622657,0.9987653058692135,1.0016884183787234,1.0011410430872882
2011-11-17,0.9910902606470843,0.9910522811472886,0.9991822533358248,1.0020984137847317,1.0015559117307284
2011-11-18,0.980121067816484,0.9800835086663512,0.9887193799725724,0.991720637277173,0.9911466221763909
2011-11-21,0.9779043255912275,0.9778668513887167,0.9874948367219363,0.9905006965355194,0.9899284535569102
2011-11-22,0.9756384053951207,0.9756010180247774,0.9849150719219825,0.9879440460994845,0.9873616300589084
2011-11-23,0.9726937165490204,0.97265644202189,0.9834625911628158,0.986495182020715,0.9859167123134684
2011-11-24,0.9723205774355693,0.9722833172074766,0.9827346629490109,0.9857752332458045,0.9851923559781153
2011-11-25,0.9681052862979148,0.9680681876036957,0.9792686168099075,0.9823334608073483,0.9817437371460295
2011-11-28,0.9727978115672199,0.9727605330510717,0.9827990746362608,0.9858415834989194,0.9852564732620492
2011-11-29,0.9780751822177072,0.9780377014678114,0.9875615761027098,0.990567849973004,0.9899951426957099
2011-11-30,0.9669303746508008,0.9668933209802877,0.9766466564312115,0.9797419212240048,0.9791351071904362
2011-12-01,0.9832889643360309,0.983251283789159,0.9900106851019106,0.9930138034335106,0.9924323762225072
2011-12-02,0.98000108278443,0.9799635282322348,0.9862810476840492,0.9893175831009808,0.9887214633948012
2011-12-05,0.9749848048509279,0.9749474425271645,0.9802484036224568,0.9833403931049343,0.9827188268339948
2011-12-06,0.972166007458497,0.9721287531536693,0.9782076709988625,0.9813120514229511,0.980688434006128
2011-12-07,0.9758126143623878,0.9757752203161948,0.9808932599069449,0.9839810522709029,0.9833604726290638
2011-12-08,0.9748382173220053,0.9748008606156124,0.9804009524834927,0.9834900819746496,0.982870689260604
2011-12-09,0.9686283835340754,0.968591264794284,0.9759222414129808,0.9790384190994298,0.9784146411866669
2011-12-12,0.9637029230896045,0.9636659930980345,0.9706235538625382,0.9737849041879676,0.9731419821728797
2011-12-13,0.9535001380254132,0.9534635990140482,0.9601142692641248,0.9633622100770314,0.9626841150423392
2011-12-14,0.948714057446837,0.9486777018425274,0.9553247059033853,0.958610697709179,0.9579174940306554
2011-12-15,0.9364328558618756,0.9363969708846235,0.9434307102685686,0.9468084504100428,0.9460803899212195
2011-12-16,0.9465263531265169,0.9464900813570699,0.9532698471856551,0.9565726989344167,0.9558733602321583
2011-12-19,0.94553296283939,0.945496729137582,0.9531270202425939,0.9564262608618419,0.9557314154399585
2011-12-20,0.945220827251845,0.9451846055113626,0.9527445170935223,0.9560471959614917,0.9553507911546861
2011-12-21,0.9430689859769364,0.9430328466970114,0.9489543874208429,0.9522960144071615,0.9515783284771683
2011-12-22,0.9405271080230722,0.9404910661502726,0.9463629883839719,0.9497251535025996,0.9489991660855845
2011-12-23,0.944081810162448,0.9440456320701591,0.9491521053296335,0.952496812532079,0.9517749878971399
2011-12-26,0.9404320958090335,0.9403960575771904,0.9456679581525116,0.9490390077530914,0.9483073763713629
2011-12-27,0.9350745144947404,0.9350386815703918,0.93986571225752,0.9432843723270132,0.9425322922816013
2011-12-28,0.9343417522425669,0.9343059473983488,0.9390724828587685,0.9424975755130556,0.9417427000255967
2011-12-29,0.93138986519195,0.9313541734667868,0.9363860352406593,0.9398303435031032,0.9390688069078237
2011-12-30,0.9367204779951009,0.9366845819959014,0.9420043138600572,0.9454039337068434,0.9446611501359601
2012-01-02,0.9356685120793966,0.9386447139134597,0.9439804698025189,0.9424241813945413,0.9416931255252057
2012-01-03,0.9356685120793966,0.9386447139134597,0.9439804698025189,0.9424241813945413,0.9416931255252057
2012-01-04,0.9350939336773253,0.9390722597545752,0.9444104460416389,0.9424231192374742,0.9416920565911744
2012-01-05,0.9310009365308188,0.9343493487340029,0.9396606874823568,0.937659189562444,0.9369449324698754
2012-01-06,0.9319447461898797,0.9355002675227339,0.9408181487057425,0.9395819250109796,0.9388608989478747
2012-01-09,0.9410078934732803,0.9442086821123826,0.9495760665565744,0.9482257887282928,0.9474743719601824
2012-01-10,0.9516282718380394,0.9553993132017217,0.9608303111461571,0.9590949791515082,0.9583050617916008
2012-01-11,0.9537174162321712,0.9568189029658568,0.9622579706136973,0.9607362077570389,0.9599404347887961
2012-01-12,0.9540936570952309,0.9565509097591756,0.9619884539910636,0.9613745377055363,0.9605764762948681
2012-01-13,0.947130606688812,0.9490256179359974,0.9544203844058982,0.9534259433447455,0.9526563506935303
2012-01-16,0.9393562181477607,0.9417363215928336,0.9470896518245991,0.9458482347236156,0.9451055884065631
2012-01-17,0.9558833810493227,0.9585200205505411,0.9639687582556843,0.9611617824103186,0.9603650324673139
2012-01-18,0.9511600652335563,0.9532062656258234,0.9586247971211918,0.9558478964837616,0.9550701714751892
2012-01-19,0.9562983584017032,0.9589429697925962,0.9643941117662295,0.9603533263993786,0.9595595603414656
2012-01-20,0.9612531555643437,0.9627853683190536,0.9682583525299697,0.9650127799658067,0.9642023579629825
2012-01-23,0.9634127512183748,0.9654321995168733,0.9709202297243649,0.966045679537371,0.965231571002168
2012-01-24,0.9634127512183748,0.9650619053954312,0.9705478306541494,0.966045679537371,0.965231571002168
2012-01-25,0.9634127512183748,0.9649133262259224,0.9703984068816008,0.966045679537371,0.965231571002168
2012-01-26,0.9634127512183748,0.9655728012802522,0.9710616307429635,0.966045679537371,0.965231571002168
2012-01-27,0.9636391277329902,0.9662475079585754,0.9717401728129731,0.9660460961492805,0.9652319902441046
2012-01-30,0.9623948794157677,0.9645249161541755,0.9700077888803819,0.9660438068344309,0.9652296864770442
2012-01-31,0.9642136069601598,0.9665015920670118,0.9719957012706483,0.9670953482978979,0.9662774648495526
2012-02-01,0.9607858239820349,0.9634532095603473,0.9689299901361537,0.9636432676415266,0.9628377947339414
2012-02-02,0.9679085013848373,0.9709336935756516,0.9764529972020287,0.9697149849998432,0.9688877633349336
2012-02-03,0.971929009825573,0.9766210593268093,0.9821726929656504,0.9739530998508598,0.9731106072251126
2012-02-06,0.9733683575626318,0.9789473130956597,0.984512170398431,0.9756761271209802,0.9748274018886142
2012-02-07,0.9682430326116261,0.9739872285272947,0.97952389007074,0.9702264874529594,0.9693974908179727
2012-02-08,0.9780077280835345,0.9844325233268201,0.9900285614825379,0.9794659832179046,0.9786036999860441
2012-02-09,0.9774156738875399,0.9847294062131013,0.9903271320090788,0.9788645461287948,0.9780044460096526
2012-02-10,0.9766139663555466,0.9830996656094636,0.9886881270928695,0.9788758674357694,0.9780157114160086
2012-02-13,0.9790174179566276,0.9859177046337806,0.9915221853501259,0.9810514960352984,0.9801834512333989
2012-02-14,0.9779899937192529,0.9850308060095364,0.9906302451222939,0.9798338210118074,0.978970204676152
2012-02-15,0.9827984476529779,0.9903660476711346,0.9959958151357098,0.9832810605500374,0.9824049536316382
2012-02-16,0.9799181164155781,0.9882156754026458,0.9938332190073035,0.9805338043704498,0.9796676955195186
2012-02-17,0.9813570419525582,0.9893306104780222,0.9949544919667656,0.9812660952598705,0.9803973392443
2012-02-20,0.9828356959916017,0.9911198068141225,0.9967538590466472,0.9830972545672858,0.9822218367124222
2012-02-21,0.9870338719496712,0.9963690332771977,1.0020329249053939,0.9873828326035763,0.9864918151703251
2012-02-22,0.9921045796475544,1.0022649238260937,1.007962330832634,0.9925388028871238,0.9916289566411182
2012-02-23,0.9929070458680108,1.0035259588674783,1.0092305342680323,0.9940356083500679,0.9931202624837144
2012-02-24,0.9958146047206496,1.0076112839901288,1.0133390825519693,0.9970482412070579,0.9961218373176444
2012-02-27,0.9960319921465974,1.0070239878777119,1.0127484479360227,0.9980066204037441,0.9970766778942572
2012-02-28,0.9974453157001729,1.006800932683835,1.012524124777764,0.99817674358656,0.9972461975666668
2012-02-29,0.9958737779778477,1.0059186872141885,1.0116368641555362,0.9960738905958062,0.9951510954889772
2012-03-01,0.991468075822766,1.0036700888438537,1.009375483555867,0.9924729681865221,0.9915633936518097
2012-03-02,0.9976376526367742,1.0083396044662087,1.0140715431890837,0.998412867906628,0.9974815244744485
2012-03-05,0.9957586540724002,1.0065344860204584,1.0122561634898104,0.997539342803281,0.9966111972565439
2012-03-06,0.9905456455132732,1.0001183682374974,1.0058035730801596,0.9937442736192666,0.9928300660628899
2012-03-07,0.9862015700517729,0.9970702959563669,1.002738173934686,0.9897887509854081,0.988889049158986
2012-03-08,0.9916054615393195,1.003345106051327,1.0090486533882657,0.9945178035578631,0.9936008149646064
2012-03-09,0.9981036956928702,1.0102518096600526,1.0159946183744943,1.0007634848987215,0.999823572494192
2012-03-12,0.9990143642245125,1.010777767262381,1.0165235657996303,1.001551979159231,1.0006091608655368
2012-03-13,1.0027777928412729,1.0151294931016863,1.020900029163614,1.0047892060979975,1.0038344509025139
2012-03-14,0.9909988020381884,1.0024282388287127,1.0081265742046077,0.9922969439418836,0.9913884129504577
2012-03-15,0.9877446264954453,0.998255337802312,1.0039299521888956,0.9886398795407965,0.9877447578384894
2012-03-16,0.9936827397155744,1.0056485834119315,1.0113652249395793,0.9951283175834768,0.994209473651562
2012-03-19,0.9951445898980305,1.0070665249944142,1.0127912268563257,0.9974729092322167,0.9965454389074787
2012-03-20,0.9882777065736453,0.9991313160112917,1.0048109099240132,0.9910011483397438,0.9900974794443548
2012-03-21,0.9889515705066401,0.9998621013369524,1.0055458494222245,0.9918465803575466,0.9909398132472348
2012-03-22,0.9877779432654149,0.9980162901409775,1.0036895456534867,0.9904132848387373,0.9895117730395134
2012-03-23,0.9836498196468403,0.9950761073243911,1.0007326492736683,0.9868994885144127,0.9860108235905272
2012-03-26,0.9845989183368646,0.9963536653640742,1.0020174696328776,0.9879170539237478,0.987024674087727
2012-03-27,0.9869270118658168,0.9986424271408237,1.0043192419491294,0.9889440948986646,0.9880479876932134
2012-03-28,0.9755655186380631,0.9862969607397168,0.9919035973495235,0.977400698957314,0.9765467887967871
2012-03-29,0.9694321607731434,0.9790067779716043,0.9845719733043646,0.9719000298755959,0.9710660362568003
2012-03-30,0.9689753689056659,0.9788463762392275,0.9844106597632115,0.9716190954529218,0.9707861120465756
2012-04-02,0.9754908909315021,0.9860633637719,0.9915910323883778,0.9786336960069593,0.977794634045749
2012-04-03,0.9764670637742979,0.986063436475178,0.9915910256769475,0.9786337105612367,0.9777946174785133
2012-04-04,0.9757483820186438,0.9860633811136088,0.9915909956334775,0.9786336910882706,0.9777945433158948
2012-04-05,0.9757483820186438,0.9860633818195079,0.9915910087037135,0.9786336943646329,0.9777945755799073
2012-04-06,0.9774711564485821,0.9889106007820623,0.9944219162315948,0.9813974520408851,0.9805559028446206
2012-04-09,0.9752336296544954,0.9864487318113092,0.9919742788856225,0.9790079399390991,0.9781684872099592
2012-04-10,0.9782752088655126,0.9897945963321214,0.995300863206433,0.9822556373119691,0.9814132601121849
2012-04-11,0.9772467556584792,0.9895444341874708,0.9950522128693238,0.9820128780630968,0.9811707353980194
2012-04-12,0.9828471867055287,0.9949481685878894,1.0004246370875831,0.9872576833382614,0.9864109686752127
2012-04-13,0.986431473412152,0.9973779367563907,1.0028400925626613,0.9896156471407189,0.9887668436855793
2012-04-16,0.9836976438777751,0.9947369415554214,1.0002146045041789,0.9870527630007391,0.9862061276006573
2012-04-17,0.9803951982501532,0.9913004586114942,0.9967982275177301,0.9837177203505292,0.9828740175192766
2012-04-18,0.9878076586954794,0.9985752502270266,1.0040307010262504,0.9907782825198009,0.9899283481174389
2012-04-19,0.987491076577667,0.9973702779222745,1.0028327677161863,0.9896089303139268,0.9887600101493428
2012-04-20,0.9899119645849076,0.9999673324580872,1.005414566913112,0.9921291850593731,0.9912780731592556
2012-04-23,0.9854383930849434,0.9966048033322089,1.0020719983458866,0.9888663556692724,0.9880181296978595
2012-04-24,0.9838208831606959,0.9946127378319057,1.0000915995949275,0.9869331529750035,0.9860866050979185
2012-04-25,0.9869678278412842,0.998197002231513,1.0036549349375088,0.9904116469410086,0.9895620748276601
2012-04-26,0.9878400732826259,0.9984980737131111,1.0039541995105596,0.9907037785727457,0.9898539622576369
2012-04-27,0.9861781584605833,0.9969456111913293,1.002410895991632,0.9891972750481596,0.9883487825819356
2012-04-30,0.9910143141739792,1.0008561086713716,1.0062983359591826,0.9929920983576371,0.9921402442828082
2012-05-01,0.9917868996114115,1.0008561665752371,1.0062983383354578,0.9929921117878996,0.9921402501477404
2012-05-02,0.9917868996114115,1.0008561655836155,1.0062983199779367,0.9929921071868811,0.9921402048391806
2012-05-03,0.9909964609790892,1.000222970069157,1.0056688600060213,0.9923776894871859,0.9915262699816403
2012-05-04,0.9923722087087794,1.0023794592221043,1.0078126169981694,0.9944703035104644,0.9936169729845903
2012-05-07,0.990424572801336,1.0024534651564807,1.007886333507636,0.9945422258409283,0.9936888650362895
2012-05-08,0.989620562779979,1.0017806440292336,1.0072175129484913,0.9938893830800518,0.9930365859706417
2012-05-09,0.9822514240745358,0.9943007888681742,0.9997820253062283,0.9866314492126138,0.9857850472270266
2012-05-10,0.9832767064758756,0.9958534301895664,1.0013256211150172,0.9881383011799321,0.9872905692813478
2012-05-11,0.978514114236047,0.991696473111175,0.9971930836465934,0.9841041848596433,0.983259996653333
2012-05-14,0.9758173866520735,0.989683686437443,0.9951920495073668,0.982150718227896,0.9813082387910325
2012-05-15,0.9761068221727045,0.9893374797397934,0.9948478100097414,0.9818146595182143,0.9809724846028685
2012-05-16,0.9678159211041815,0.9828810094813585,0.9884288601297685,0.9755481279183393,0.9747114777595736
2012-05-17,0.973396748756689,0.9892966581834899,0.9948078372918063,0.9817760740929853,0.9809338373715898
2012-05-18,0.969353540656441,0.9859082520643588,0.9914390952791796,0.9784873259162497,0.9776479814740057
2012-05-21,0.9718485257311258,0.9887965835569159,0.9943108651423336,0.9812909763243525,0.9804492237203196
2012-05-22,0.9746072754633459,0.9913400235860044,0.9968395715426341,0.9837596517967794,0.982915712763242
2012-05-23,0.9697657546039966,0.9870934665259047,0.9926177079947925,0.9796381584351453,0.9787977662088163
2012-05-24,0.9690274656027175,0.9868044059301878,0.992330360520738,0.9793576106643899,0.9785175032065216
2012-05-25,0.9677840796662263,0.9852197448582951,0.9907548078177474,0.9778194355203838,0.9769806835267402
2012-05-28,0.9732806116495635,0.9909203095213708,0.9964226496570695,0.9833529157357699,0.9825093100738709
2012-05-29,0.977955502295072,0.9949821609223071,1.0004608573754847,0.9872951709064011,0.9864480748811253
2012-05-30,0.974093115636076,0.9923193381329211,0.9978136697927967,0.9847110185840247,0.9838661146867135
2012-05-31,0.9738744961099728,0.9923471557886836,0.9978413220549484,0.9847380259295124,0.9838930511539395
2012-06-01,0.9723706143392735,0.9909983809997257,0.9965003663854568,0.9834289920013807,0.9825850582983298
2012-06-04,0.963186595061803,0.9825010697150259,0.9880524741086069,0.975181851044123,0.9743451978666624
2012-06-05,0.9644196853408182,0.9835377579628128,0.989083225968759,0.9761882029222361,0.9753506610246753
2012-06-06,0.9653939555525154,0.9834483755522486,0.9889943003967329,0.9761013822719068,0.975263957737574
2012-06-07,0.9648498401302007,0.9821477768042136,0.9877010780320952,0.9748388105997876,0.9740024607077079
2012-06-08,0.9607326007189656,0.9783674496600381,0.9839423473085043,0.9711690542323896,0.970335922379631
2012-06-11,0.96926255175289,0.9858421213115213,0.9913745792062392,0.9784256860921215,0.9775861067937247
2012-06-12,0.9658131430324389,0.9823800858186124,0.9879324359804948,0.9750651667291023,0.9742285143516346
2012-06-13,0.9707438818500947,0.987166753806105,0.992691760768762,0.9797118237727973,0.978871081624521
2012-06-14,0.9678525571460764,0.9849212728698215,0.9904592709283775,0.9775322880137992,0.9766934705512779
2012-06-15,0.9717435993857754,0.9873842602186585,0.9929080246372983,0.9799230229692667,0.9790820981305763
2012-06-18,0.974264895311694,0.9893420315986823,0.9948544409975433,0.981823284682304,0.9809806261368009
2012-06-19,0.9730017168358381,0.9879944882685813,0.9935146883227394,0.9805153516648425,0.9796738324439438
2012-06-20,0.9730992224170482,0.9876683738649878,0.9931903796723494,0.9801987817236315,0.9793574272245641
2012-06-21,0.966510968536433,0.9814773789739729,0.9870350847237991,0.9741895813598057,0.973353396021546
2012-06-22,0.9591396333632434,0.9744951843539216,0.9800927406486627,0.967411490331214,0.9665813382230605
2012-06-25,0.9587592505226648,0.974495155762838,0.9800927411288286,0.9674114840906264,0.9665813394085083
2012-06-26,0.9590352275284904,0.9744369980278189,0.9800349152763355,0.9673550047883145,0.9665249747790144
2012-06-27,0.958516411934524,0.9730301344042205,0.9786358963672155,0.96598899578514,0.9651601690202887
2012-06-28,0.9562144343609685,0.9711350937152996,0.9767514701867233,0.9641490093015912,0.9633217328833258
2012-06-29,0.9618260356295381,0.9755752062611109,0.9811668125054098,0.9684603053155596,0.9676294367620945
2012-07-02,0.9662184973310938,0.9800304436690164,0.9856475995574536,0.9728810954299256,0.9719851333245736
2012-07-03,0.9693599448327421,0.9832168882094983,0.9888522165231692,0.9760442733410037,0.9751453297782289
2012-07-04,0.9693078509284883,0.9831640251838765,0.9887990750941641,0.975991801740284,0.975092924964399
2012-07-05,0.9662272249289586,0.9800393868700534,0.985656502653295,0.972889951883222,0.9719939130109466
2012-07-06,0.9696751308605871,0.9835365126868107,0.9891737404358427,0.9763615820317757,0.9754623969158828
2012-07-09,0.9627510399572566,0.9765135005809369,0.982110417184594,0.9693897893446216,0.9684969812894844
2012-07-10,0.9600424349703427,0.9737661128952788,0.9793473465014353,0.9666624589831605,0.9657722106639981
2012-07-11,0.9618023249427143,0.9755511730186018,0.9811426250347535,0.968434494016864,0.967542604104154
2012-07-12,0.9625782512258144,0.9763382614975553,0.9819341539492626,0.9692158239861225,0.9683231613112582
2012-07-13,0.9638107236026618,0.977588386955207,0.9831914093662475,0.9704568214411402,0.9695629893944896
2012-07-16,0.9579674151962789,0.9716615784129377,0.9772306014122143,0.9645732422435377,0.9636848066479131
2012-07-17,0.9594261126343703,0.973141139495879,0.9787186309131055,0.9660420070983635,0.9651522099606833
2012-07-18,0.9585933507047545,0.9722965027615093,0.9778691234785076,0.965203525051109,0.9643144778975722
2012-07-19,0.9626886376014419,0.976450398046239,0.9820467600176225,0.9693271017240562,0.9684342065006514
2012-07-20,0.9607537956524587,0.9744878731127222,0.9800730115044176,0.9673788993131053,0.9664878169263065
2012-07-23,0.9532625019449145,0.9668893998825191,0.9724310799114949,0.9598358790751945,0.9589518132861219
2012-07-24,0.9530887909258554,0.9667132097612593,0.972253875842824,0.9596609733019256,0.9587770655158334
2012-07-25,0.9503555557802099,0.9639409274329404,0.969465679727998,0.9569089091658133,0.9560275177326084
2012-07-26,0.9499118043956429,0.9634908547611748,0.9690130052157557,0.9564621145609029,0.9555811179277167
2012-07-27,0.9522986399333933,0.9659118404177913,0.9714478361828925,0.9588654318019716,0.9579821987027096
2012-07-30,0.9496050764068744,0.9631797654270683,0.9687001094197409,0.9561532891192559,0.9552725593088526
2012-07-31,0.9483386838003285,0.9618952376481498,0.9674082516917145,0.954878139647603,0.9539986085514258
2012-08-01,0.9511768239077573,0.9647739751015618,0.970303462238627,0.957735870345266,0.9568536873957378
2012-08-02,0.9477778409363539,0.9613264018919199,0.9668361311784637,0.9543134478173002,0.9534344184356079
2012-08-03,0.9507295247996177,0.9643203548067716,0.9698471686637887,0.9572855419671426,0.9564037186935633
2012-08-06,0.9578280979135501,0.971520417896661,0.9770884826826747,0.9644330763908908,0.9635446578844589
2012-08-07,0.9601955944381182,0.9739218170297249,0.9795035857601326,0.9668169431416836,0.9659262842261551
2012-08-08,0.9582252537923339,0.9719233132305505,0.9774936247283451,0.9648330178735147,0.9639441840898221
2012-08-09,0.963774545923098,0.9775519593264613,0.9831545042116494,0.9704205962930836,0.9695265957973982
2012-08-10,0.9620881445942319,0.9758414440519123,0.9814341920604344,0.968722560952917,0.9678301295995306
2012-08-13,0.9567120431473608,0.9703885051723914,0.9759499858475306,0.9633093983021234,0.9624219422215852
2012-08-14,0.9583172426924542,0.9720166615245983,0.9775874633775119,0.964925674671434,0.9640367220029284
2012-08-15,0.9550781930468426,0.9687313600525277,0.9742832816454678,0.9616643277487775,0.9607783408910672
2012-08-16,0.9528511985839528,0.9664725447365515,0.972011505900501,0.9594219873088622,0.9585380551628347
2012-08-17,0.9542976797139492,0.9679396306161713,0.9734870734429608,0.9608783879167235,0.9599931692574981
2012-08-20,0.9538377908030684,0.9674731672322558,0.9730179369046678,0.9604153274976933,0.9595305356134604
2012-08-21,0.9574344332274491,0.9711212464692142,0.976686902031965,0.9640367883696759,0.9631486437080983
2012-08-22,0.955280425625042,0.9689364529349123,0.9744895807960277,0.9618679317127512,0.9609817804443634
2012-08-23,0.9593515830178809,0.9730658110816824,0.9786426026257238,0.9659671650923489,0.9650772355326217
2012-08-24,0.9540872105671673,0.9677261496973566,0.9732723720996523,0.9606664650920954,0.9597814439776979
2012-08-27,0.9502685923415114,0.963852912067626,0.9693769675942112,0.9568214906084649,0.9559400352741468
2012-08-28,0.9494783270000783,0.9630513572033916,0.9685708112859347,0.9560257814037919,0.9551450534295886
2012-08-29,0.9477167688419494,0.9612646161937127,0.9667738310223231,0.9542520751071027,0.9533729818475216
2012-08-30,0.9444617259635242,0.9579630442374926,0.9634533344592386,0.9509745879070041,0.9500985120511943
2012-08-31,0.9437579871784127,0.9572492896557533,0.9627354446173689,0.9502660297571638,0.9493905731752964
2012-09-03,0.9504345895997787,0.9640213636385563,0.9695463027907494,0.9569886940478567,0.9561070232459712
2012-09-04,0.9473703322719068,0.9609132650184077,0.9664204281692369,0.9539032781338448,0.9530244776565425
2012-09-05,0.9460738438881643,0.959598217722355,0.9650978694862685,0.9525978302529096,0.9517202515027205
2012-09-06,0.9494651281856413,0.9630379905950704,0.9685573470645369,0.956012507361699,0.9551317758412938
2012-09-07,0.9595845538832348,0.9733020938353246,0.9788802581610269,0.9662017285118916,0.9653115968269327
2012-09-10,0.9652533721530626,0.9790519625388793,0.9846630672620915,0.9719096480909003,0.9710142480357548
2012-09-11,0.9639699316228393,0.9777501885760602,0.9833538188040215,0.97061736748962,0.9697231476083368
2012-09-12,0.9661234555830143,0.9799345108058194,0.9855506466724583,0.972785751722512,0.9718895243433405
2012-09-13,0.9619401285193777,0.9756914033555741,0.9812831996200301,0.9685735932053671,0.9676812301273628
2012-09-14,0.9691279586573337,0.9829819805810874,0.9886155654783453,0.975810985913474,0.9749119590507417
2012-09-17,0.9614356993043169,0.9751796906613702,0.980768627143572,0.9680656306899184,0.967173790351362
2012-09-18,0.9594738119444125,0.9731897159554745,0.9787672893796673,0.9660901829559949,0.9652001939522535
2012-09-19,0.9636002024961796,0.9773750012993393,0.9829766550184128,0.9702449581542667,0.9693512118448807
2012-09-20,0.9539136147540791,0.9675499875672545,0.9730952855535594,0.960491608143457,0.9596068121009587
2012-09-21,0.9535585031575272,0.9671898328401733,0.9727330332331129,0.960134072909971,0.9592495811087213
2012-09-24,0.9528541095655314,0.9664753312424617,0.9720144754172441,0.9594247928077854,0.9585409835178864
2012-09-25,0.9522622555582422,0.9658750319527245,0.9714107201763907,0.9588288691234615,0.9579455971764194
2012-09-26,0.9468684500091223,0.96040411105669,0.9659084538601748,0.9533978615154685,0.9525196000336721
2012-09-27,0.9533083186238276,0.9669360854525795,0.972477817890239,0.9598821734212301,0.9589979034105449
2012-09-28,0.9599428568323473,0.9736654749128149,0.9792457660070082,0.9665624690742077,0.9656720382185284
2012-10-01,0.9568170119804553,0.9704949453437275,0.9760570654390659,0.9634080324856917,0.9622132021326707
2012-10-02,0.9568170119804553,0.9704949453437275,0.9760570654390659,0.9634079276228458,0.9622132021326707
2012-10-03,0.9568170119804553,0.9704949453437275,0.9760570654390659,0.9634073420031108,0.9622132021326707
2012-10-04,0.9568862879820141,0.9705652116626836,0.9761277344697585,0.9634741979449984,0.9622132021326707
2012-10-05,0.95725301968756,0.9709371858877165,0.9765018405609303,0.9638240200976097,0.9622132021326707
2012-10-08,0.9565918723856147,0.9702665873232766,0.9758273986485481,0.9631931662585373,0.9622132021326707
2012-10-09,0.964432925926253,0.9782197306433439,0.9838261231831223,0.971067829345906,0.9701772563332858
2012-10-10,0.9655777109929148,0.979380880692715,0.9849939280389448,0.9722237667962063,0.9714692011481271
2012-10-11,0.9628131970814883,0.9765768473783214,0.982173824192581,0.9694256058534081,0.9682095246698285
2012-10-12,0.9629347244152795,0.9767001119750923,0.9822977952458812,0.9695223188641736,0.9678229434914373
2012-10-15,0.9597870442146794,0.973507434915643,0.9790868202516354,0.9663511161317431,0.9644136906599297
2012-10-16,0.9612381678011641,0.974979302668953,0.9805671236029335,0.9678012305120727,0.9657454391399563
2012-10-17,0.9630727778629591,0.9768401389305946,0.9824386247266794,0.9696097159298117,0.9669289420180959
2012-10-18,0.9676786337095343,0.9815118366137608,0.9871370969373047,0.9742281257471515,0.9714713656980849
2012-10-19,0.9653789996322119,0.979179328704477,0.9847912209119096,0.9719065113285936,0.9688938207982154
2012-10-22,0.9669829701115502,0.9808062283343827,0.9864274446616039,0.9734948063325254,0.9700716246838076
2012-10-23,0.9627927768500819,0.9765561352347093,0.9821529933431163,0.9692642328366113,0.9653586471894361
2012-10-24,0.962654825119578,0.9764162114504548,0.982012267624863,0.9691252833799501,0.9652115256715198
2012-10-25,0.9608471612922692,0.9745827066263163,0.9801682545811031,0.9672972575914186,0.9631153537951301
2012-10-26,0.9539163857807677,0.967552853982599,0.973098112304921,0.9603677207756031,0.9566881923390993
2012-10-29,0.9528745955997849,0.9664961711560053,0.9720353733965184,0.9593250701971104,0.9557023974641483
2012-10-30,0.9528919684293417,0.9665137923344125,0.9720530955657767,0.959357344900067,0.9560212897276089
2012-10-31,0.9552501292838643,0.9689056636755007,0.9744586752478671,0.9616931673982947,0.9577632180584446
2012-11-01,0.9609786646989547,0.9747160899063851,0.9803024023101019,0.9674281475164335,0.9632230838417725
2012-11-02,0.9614864233219996,0.9752311070632185,0.9808203711435939,0.9678875100259204,0.9627259104675492
2012-11-05,0.9580504087240631,0.9717459737956541,0.9773152638103474,0.9644475347516501,0.9594412170522896
2012-11-06,0.9575346454092285,0.971222837518003,0.9767891293235695,0.9639398633823354,0.9591132030591927
2012-11-07,0.9596317410741219,0.9733499116786816,0.9789283942143392,0.9660228399519718,0.9607936071530798
2012-11-08,0.951702386664619,0.9653072052072181,0.9708395932222392,0.9581357588884146,0.9542683748272136
2012-11-09,0.9514131697471631,0.9650138538631424,0.9705445606170566,0.9578777702218052,0.9546235308595533
2012-11-12,0.9520494580594981,0.9656592380726311,0.9711936436654709,0.9585100469215956,0.9551350528330579
2012-11-13,0.9463001821121315,0.9598277748184855,0.9653287590121652,0.9527654088042303,0.9498862978844368
2012-11-14,0.9492547938377228,0.9628246234418231,0.9683427832344387,0.9556948151618999,0.9521171237253765
2012-11-15,0.9441714175775547,0.9576685790738805,0.9631571884416031,0.9506374627527369,0.9479134866118163
2012-11-16,0.9424133819841733,0.9558854119314198,0.9613638015758518,0.9488579669808777,0.9458523833686667
2012-11-19,0.9444423298919973,0.9579433641461628,0.9634335483676028,0.950882681096679,0.9476423363141936
2012-11-20,0.944056398601945,0.957551915873864,0.9630398566191148,0.9504998940738668,0.9473537352505533
2012-11-21,0.947420083127834,0.9609636850932984,0.9664711794387273,0.9538336689976191,0.9498703621632487
2012-11-22,0.9460002715544023,0.9595235769659315,0.9650228177347775,0.9523653197649862,0.9475701310562412
2012-11-23,0.9479406197271971,0.9614916628907487,0.9670021831931196,0.9542888437937701,0.9490308194457397
2012-11-26,0.9460122211114266,0.9595356973447982,0.9650350075782025,0.952356617342737,0.9471624203814376
2012-11-27,0.9387499299103084,0.9521695899135442,0.9576266833643013,0.9450485657552273,0.9394916433680899
2012-11-28,0.9331987947128504,0.9465390998798211,0.95196392375317,0.9394837365544003,0.9340592949315363
2012-11-29,0.9307453293523803,0.9440505616315478,0.949461123144577,0.936976843112813,0.9306979431466034
2012-11-30,0.9353582699091219,0.948729445302546,0.9541668225275118,0.9416022805299608,0.9352317015306513
2012-12-03,0.9305317745244559,0.9438339539850914,0.949243274072033,0.9367889948346995,0.9310161270845483
2012-12-04,0.9321124716959394,0.9454372476095103,0.9508557565250283,0.9383745761062343,0.93258597186541
2012-12-05,0.9424410156373673,0.9559134406144494,0.9613919908974314,0.9486915334287899,0.9419465734940861
2012-12-06,0.9413780682326613,0.9548352981164411,0.9603076693275151,0.9476248518719738,0.940889628173476
2012-12-07,0.9471796297301025,0.9607197943553965,0.9662258909093367,0.9534749849630212,0.9472603339491363
2012-12-10,0.952052419667854,0.9656622420179033,0.9711966648270144,0.958365434848135,0.9521454414411433
2012-12-11,0.9503735585691897,0.9639593811889392,0.9694840445279141,0.9566673843546032,0.9501946133077545
2012-12-12,0.9514959697157681,0.9650978374775636,0.970629025560053,0.9577666340918736,0.9507659271734095
2012-12-13,0.9473822580663632,0.9609253193133165,0.9664325937760176,0.9536354553892067,0.9465937480345106
2012-12-14,0.9588261780837414,0.9725328329681953,0.9781066326459595,0.9651277663787542,0.9582042938005015
2012-12-17,0.9609109964292002,0.9746474543021532,0.9802333733401182,0.9672419433460256,0.9607413436522081
2012-12-18,0.9610830451303312,0.974821962481575,0.9804088816643179,0.9674186055478308,0.9609902556400632
2012-12-19,0.960607806988841,0.9743399306945397,0.979924087247037,0.9669182723563081,0.9600364655781874
2012-12-20,0.9602487447496105,0.9739757355727204,0.9795578048428312,0.9665505592497493,0.9595284670143047
2012-12-21,0.9582081359782201,0.9719059557995123,0.9774761627062746,0.9645228128180292,0.957893218708727
2012-12-24,0.9604214724984993,0.974150932507054,0.9797340058693486,0.96674468636638,0.9601252277251073
2012-12-25,0.9663473965290688,0.9801615690719857,0.9857790907151127,0.9726964597907474,0.9661528683777472
2012-12-26,0.9692608377165134,0.9831166586142576,0.9887511165258376,0.97562904277179,0.969251086563375
2012-12-27,0.9686463456264135,0.9824933822093352,0.9881242679866826,0.975010466727159,0.9685974970066173
2012-12-28,0.9722333666780401,0.9861316806048035,0.991783418270886,0.9786129030424318,0.972248760246812
2012-12-31,0.9762227907261568,0.99017813444423,0.9958530631867445,0.982628504616134,0.9762382474546039
2013-01-01,0.9750495289258518,0.988988100579341,0.9946562089862392,0.9814475441843659,0.9750649670777805
2013-01-02,0.9750495289258518,0.988988100579341,0.9946562089862392,0.9814475441843659,0.9750649670777805
2013-01-03,0.9750495289258518,0.988988100579341,0.9946562089862392,0.9814475441843659,0.9750649670777805
2013-01-04,0.9750495289258518,0.988988100579341,0.9946562089862392,0.9814475441843659,0.9750649670777805
2013-01-07,0.9783029181565023,0.992287997805291,0.9979750186207218,0.9847222812886849,0.9783184078200755
2013-01-08,0.9800202788588124,0.9940299085991542,0.9997269126734989,0.9864509108545457,0.9800357957137448
2013-01-09,0.9804956004514528,0.9945120250302936,1.0002117922157934,0.9869293513808868,0.9805111248322591
2013-01-10,0.9818487257240891,0.9958844935598714,1.00159212665256,0.9882913555011898,0.9818642715292327
2013-01-11,0.975644459714282,0.9895915360489975,0.9952631028723664,0.9820463787501822,0.9756599072858827
2013-01-14,0.9851560845145167,0.9992391318536645,1.0049659910878457,0.9916204162991613,0.9851716826858163
2013-01-15,0.9881898816671069,1.0023162978790543,1.0080607930019048,0.9946741204206891,0.9882055278732012
2013-01-16,0.9884427671418667,1.002572798413568,1.0083187635951714,0.9949286652625845,0.9884584173519538
2013-01-17,0.985504867554662,0.999592900832731,1.0053217875917586,0.9919714879607255,0.9855204712483219
2013-01-18,0.991542304771306,1.0057166446920132,1.0114806279209723,0.9980485412324617,0.9915580040570713
2013-01-21,0.9927889403589338,1.0069811012404728,1.0127523313370088,0.9993033569108052,0.9928046593829619
2013-01-22,0.990608463342119,1.004769453771044,1.0105280084487787,0.9971085721845215,0.9906241478421621
2013-01-23,0.9915819579856023,1.005756864758713,1.0115210784974022,0.9980884546405894,0.991597657899206
2013-01-24,0.9853183627620703,0.9994037299084834,1.0051315324893408,0.991783759373353,0.9853339635027566
2013-01-25,0.9848973075866951,0.9989766556463255,1.00470201057435,0.9913599413460547,0.9849129016607199
2013-01-28,0.9910479179850833,1.0052151905256834,1.010976299815265,0.9975509104118125,0.9910636094431099
2013-01-29,0.9941709737732753,1.0083828911607167,1.014162155211783,1.0006944588603384,0.9941867146793492
2013-01-30,0.9960422030762818,1.0102808701445816,1.0160710119140823,1.0025779666716763,0.996057973609952
2013-01-31,0.9963464226896461,1.0105894386517749,1.0163813488925593,1.0028841824931225,0.9963621980400942
2013-02-01,0.9989895070185931,1.013270306518083,1.019077581378793,1.0055446100375174,0.9990053242175926
2013-02-04,0.9990422720479538,1.0133238258364525,1.0191314074276776,1.0055977212969482,0.999058090082394
2013-02-05,1.0011258732491666,1.0154372126267857,1.0212569064839914,1.007694994534329,1.0011417242737353
2013-02-06,1.0019123606595073,1.016234943067145,1.0220592088859475,1.0084866426655954,1.001928224136709
2013-02-07,1.0016381769987246,1.0159568398838263,1.021779511834565,1.0082106598846523,1.0016540361347142
2013-02-08,1.0042720400147946,1.0186283546163333,1.0244663375820897,1.0108618056083718,1.004287940853333
2013-02-11,1.0008226786152663,1.0151296837513883,1.020947615095759,1.0073898104179881,1.0008385248392857
2013-02-12,1.0008226786152663,1.0151296837513883,1.020947615095759,1.0073898104179881,1.0008385248392857
2013-02-13,1.0008226786152663,1.0151296837513883,1.020947615095759,1.0073898104179881,1.0008385248392857
2013-02-14,1.0008226786152663,1.0151296837513883,1.020947615095759,1.0073898104179881,1.0008385248392857
2013-02-15,1.0008226786152663,1.0151296837513883,1.020947615095759,1.0073898104179881,1.0008385248392857
2013-02-18,1.0008226786152663,1.0151296837513883,1.020947615095759,1.0073898104179881,1.0008385248392857
2013-02-19,0.9969712828295814,1.0112232313203413,1.0170187739609606,1.0035131427988784,0.9969870680735807
2013-02-20,1.0009456180883751,1.015254380674354,1.021073026683255,1.0075135565871767,1.0009614662589228
2013-02-21,0.9909894723234566,1.0051559093690192,1.0109166789065318,0.9974920812453133,0.9910051628560981
2013-02-22,0.9913868076291671,1.0055589246801704,1.0113220039835646,0.9978920237594796,0.991402504452908
2013-02-25,0.9919250607676872,1.0061048722790398,1.011871080523448,0.9984338087717443,0.9919407661137115
2013-02-26,0.9867703425854552,1.0008764661388065,1.0066127092832122,0.993245266701631,0.9867859663156628
2013-02-27,0.9894866685413503,1.0036316226390458,1.0093836561674592,0.9959794164650222,0.9895023352797596
2013-02-28,0.9953732681209045,1.0096023726002996,1.0153886257580895,1.0019046423432676,0.9953890280631736
2013-03-01,0.995382765402471,1.0096120056478304,1.01539831401465,1.001914201943466,0.9953985254951125
2013-03-04,0.9851744774583591,0.9992577877291404,1.004984753886222,0.9916389299325851,0.9851900759208719
2013-03-05,0.9927656384216703,1.006957466196313,1.0127285608375785,0.9992799020724177,0.9927813570767473
2013-03-06,0.995722039643958,1.0099561298976345,1.0157444105139706,1.0022557024121623,0.9957378051084032
2013-03-07,0.9921214536344222,1.0063040726298706,1.0120714225346863,0.9986314903161573,0.9921371620899757
2013-03-08,0.9902145574482977,1.0043699168960643,1.0101261817458127,0.9967120815851137,0.9902302357115333
2013-03-11,0.9894737578309215,1.0036185273668514,1.0093704858444774,0.9959664210379419,0.9894894243649096
2013-03-12,0.9827438085968081,0.9967923718613219,1.002505208199681,0.9891923116693093,0.9827593685739909
2013-03-13,0.9807778709569899,0.994798330661791,1.0004997387286652,0.9872134740702784,0.9807933998070387
2013-03-14,0.9801501282168158,0.9941616141855099,0.9998593730956998,0.9865816122494275,0.9801656471276724
2013-03-15,0.9824262014026991,0.9964702243946404,1.0021812144378357,0.9888726204213791,0.9824417563511355
2013-03-18,0.9770056478034047,0.9909721826549964,0.9966516622591477,0.9834164985929992,0.9770211169269936
2013-03-19,0.9790501589565729,0.9930459205954809,0.9987372852300863,0.9854744252838477,0.9790656604513677
2013-03-20,0.9869502496960627,1.0010589450655913,1.0067962340369692,0.9934263543147707,0.9869658762747751
2013-03-21,0.9894683395904752,1.0036130316713316,1.0093649586526707,0.9959609672444389,0.9894840060386731
2013-03-22,0.9895355053729524,1.003681157605108,1.0094334750305651,0.9960285737508929,0.9895511728846015
2013-03-25,0.9895879114267264,1.0037343128162466,1.0094869348854485,0.9960813236792347,0.9896035797681324
2013-03-26,0.9866240712015529,1.0007281037696723,1.00646349661975,0.9930980355238491,0.9866396926158075
2013-03-27,0.9867804653517918,1.0008867336125653,1.0066230356037884,0.9932554558908501,0.9867960892422705
2013-03-28,0.9786437002689317,0.9926336514814214,0.9983226533152395,0.9850652995225436,0.9786591953281727
2013-03-29,0.9774641070076113,0.9914371956457321,0.9971193403382826,0.9838779660843988,0.9774795833900863
2013-04-01,0.9767244052670916,0.9906869196853556,0.9963647643721886,0.9831334106128891,0.9767398699352599
2013-04-02,0.9760059541959242,0.9899581981782954,0.9956318663977114,0.9824102452233068,0.9760214074735195
2013-04-03,0.9722069653146125,0.9861049017983209,0.9917564859240687,0.9785863280372851,0.9722223582837388
2013-04-04,0.9750215704230419,0.9889597422842371,0.9946276882643929,0.9814194015872209,0.9750370078393832
2013-04-05,0.9750215704165339,0.9889597422658237,0.9946276882643929,0.9814194013353141,0.9750370077223754
2013-04-08,0.9750215704179416,0.9889597422688595,0.9946276882643929,0.9814194013949027,0.9750370077499033
2013-04-09,0.9773873350754343,0.9913593261413313,0.9970410246655329,0.983800689751743,0.977402809948059
2013-04-10,0.9778767955019885,0.9918557835458227,0.9975403273578984,0.984293361870272,0.9778922781180983
2013-04-11,0.9744967802141858,0.9884274501138614,0.9940923453600666,0.980891167704216,0.9745122092614286
2013-04-12,0.9728518575471552,0.9867590128667879,0.9924143459272148,0.9792354513776673,0.9728672604981807
2013-04-15,0.9630705837903898,0.9768379133478425,0.9824363863810398,0.9693899952333106,0.9630858317468768
2013-04-16,0.9592134835965778,0.9729256749460897,0.9785017260621446,0.9655075857409198,0.9592286704667127
2013-04-17,0.9591658900186805,0.9728774009792508,0.9784531754625083,0.9654596795873597,0.9591810760085866
2013-04-18,0.9584222323046659,0.9721231124961377,0.9776945639755082,0.9647111423526993,0.9584374065931437
2013-04-19,0.9660426870654123,0.9798525035959411,0.9854682539062055,0.9723816005920348,0.9660579820517583
2013-04-22,0.9644168424568919,0.9782034171494508,0.9838097161545525,0.9707450877344506,0.9644321117509326
2013-04-23,0.9565550540638926,0.970229242533502,0.9757898397501076,0.9628317124056466,0.9565701988907053
2013-04-24,0.9635259881680024,0.9772998279067439,0.9829009482002787,0.9698483880877902,0.9635412434441144
2013-04-25,0.9618911213285495,0.9756415902854251,0.9812332067884022,0.9682027939408174,0.9619063508355079
2013-04-26,0.9603249932384714,0.9740530740300054,0.9796355863598524,0.9666263893555916,0.9603401979590676
2013-04-29,0.9592505522851531,0.9729632736883116,0.9785395401112705,0.9655448982972982,0.9592657400349637
2013-04-30,0.9592505522840442,0.9729632737009418,0.9785395401112705,0.9655448981694577,0.9592657399780871
2013-05-01,0.9592505522754098,0.9729632736695913,0.9785395401112705,0.9655448978725152,0.9592657398390622
2013-05-02,0.95925055228409,0.9729632736941503,0.9785395401112705,0.9655448982084988,0.9592657399951222
2013-05-03,0.9669129538862069,0.9807352112127969,0.9863560203749652,0.9732575785204816,0.9669282629494341
2013-05-06,0.9724170676481125,0.9863180076659147,0.9919708130713659,0.978797808940441,0.9724324639189516
2013-05-07,0.9715384112515973,0.9854267906735706,0.9910744882975316,0.9779133869545893,0.97155379357558
2013-05-08,0.9753330103694897,0.9892756345414243,0.9949453907436306,0.9817328852162407,0.9753484527732809
2013-05-09,0.9753477839249214,0.98929061928467,0.9949604613719583,0.981747755719232,0.9753632265656956
2013-05-10,0.9779763294595508,0.99195674053324,0.9976418627616562,0.9843935490025286,0.977991813689176
2013-05-13,0.9764961961111417,0.9904554482648641,0.9961319663039189,0.9829037032358584,0.9765116568229263
2013-05-14,0.9731975975174155,0.9871096953872808,0.9927670381587933,0.9795834601144713,0.9732130060005157
2013-05-15,0.9728602819573104,0.9867675578401648,0.9924229397155084,0.9792439313288137,0.9728756851678418
2013-05-16,0.9750504037714626,0.9889889879877576,0.9946571013827649,0.9814484241373636,0.9750658416580893
2013-05-17,0.9793859742814162,0.9933865365998763,0.9990798532853691,0.9858124436401209,0.9794014808774175
2013-05-20,0.9802943856507474,0.9943079339330575,1.0000065313570812,0.9867268157712779,0.9803099066335256
2013-05-21,0.9861518500156063,1.0002491321634985,1.005981779987442,0.9926227150698947,0.9861674636550584
2013-05-22,0.9847445052720275,0.9988216690605601,1.0045461357931964,0.9912061355483617,0.9847600965573924
2013-05-23,0.9795442916863979,0.9935471170653164,0.9992413542240047,0.985971799457009,0.9795598005908658
2013-05-24,0.9840150011973124,0.998081736456915,1.0038019625687449,0.9904718445361488,0.984030580870108
2013-05-27,0.9854457296249473,0.9995329175069916,1.0052614606604489,0.9919119610194237,0.9854613319497796
2013-05-28,0.9865485316914028,1.0006514844411092,1.006386438306624,0.9930219996017747,0.9865641515792678
2013-05-29,0.9865016250966868,1.0006039072433086,1.006338588508427,0.9929747849338101,0.9865172441105099
2013-05-30,0.988210859811435,1.0023375758752802,1.0080821932078563,0.9946952351296888,0.9882265058593488
2013-05-31,0.9868903375655617,1.0009981764174725,1.0067351173745678,0.993366047753332,0.9869059626077427
2013-06-03,0.9856290468186177,0.9997188552042368,1.0054484640806003,0.9920964809365188,0.9856446519725568
2013-06-04,0.9812756142828678,0.9953031892920459,1.0010074909602387,0.9877144825200066,0.9812911505912411
2013-06-05,0.9820173559244124,0.9960555342797466,1.0017641478476869,0.9884610911939934,0.982032903939571
2013-06-06,0.9760200389712778,0.9899724841829506,0.9956462344248717,0.9824244215230239,0.9760354920635229
2013-06-07,0.9731463847468932,0.9870577503351238,0.992714795603055,0.9795319112233135,0.9731617923731362
2013-06-10,0.9639904395199986,0.9777709186340505,0.9833747389312124,0.9703158871624684,0.9640057021973635
2013-06-11,0.9639904395115501,0.9777709185822903,0.9833747389312124,0.9703158869854609,0.9640057021107228
2013-06-12,0.9639904395030147,0.9777709185072601,0.9833747389312124,0.9703158869291009,0.9640057020764655
2013-06-13,0.9639904395052462,0.9777709185135739,0.9833747389312124,0.970315887015477,0.9640057021165863
2013-06-14,0.9674684093429914,0.9812986068016649,0.9869226451845915,0.9738166785297577,0.9674837270964151
2013-06-17,0.9684900184787414,0.9823348201255925,0.9879647972452293,0.9748449911902891,0.9685053524087274
2013-06-18,0.9685687071921808,0.9824146337163252,0.9880450682614828,0.9749241962973415,0.9685840423947315
2013-06-19,0.9659245449692335,0.979732672512669,0.9853477361613482,0.9722626837703832,0.9659398382971742
2013-06-20,0.9515493571928417,0.9651519877991306,0.9706834863275802,0.9577931694138438,0.9515644227189411
2013-06-21,0.9481179281788494,0.9616715056438541,0.9671830567596822,0.9543392241482506,0.94813293931582
2013-06-24,0.9299916392225714,0.9432860968894372,0.948692277075012,0.9360939954380009,0.9300063634165909
2013-06-25,0.9313473329295571,0.9446611705760589,0.9500752316170051,0.9374585848515976,0.931362078591332
2013-06-26,0.9333624405418922,0.9467050847187273,0.9521308598145914,0.9394869151966144,0.9333772181735156
2013-06-27,0.9313882321833241,0.9447026545903189,0.9501169532718082,0.937499752779968,0.9314029786351586
2013-06-28,0.9306481771532501,0.9439520203424544,0.9493620169105058,0.9367548417244779,0.9306629118993075
2013-07-01,0.9382071733070007,0.9516190742061011,0.9570730123326454,0.9443634379894803,0.9382220277329532
2013-07-02,0.9430586355219939,0.9565398892747967,0.9620220296588514,0.9492467342026629,0.9430735667600686
2013-07-03,0.9423370690044205,0.9558080077534818,0.961285953596623,0.9485204329569891,0.9423519888180776
2013-07-04,0.9442994531605614,0.957798444697557,0.9632877981464211,0.9504956937545113,0.9443144040442222
2013-07-05,0.9421304341837257,0.9555984190847167,0.9610751636842467,0.9483124422573338,0.9421453507258175
2013-07-08,0.9308690204375761,0.9441760206244998,0.9495873009988344,0.9369771341240405,0.9308837586802045
2013-07-09,0.9345891363059835,0.9479493164764047,0.9533822224211711,0.940721660398618,0.9346039334483817
2013-07-10,0.9404890600328939,0.9539335810875031,0.959400784136496,0.9466602978486113,0.9405039505874798
2013-07-11,0.9516885756054506,0.9652931965394103,0.9708255039760345,0.9579333016497289,0.951703643479487
2013-07-12,0.9467429951395862,0.9602769177674874,0.9657804758320757,0.9529552696068714,0.9467579847113476
2013-07-15,0.9513223989351691,0.9649217852756383,0.9704519640810704,0.9575647222259283,0.9513374610116112
2013-07-16,0.95347111160257,0.9671012143233217,0.9726438839082832,0.959727534171469,0.9534862076991019
2013-07-17,0.9505124713830128,0.9641002796125285,0.9696257501871399,0.9567494801458546,0.950527520636054
2013-07-18,0.9484714908762983,0.9620301227826864,0.9675437288413159,0.9546951072706853,0.9484865078149497
2013-07-19,0.9433025725616995,0.9567873135019143,0.9622708718834709,0.9494922718960229,0.9433175076620188
2013-07-22,0.9488556061986022,0.9624197291324686,0.9679355681057511,0.9550817430551442,0.9488706292188666
2013-07-23,0.9548710083378704,0.9685211229654199,0.9740719303195082,0.9611366166568985,0.9548861265986763
2013-07-24,0.9553946170711998,0.9690522168173922,0.9746060679831642,0.9616636611705648,0.9554097436221838
2013-07-25,0.9507281553359566,0.964319046852581,0.9698457711992303,0.9569665793609841,0.9507432080038921
2013-07-26,0.9491247967054582,0.9626927678172716,0.9682101716026494,0.9553526999199615,0.9491398239877754
2013-07-29,0.9424715618564469,0.9559444233220263,0.9614231508892946,0.948655808322398,0.9424864837995772
2013-07-30,0.9423161201674034,0.9557867595613949,0.9612645835177998,0.9484993466667828,0.9423310396494624
2013-07-31,0.945106095939624,0.9586166187243257,0.9641106612205208,0.9513076295140298,0.9451210595947469
2013-08-01,0.9518935075970619,0.9655010581256785,0.9710345568230351,0.9581395783533293,0.951908578715774
2013-08-02,0.9508014798213189,0.9643934195482124,0.9699205701232952,0.9570403849835105,0.950816533650201
2013-08-05,0.9563005435977279,0.9699710938043932,0.975530211237767,0.9625755321461669,0.9563156844920603
2013-08-06,0.9572379597822686,0.9709219105666207,0.9764864773547961,0.9635190994037673,0.9572531155184884
2013-08-07,0.9530641806443818,0.9666884662010882,0.9722287702226915,0.9593179330416036,0.9530792702980714
2013-08-08,0.955266828025683,0.9689226009754361,0.9744757093042047,0.9615350336061148,0.9552819525533971
2013-08-09,0.9572916708545137,0.9709763894446137,0.9765412684700747,0.9635731629132616,0.9573068274411244
2013-08-12,0.9643238440168949,0.9781090892925032,0.9837148473387127,0.970651479317726,0.9643391119423559
2013-08-13,0.9664150309668531,0.9802301702949502,0.9858480846995935,0.9727563880786124,0.9664303320016245
2013-08-14,0.9629821442505209,0.976748209613098,0.9823461681465704,0.9693009756776124,0.962997390933164
2013-08-15,0.9615225341653755,0.9752677340411526,0.9808572076477321,0.9678317880216206,0.9615377577383409
2013-08-16,0.9595896167218574,0.9733071850621943,0.9788854223395462,0.9658861872903485,0.9596048096913687
2013-08-19,0.963918644873113,0.9776980977391252,0.9833015002918711,0.9702436213665209,0.9639339063831572
2013-08-20,0.9606295668438692,0.9743620014948883,0.979946284186136,0.9669329612848352,0.9606447762786555
2013-08-21,0.9624251278275844,0.9761832304576494,0.9817779510160543,0.9687403042589443,0.9624403656910794
2013-08-22,0.96275456768222,0.9765173797414952,0.982114015377153,0.9690719058101527,0.9627698107616663
2013-08-23,0.9637427000602501,0.9775196377155653,0.9831220175099566,0.9700665220488673,0.9637579587845785
2013-08-26,0.9728139609216729,0.9867205745055487,0.9923756868542154,0.9791973060991056,0.9728293632692552
2013-08-27,0.9746710334036485,0.9886041942935752,0.9942701020806611,0.981066564194752,0.9746864651538522
2013-08-28,0.9721977276038066,0.9860955319545541,0.9917470620740592,0.9785770292228139,0.9722131201947041
2013-08-29,0.9703082611098794,0.9841790550794679,0.989819601444727,0.9766751645552431,0.9703236237852784
2013-08-30,0.9668350433975499,0.9806561868606155,0.9862765429039578,0.9731791565166986,0.9668503510822649
2013-09-02,0.9699048276558796,0.9837698544729534,0.9894080555933364,0.9762690838803785,0.9699201839438234
2013-09-03,0.9730014793906209,0.9869107736257741,0.9925669760204451,0.9793860550170863,0.9730168847071743
2013-09-04,0.9728539945690329,0.9867611804672523,0.9924165255156852,0.979237602439043,0.9728693975504864
2013-09-05,0.971867016882864,0.9857600937075958,0.991409701294737,0.9782441484703324,0.9718824042377325
2013-09-06,0.9738523452051492,0.9877738027921177,0.9934349513802924,0.9802425039865906,0.973867763993282
2013-09-09,0.9791781761814303,0.9931757678470641,0.9988678762612029,0.985603281641558,0.979193679292254
2013-09-10,0.9795622800866521,0.9935653626242321,0.9992597038790287,0.9859899059340188,0.9795777892789077
2013-09-11,0.9771530765362818,0.9911217189101567,0.9968020551157005,0.9835648938340275,0.9771685475841543
2013-09-12,0.9758744256733443,0.9898247894184241,0.9954976926384006,0.9822778528064051,0.9758898764766276
2013-09-13,0.9741839080172423,0.9881101053915016,0.9937731813880526,0.9805762424253375,0.9741993320549358
2013-09-16,0.9738584206149041,0.9877799650838164,0.9934411489573716,0.9802486192621283,0.9738738394992323
2013-09-17,0.9699615965934782,0.9838274349917091,0.9894659660647156,0.9763262253225151,0.9699769537802515
2013-09-18,0.9714953574313022,0.985383121319082,0.9910305683692464,0.9778700502893833,0.9715107389017746
2013-09-19,0.9782114865454848,0.992195259183553,0.9978817480508336,0.9846302488479817,0.9782269743509399
2013-09-20,0.9782114865454848,0.9921952591762416,0.9978817480505617,0.9846302488476408,0.9782269743509364
2013-09-23,0.9782114865454848,0.9921952591752552,0.99788174805034,0.9846302488473098,0.9782269743509326
2013-09-24,0.9771814848338697,0.9911505333230044,0.9968310346586077,0.983593488539288,0.9771969563315243
2013-09-25,0.9765238043780039,0.9904834511636302,0.9961601293053897,0.982931492560129,0.9765392654627506
2013-09-26,0.9730518693051197,0.9869618839146035,0.9926183791959671,0.9794367755775498,0.9730672754194928
2013-09-27,0.972992210057131,0.9869013718272278,0.9925575202964582,0.9793767248616521,0.9730076152269338
2013-09-30,0.9768161866252879,0.9908445412429157,0.9965232888819207,0.9832896540349915,0.9768952720679519
2013-10-01,0.9812800634547387,0.9953725251664035,1.0010772236755443,0.9877831134630642,0.9813595103038576
2013-10-02,0.9812800634547394,0.9953725251664035,1.0010772236755454,0.9877831134630642,0.9813595103038576
2013-10-03,0.9812800634547396,0.9953725251664035,1.0010772236755459,0.9877831134630642,0.9813595103038576
2013-10-04,0.9812800634547398,0.9953725251664035,1.001077223675546,0.9877831134630642,0.9813595103038576
2013-10-07,0.9812800634547397,0.9953725251664035,1.0010772236755456,0.9877831134630642,0.9813595103038576
2013-10-08,0.9812800634547402,0.9953725251664035,1.0010772236755467,0.9877831134630642,0.9813595103038576
2013-10-09,0.9830549837669663,0.9971729356495539,1.002887952706515,0.9895697963657902,0.9831345743180014
2013-10-10,0.9804518238944325,0.9945323910056377,1.0002322745214272,0.9869493850688541,0.9805312036872358
2013-10-11,0.9833517039577782,0.9974739171293517,1.003190659177267,0.9898684829536684,0.9834313185320085
2013-10-14,0.9852298557810422,0.9993790416626949,1.0051067023976448,0.9917590814939142,0.9853096224150667
2013-10-15,0.9843624034623543,0.9984991315971898,1.0042217493743395,0.9908858804740983,0.9844420998653046
2013-10-16,0.9782934704608576,0.9923430408013593,0.9980303766703831,0.9847767279916643,0.9783726755080546
2013-10-17,0.9764431893486429,0.9904661872388324,0.9961427664479613,0.9829141848647107,0.9765222445925282
2013-10-18,0.9805625292482124,0.9946446862327044,1.0003452133370978,0.9870608240790887,0.9806419180039939
2013-10-21,0.9868997821711945,1.0010729503740943,1.0068103192718225,0.9934400746683931,0.9869796840065703
2013-10-22,0.982979137710559,0.9970960003448407,1.002810576468679,0.989493447669294,0.9830587221209096
2013-10-23,0.9782709464908356,0.9923201933577492,0.9980073982830532,0.9847540547528386,0.9783501497144387
2013-10-24,0.9756443397371022,0.989655865104837,0.9953278001798799,0.982110041189666,0.9757233303041585
2013-10-25,0.9692098523165372,0.9831289700516448,0.9887634980579391,0.9756329117191581,0.9692883219316552
2013-10-28,0.9691321938001151,0.9830501962576259,0.988684272794012,0.975554738551276,0.9692106571278069
2013-10-29,0.9647688385685839,0.9786241775533264,0.9842328876046372,0.9711624668887162,0.9648469486282971
2013-10-30,0.9688560780221878,0.9827701150969562,0.9884025864267109,0.9752767929239718,0.9689345189948658
2013-10-31,0.9647403158649158,0.9785952452264278,0.9842037894602209,0.9711337551619799,0.9648184236153603
2013-11-01,0.9649941052256047,0.9788526793333856,0.9844626989785712,0.9713892264124444,0.9650722335234622
2013-11-04,0.9648572792388079,0.9787138883469398,0.984323112550506,0.9712514936649094,0.9649353964588965
2013-11-05,0.9669000348059797,0.9807859805486664,0.9864070803676365,0.9733077867960283,0.9669783174125876
2013-11-06,0.9632432571316285,0.977076686776941,0.9826765278188057,0.9696267752571859,0.9633212436765156
2013-11-07,0.9605632116279611,0.9743581523239397,0.9799424128479067,0.9669289687996555,0.9606409811897693
2013-11-08,0.9557185732341038,0.9694439386033071,0.9750000346893622,0.9620522244587585,0.9557959505620629
2013-11-11,0.954262041331732,0.9679664890028881,0.9735141175008618,0.960586039960605,0.9543393007352821
2013-11-12,0.9561671208066809,0.9698989279041197,0.9754576316337668,0.962503744605021,0.9562445344501544
2013-11-13,0.9503406404241631,0.9639887716631368,0.9695136029895941,0.9566386515015162,0.9504175823414444
2013-11-14,0.953648400910435,0.9673440359046964,0.9728880969872845,0.9599683328773055,0.9537256106321454
2013-11-15,0.9567199473433571,0.9704596937509786,0.9760216113528317,0.9630602347834505,0.9567974057450261
2013-11-18,0.962317620995769,0.9761377572987507,0.9817322171296068,0.9686950048296923,0.9623955325988734
2013-11-19,0.9612049678628026,0.9750091250154298,0.9805971164068396,0.9675749780230579,0.9612827893827718
2013-11-20,0.9635431827017809,0.977380919669507,0.9829825043368875,0.9699286884668016,0.9636211935293775
2013-11-21,0.9609671225415155,0.9747678639250773,0.9803544725962042,0.9673355564748833,0.9610449248049402
2013-11-22,0.9607618847322668,0.974559678633171,0.9801450941486771,0.9671289585322869,0.9608396703791328
2013-11-25,0.9594856474457422,0.9732651129144636,0.9788431089895705,0.9658442634820659,0.9595633297652962
2013-11-26,0.9614729592752888,0.9752809651341701,0.9808705145009958,0.9678447454438622,0.9615508024924999
2013-11-27,0.9646499319697726,0.9785035633006499,0.9841115820851979,0.971042772282903,0.9647280324025119
2013-11-28,0.967075376608274,0.9809638404879569,0.9865859596613009,0.9734842906075664,0.9671536734109814
2013-11-29,0.9701498763995893,0.9840824941067121,0.9897224869687491,0.9765791654443337,0.9702284221213674
2013-12-02,0.9608692406185323,0.9746685762899997,0.9802546159218906,0.9672370258777193,0.9609470349571945
2013-12-03,0.9633329974559945,0.9771677158894189,0.9827680786391243,0.9697171103004639,0.9634109912664737
2013-12-04,0.9669653196440339,0.9808522029621494,0.9864736823163197,0.9733735042838199,0.9670436075362578
2013-12-05,0.9663650845612678,0.9802433477206373,0.9858613375917231,0.9727692913776935,0.9664433238569827
2013-12-06,0.9651814906189572,0.979042755825412,0.9846538648407169,0.9715778536292327,0.965259634087993
2013-12-09,0.9672836221517983,0.9811750767091263,0.9867984065236364,0.9736939162170216,0.967361935814578
2013-12-10,0.9674320247725957,0.9813256105851378,0.9869498031423459,0.9738433023181735,0.9675103504504171
2013-12-11,0.9649534936118928,0.9788114844839242,0.9844212680323847,0.9713483456611365,0.9650316186217313
2013-12-12,0.9660570160092284,0.979930854902342,0.9855470538084642,0.9724591812217607,0.9661352303629569
2013-12-13,0.9638577335852947,0.9776999879140145,0.9833034012315653,0.9702453239133287,0.963935769879705
2013-12-16,0.9602612271928441,0.9740518309984159,0.9796343359276098,0.9666249830807451,0.9603389723052442
2013-12-17,0.9594943298670389,0.9732739200266578,0.9788519665772543,0.9658530034427177,0.9595720128895452
2013-12-18,0.9580435945411452,0.9718023502491167,0.977371962910187,0.9643926539355875,0.9581211601085481
2013-12-19,0.9543561649708272,0.9680619643802154,0.9736101400685441,0.9606807873673204,0.9544334319948563
2013-12-20,0.948797805432094,0.9624237795480751,0.9679396415610798,0.9550855919736753,0.9488746224376536
2013-12-23,0.9486416851934855,0.962265417219194,0.9677803716229183,0.9549284371092175,0.9487184895591663
2013-12-24,0.9495143777313345,0.9631506427602428,0.9686706705859247,0.9558069130756986,0.9495912527523507
2013-12-25,0.9532793092205432,0.9669696435766848,0.9725115589346355,0.9595967951765257,0.9533564890596788
2013-12-26,0.9491167030702826,0.9627472569723237,0.9682649729054785,0.9554066029812935,0.9491935458945792
2013-12-27,0.9543429476955698,0.9680485572876428,0.9735966561369828,0.9606674824997365,0.954420213649494
2013-12-30,0.9537275022383759,0.9674242732308853,0.9729687941712126,0.960047958418372,0.9538047183643216
2013-12-31,0.953528259431625,0.9674384069102677,0.9729830088538151,0.9600619817777236,0.9538782629717792
2014-01-01,0.9542136024815341,0.9703653922090308,0.9759267693480431,0.9629639117659573,0.9567642220494685
2014-01-02,0.9542136024815341,0.9703653922090308,0.9759267693480431,0.9629639117659573,0.9567642220494685
2014-01-03,0.950728159139136,0.9672537149173793,0.9727972583505602,0.9598738679971899,0.9536961597225152
2014-01-06,0.9438865738673722,0.959968817078726,0.96547060916275,0.9526453449593616,0.9465133709820368
2014-01-07,0.9446506361494577,0.9603404086721674,0.9658443304292088,0.9530146159156712,0.9468797541451973
2014-01-08,0.9447803592121377,0.9606272022187656,0.9661327676525977,0.9533001114165007,0.9471625278371518
2014-01-09,0.9414707422216244,0.9576073906599524,0.9630956488906399,0.9503025347569585,0.9441850436028608
2014-01-10,0.9397333694704337,0.9550969934993043,0.9605708640926223,0.94781267139799,0.9417098335369136
2014-01-13,0.938788165219447,0.9544403643852348,0.959910471692915,0.9471609616735714,0.9410624080943516
2014-01-14,0.9434291183377207,0.9597227474596306,0.9652231292646344,0.9524013614507074,0.9462707504088237
2014-01-15,0.9443249826918153,0.960147800453496,0.9656506183305424,0.9528240861717805,0.946689845628285
2014-01-16,0.9445541868910962,0.9604250123912353,0.9659294190307681,0.9530994238756711,0.9469631720124322
2014-01-17,0.9415962204719924,0.9576748317850031,0.9631634765355871,0.9503708581549966,0.9442515394363493
2014-01-20,0.9411894831921804,0.9573305451051565,0.9628172166731785,0.9500283814282483,0.9439120784662342
2014-01-21,0.9438229583652156,0.9599002700884639,0.9654016693146346,0.9525786902309872,0.9464457847837464
2014-01-22,0.9500907425219174,0.9655553628198312,0.9710891726242106,0.958190897525218,0.9520216126535214
2014-01-23,0.9506622299280504,0.9666781862413378,0.9722184311932994,0.9593030528386303,0.9531286979700443
2014-01-24,0.9547948516218866,0.9709275960749538,0.9764921953277722,0.963518313400501,0.9573185457596212
2014-01-27,0.9529618226471361,0.9698261254302065,0.9753844119128952,0.9624226336663279,0.9562325139277019
2014-01-28,0.951509976337833,0.9677208683922135,0.9732670891845376,0.9603343591291726,0.9541567653196604
2014-01-29,0.9540581757672512,0.9701537193904128,0.9757138833860217,0.9627492307500966,0.9565555161524323
2014-01-30,0.9522285900960805,0.9681013104844544,0.973649711673948,0.960712538786715,0.954531874928206
2014-01-31,0.9562329874022485,0.973577086374696,0.979156870438207,0.9661416207506255,0.9599308993594234
2014-02-03,0.955983690438775,0.973577086374696,0.979156870438207,0.9661413383156024,0.9599308993594234
2014-02-04,0.9558031627887796,0.973577086374696,0.979156870438207,0.9661411337378506,0.9599308993594234
2014-02-05,0.9561291168245216,0.973577086374696,0.979156870438207,0.9661409629166652,0.9599308993594234
2014-02-06,0.956776942320836,0.973577086374696,0.979156870438207,0.9661423435351921,0.9599308993594234
2014-02-07,0.9583932074832769,0.973577086374696,0.979156870438207,0.9661450647456405,0.9599308993594234
2014-02-10,0.965610173030676,0.9820612471719533,0.9876896558239754,0.9745618263676816,0.968296141535313
2014-02-11,0.9658967602200617,0.982334289972039,0.9879642634923039,0.9748343649217535,0.9685653572187117
2014-02-12,0.9686642897539592,0.9852467218117207,0.9908933871183809,0.9777253922542313,0.9714369668265335
2014-02-13,0.9659912198590404,0.9823993465535397,0.9880296929273586,0.9748997781676864,0.9686295019317122
2014-02-14,0.9711174496850219,0.987686084825215,0.9933467306569497,0.980145925073195,0.9738421383986452
2014-02-17,0.9772648244368569,0.9942621634860325,0.9999604982685708,0.9866715441626692,0.9803260431571711
2014-02-18,0.9757607709848762,0.9916864076097405,0.9973699801697582,0.9841171639195379,0.977786390478957
2014-02-19,0.9772887253520629,0.9933307754053498,0.9990237721982802,0.9857489739559077,0.9794077099194081
2014-02-20,0.973262682074693,0.9891034018678857,0.9947721706548114,0.9815534714364196,0.975239589553247
2014-02-21,0.9723365391471714,0.9884331279512766,0.994098055251205,0.9808888066524877,0.9745787105611338
2014-02-24,0.9709791159231896,0.9863859034062158,0.9920390976127396,0.9788574899499219,0.9725601810309773
2014-02-25,0.9634656626322845,0.9790960123539838,0.9847074265941472,0.9716235207685564,0.9653724690645229
2014-02-26,0.9652266991547523,0.9809921874846466,0.9866144691208525,0.9735053423831402,0.9672420663711911
2014-02-27,0.9618004970897397,0.9776998867549229,0.9833032994927118,0.9702399498816968,0.9639959123227083
2014-02-28,0.9635908493556347,0.9795549335650335,0.9851689779834288,0.9720805951449633,0.965824957785779
2014-03-03,0.9695857585889454,0.9844869242255073,0.9901292349653616,0.9769742603174204,0.9706878189773568
2014-03-04,0.9669802702423755,0.9830612204090816,0.9886953601273029,0.9755588965503535,0.9692820986025913
2014-03-05,0.9654452612952854,0.9825427003664181,0.9881738683324164,0.9750429300647502,0.9687708464194249
2014-03-06,0.9655243941295079,0.9823751159706365,0.9880053234736639,0.9748774158335864,0.9686056109778635
2014-03-07,0.9659152237901413,0.9821316602939348,0.9877604724990201,0.9746363938910875,0.968365567708603
2014-03-10,0.9532628002304558,0.9691292621429867,0.9746835547491564,0.9617334866561247,0.9555454182560867
2014-03-11,0.9556604857556406,0.971377909458683,0.9769450895563848,0.9639649082208055,0.9577625473055554
2014-03-12,0.9560401971630521,0.9721774239187786,0.9777491862094116,0.9647562652357516,0.9585508553352653
2014-03-13,0.959441519267934,0.9763215249391552,0.9819170379827125,0.968866827585642,0.9626368703773197
2014-03-14,0.9582404178876655,0.9741485708118521,0.9797316301781609,0.9667109068469034,0.9604943735592649
2014-03-17,0.960408356198925,0.9782218634185156,0.9838282677191811,0.9707502122935907,0.9645105726769212
2014-03-18,0.960416737771067,0.9778176678242253,0.9834217555911853,0.9703500751408487,0.964112042508356
2014-03-19,0.9589623060615373,0.976949985092335,0.9825490999790297,0.96948838844307,0.9632565216904991
2014-03-20,0.9528181935400164,0.9698404931377261,0.9753988619649017,0.9624334444713183,0.9562466802496031
2014-03-21,0.9578926502574486,0.974984716109852,0.9805725676084674,0.9675387966588848,0.961318798989092
2014-03-24,0.9591303949080768,0.9764068290195943,0.9820028309595679,0.9689513842987912,0.9627209787892789
2014-03-25,0.9597468251101096,0.9769397802045376,0.9825388366047794,0.9694798299395236,0.9632464598399704
2014-03-26,0.9606777363680349,0.9779177907691716,0.9835224523627142,0.9704508523959997,0.9642107620755416
2014-03-27,0.95775484901494,0.9741572854159838,0.9797403947276023,0.9667202069726399,0.9605029660147558
2014-03-28,0.9552551565120853,0.9712757861683134,0.9768423809750137,0.9638624064709652,0.9576618554308783
2014-03-31,0.9538044398199833,0.9698007394375807,0.9753681536142242,0.9624101060363505,0.9564117380644607
2014-04-01,0.9554900884961133,0.9715146582078176,0.9770919116176882,0.9641109634169687,0.9597129913948376
2014-04-02,0.9545731008890792,0.9705822917580194,0.9761541926557921,0.9631857023222664,0.9593321222136234
2014-04-03,0.9548406857784032,0.970854364326247,0.9764278271331953,0.9634557014866199,0.9586440787888986
2014-04-04,0.9583477562626251,0.9744202520563356,0.9800141858457172,0.9669944143880129,0.9619732938513166
2014-04-07,0.9627249221616679,0.9788708276128238,0.9844903111841758,0.9714110731087793,0.967272533384325
2014-04-08,0.9640084163899051,0.9801758473837981,0.9858028227885529,0.9727061476174782,0.9673209425796258
2014-04-09,0.9649132644057679,0.9810958706487642,0.9867281277060893,0.9736191595919848,0.9680647984918086
2014-04-10,0.9661614303318852,0.982364969624984,0.9880045123022767,0.9748785870502301,0.9697600853916505
2014-04-11,0.9654229520440238,0.9816141062826393,0.9872493384175217,0.9741334458686056,0.969066563765248
2014-04-14,0.9691133272054018,0.9853663729013413,0.9910231459791391,0.9778571173070044,0.9717679741596201
2014-04-15,0.9661792294602201,0.9823830672633466,0.9880227138352273,0.9748965467705595,0.9688803002628532
2014-04-16,0.9665991980644908,0.9828100791810508,0.9884521771350635,0.9753203045264413,0.9687263710572104
2014-04-17,0.9670969545753733,0.9833161835900475,0.9889611869789057,0.9758225520275212,0.969303954080331
2014-04-18,0.9665050519207,0.9827143541078054,0.9883559025250852,0.9752253089524578,0.9683831339062551
2014-04-21,0.9616695086665886,0.977797713727829,0.983411036786806,0.9703461371834408,0.9632464142361687
2014-04-22,0.9614564804687239,0.9775811128239275,0.983193192424435,0.9701311869463308,0.9634902923078589
2014-04-23,0.960398153264921,0.9765050363642617,0.9821109384449005,0.969063311023437,0.962476921601681
2014-04-24,0.9601386210866153,0.9762411515594519,0.9818455387350762,0.9688014372253971,0.9613592511452951
2014-04-25,0.9565192336397049,0.9725610631935525,0.9781443237858422,0.9651493939855638,0.9580328724315164
2014-04-28,0.9509020137325327,0.9668496366241948,0.9724001091643022,0.9594814929140281,0.9530788417593699
2014-04-29,0.953662903175678,0.9696568290754829,0.975223417094177,0.9622672923827679,0.9554186873365464
2014-04-30,0.9543440804939879,0.970349430450991,0.9759199945428721,0.9629546155989063,0.9567724575160195
2014-05-01,0.9564827208270692,0.9725239380227997,0.9781069854875947,0.9651125517373906,0.9592618798982246
2014-05-02,0.9570472509175864,0.9730979358743106,0.9786842785353721,0.9656821752803234,0.9592831335937897
2014-05-05,0.9564550555298876,0.9724958087496033,0.9780786947303863,0.9650846368310614,0.9592608509995781
2014-05-06,0.9564229166682698,0.9724631308856091,0.9780458292699139,0.9650522079977218,0.9596904613553955
2014-05-07,0.9538246995122204,0.9698213389060795,0.9753888713397715,0.9624305485209311,0.9561755580651558
2014-05-08,0.9529426415081492,0.9689244878652765,0.9744868716730748,0.961540532180277,0.9553007087780082
2014-05-09,0.9525756224369825,0.9685513134998139,0.9741115549951058,0.9611702016927552,0.9550150346766677
2014-05-12,0.9587363096862338,0.9748153219278889,0.9804115237270936,0.9673864735208964,0.9612022361311381
2014-05-13,0.9594724871367437,0.9755638458454297,0.9811643447569179,0.9681292931059473,0.9614080370735357
2014-05-14,0.9609128835842494,0.9770283992502532,0.9826373058428836,0.9695826854785389,0.9622833733407049
2014-05-15,0.9571403910123877,0.9731926380260711,0.9787795243514967,0.9657761557282769,0.9581064264732791
2014-05-16,0.9547609559286176,0.970773297323359,0.9763462947423541,0.9633752522771355,0.956053530547682
2014-05-19,0.9542178954583296,0.970221129160099,0.9757909567022987,0.9628272920633071,0.955737848468626
2014-05-20,0.954571860505805,0.9705810305722181,0.9761529242297986,0.9631844507476788,0.9558940667383514
2014-05-21,0.9567693987035002,0.9728154237875289,0.9784001446084196,0.9654018161546398,0.9576398997137717
2014-05-22,0.9574975073475805,0.9735557435763037,0.9791447144113671,0.9661364941327457,0.9585421492969624
2014-05-23,0.960457253110357,0.976565127376016,0.9821713744260255,0.9691229440951007,0.9615606755249226
2014-05-26,0.9633071681477686,0.9794628384740454,0.9850857206504174,0.9719985723883257,0.964736393380801
2014-05-27,0.9613350134683797,0.9774576086947442,0.9830689792850278,0.9700086240143497,0.9628490301479817
2014-05-28,0.963079589400923,0.9792314429932141,0.9848529967786828,0.9717689403204307,0.9648463006822693
2014-05-29,0.960302682991032,0.9764079649538694,0.982013309768748,0.9689669793724395,0.9617862436244594
2014-05-30,0.9605739793436505,0.976683811230519,0.9822907396186087,0.9692407234866314,0.9624605997006911
2014-06-02,0.9596449894517419,0.9757392412049558,0.9813407470228852,0.9683033518168715,0.9618761725038989
2014-06-03,0.959638206190047,0.9757323441808564,0.9813338104044773,0.9682965073534422,0.9618759172723002
2014-06-04,0.9577132853851339,0.9737751404375861,0.9793653707820992,0.9663542190198737,0.9601229272120313
2014-06-05,0.9606495261851146,0.9767606250716536,0.9823679944312241,0.9693169519467523,0.9629725752719072
2014-06-06,0.9599427678759127,0.9760420136852388,0.9816452576538321,0.9686038169361527,0.9623468868897717
2014-06-09,0.9595544971989629,0.975647231302302,0.9812482089114815,0.968212043101,0.960978341529664
2014-06-10,0.9620125692408724,0.9781465277873179,0.9837618533116066,0.9706922930094043,0.9639120471451447
2014-06-11,0.9635445292653227,0.9797041803861893,0.985328448053754,0.9722380750880166,0.9652423355709073
2014-06-12,0.964283287096373,0.9804553279599553,0.9860839078016407,0.9729834983349984,0.9639358200556094
2014-06-13,0.9680109731591034,0.9842455312229108,0.9898958697934984,0.9767448173110138,0.967625356417487
2014-06-16,0.9703277013791182,0.9866011134020735,0.992264974855337,0.9790824481279794,0.9703967491677534
2014-06-17,0.9676052767786997,0.9838330308892186,0.9894810013855078,0.9763354605496251,0.967166217948005
2014-06-18,0.9667731502541347,0.982986948731139,0.9886300620545988,0.9754958261934529,0.9657430829168856
2014-06-19,0.9628791146964698,0.9790276061179588,0.9846479897204581,0.9715666568401744,0.9610888551646622
2014-06-20,0.9679002352383741,0.9841329361112465,0.9897826282978963,0.9766330802613817,0.966566924208738
2014-06-23,0.9704226692200355,0.9866976739531667,0.9923620897394589,0.9791782728128219,0.9696959456966351
2014-06-24,0.9715799242966947,0.987874337409749,0.9935455081638845,0.9803459691817433,0.9706950393728891
2014-06-25,0.9701217093370533,0.9863916666576752,0.9920543257229362,0.9788745975301317,0.9694579234359048
2014-06-26,0.9732099901756801,0.9895317412011073,0.9952124267483227,0.9819907422714309,0.9732602967347964
2014-06-27,0.9739962020625809,0.9903311386849509,0.9960164133984799,0.9827840477267736,0.9740330570435908
2014-06-30,0.9748013855531733,0.991149825946154,0.9969311752563249,0.9836763275061254,0.9749298776836453
2014-07-01,0.9761599758798206,0.9925312012557761,0.997194200352673,0.983991823647166,0.9751499758977181
2014-07-02,0.9769857294750075,0.9933708036037759,0.9980899860387196,0.9848650594870121,0.976025543342977
2014-07-03,0.9778636365703639,0.9942634341207766,0.9991065792886509,0.9858552854791479,0.9770196669394583
2014-07-04,0.9769503307340291,0.9933348111888292,0.9980602735568255,0.9848341116297138,0.9759977538011958
2014-07-07,0.9749127017916541,0.9912630090745638,0.9958582324890892,0.982679786454421,0.9738502695602382
2014-07-08,0.9771324560100321,0.9935199908964968,0.9982694549179952,0.9850338517388111,0.9762048733937625
2014-07-09,0.9719414894445034,0.9882419663838455,0.9938558436341164,0.9806582636752905,0.9719366811720181
2014-07-10,0.9718458846359823,0.9881447581825344,0.9935386010783925,0.9803593914554638,0.9716200899536839
2014-07-11,0.9737092976671337,0.9900394226022443,0.9955813806931334,0.9823505152947479,0.973616967701256
2014-07-14,0.975732762299727,0.9920968228564151,0.9974029591042454,0.9841503335617138,0.9753823649202586
2014-07-15,0.9749354521900134,0.9912861410209362,0.9961467768755189,0.9829386012840111,0.9741465160625229
2014-07-16,0.9724266434587823,0.9887352569391691,0.9932000140891463,0.9800679977982328,0.9712650114809879
2014-07-17,0.970688072543227,0.9869675283681126,0.9913221527040208,0.978236811326807,0.969429848134316
2014-07-18,0.9704367474616702,0.9867119883016616,0.9912681970838614,0.978171855646001,0.9693848455574501
2014-07-21,0.9701948115503745,0.9864659948716925,0.9912340059439942,0.9781285253768888,0.96935768202473
2014-07-22,0.9750416740059044,0.9913941442879526,0.9951911289736179,0.9820594300336049,0.9731797242587508
2014-07-23,0.9736147386557108,0.9899432777371441,0.9930117962399398,0.9799609130377837,0.9710333073975159
2014-07-24,0.9744508946030056,0.9907934568955937,0.9933606587420897,0.9803264689192803,0.97135836620853
2014-07-25,0.9764292538023864,0.9928049952511866,0.9952714875699206,0.9822094112088154,0.9732134601098857
2014-07-28,0.983391881614189,0.9998843936251229,1.0021420413320217,0.988957636600744,0.9798973361491562
2014-07-29,0.986943816516521,1.0034958981966113,1.0053126247695379,0.9920906758400475,0.9829697668110181
2014-07-30,0.9865033825328337,1.003048077673639,1.004533222116038,0.9913400838054707,0.9822022625465072
2014-07-31,0.9886386646554435,1.0052191707142686,1.0067697748701532,0.9935292270158707,0.9843826329406139
2014-08-01,0.9838815184091806,1.0003822421420876,1.0023307738090683,0.9891516553951114,0.9800756680115883
2014-08-04,0.9900301260733511,1.0066339683977858,1.0087905579251393,0.9954787644564391,0.9863706234641568
2014-08-05,0.9908151199383041,1.0074321274321776,1.0094833901444085,0.9961616227188839,0.9870430823125063
2014-08-06,0.9908180376143496,1.0074350940407066,1.0096956884355437,0.99635904809329,0.9872565307002428
2014-08-07,0.9890085098664284,1.0055952186168744,1.0083777601347912,0.9950418057010181,0.9859888135659187
2014-08-08,0.9905989841855449,1.0072123668564306,1.0102898370532416,0.9969009990489216,0.9878605327674495
2014-08-11,0.9943236134795292,1.010999462085426,1.0133055538559894,0.9998976858608647,0.9907722603919741
2014-08-12,0.9943720041514647,1.0110486643196215,1.013210393384153,0.9998073102476028,0.990677771486334
2014-08-13,0.9946210455155198,1.0113018823682363,1.0128321510882659,0.9994721513689516,0.9902871066708092
2014-08-14,0.9919683885289132,1.0086047375451623,1.0102329810737536,0.9969116695955094,0.9877636750425243
2014-08-15,0.9954757964205131,1.012170968341304,1.0135501330309074,1.000182130309244,0.9909825602358515
2014-08-18,0.997017607653813,1.0137386373641173,1.01521487071247,1.001804696373458,0.9926096765831921
2014-08-19,0.9978716308193815,1.0146069833928077,1.0156015383713226,1.0022085562837006,0.9929707108507074
2014-08-20,0.9966062411539502,1.0133203718171233,1.014113010288675,1.0007609488674893,0.9915138393875077
2014-08-21,0.9956581962929414,1.0123564272506669,1.013618818430814,1.000253096096324,0.991047201036849
2014-08-22,0.9980746949938083,1.0148134531661608,1.0158598664213965,1.0024612996352318,0.9932226207692291
2014-08-25,0.9960559041320226,1.0127608050668302,1.0134950240555356,1.000158872569557,0.9909097039320951
2014-08-26,0.9930868678260131,1.0097419749117424,1.0105706313680622,0.9972853423028296,0.9880659423514327
2014-08-27,0.9934582338879026,1.010119569171516,1.0114751588518893,0.9981460904077982,0.9889631008883212
2014-08-28,0.990337499104411,1.0069464963965666,1.0086631559009342,0.9953687713646835,0.9862374872823183
2014-08-29,0.992973607252788,1.0096268148400582,1.011524452033121,0.9981679231583901,0.9890277446450642
2014-09-01,0.995417214688777,1.0121114041325598,1.014143960970388,1.0007291931830713,0.9915830059478536
2014-09-02,0.9990284305704197,1.015783183887482,1.018066981735915,1.0045572889552064,0.9954145583198794
2014-09-03,1.001102444862577,1.017891981571961,1.0184883878349862,1.0050639835229345,0.9957663567606739
2014-09-04,1.0025503271632288,1.0193641463755296,1.0201193280060417,1.006652861520513,0.9973608402190889
2014-09-05,1.0023501248204816,1.019160586429772,1.0200839564280955,1.0066067440768525,0.9973335591546709
2014-09-08,1.0012941839304519,1.0180869363048612,1.0190960302570555,1.0056316881919434,0.9963756231916394
2014-09-09,0.9997964996724725,1.01656413431297,1.0190435051750064,1.0055018061433763,0.9963735326374313
2014-09-10,0.9991650133650645,1.015922057318671,1.01835312837908,1.0048240018458374,0.9957018714428105
2014-09-11,0.9974457724724434,1.0141739829552823,1.0166255616996742,1.0031287152311534,0.9940206037830698
2014-09-12,1.0001545105428378,1.0169281494006672,1.0197859501557094,1.0062047130139704,0.9971121974712256
2014-09-15,1.0018176529662008,1.018619184464702,1.022381787529846,1.0087027690268053,0.999669280900514
2014-09-16,0.994082465437434,1.0107542697380496,1.014717197910488,1.0011823640203212,0.9922097249911414
2014-09-17,0.9980746747866879,1.014813432620146,1.0182609646429257,1.0046843713341083,0.9956433113303508
2014-09-18,0.9978278991625692,1.0145625183103,1.0186808328812853,1.005058052227878,0.9960759312586273
2014-09-19,0.9986826516785196,1.0154316059213424,1.0191541747249913,1.005544628755385,0.9965227631370256
2014-09-22,0.9912206575076091,1.0078444662913426,1.0122092932795537,0.9986961955319948,0.989784907700089
2014-09-23,0.9944764619808426,1.0111548740162237,1.0161520425313573,1.002530372740164,0.9936440277246088
2014-09-24,0.9984541609947898,1.01519928320949,1.020198927363365,1.0064996475270631,0.9975837739717655
2014-09-25,0.9970050422501449,1.0137258612254672,1.0191430647357347,1.0054427408774198,0.9965692266628468
2014-09-26,0.9996231835395107,1.0163879114869003,1.0223025893123678,1.0085158627128024,0.9996611897580115
2014-09-29,0.9997572639413271,1.0165242405575117,1.0240070843631042,1.0101072911996416,1.0013707979461335
2014-09-30,1.0007671139021805,1.0175510267600814,1.0250414289498901,1.0111275956728039,1.0023822777298552
2014-10-01,1.0042561634243226,1.0210985912976778,1.0286151078389858,1.0146527657203595,1.0058769583189084
2014-10-02,1.0042561634243226,1.0210985912976778,1.0286151078389858,1.0146527657203595,1.0058769583189084
2014-10-03,1.0042561634243226,1.0210985912976778,1.0286151078389858,1.0146527657203595,1.0058769583189084
2014-10-06,1.005090577127012,1.0219469989922547,1.0294697608369296,1.0154958177244438,1.0067127187033695
2014-10-07,1.0054461709698028,1.0223085565162933,1.0298339798601936,1.0158550928667847,1.0070688864482245
2014-10-08,1.0049187253822986,1.0217722651137586,1.0292937407064504,1.0153221868776359,1.006540589602698
2014-10-09,1.0077322365242236,1.024632961784839,1.0321754955535296,1.0181648250067417,1.009358641542739
2014-10-10,1.0032620186929575,1.0200877737177474,1.0275968494231513,1.0136483290657055,1.0048812091117494
2014-10-13,1.0051122037675893,1.0219689883342495,1.0294919120469892,1.0155176682556868,1.006734380247739
2014-10-14,1.006075448223421,1.0229483874086565,1.0304785206792253,1.0164908847384633,1.0076991793086139
2014-10-15,1.007812898150287,1.024714976190869,1.0322581136844542,1.0182463216855304,1.0094394333506782
2014-10-16,1.0040304661383015,1.02086910883174,1.028383936105463,1.0144247318941133,1.0056508967742226
2014-10-17,1.003110367797819,1.0199335794782347,1.0274415201281584,1.0134951081985795,1.0047293134633242
2014-10-20,1.0075201183679254,1.0244172861848546,1.0319582323211376,1.0179505108887044,1.0091461810434832
2014-10-21,1.006432704956076,1.023311635710964,1.0308444429269246,1.0168518399858022,1.0080570126271133
2014-10-22,1.0054131057988898,1.0222749368078263,1.0298001126701448,1.0158216853873605,1.0070357679125799
2014-10-23,1.0023682692353209,1.0191790351454553,1.0266814214395048,1.012745327030886,1.0039860172088377
2014-10-24,1.0030318005254792,1.0198536945504346,1.0273610471509902,1.0134157275553952,1.0046506193892397
2014-10-27,1.0020058489377355,1.0188105366798244,1.026310210380951,1.0123791547626029,1.003623011991797
2014-10-28,1.008982248109815,1.0259039373741756,1.0334558270553336,1.0194277773875147,1.0106106705542317
2014-10-29,1.0154480004455921,1.0324781271498498,1.0400784107927816,1.0259604666842268,1.0170868581342796
2014-10-30,1.0141778915174746,1.0311867171645,1.0387774944731762,1.0246772089023812,1.0158146993446413
2014-10-31,1.0149096079967268,1.0319307052956217,1.0395269592538023,1.0254165005058948,1.0165475967599702
2014-11-03,1.0145256429164213,1.0315403007186952,1.0391336808285665,1.0250285604116627,1.0161630119885297
2014-11-04,1.0135455850357267,1.0305438062406775,1.0381298509499408,1.0240383564423663,1.015181372367172
2014-11-05,1.008588881333151,1.025503973424594,1.033052918888936,1.0190303382654844,1.0102166689127923
2014-11-06,1.0106711415758574,1.027621155352851,1.0351856858283957,1.021134155191046,1.0123022897689493
2014-11-07,1.0114250078742002,1.028387664778733,1.0359578376876608,1.021895825920543,1.013057372751533
2014-11-10,1.018878808247878,1.0359664731929366,1.043592435267861,1.0294267920621805,1.0205232030056643
2014-11-11,1.012009012415185,1.028981463687646,1.0365560076723535,1.022485876392011,1.0136423198324918
2014-11-12,1.0183960745758662,1.0354756435715557,1.0430979925487835,1.0289390608704267,1.0200396902373428
2014-11-13,1.0147448443738383,1.0317631784141783,1.039358199172562,1.0252500311609778,1.016382567220826
2014-11-14,1.0124519118587538,1.0294317910188449,1.0370096499555683,1.0229333609698708,1.014085934082883
2014-11-17,1.0146664108175372,1.0316834294449748,1.0392778631548094,1.0251707856181327,1.0163040070785876
2014-11-18,1.012977407704395,1.0299660999803029,1.037547892075079,1.0234642970323753,1.0146122780398077
2014-11-19,1.0128451346155845,1.0298316085332297,1.0374124106088292,1.0233306545810963,1.0144797914720514
2014-11-20,1.0112777557438688,1.0282379430759212,1.0358070138526303,1.0217470493566134,1.0129098829671948
2014-11-21,1.015321910553019,1.0323499225976922,1.039949262500572,1.0258330714409725,1.0169605647419802
2014-11-24,1.0232977622637833,1.040459537696783,1.0481185741427346,1.033891493477147,1.0249492888853007
2014-11-25,1.0274069376747719,1.0446376282839973,1.0523274205132567,1.0380432092917382,1.0290650962003485
2014-11-26,1.0294208697451017,1.0466853361048498,1.0543902019321323,1.0400779906747726,1.0310822786075313
2014-11-27,1.0321861916251298,1.0494970353296302,1.057222598652642,1.0428719406607105,1.033852063511784
2014-11-28,1.0321780252946064,1.0494887320411894,1.0572142342419888,1.0428636897879222,1.0338438840014095
2014-12-01,1.0239972734079728,1.041170780375636,1.0488350524250898,1.0345982463385721,1.0256499289885468
2014-12-02,1.033795206828322,1.0511330354033106,1.058870641659023,1.0444976132584651,1.0354636755460653
2014-12-03,1.0344227948442664,1.0517711487277148,1.0595134522667249,1.0451316984045693,1.0360922764424771
2014-12-04,1.042544892141251,1.0600294621047068,1.0678325567853661,1.0533378800402735,1.0442274822015372
2014-12-05,1.038876678988318,1.0562997291745468,1.0640753685247386,1.0496316915632378,1.0405533488248933
2014-12-08,1.0412993644748698,1.0587630456346024,1.066556817963408,1.0520794579986643,1.0429799443459669
2014-12-09,1.0283296852258372,1.0455758512781221,1.0532725499596238,1.0389755096239144,1.0299893329974592
2014-12-10,1.0403597126001,1.0578076348135568,1.0655943741669947,1.0511300783400934,1.0420387759428282
2014-12-11,1.0398207083732023,1.0572595909211375,1.0650422960108739,1.0505854940502724,1.0414989018031222
2014-12-12,1.041941865654131,1.0594163222316944,1.0672149034637632,1.0527286106972078,1.0436234824744335
2014-12-15,1.0447091047616286,1.0622299708378573,1.0700492639154522,1.0555244977587896,1.0463951877004183
2014-12-16,1.0429892160676402,1.0604812378087942,1.0682876581032403,1.0537868038479692,1.0446725232337577
2014-12-17,1.041435527826597,1.0589014925883762,1.0666962840536556,1.0522170309869627,1.0431163274552346
2014-12-18,1.0421049895466463,1.0595821818827682,1.0673819840418086,1.0528934233363765,1.0437868696368013
2014-12-19,1.043323947149886,1.060821582681938,1.068630508324928,1.0541250002471974,1.0450077945471206
2014-12-22,1.0369906965646107,1.0543821168499246,1.0621436402617723,1.0477261844306847,1.0386643225655632
2014-12-23,1.0302329007847923,1.0475109857557217,1.0552219293597358,1.040898428298439,1.0318956202050362
2014-12-24,1.032331399385376,1.0496446783761284,1.0573713285299426,1.0430186516901305,1.0339975056265747
2014-12-25,1.0388561836624592,1.0562788901206033,1.0640543760702368,1.0496109840586934,1.0405328204210993
2014-12-26,1.04307113522527,1.0605645308365124,1.06837156426805,1.0538695710769703,1.0447545746028262
2014-12-29,1.0433142996380105,1.0608117733711826,1.06862062680582,1.0541152528590672,1.0449981314648769
2014-12-30,1.0411920509231938,1.058653932322248,1.0664469014455407,1.0519710334791306,1.042872457598184
2014-12-31,1.045082541226213,1.0626096702231482,1.0704317583459368,1.055901800239383,1.0468093373428715
2015-01-01,1.0484503964943113,1.0660340079521036,1.0738813033285322,1.059304521364509,1.0501827573383182
2015-01-02,1.0484503964943113,1.0660340079521036,1.0738813033285322,1.059304521364509,1.0501827573383182
2015-01-05,1.0479876407838802,1.065563491343647,1.0734073231506411,1.058836974956986,1.0497192370138668
2015-01-06,1.05220694481862,1.0698535575269987,1.0777289693926722,1.0630999595063324,1.0539455126298307
2015-01-07,1.0530107484339284,1.0706708417709636,1.078552269833889,1.0639120845308756,1.0547506443746473
2015-01-08,1.0509234160278373,1.0685485026138288,1.07641430770213,1.0618031429321542,1.0526598630567712
2015-01-09,1.0494733817374393,1.0670741497293912,1.0749291018031666,1.0603380971034835,1.0512074328660659
2015-01-12,1.047460253651684,1.065027259376777,1.072867143870081,1.0583041280283065,1.0491909784767663
2015-01-13,1.0499437848758126,1.0675524420211677,1.0754109149027804,1.060813370109254,1.0516786132543507
2015-01-14,1.046986332750552,1.064545390325675,1.0723817276818817,1.057825300841997,1.0487162745133025
2015-01-15,1.0523924091008876,1.0700421322395637,1.0779189322424443,1.0632873438150368,1.0541312833558385
2015-01-16,1.0570286253756624,1.0747561027179544,1.082667603226132,1.0679715567051404,1.0587751600784185
2015-01-19,1.046209387975586,1.0637554153729412,1.0715859375612002,1.0570403127150205,1.0479380459878502
2015-01-20,1.0530844714657523,1.07074580121526,1.0786277810700575,1.0639865707833498,1.0548244892194762
2015-01-21,1.0641275707342517,1.0819741048267368,1.08993873853156,1.075143994180883,1.0658858350667677
2015-01-22,1.0672832140519162,1.085182671588546,1.0931709242125847,1.0783323064228287,1.0690466924727091
2015-01-23,1.0673548248941849,1.0852554834196555,1.093244272026544,1.07840465861922,1.0691184216379994
2015-01-26,1.0706569580955632,1.0886129968539842,1.0966265008071499,1.0817409772872886,1.072426010973763
2015-01-27,1.0711557100634388,1.0891201134148312,1.097137350357201,1.0822448926049582,1.0729255870324905
2015-01-28,1.0691433358311209,1.087073989558566,1.0950761645628015,1.0802116851875163,1.070909887742225
2015-01-29,1.065020666686291,1.082882178933458,1.0908534971583677,1.0760463359446617,1.0667804066865758
2015-01-30,1.0589430734969887,1.076702658139763,1.0846284876423702,1.0699058242275896,1.0606927714537948
2015-02-02,1.0593742487908544,1.0771410646949862,1.0850701213983283,1.0703414632810153,1.0611246591811703
2015-02-03,1.0658563468492304,1.08373187432815,1.0917094473354518,1.0768906675200767,1.0676174676488333
2015-02-04,1.0646632569519812,1.0825187750634977,1.0904874181978503,1.0756852261117122,1.0664224064020302
2015-02-05,1.0642789462676652,1.0821280190864195,1.090093785785734,1.07529693683559,1.0660374607188783
2015-02-06,1.060682482104243,1.078471238451486,1.0864100868371678,1.0716632401323631,1.0624350540962666
2015-02-09,1.0581279727303496,1.0758738872794054,1.0837936160294175,1.0690822850975028,1.0598763238912974
2015-02-10,1.0623867155489555,1.080204053676343,1.088155657670946,1.07338511672231,1.0641421034560652
2015-02-11,1.0643149653900577,1.0821646422872269,1.0901306785774474,1.0753333288473947,1.0660735393558816
2015-02-12,1.0653495231269656,1.0832165506411382,1.091190330244893,1.0763785968848563,1.0671098064987095
2015-02-13,1.0724354432384275,1.0904213090557542,1.0984481243666009,1.083537874269077,1.074207434718238
2015-02-16,1.0777255852468248,1.0958001722873427,1.1038665825156617,1.0888827826852436,1.079506317659831
2015-02-17,1.0791400663202064,1.0972383756900705,1.1053153728291523,1.0903119072307896,1.080923135888727
2015-02-18,1.0764755869119653,1.094529210170967,1.1025862645859952,1.087619843692381,1.0782542539452666
2015-02-19,1.0764911915128554,1.0945450764773603,1.1026022476875303,1.087635609840529,1.0782698843297316
2015-02-20,1.0764911915128554,1.0945450764773603,1.1026022476875303,1.087635609840529,1.0782698843297316
2015-02-23,1.0764911915128554,1.0945450764773603,1.1026022476875303,1.087635609840529,1.0782698843297316
2015-02-24,1.0762016570771786,1.0942506862458945,1.1023056903890804,1.0873430779879698,1.0779798714945799
2015-02-25,1.0762959609596379,1.0943465717032508,1.1024022816789907,1.0874383581551623,1.0780743311959065
2015-02-26,1.0815200757035004,1.0996583003239113,1.107753111025458,1.0927165557568843,1.0833070777757214
2015-02-27,1.0838667933980126,1.1020443749324744,1.1101567500194947,1.095087567940651,1.0856576729658785
2015-03-02,1.0900245715609316,1.1083054254857918,1.1164638894524277,1.101309094749502,1.0918256256623862
2015-03-03,1.0841081866657019,1.1022898166181354,1.1104039984518361,1.0953314602418462,1.0858994650891034
2015-03-04,1.0860627607470683,1.1042771709543686,1.112405982111691,1.0973062691299504,1.0878572687248835
2015-03-05,1.0820755245627518,1.1002230646423952,1.1083220326901353,1.0932777549227763,1.0838634444064361
2015-03-06,1.0778224255663538,1.0958986367204762,1.103965771765719,1.0889806255480727,1.0796033179891973
2015-03-09,1.0793145110398796,1.0974157460304335,1.105494048829036,1.0904881578964352,1.0810978688444512
2015-03-10,1.0784737469627035,1.0965608814589372,1.1046328914237749,1.089638689775357,1.0802557155677752
2015-03-11,1.0793356840776969,1.0974372741622747,1.105515735433879,1.090509550128977,1.0811190768666048
2015-03-12,1.0820691036681453,1.10021653606266,1.1083154560521833,1.0932712675556002,1.083857012902547
2015-03-13,1.0840784248862387,1.1022595557024537,1.110373514779336,1.0953013903523647,1.0858696541340747
2015-03-16,1.090911151257003,1.1092068740521066,1.1173719737668648,1.102204852797511,1.0927136702593776
2015-03-17,1.093105733522539,1.1114382617611793,1.1196197871793596,1.1044221545641582,1.0949118786462815
2015-03-18,1.0960983609468113,1.114481078682296,1.1226850029010569,1.107445763284123,1.0979094508066973
2015-03-19,1.100694760173298,1.1191545643387881,1.1273928910457534,1.1120897469183457,1.1025134446910427
2015-03-20,1.1033748890092623,1.1218796417429115,1.130138028304585,1.114797621895807,1.1051980019198693
2015-03-23,1.1132023166164469,1.1318718856058316,1.1402038271277417,1.1247267883422902,1.1150416674443089
2015-03-24,1.1153971292852853,1.1341035075823116,1.1424518765321343,1.1269443228974991,1.1172401066152118
2015-03-25,1.114935477988016,1.1336341139091826,1.1419790275557282,1.1264778923366197,1.1167776925287505
2015-03-26,1.1130873122871423,1.1317549525334512,1.1400860332869882,1.1246105934260437,1.114926473092665
2015-03-27,1.1141220240997467,1.13280701754707,1.1411458427673455,1.1256560171342767,1.1159628945657694
2015-03-30,1.116713786359458,1.1354422463748879,1.1438004700560402,1.1282746107169528,1.1185589392097217
2015-03-31,1.1122618761000695,1.1309156729168324,1.1392405755606598,1.1237332167003327,1.1159225551149345
2015-04-01,1.1227234984089194,1.1415527475909175,1.1499559519270794,1.1343027352117896,1.1233736055633359
2015-04-02,1.1261608287397904,1.145047725552227,1.1534766571392947,1.1377755165347592,1.1301295084593561
2015-04-03,1.1373725742109013,1.1564475037397994,1.164960351436481,1.1491028946224207,1.136505024852916
2015-04-06,1.1439541201674641,1.1631394291165795,1.1717015374509865,1.1557523195173576,1.1430815506286702
2015-04-07,1.1454255166975869,1.16463550250788,1.173208623745927,1.1572388913322922,1.1430815506286702
2015-04-08,1.1376381766921793,1.1567175606529212,1.1652323962940305,1.1493712364015134,1.1407571417647986
2015-04-09,1.1366274733060961,1.155689906712287,1.1641971775815814,1.1483501091008497,1.1381470204396005
2015-04-10,1.1451476049994416,1.1643529299394295,1.172923971102738,1.1569581133849165,1.1446893850179596
2015-04-13,1.1565382991463606,1.1759346579595615,1.184590954602588,1.168466285740017,1.1559842746153868
2015-04-14,1.1557709976048216,1.1751544879673812,1.183805041618789,1.1676910706148922,1.1544531397580557
2015-04-15,1.1512858641688013,1.1705941341452184,1.1792111180951004,1.1631596796433148,1.1471461074069618
2015-04-16,1.1636282214321285,1.1831434856691394,1.1918528479741735,1.1756293301161103,1.15424602913093
2015-04-17,1.165264301720088,1.1848070047374106,1.1935286125481186,1.1772822841589252,1.1566074880056045
2015-04-20,1.160863609968764,1.180332508775454,1.1890211789019867,1.1728362057634654,1.152239489239597
2015-04-21,1.1705790019915778,1.1902108380998897,1.1989722246383343,1.1826517977242197,1.1638174320184163
2015-04-22,1.180283508764291,1.2000780996171778,1.208912121095132,1.192456392169575,1.1725334032935877
2015-04-23,1.182608652477609,1.2024422384262823,1.2112936628157829,1.1948055163105722,1.1718454624635737
2015-04-24,1.1859474799164227,1.2058370614988474,1.2147134758785383,1.1981787788294505,1.1745581723086203
2015-04-27,1.1921711869300466,1.2121651465987602,1.221088143313138,1.2044666742005858,1.1813470876505743
2015-04-28,1.1866925018863446,1.206594578267656,1.215476568883933,1.1989314846020407,1.176184861231416
2015-04-29,1.1920104576511579,1.2120017217214918,1.2209235154317681,1.2043042872362704,1.1797915048701626
2015-04-30,1.1949523968579414,1.214993000330614,1.2239368134573665,1.2072765682064384,1.181416762761593
2015-05-01,1.1973009891877409,1.2173809810140617,1.2263423725572968,1.2096493828018078,1.1841752736076783
2015-05-04,1.197287130173932,1.2173668895700736,1.226328177383294,1.2096353808527147,1.1841752736076783
2015-05-05,1.1889746044310328,1.2089149540626447,1.2178140254419294,1.2012371236682418,1.1744986967971025
2015-05-06,1.1881456768131653,1.2080721244602792,1.21696499159768,1.2003996468847131,1.1733459633403132
2015-05-07,1.1763362022553883,1.196064592643104,1.2048690698715445,1.1884683750165426,1.164703508856743
2015-05-08,1.1865043877969375,1.2064033093079098,1.2152838919540734,1.1987414303932808,1.1749764256604338
2015-05-11,1.1984204494544826,1.218519215802172,1.227488986125562,1.2107803886499315,1.1874426205499269
2015-05-12,1.2045174948433393,1.224718515029185,1.2337339196679893,1.2169403160684735,1.190780174340829
2015-05-13,1.2069686881332333,1.2272108173983083,1.236244568386959,1.2194167898014985,1.1932719380130488
2015-05-14,1.2085140720936127,1.2287821190665766,1.2378274367296713,1.2209781121178969,1.195102541255704
2015-05-15,1.2091041538718525,1.2293820971343805,1.238431831359313,1.2215742797192741,1.195382853730826
2015-05-18,1.2116727863221155,1.231993808241616,1.2410627678086514,1.2241694038243778,1.1986685739289076
2015-05-19,1.214054450606664,1.2344154155311386,1.2435022010470134,1.2265756314629261,1.2042096106735163
2015-05-20,1.2148523209663185,1.235226667012537,1.2443194243172586,1.2273817306784347,1.2035510345511926
2015-05-21,1.226529914778139,1.2471001063054936,1.256280266436552,1.2391797616452862,1.2129948429119397
2015-05-22,1.231482210883238,1.252135457604074,1.2613526839906823,1.2441831333797813,1.2195477449992387
2015-05-25,1.238106010555341,1.258870345335467,1.268137148614521,1.2508752477750078,1.2258923366760577
2015-05-26,1.2435501953015917,1.2644058347629907,1.2737133859171283,1.2563755812564232,1.2339097099918641
2015-05-27,1.2425050165140492,1.2633431272322997,1.2726428555779434,1.2553196229913872,1.235378118448088
2015-05-28,1.2228962158644716,1.2434054664545477,1.2525584295825054,1.235508586487244,1.2150888619097442
2015-05-29,1.2299435964898706,1.2505710390355478,1.2597767494156236,1.2426286504484927,1.2177430996218126
2015-06-01,1.2427760318020353,1.2636186877305686,1.2729204445336608,1.2555934334023053,1.231424905043013
2015-06-02,1.2540304108211828,1.2750618144754386,1.2844478064857823,1.2669638847401639,1.2416900489283682
2015-06-03,1.2536053250976396,1.2746295996190113,1.2840124100069872,1.2665344148844087,1.2437663061714361
2015-06-04,1.250186297348764,1.2711532311931704,1.280510451318855,1.2630801249075707,1.2430659151517818
2015-06-05,1.2532605367758451,1.274279028835876,1.2836592586002835,1.2661860705796582,1.2441695827112642
2015-06-08,1.2511749461009158,1.272158460620559,1.2815230804466087,1.2640789701132857,1.2430409903829465
2015-06-09,1.2525205000668633,1.2735265809360563,1.2829012717768635,1.2654384014836209,1.2410944986834864
2015-06-10,1.2579922530759142,1.2790901009750264,1.2885057460300078,1.2709665875538023,1.245317294150091
2015-06-11,1.261085548844124,1.282235274553664,1.2916740718776136,1.274091786105068,1.2492435564396973
2015-06-12,1.2605737354016946,1.2817148774636529,1.291149844037694,1.273574694061935,1.2505843128882457
2015-06-15,1.2502027152936483,1.2711699244841894,1.280527267492619,1.263096712179339,1.2422122156366775
2015-06-16,1.2404418612222166,1.261245370664956,1.2705296569934694,1.2532351892959943,1.2308645138558727
2015-06-17,1.2453892172019807,1.2662756989871242,1.2755970145960267,1.2582335699550486,1.235521325081193
2015-06-18,1.2358594656240898,1.2565861234923412,1.2658361121450559,1.2486055330465762,1.2254885180727697
2015-06-19,1.2165857685536445,1.236989186331783,1.2460949179033678,1.2291330562206866,1.2082133991045358
2015-06-22,1.2216643649591936,1.2421529561191578,1.2512966992611758,1.2342640308569301,1.212786315656568
2015-06-23,1.2241694765429267,1.2447000810483901,1.2538625741003842,1.2367949789714625,1.213652502262108
2015-06-24,1.2286005688443755,1.2492054874095435,1.2584011456835127,1.241271771453879,1.2194465778605073
2015-06-25,1.2150225081785688,1.2353997084426172,1.2444937395408613,1.2275536731207428,1.20639912718956
2015-06-26,1.1897821926222178,1.2097360863537885,1.2186412022565907,1.202053040940379,1.181249890352647
2015-06-29,1.1699949808461398,1.1896170223080493,1.1983740376464356,1.182061753262132,1.163418029684545
2015-06-30,1.1845771979223059,1.2044437984402452,1.2132638654151395,1.1945065690812444,1.1756665632828134
2015-07-01,1.1694524670886528,1.1890654100265365,1.1977728620201837,1.1815669409849967,1.1629310216894555
2015-07-02,1.1533887326966437,1.1727322699811416,1.1813201154067634,1.165248899644674,1.1468703518876646
2015-07-03,1.1342798886052023,1.1533029505567378,1.161748516285439,1.1485070244824063,1.1303925330590312
2015-07-06,1.119264131962627,1.1380353639454481,1.1463691260876052,1.1390203161443413,1.1210554510559934
2015-07-07,1.1055052768542215,1.1240457584237287,1.1322770755553226,1.1245395249361567,1.1068030538955183
2015-07-08,1.081676887429882,1.0998177419472144,1.1078716388220322,1.0999970794384035,1.0826476969475092
2015-07-09,1.1045315841047738,1.123055735826877,1.13127980308461,1.1209561778532606,1.1032762241073504
2015-07-10,1.1180492916440241,1.1368001494820914,1.1451248662256093,1.134498531998005,1.1166049854287354
2015-07-13,1.128850564254377,1.147782570749038,1.1561877110799796,1.1467762384665086,1.128689045359794
2015-07-14,1.1318014840070514,1.1507829805172132,1.1592100926621502,1.1487733030502325,1.1306546118259595
2015-07-15,1.1171975698161347,1.135934143386924,1.1442525184217043,1.1361834008133336,1.1182632801430321
2015-07-16,1.12095345936873,1.1397530231418138,1.1480993635953634,1.1393012395500584,1.1213319436793863
2015-07-17,1.1333286576581005,1.1523357664701877,1.1607742495700175,1.1525060253691986,1.1343284608729374
2015-07-20,1.1355643047036246,1.1546089076586266,1.1630640368299057,1.1554809467677618,1.1372564611930829
2015-07-21,1.139068866526468,1.1581722446544573,1.1666534679207852,1.1584371665344477,1.1401660548473742
2015-07-22,1.1371966842561287,1.156268663926232,1.1647359473893606,1.1579662571990559,1.1397025727918642
2015-07-23,1.1434259057144127,1.1626023559538183,1.1711160206494742,1.1656845702771517,1.1472991510324049
2015-07-24,1.1355229528599426,1.1545668623012078,1.1630216835769511,1.1586885598474517,1.1404134831328114
2015-07-27,1.1106773803263403,1.129304603489134,1.1375744308158462,1.1352327447249893,1.1173276180000373
2015-07-28,1.1054763877383045,1.1240163848070752,1.132247486837502,1.1301948473904213,1.112369179428989
2015-07-29,1.1183915082343991,1.1371481054031778,1.1454753702062495,1.1432683592464905,1.12523649313969
2015-07-30,1.108867430415286,1.1274642988220505,1.1357206497122208,1.133647834278144,1.1157677050900674
2015-07-31,1.1040215368385786,1.1225371345337258,1.1307574041064652,1.130511833694909,1.1126811661596197
2015-08-03,1.0916108657171577,1.1099183234567482,1.1180461862613291,1.1224034654805441,1.1047006848134635
2015-08-04,1.1045585685194939,1.1230831727984996,1.1313074409754682,1.1349008158549738,1.1170009243811267
2015-08-05,1.1016636264001782,1.1201396794672345,1.1283423926257325,1.1326276995422468,1.1147636601311852
2015-08-06,1.0984841712343654,1.1169069015076392,1.125085941234338,1.1294819511849679,1.1116675271706113
2015-08-07,1.1056464111803372,1.1241892597203393,1.132421627702997,1.138457754387794,1.120501762140358
2015-08-10,1.1215536134557464,1.1403632424415633,1.1487140514930667,1.1516528166140954,1.1334887091035968
2015-08-11,1.1231582161658062,1.1419947560199788,1.1503575125438763,1.1554888467422286,1.1372642365675105
2015-08-12,1.1231372201182135,1.1419734078466737,1.1503360080392266,1.154603941194803,1.1363932879342418
2015-08-13,1.128977360488328,1.147911493488658,1.156317577912798,1.1613981397582422,1.1430803269862608
2015-08-14,1.1286763913701297,1.1476054768030661,1.1560093202860633,1.1614340605851303,1.1431156812624037
2015-08-17,1.130851671385886,1.1498172385434107,1.1582372786199786,1.1642024726998486,1.1458404294060365
2015-08-18,1.1095786957128506,1.128187492783744,1.1364491395782865,1.1421735951003416,1.124158995841121
2015-08-19,1.1112325074881624,1.1298690407149854,1.1381430013803735,1.1468974015150424,1.128808297399551
2015-08-20,1.0999822167555071,1.1184300708214543,1.1266202646222407,1.1363020475003298,1.1183800555098284
2015-08-21,1.08493799540664,1.1031335421209298,1.111211720394054,1.1229634870370833,1.105251873593653
2015-08-24,1.0489072629505674,1.066498536537425,1.0743084389447173,1.0911005916363172,1.073891526399522
2015-08-25,1.0322595858569477,1.049571660459602,1.0572576084068557,1.0727670740325501,1.0558471688446827
2015-08-26,1.0229456029997062,1.040101472352943,1.0477180707020886,1.0632213871521032,1.0464520385210878
2015-08-27,1.0451290066921926,1.062656914963669,1.070438685415268,1.078300654956844,1.0612934729808885
2015-08-28,1.0628420283652267,1.0806670025655098,1.0885806597677214,1.0923430944922459,1.0751144322422435
2015-08-31,1.0628841992026872,1.0807098806520907,1.0886238518478617,1.085770578593181,1.0686455794295557
2015-09-01,1.0440880914787423,1.0615985425116743,1.069372562567677,1.073967512365393,1.0570286736147168
2015-09-02,1.0404166812259465,1.0578655588629378,1.0656122425120111,1.0686387981222756,1.0517840049598257
2015-09-03,1.0376884172228387,1.0550915390144933,1.0628179086888636,1.0655440480277387,1.0487380659067975
2015-09-04,1.0359850972532618,1.0533596525847069,1.0610733397625394,1.0655440480277387,1.0487380659067975
2015-09-07,1.0317501222266854,1.049053652590569,1.0567358071984374,1.064526639402143,1.0477367040614387
2015-09-08,1.04713996324903,1.0647015973685503,1.0724983409021454,1.0772188606951871,1.0602287410030984
2015-09-09,1.0552691679984625,1.072967137397413,1.0808244089662162,1.0888931220514,1.071718873483559
2015-09-10,1.0520711676819292,1.069715503265493,1.0775489633199207,1.0833182439655107,1.0662319235331712
2015-09-11,1.0520353479631235,1.0696790828124798,1.0775122761621967,1.0845696294574416,1.0674635719131145
2015-09-14,1.0352901367751008,1.0526530368913183,1.0603615495664058,1.0704318615409556,1.053548787809709
2015-09-15,1.022717910850027,1.0398699615673932,1.0474848645774653,1.056972483966078,1.04030169433449
2015-09-16,1.0448893626816056,1.0624132518719842,1.0701932379939278,1.0746206734232149,1.0576715328806225
2015-09-17,1.0394833614642776,1.0569165863511627,1.064656320733594,1.0701816661454124,1.0533025385479289
2015-09-18,1.0391650950103615,1.056592982235413,1.0643303468850447,1.0725997316852103,1.055682465855615
2015-09-21,1.0490792343039321,1.0666733920305345,1.0744845748937206,1.0803503316037055,1.0633108217018001
2015-09-22,1.049733090623213,1.0673382142052397,1.0751542655198345,1.0807523183395351,1.0637064682193087
2015-09-23,1.0417715368469564,1.0592431368319966,1.0669999083988013,1.0748394285896032,1.0578868377950745
2015-09-24,1.0453569118386608,1.0628886423181862,1.0706721096947809,1.0778145528638923,1.0608150377911476
2015-09-25,1.0404354632309347,1.057884655861825,1.065631479357033,1.0720034767784914,1.0550956152051727
2015-09-28,1.0379050994479748,1.0553118552275313,1.0630398382638182,1.0715624395190884,1.0546615340770624
2015-09-29,1.0332083983572395,1.0505363855394556,1.058229398108428,1.0651781619172738,1.048377950628089
2015-09-30,1.036163215969939,1.0535003532932536,1.0610198231953718,1.067986910068092,1.0511421468051376
2015-10-01,1.0484689707241899,1.0660120085820468,1.074776318398116,1.0818337360026913,1.064770574459184
2015-10-02,1.0492096697747493,1.0667651010480035,1.074776318398116,1.0818337360026913,1.064770574459184
2015-10-05,1.052363302156683,1.0699715001725025,1.0761049650806036,1.0831711071186512,1.0660868519646973
2015-10-06,1.0565522935690885,1.0742305820091227,1.0760182581397397,1.0830838308248152,1.06600095223128
2015-10-07,1.058131224417683,1.0758359316115624,1.0785722396910111,1.0856545828557234,1.0685311572208713
2015-10-08,1.0602303910279711,1.0779702215877702,1.0779774050494402,1.085055842288427,1.0679418602553803
2015-10-09,1.066631482220251,1.0844784161739065,1.085113243646366,1.0922385376983244,1.075011267007309
2015-10-12,1.073575995115749,1.0915391250237265,1.096722803735443,1.1039243308717666,1.0865127466674576
2015-10-13,1.0739160403315708,1.0918848598939501,1.0981257995363045,1.1053365393125927,1.0879026811303545
2015-10-14,1.0720878525336124,1.090026082761785,1.096410934364751,1.1036104136401852,1.086203780677694
2015-10-15,1.0802820474747683,1.098357383402853,1.105549456857092,1.1128089433809305,1.0952572271272591
2015-10-16,1.085999200010044,1.104170195634473,1.1083986290869818,1.1156768244322834,1.09807987468659
2015-10-19,1.0816231341644504,1.0997209092254276,1.1071169611736538,1.1143867405671524,1.0968101385964106
2015-10-20,1.08565959470414,1.1038249080347626,1.1110735447954252,1.118369304723132,1.1007298879840122
2015-10-21,1.0699098276494092,1.0878116150508834,1.0964775419567894,1.1036774586047118,1.0862697681793019
2015-10-22,1.078792693229339,1.0968431092040054,1.105176538416843,1.1124335762068192,1.0948877804107167
2015-10-23,1.0861496096895211,1.1043231219766028,1.1128726660668364,1.1201802397551521,1.1025122601454471
2015-10-26,1.0854994935460198,1.1036621280556604,1.1130130616688139,1.1203215572516447,1.102651348719702
2015-10-27,1.0865076730250538,1.1046871764466624,1.1153716748729763,1.1226956580675684,1.1049880041644982
2015-10-28,1.083993858115161,1.1021313002537336,1.108780602401648,1.116061305938793,1.098458291980238
2015-10-29,1.0837135219916598,1.1018462735314978,1.108929681324566,1.1162113637744366,1.098605983037138
2015-10-30,1.0819383639718283,1.1000414134744911,1.1057949787765684,1.1130560774969982,1.0955004633344292
2015-11-02,1.0741083714953683,1.092080409152877,1.0991242814911844,1.106341577705315,1.088891867611751
2015-11-03,1.0754495425893382,1.0934440207919967,1.0975172390703813,1.1047239827916095,1.0872997861225264
2015-11-04,1.0855236796577712,1.1036867188507036,1.1111373459564478,1.1184335248284774,1.1007930951813703
2015-11-05,1.0841510429912333,1.102291115155404,1.110794539767202,1.1180884676346334,1.1004534803826416
2015-11-06,1.088382105820128,1.1065929723496628,1.1161327308772433,1.1234617114745047,1.1057419750373088
2015-11-09,1.088877753816019,1.1070969135538402,1.1170584565487045,1.1243935158365166,1.106659082567611
2015-11-10,1.0886445510719844,1.1068598088492505,1.1163651986738357,1.1236957057490182,1.1059722786503339
2015-11-11,1.087471001565165,1.1056666234504773,1.1181642175913113,1.1255065377550055,1.1077545494107082
2015-11-12,1.0859814560957521,1.104152154828076,1.119982828338562,1.1273370902386748,1.1095562296086434
2015-11-13,1.078907780593561,1.0969601222160474,1.1135721103840295,1.1208842769076663,1.1032051929117082
2015-11-16,1.0832139388444484,1.1013383313328418,1.1161706519328676,1.1234998815351744,1.1057795430628505
2015-11-17,1.0789320983623691,1.0969848468710397,1.1136876020649644,1.1210005269538614,1.1033196094106104
2015-11-18,1.074571740090182,1.0925515308553442,1.1080733054899363,1.1153493646284371,1.0977575797240178
2015-11-19,1.0796668169211685,1.097731858779334,1.1132500229383682,1.1205600745050877,1.102886103973226
2015-11-20,1.0852296099381535,1.1033877287411,1.1180604756870318,1.125402114639269,1.107651773302671
2015-11-23,1.0815260387483352,1.0996221892037135,1.1139181038713621,1.1212325423286906,1.1035479653360345
2015-11-24,1.0881872088718576,1.1063948143754228,1.1183479401392948,1.1256914666998197,1.1079365615741774
2015-11-25,1.0937278882922727,1.1120282007347602,1.1239489742157343,1.1313292794397058,1.113485452230816
2015-11-26,1.0924434391218782,1.1107222600934188,1.1239689038713203,1.1313493399615007,1.113505196349163
2015-11-27,1.0732610914408134,1.0912189523639713,1.105381717942197,1.1126401030242277,1.095091049795553
2015-11-30,1.0715195406970834,1.089448261901774,1.1040632308465563,1.1113129582070864,1.0937848372951373
2015-12-01,1.0762928726540826,1.0943014614996551,1.1093057982517849,1.1165899504380814,1.0989785984639973
2015-12-02,1.075041732092306,1.09302938678832,1.1118451966287146,1.119146023535605,1.1014943560428523
2015-12-03,1.0800044054289564,1.0980750958357564,1.1143026743593274,1.1216196380625931,1.1039289556243217
2015-12-04,1.0764256727562849,1.094436483620139,1.1122685889657575,1.1195721960386062,1.1019138067641026
2015-12-07,1.078405622398117,1.0964495618833163,1.1189547827393118,1.1263022940746916,1.1085377547087536
2015-12-08,1.0675506971626367,1.0854130114689635,1.1086907127147785,1.1159708259997494,1.0983692391309259
2015-12-09,1.0671053711719158,1.0849602342603881,1.1085465679389845,1.115825734710843,1.098226436286185
2015-12-10,1.0647365405967295,1.0825517682876655,1.106897464756329,1.114165802847248,1.0965926856042238
2015-12-11,1.0607581953951672,1.0785068572053462,1.106709312426692,1.1139764150330356,1.0964062848986222
2015-12-14,1.066013446878206,1.0838500398320754,1.112214664133058,1.1195179171135645,1.101860383950343
2015-12-15,1.067166990256742,1.0850228843589766,1.112230697662343,1.119534055925512,1.1018762682137897
2015-12-16,1.0678169508928148,1.085683720170532,1.1157587335998338,1.1230852583791497,1.1053714595271538
2015-12-17,1.0738455084112435,1.09181314782983,1.122358496673872,1.12972835817666,1.1119097814080376
2015-12-18,1.074832077152023,1.0928162238905705,1.1238099865825066,1.131189379157257,1.1133477585176765
2015-12-21,1.0824506985796012,1.100562320491817,1.1330271091058393,1.1404670250487046,1.1224790732629224
2015-12-22,1.0845954938428393,1.1027430025819913,1.135849470775014,1.1433079194903173,1.1252751598572919
2015-12-23,1.0848957852696797,1.1030483185007496,1.133190580460724,1.1406315698228657,1.1226410227639196
2015-12-24,1.0858370070856949,1.1040052888896,1.1329457924413449,1.1403851744259814,1.1223985136245263
2015-12-25,1.0839214053894597,1.1020576352452232,1.1339182493439062,1.141364016875327,1.1233619173365845
2015-12-28,1.0761993934996767,1.0942064182471312,1.1258400527514796,1.1332327755647866,1.115358925570696
2015-12-29,1.0843221487018473,1.1024650838157508,1.131613812298338,1.1390444479606474,1.1210789336916978
2015-12-30,1.0834137342003438,1.1015414696751207,1.1337845709630945,1.1412294607080011,1.123229483448814
2015-12-31,1.0813468210526938,1.0975130191723779,1.1296382041211401,1.137055867138174,1.1191766500510543
2016-01-01,1.056604174516554,1.0725364537478055,1.1039305523498615,1.1111794084895223,1.0937062102693962
2016-01-04,1.056604174516554,1.0725364537478055,1.1039305523498615,1.1111794084895223,1.0937062102693962
2016-01-05,1.0526560072880278,1.0703213885831095,1.1016506502521668,1.108884535629144,1.0914360080144274
2016-01-06,1.051707029267005,1.074462380952415,1.1059128531614943,1.1131747258929856,1.0956261756327896
2016-01-07,1.0296636243053585,1.0531092315803547,1.0839346780623287,1.0910522331742314,1.0738449983111709
2016-01-08,1.0331812396613693,1.057188421413261,1.0881332694198949,1.0952783941870405,1.0780014415117949
2016-01-11,1.0089189609467946,1.0373607079571254,1.0677251811064572,1.0747362980812152,1.0577515476781258
2016-01-12,1.0054859733231982,1.035595473299248,1.0659082764557215,1.072907462896983,1.0559403785708723
2016-01-13,0.9977549239174528,1.029065475508986,1.0591871398059995,1.0661421925356205,1.0492729728234722
2016-01-14,1.0074558765897068,1.0372124575591282,1.0675725912870853,1.0745827062951465,1.0575917687680205
2016-01-15,0.9919960159694609,1.026859397590621,1.0569164880193518,1.0638566307275859,1.0469998637272009
2016-01-18,0.9956355582747389,1.0316985587218594,1.0618972957129744,1.0688701444264492,1.051927114352548
2016-01-19,1.0065108309459923,1.0423861376713903,1.0728977096306656,1.0799427915274653,1.0628279484841525
2016-01-20,0.9973601233045282,1.0354010488822238,1.0657081610626031,1.0727060334649576,1.0556900115027477
2016-01-21,0.9907613288820512,1.0247299368876124,1.054724696102289,1.0616504466150527,1.0448341237550889
2016-01-22,1.0048006405049386,1.0317254817091892,1.0619250067601562,1.0688980374356156,1.0520148309168469
2016-01-25,1.0033319651056123,1.0344727997989367,1.064752741300738,1.0717443400290902,1.0547890787909462
2016-01-26,0.9886526768808813,1.0160164822566182,1.0457561908826702,1.0526230505494596,1.0359914426666275
2016-01-27,0.9915960035953107,1.015909833625592,1.0456464205510934,1.0525125594213252,1.035902637790201
2016-01-28,0.9832147134409959,1.0054798071339939,1.0349110978814913,1.0417067442651446,1.0252790890565109
2016-01-29,0.9948023955256101,1.0154139315380863,1.0451360029671888,1.051998790228364,1.0354210309475074
2016-02-01,0.9912544546092543,1.0129248391488446,1.0425740526236793,1.0494200170788932,1.0328756840187572
2016-02-02,0.9948862609768727,1.020174114153807,1.050035520373703,1.0569304798550947,1.040245212095822
2016-02-03,0.9990886391898212,1.0191074802624682,1.0489376651570286,1.0558254156754008,1.039191825868245
2016-02-04,1.0051501346841547,1.0265988889139621,1.0566483540213782,1.063586736052934,1.0468225411223393
2016-02-05,1.0026251315326762,1.024942013750806,1.0549429806444208,1.0618701645020994,1.0451271546558865
2016-02-08,1.0007419222436738,1.0257967746888124,1.0558227611974484,1.0627557220513788,1.0459810467653612
2016-02-09,0.9945021416735124,1.0257967746888124,1.0558227611974484,1.0627557220513788,1.0459403174630615
2016-02-10,0.9958030260509375,1.0257967746888124,1.0558227611974484,1.0627557220513788,1.0459488617497252
2016-02-11,0.9938407452971846,1.0257967746888124,1.0558227611974484,1.0627557220513788,1.045935990103774
2016-02-12,1.0008656151889797,1.0248283503249611,1.0548259901887247,1.0617524058395793,1.0450008897795988
2016-02-15,1.0034100999340287,1.027362894067221,1.0574347222868932,1.064378267931701,1.0475857742730041
2016-02-16,1.0092869982337196,1.0362971061555681,1.0666304467315366,1.0736343752359885,1.0566772741823833
2016-02-17,1.0165921208958244,1.038248419558639,1.068638876818302,1.0756559934900118,1.0587023000161062
2016-02-18,1.0178211109036892,1.0400145070245104,1.070456659239482,1.0774857122084855,1.0604999265056432
2016-02-19,1.0175902829157393,1.0427988118331517,1.0733224631332083,1.0803703341339312,1.0633198418460403
2016-02-22,1.028264710896724,1.0497557143900083,1.0804830004328017,1.087577890428204,1.0704390048088601
2016-02-23,1.0228422620321223,1.0475949294911007,1.0782589674326875,1.0853392535245805,1.0682141537708039
2016-02-24,1.0256692539295238,1.0477753606795406,1.0784446800029408,1.0855261855589586,1.0684154251502138
2016-02-25,1.0088659905906932,1.0285746419242296,1.0586819390844406,1.0656336744610406,1.048849433494889
2016-02-26,1.0106909424657564,1.030862381027022,1.061036642351218,1.068003839665343,1.0511795473957513
2016-02-29,0.9995889693229404,1.017597313510809,1.0473832944776225,1.0542608383671277,1.0376654038153617
2016-03-01,1.0099113854837651,1.0262987333350695,1.0563394126209806,1.0632757660178893,1.0465499319134661
2016-03-02,1.0229757962823716,1.0393181897967787,1.0697399601854451,1.0767643070175212,1.059827928033092
2016-03-03,1.024637215078767,1.040703645719537,1.071165969638758,1.0781996802277831,1.0612426507573283
2016-03-04,1.027724645707653,1.0403532708817405,1.0708053390169578,1.0778366815589249,1.0609075623061193
2016-03-07,1.0381373887874945,1.046628058151139,1.077263794906247,1.0843375462913483,1.067333487886324
2016-03-08,1.0368454815478216,1.0477063451543467,1.0783736443317684,1.0854546834387333,1.0684179445266138
2016-03-09,1.0331152716565337,1.0411012445641195,1.0715752065561415,1.078611604360893,1.0617003308182251
2016-03-10,1.0257032233603771,1.035645971970898,1.0659602532685302,1.0729597810106444,1.0561242941115376
2016-03-11,1.0289277054943842,1.0382282577436386,1.068618124848993,1.0756351052548487,1.0587619295645905
2016-03-14,1.0338297069075766,1.04489342364946,1.0754783861055743,1.0825404137717163,1.0655479698761945
2016-03-15,1.02828637695317,1.040913347103819,1.0713818091695915,1.0784169370485948,1.0614788852595918
2016-03-16,1.0311730625331936,1.0406148180623271,1.0710745419167955,1.078107652154284,1.0611949686951998
2016-03-17,1.0444978723912708,1.0516953393840198,1.0824793999803488,1.0895873991456055,1.0725096984292062
2016-03-18,1.0536517385892907,1.0615771621298813,1.092650472491631,1.099825259047873,1.082582860361686
2016-03-21,1.0598332585264962,1.0671340526239512,1.0983700181266818,1.1055823615413733,1.0882539806142355
2016-03-22,1.06010434035057,1.0669144572407276,1.098143994990733,1.1053548542457614,1.0880331760044852
2016-03-23,1.0578496937483475,1.0672794661484417,1.0985196880347292,1.1057330142427944,1.0883886340180193
2016-03-24,1.0500575403864407,1.0594787340866327,1.0904906215879575,1.0976512256863895,1.0804332275897301
2016-03-25,1.053719701949013,1.0635170744137272,1.0946471677382426,1.1018350654060185,1.0845492522150537
2016-03-28,1.0500952868531943,1.0598589598961412,1.0908819769460354,1.0980451508426168,1.0808187946041574
2016-03-29,1.0435559177658007,1.0555792121053456,1.086476957120274,1.0936112058684921,1.0764396325227772
2016-03-30,1.0541795646779824,1.0660766922798426,1.0972817079022357,1.104486905030202,1.0871461475257844
2016-03-31,1.0544358841474923,1.0663359044874947,1.0975485074823985,1.1047129762591354,1.0866893761864143
2016-04-01,1.052343466297965,1.0642198722908613,1.0953705371360696,1.1025207887730295,1.086519507479489
2016-04-04,1.054552829122545,1.066454169265489,1.0976702339759257,1.1048354973468482,1.0909460213456361
2016-04-05,1.0549393174320179,1.066845019356283,1.0980725245974787,1.105240414001399,1.0909460213456361
2016-04-06,1.059139488307118,1.0710925919934027,1.102444427474119,1.1096408553539618,1.0910338380002702
2016-04-07,1.0547404736004982,1.0666439314379725,1.0978655506564479,1.1050320889963121,1.0873705216824407
2016-04-08,1.0578772042344478,1.069816062193358,1.1011305325082834,1.1083183836743005,1.085442370346453
2016-04-11,1.0679251963244834,1.0799774526531238,1.1115893559298038,1.1188454791706623,1.0939988796491549
2016-04-12,1.0725324624343031,1.0846367148693383,1.1163849989067072,1.1236724266722753,1.0951411753341667
2016-04-13,1.0790262430756064,1.0912037822062832,1.123144290161806,1.1304758405614264,1.1027387319952697
2016-04-14,1.0807699088836598,1.0929671264593648,1.1249592490739113,1.1323026469831114,1.1051760446864944
2016-04-15,1.07705879871548,1.0892141339091936,1.121096403084483,1.128414585489045,1.1028283699795842
2016-04-18,1.0757612847982372,1.087901976672012,1.1197458378346488,1.1270552041527262,1.1018746122126006
2016-04-19,1.0825782300234885,1.0947958557232618,1.1268415068744153,1.134197191600234,1.1066730911853033
2016-04-20,1.079178220447967,1.0913574747458243,1.1233024814190582,1.1306350644439478,1.099842241380996
2016-04-21,1.0812390256248683,1.0934415374994935,1.1254475465483136,1.1327941319175532,1.104321632283375
2016-04-22,1.0785774865771496,1.0907499611879827,1.1226771853975341,1.1300056866767951,1.1005039784752002
2016-04-25,1.0753610898194546,1.0874972652228976,1.1193292801204549,1.1266359272742155,1.0984127968366828
2016-04-26,1.0798657118499624,1.092052724952115,1.1240180822189847,1.1313553364721183,1.1006537844224684
2016-04-27,1.0813617287370068,1.0935656253990351,1.12557526661135,1.1329226856990058,1.0995542282991604
2016-04-28,1.0811754495831174,1.0933772439592189,1.125381371078772,1.132727524474315,1.0976610679436754
2016-04-29,1.0823546706867613,1.0945697733685924,1.126608806887581,1.1339629726174016,1.0988758110398278
2016-05-02,1.0855433805489765,1.0977944699729025,1.129927893237623,1.1373037249715976,1.1062523024745414
2016-05-03,1.0839615519746912,1.0961947893959576,1.1282813885834275,1.135646472426894,1.1062523024745414
2016-05-04,1.0800646125175282,1.092253870347905,1.124225115319912,1.1315637210232798,1.1029401184352736
2016-05-05,1.079956623036657,1.092144662132886,1.1241127104830362,1.1314505824412084,1.1020915083398983
2016-05-06,1.0684121443571766,1.0804698962228911,1.1120962137620711,1.1193556456194402,1.0896350508003212
2016-05-09,1.054769578376238,1.0666733646807425,1.0978958454364856,1.1050625815316233,1.078999288101333
2016-05-10,1.0581515506595334,1.0700935048029414,1.101416096110502,1.108605811350405,1.0789391872861238
2016-05-11,1.0627931816094607,1.0747875196896686,1.10624750899958,1.1134687622594934,1.07996369255549
2016-05-12,1.0628347920481513,1.0748295997302328,1.1062908207604631,1.1135123567466125,1.0791724485597685
2016-05-13,1.0581058764626032,1.0700473151418843,1.101368554436869,1.108557959338929,1.0748036086066302
2016-05-16,1.0653239683365945,1.0773468680524427,1.1088817717716288,1.116120220711962,1.080188161984445
2016-05-17,1.0683654020860995,1.0804226264337495,1.1120475603440414,1.1193066746064322,1.082747687685007
2016-05-18,1.0592716401109767,1.0712262352195256,1.102581982556668,1.1097793083549963,1.074125152637433
2016-05-19,1.0576855167420551,1.0696222113782894,1.1009310075069614,1.1081175562333752,1.0727196733757343
2016-05-20,1.0615499846596552,1.0735302924235475,1.1049534815700521,1.1121662878054814,1.076791363697429
2016-05-23,1.0592181468444584,1.0711721382454047,1.102526302115865,1.10972326444891,1.0750574932822292
2016-05-24,1.0553302388181207,1.0672403525539675,1.0984794295504592,1.1056499751083542,1.0706679395901704
2016-05-25,1.0573764495139655,1.0693096561180147,1.100609303475449,1.1077937522140504,1.0708512637420151
2016-05-26,1.0621396858927765,1.0741266488329333,1.1055672938634342,1.1127841068821451,1.0759239876231104
2016-05-27,1.0620264021867556,1.0740120866438618,1.10544937833691,1.1126654216382899,1.076261082267706
2016-05-30,1.0629681314107196,1.0749644439174668,1.1064296119573258,1.113652053930946,1.0764801181333876
2016-05-31,1.072872234483286,1.084980321475125,1.11673866318431,1.1240283995646285,1.0866266876204582
2016-06-01,1.0745470147993517,1.0866740028169677,1.1184819200896314,1.1257830359302499,1.0882724893254583
2016-06-02,1.0777039160835638,1.0898665318620122,1.1217678973072578,1.1290904630255045,1.0909326588595183
2016-06-03,1.079513669830811,1.0916967099012682,1.1236516462900683,1.1309865085589264,1.093438129196363
2016-06-06,1.0856255196772648,1.09787753609667,1.1300133907809207,1.1373897806173163,1.0981008623637458
2016-06-07,1.0897357091179656,1.1020341117981958,1.1342916331605017,1.1416959500850752,1.1007840295804705
2016-06-08,1.0905587051299221,1.1028663958753913,1.1351482789349552,1.142558187787231,1.0998721046609208
2016-06-09,1.0825507533061192,1.094768068912599,1.1268129067190218,1.1341684047515697,1.0927028977856
2016-06-10,1.0802593584653362,1.0924508141351215,1.124427823827436,1.1317677527513839,1.0927028977856
2016-06-13,1.077828027529304,1.0899920439891506,1.1218970832863027,1.129220492292028,1.0905601484820169
2016-06-14,1.0763736723307165,1.0885212754109495,1.1203832640000313,1.127696791245692,1.0899595016936754
2016-06-15,1.0810008109636065,1.0932006344250642,1.1251995920260338,1.1325445588222254,1.0961046959034106
2016-06-16,1.0772782692276877,1.0894360812941999,1.1213248470674044,1.1286445206860418,1.0954520053259025
2016-06-17,1.0802225623352149,1.0924136027358469,1.1243895232173156,1.1317292021263223,1.0949825139492908
2016-06-20,1.0874295975402073,1.0997019741954375,1.131891231810065,1.1392798796317154,1.0997901548477964
2016-06-21,1.0860131171148102,1.0982695078327946,1.1304168358793634,1.1377958592848374,1.0984076966066527
2016-06-22,1.0880408712905416,1.1003201465824473,1.1325274986541936,1.1399202998357252,1.1017028894119199
2016-06-23,1.0907266997208498,1.1030362863986167,1.1353231423053214,1.1427341926134411,1.102690290405861
2016-06-24,1.0834136881167797,1.0956407425247865,1.1277111242661801,1.135072485594544,1.0995681220638238
2016-06-27,1.0925264228880287,1.1048563206559414,1.1371964505886558,1.1446197292936198,1.1110294310569875
2016-06-28,1.0989770291249181,1.1113797263361904,1.1439108021714253,1.1513779101576853,1.1150539284839374
2016-06-29,1.1041897787852246,1.1166513053932552,1.1493366850492392,1.156839211578005,1.1168316080265948
2016-06-30,1.1064127617448585,1.1188993762153499,1.1516505589093626,1.1608186208594289,1.1206733952190484
2016-07-01,1.1097239565370711,1.1222479400747287,1.1550971382195072,1.1630964425524186,1.122872441757858
2016-07-04,1.11967560981817,1.1323119044771028,1.1654556838360413,1.1739720650706245,1.1333719466706706
2016-07-05,1.1123304014928974,1.1248838005203496,1.1578101526513092,1.1702128344980278,1.129742723626261
2016-07-06,1.1122417533096662,1.1247941518825633,1.1577178799179368,1.1685566206139153,1.1281437874932903
2016-07-07,1.1069831103638277,1.1194761616032762,1.152244227320032,1.1675649003313564,1.1271863644159967
2016-07-08,1.1037076937690955,1.1161637797224748,1.1488348890672488,1.1634160969702396,1.1231810413920114
2016-07-11,1.1067622390227438,1.119252797580095,1.1520143252326724,1.1676173335024944,1.1272369842620824
2016-07-12,1.1178912351482984,1.1305073919352326,1.1635983516026165,1.1751473253833713,1.134506562312843
2016-07-13,1.1171571967226124,1.1297650693906853,1.162834300615109,1.1785942342597668,1.1378342648531945
2016-07-14,1.1205227403338143,1.1331685954321424,1.1663374508994222,1.179995155923198,1.139186737676064
2016-07-15,1.1198675404653324,1.1325060011911066,1.16565546193398,1.1788464617816468,1.13807776945265
2016-07-18,1.1145311929279569,1.127109429371543,1.160100927644027,1.1744756231175466,1.1338580898940764
2016-07-19,1.114528131629532,1.1271063335243,1.1600977411785742,1.1750514054231491,1.134413959605099
2016-07-20,1.115249377257522,1.1278357188957988,1.1608484763104394,1.1748292186955671,1.1341994568827123
2016-07-21,1.1161974260395977,1.1287944670479924,1.16183528787616,1.1777056805978825,1.1369764405288736
2016-07-22,1.1104989841326496,1.1230317143796045,1.1559038542973392,1.172698835546999,1.132142749940455
2016-07-25,1.1090477294431298,1.1215640813018077,1.1543932622903657,1.1731020263076455,1.132531996934374
2016-07-26,1.1130817546109713,1.1256436331652702,1.1585922262754451,1.1770668688936676,1.136359721199425
2016-07-27,1.1022910706534461,1.1147311690592243,1.1473603446121317,1.16852597140684,1.1281141982445166
2016-07-28,1.1022484930575271,1.1146881109464097,1.1473160261499515,1.1700873001571876,1.1296215307082307
2016-07-29,1.0964021997440325,1.1087758382686028,1.1412306959776786,1.1643885114304402,1.1241198263107668
2016-08-01,1.0968723470282706,1.1092512914821337,1.1417200661308287,1.165565400702062,1.1252560145766382
2016-08-02,1.096834947127869,1.1092134694986235,1.1416811370641278,1.1662519913193663,1.1259188604548773
2016-08-03,1.100623921609738,1.113045205113796,1.1456250309983012,1.1675331950715262,1.1271557556365184
2016-08-04,1.103747864369162,1.1162044036748646,1.1488767021189579,1.168400984224726,1.1279935335625226
2016-08-05,1.1072410332455072,1.1197369953186864,1.152512695870931,1.172139363764639,1.1316026266769232
2016-08-08,1.1130160622540646,1.1255771994257957,1.1585238479611641,1.1760001596269696,1.135329902523069
2016-08-09,1.1143656608482297,1.1269420291506183,1.1599286274693312,1.1782469665547994,1.137499006897315
2016-08-10,1.1137337190947112,1.1263029555080644,1.1592708475712667,1.1794723859333858,1.1386820469269028
2016-08-11,1.1135068094208918,1.1260734850054888,1.1590346602624146,1.1752232166236667,1.1345798289648428
2016-08-12,1.1204220364996722,1.1330667550872915,1.166232629596846,1.1807138204001284,1.139880548186089
2016-08-15,1.130883723340483,1.143646509122199,1.1771220624684928,1.1891084624182429,1.1479848737051987
2016-08-16,1.1345678730470443,1.1473722369437533,1.1809568456663802,1.1913324547673874,1.15013195250982
2016-08-17,1.1351816550410767,1.1479929458816835,1.1815957233085372,1.190830031114132,1.1496469044487239
2016-08-18,1.1377505755658104,1.150590858407691,1.1842696790512726,1.1916334847449546,1.1504225718029297
2016-08-19,1.1374176616423346,1.1502541873259846,1.1839231533067258,1.191302818273938,1.1501033409514427
2016-08-22,1.1299186109325448,1.142670504769613,1.1761174895980033,1.1865999207089022,1.1455630862666288
2016-08-23,1.1321347646630544,1.1449116692901256,1.1784242550029376,1.1874538171618056,1.1463874519511943
2016-08-24,1.1291181390692528,1.1418609990412965,1.1752842889150166,1.1859688966865778,1.1449538852934056
2016-08-25,1.1259475135880308,1.1386545909124197,1.1719840263603951,1.1814927167198834,1.1406325075081556
2016-08-26,1.1263615536865952,1.1390733037328333,1.1724149952785146,1.1814708902025277,1.1406114358291943
2016-08-29,1.1246137082563985,1.1373057326877527,1.1705956858524387,1.1808471118398554,1.1400092299350104
2016-08-30,1.1233579976035526,1.1360358504930095,1.1692886330732408,1.1811847603091947,1.1403352013225512
2016-08-31,1.1190866146629084,1.131716262114142,1.1648426064898605,1.1792268224472346,1.1384449758971817
2016-09-01,1.115418248978177,1.128006496447753,1.161024252673657,1.1784804159293647,1.1377243827644012
2016-09-02,1.118687262003653,1.1313124024906993,1.164426925535035,1.179222727960737,1.1384410230125515
2016-09-05,1.1243603250097756,1.1370494898402437,1.1703319425482388,1.183666268819677,1.1427308904661733
2016-09-06,1.1286194322974759,1.1413566640271415,1.1747651915651787,1.188860095729319,1.1477450964174
2016-09-07,1.1299251008589444,1.1426770679392106,1.1761242448774292,1.1888527206157598,1.1477379763614295
2016-09-08,1.1352643248003786,1.1480765486249935,1.1816817731787097,1.1907173943925997,1.1495381631045747
2016-09-09,1.129938771654414,1.1426908930188304,1.17613847462946,1.1888333442402241,1.1477192700896932
2016-09-12,1.117973534622379,1.1305906202144027,1.1636840160477502,1.1756558710544942,1.1349975206707128
2016-09-13,1.1171793621296084,1.1297874849492537,1.1628573722970696,1.1771333783907478,1.1364239305621688
2016-09-14,1.1124089958314145,1.1249632818490016,1.1578919604693414,1.1745425694927536,1.1339227210261524
2016-09-15,1.1198341577874977,1.132472241767231,1.1656207143416577,1.180935903619819,1.1400949509802547
2016-09-16,1.1190940502966793,1.1317237816640566,1.1648503461437079,1.181768487556546,1.1408987412110538
2016-09-19,1.1194319301109261,1.1320654746799617,1.1652020408189465,1.181768487556546,1.1408987412110538
2016-09-20,1.120786905610399,1.133435741992096,1.1666124170774554,1.183337506286836,1.1424134977079254
2016-09-21,1.1236518080774738,1.1363329768163513,1.1695944565490757,1.1844967450406036,1.143532645873461
2016-09-22,1.1282458767700656,1.1409788926735807,1.1743763625071626,1.1877579474493212,1.1466810643345364
2016-09-23,1.1243926755835734,1.1370822055120922,1.1703656158369815,1.187140095761031,1.1460845801493107
2016-09-26,1.121301738405034,1.1339563850221566,1.16714829979337,1.181016609827502,1.1401728660809893
2016-09-27,1.1204222425580486,1.1330669634711756,1.166232844080312,1.1827773445222243,1.141872708324176
2016-09-28,1.124168311946102,1.1368553097796024,1.1701320786640321,1.1815017751873702,1.1406412527017034
2016-09-29,1.1267303159955506,1.139446227773235,1.1727988351381915,1.183173568554262,1.142255229523674
2016-09-30,1.1259840733771,1.1386477384484595,1.1719769733187033,1.1827232578949174,1.141820492204301
2016-10-03,1.1339008391180285,1.1466535421004578,1.1802171139840136,1.1877070964684355,1.1466319719609515
2016-10-04,1.1342540534962195,1.1470107289936156,1.1805847560561111,1.1881129844677265,1.1470238229134349
2016-10-05,1.1362991419625736,1.1490788180653881,1.1827133799395537,1.1884936288443175,1.147391303257237
2016-10-06,1.1379891043073522,1.1507877869997125,1.1844723719188242,1.189122471702876,1.1479983984990747
2016-10-07,1.1366481025302169,1.1494317033064403,1.1830765944463517,1.1887371797541644,1.147626431312682
2016-10-10,1.137546771132685,1.1503404790129617,1.1840119708283448,1.1875708377787877,1.1465004255801376
2016-10-11,1.1392969479949502,1.1521103396825945,1.1858336368983255,1.190661602917872,1.14948430109695
2016-10-12,1.1371360989153259,1.1499251880664945,1.1835845239454743,1.189457914067158,1.1483222400764967
2016-10-13,1.1358392698502138,1.1486137738848399,1.1822347235010653,1.1877137166801377,1.1466383632222497
2016-10-14,1.1378219429480234,1.150618745617817,1.1842983825449114,1.1899275245228529,1.1487756097368012
2016-10-17,1.1361607100533513,1.1489388292466367,1.1825692935232204,1.1889510049019316,1.147832861628345
2016-10-18,1.1431665510620383,1.1560234632206727,1.1898613010524985,1.1959987733924975,1.154636893284206
2016-10-19,1.1436167366501448,1.156478711935019,1.1903298753027525,1.194724050395259,1.1534062547299917
2016-10-20,1.1445474697624454,1.157419912773004,1.191298625928727,1.197975271241005,1.1565450368259504
2016-10-21,1.1451742510169376,1.1580537432816265,1.1919510092216539,1.197916674097096,1.1564884661791373
2016-10-24,1.149675071967515,1.162605183854996,1.1966356745200595,1.203196023339683,1.1615852367976658
2016-10-25,1.1509846829472767,1.163929523706341,1.1979987789800388,1.2057795447359538,1.1640794108596193
2016-10-26,1.148313277255021,1.1612280733733518,1.1952182547863655,1.204472099007805,1.162817181242606
2016-10-27,1.1475265556460725,1.1604325037005667,1.1943993980796852,1.2027429762008317,1.1611478576359544
2016-10-28,1.1456904140899995,1.1585757115134239,1.192488255929142,1.202222267867941,1.1606451572443055
2016-10-31,1.1436112946129446,1.1564732086925695,1.1903242109754881,1.2027015903137177,1.1611079030196236
2016-11-01,1.1463196998249137,1.159212074669742,1.1931432460026212,1.2058569169085396,1.1641541072280173
2016-11-02,1.1393948530971016,1.152209345899275,1.1859355411152726,1.2010721508395552,1.159534815342531
2016-11-03,1.1416400303492977,1.1544797741060981,1.188272426780716,1.204449901804184,1.1627957516970258
2016-11-04,1.1387477616467856,1.1515549767710673,1.1852620180190467,1.2029506060126125,1.1613483068723258
2016-11-07,1.1445915639851603,1.1574645029125632,1.1913445212614415,1.2079738682251895,1.1661978468587506
2016-11-08,1.146938402761025,1.1598377360051297,1.1937872210033262,1.2106724090239982,1.1688030625442973
2016-11-09,1.1490028010427709,1.161925352065024,1.1959359434472492,1.212206473985524,1.1702840740977192
2016-11-10,1.1551337857638193,1.1681252904585981,1.2023173595673609,1.2197265255258645,1.1775440555801802
2016-11-11,1.1563609409348836,1.1693662471411088,1.2035946401587843,1.2232802610682247,1.1809748903414448
2016-11-14,1.1469071471291035,1.1598061288488277,1.1937546886773687,1.2139546707567856,1.1719718120233138
2016-11-15,1.150838569397064,1.1637817668530785,1.1978466971518962,1.2129642446221538,1.171015638337721
2016-11-16,1.1531630773971346,1.1661324180211254,1.2002661539761899,1.2160523577962987,1.1739969536039487
2016-11-17,1.1510625055529309,1.1640082215636414,1.1980797803938132,1.214118499058778,1.1721299745614806
2016-11-18,1.1486224945867423,1.1615407683961134,1.1955401026713375,1.2108044720813667,1.1689305583926797
2016-11-21,1.1569564050274856,1.1699684082714479,1.204214427082479,1.2156206276750856,1.173580154241788
2016-11-22,1.1649111646968273,1.1780126331601986,1.2124941136084095,1.2235589859567046,1.1812439759345696
2016-11-23,1.1638288951628897,1.1769181916078293,1.2113676367756643,1.2227485349769773,1.1804615532246057
2016-11-24,1.1638491585584023,1.1769386829007518,1.211388727867007,1.2226737980975402,1.1803894010115707
2016-11-25,1.162277517299954,1.1753493657808238,1.2097528900174583,1.2244630718550487,1.182116795335517
2016-11-28,1.169900758818982,1.183058344016416,1.2176875169216843,1.230521141496238,1.1879653554389364
2016-11-29,1.1598546020947877,1.1728992006461247,1.2072310063639518,1.2236763002587565,1.1813572330919115
2016-11-30,1.1622428841140366,1.175314343084009,1.2097168421750708,1.2182410893532176,1.1761099910596184
2016-12-01,1.1711636559354985,1.184335444625221,1.2190019994043617,1.2213605381505692,1.1791215582520467
2016-12-02,1.1657134567654046,1.17882394840973,1.213329176778911,1.2147753596792363,1.1727641186116244
2016-12-05,1.1658272675330696,1.1789390391790198,1.2134476363576678,1.2140739690095996,1.1720869845193622
2016-12-06,1.1631815782183579,1.1762635944493276,1.2106938789744948,1.2130516260064204,1.1710999977637542
2016-12-07,1.1678025534217746,1.1809365406207741,1.2155036064482043,1.2194938761044327,1.17731945200101
2016-12-08,1.1671700107431862,1.1802968838907397,1.2148452263951686,1.2172711613328373,1.1751736065907743
2016-12-09,1.1670091433265786,1.1801342072379868,1.2146777880516975,1.2163419734755676,1.1742765533456845
2016-12-12,1.1571281519510817,1.17014208679032,1.2043931893265032,1.2037299854299184,1.1621007325847152
2016-12-13,1.158334158456238,1.1713616569530951,1.2056484573956836,1.204934695329934,1.1632637793429632
2016-12-14,1.1513347449499622,1.1642835227700041,1.1983631399120287,1.2007317123925143,1.1592061504646132
2016-12-15,1.147393628909895,1.1602980819701831,1.1942610417053616,1.196416100841267,1.155039788069425
2016-12-16,1.149426386697749,1.1623537016833567,1.1963768312409577,1.1965303540951535,1.1551500900405054
2016-12-19,1.145119216054493,1.1579980893545379,1.1918937262544809,1.1925314080941634,1.15128944177755
2016-12-20,1.1405199503201464,1.1533470968132045,1.1871065950132178,1.1870262813723547,1.1459747018659239
2016-12-21,1.1433144048685917,1.1561729799025104,1.1900151942209678,1.1914148299590837,1.1502114788751798
2016-12-22,1.1407408149761504,1.153570445479503,1.187336481294185,1.1877454324137362,1.1466689821132754
2016-12-23,1.1391949948303624,1.1520072398759191,1.1857275192683527,1.185953534273936,1.1449390541674866
2016-12-26,1.1404393501001784,1.1532655901024482,1.1870227025283417,1.1857236921847205,1.144717160833027
2016-12-27,1.1430079761522582,1.1558631048580064,1.1896962488575318,1.1883943127363934,1.1472954218526248
2016-12-28,1.1435434041539265,1.1564045546863089,1.1902535474052307,1.1887393737982432,1.147628549478933
2016-12-29,1.1452005837680475,1.1580803721906918,1.1919784175826373,1.1905922618761708,1.1494173581144413
2016-12-30,1.1475320850794364,1.1604380953221038,1.1944051533729712,1.19191352181856,1.1506929242011636
2017-01-02,1.1459695069743063,1.1610490327191976,1.1950339734525999,1.1925410301257084,1.151298731047249
2017-01-03,1.1459695069743063,1.1610490327191976,1.1950339734525999,1.1925410301257084,1.151298731047249
2017-01-04,1.1508257515645854,1.1643892516895755,1.1984719636113996,1.195971848342275,1.154610899399872
2017-01-05,1.1523433613126284,1.1652451783637836,1.1993529440227675,1.196850990952972,1.155459638140541
2017-01-06,1.1501981902684213,1.1627457288771277,1.196780333420365,1.1942837470368537,1.1529811786257314
2017-01-09,1.1519144516200546,1.1679298135594713,1.202116160885073,1.199608443507994,1.1581217282048009
2017-01-10,1.1523157882334212,1.170488112678979,1.204749343701569,1.2022361332793743,1.16065854314278
2017-01-11,1.1543309106666992,1.1701170866130783,1.2043674573717993,1.2018550435972302,1.1602906328936697
2017-01-12,1.154036884801594,1.168344644526213,1.2025431343242008,1.2000345262439205,1.1585330754882914
2017-01-13,1.151529620817293,1.166709383848421,1.2008600081078724,1.198354911173185,1.1569115474647385
2017-01-16,1.1494268473304765,1.1639177395776694,1.1979866499194338,1.1954875470562798,1.1541433469702906
2017-01-17,1.1488330522282846,1.1639437408695443,1.1980134122923127,1.195514253600554,1.154169129907529
2017-01-18,1.1470832627768648,1.1647084113268429,1.19880046533591,1.1962996647840232,1.1549273787862135
2017-01-19,1.1455542312553026,1.1627579891244497,1.1967929525360612,1.1942963398279924,1.152993335913483
2017-01-20,1.1481126455348332,1.1631849224769564,1.1972323826085798,1.1947348532117044,1.1534166839488638
2017-01-23,1.1512265237992383,1.1667599058788143,1.2009120089631564,1.1984068035502262,1.1569616452193061
2017-01-24,1.152635456188445,1.1678472383378247,1.2020311686130394,1.1995236285371265,1.1580398464364874
2017-01-25,1.1512930508774746,1.167072359257451,1.2012336081308645,1.1987277318344975,1.1572714746650905
2017-01-26,1.1570471513730376,1.1710342758441012,1.20531149354966,1.202797110434685,1.1612001197181272
2017-01-27,1.1521053767071692,1.1671934307902618,1.2013582235354252,1.19885208728064,1.1573915294587838
2017-01-30,1.1514802921464706,1.1670303623607376,1.2011903819475274,1.1986845958246846,1.1572298304515114
2017-01-31,1.1522308680130893,1.1670303623607376,1.2011903819475274,1.1986845958246846,1.1572298304515114
2017-02-01,1.1539641936182181,1.1670303623607376,1.2011903819475274,1.1986845958246846,1.1572298304515114
2017-02-02,1.1530772559225044,1.166513502113363,1.2006583927397216,1.1981537163919775,1.1567173107127564
2017-02-03,1.1528810814752026,1.166299178255106,1.2004377954309768,1.197933579268132,1.1565047867115377
2017-02-06,1.1549050533443626,1.1697049661331684,1.2039432737578701,1.2014317448666876,1.1598819733347814
2017-02-07,1.1545075562595475,1.1703908563605057,1.2046492406039104,1.2021362390053598,1.1605621035671123
2017-02-08,1.1585200607571862,1.1743441565282584,1.2087182573935424,1.2061967674771044,1.1644822045605416
2017-02-09,1.1611738798353912,1.1762022463927557,1.2106307352056138,1.2081052556964902,1.1663246904873914
2017-02-10,1.1645947691105576,1.177943677923423,1.2124231399903758,1.2098939213711961,1.1680514977581984
2017-02-13,1.1685884642244642,1.1837746102792484,1.2184247489368953,1.2158830104468952,1.1738334628887852
2017-02-14,1.1687503442171834,1.1833182501652664,1.2179550307553468,1.2154142721377454,1.1733809352131042
2017-02-15,1.1646229413215887,1.1794978940641472,1.2140228494237526,1.2114902936735412,1.1695926618435757
2017-02-16,1.1664388409914597,1.181499878629096,1.216083433862498,1.2135465795564795,1.171577834066495
2017-02-17,1.164635395838332,1.1794122188944949,1.2139346664654704,1.2114022946724703,1.1695077061601173
2017-02-20,1.1704490821236104,1.1847001866316496,1.2193774177346577,1.2168336918958667,1.1747512664009339
2017-02-21,1.1728044119953278,1.18630888354731,1.2210332026438449,1.2184860226957717,1.1763464537405264
2017-02-22,1.1721340507016769,1.1869611150671113,1.2217045255619596,1.219155945176722,1.1769932079256942
2017-02-23,1.1708880516108493,1.184497318347699,1.219168611315097,1.2166253210643994,1.1745501017719648
2017-02-24,1.1710541739087885,1.185620482931282,1.2203246519277977,1.2177789500772669,1.175663834201342
2017-02-27,1.170070707353865,1.1847225692304826,1.219400455492122,1.2168566815945936,1.1747734610343283
2017-02-28,1.1681946172579356,1.1833786740850052,1.2180172233371094,1.21547633498045,1.1734408517025543
2017-03-01,1.1715170433606943,1.1854920554033623,1.2201924652115905,1.2176470391138832,1.1755364851869947
2017-03-02,1.1679294060020586,1.1839565692101874,1.2186120339680333,1.216069904785401,1.1740138937581017
2017-03-03,1.1681434051294592,1.1828276463365872,1.2174500665150303,1.2149103612961283,1.1728944513958939
2017-03-06,1.1706538543366805,1.1851907856006068,1.219882376973004,1.2173375977459482,1.1752377453992329
2017-03-07,1.17004549208456,1.1847214813383455,1.2193993357564115,1.2168555641947478,1.1747723822781329
2017-03-08,1.160911527903203,1.1801714508183052,1.2147161217848532,1.2121821198090577,1.1702605621772366
2017-03-09,1.1546583494217257,1.1754008917897412,1.2098059242386365,1.2072821653559067,1.1655300655305028
2017-03-10,1.1514046756180107,1.1735206381138954,1.2078706338606906,1.2053509121596144,1.1636656019204015
2017-03-13,1.158161163966445,1.1804420559965434,1.2149946478180123,1.2124600648130317,1.1705288948570294
2017-03-14,1.1555266379549398,1.1785204257230988,1.2130167697125518,1.210486312730876,1.1686234021232924
2017-03-15,1.1584409959162938,1.1799219530748375,1.2144593210199053,1.211925854752523,1.1700131596753964
2017-03-16,1.1647087190039573,1.1864286107271496,1.2211564343450225,1.2186089973250558,1.1764651754709063
2017-03-17,1.1618826483545404,1.1835145675223353,1.2181570944965532,1.2156159143566638,1.1735756039288139
2017-03-20,1.1640513117379618,1.1859701837517866,1.2206845888032176,1.2181381360935053,1.1760105982910116
2017-03-21,1.1614735431519574,1.1845178209798157,1.219189714077541,1.2166463798046723,1.1745704322262982
2017-03-22,1.1577049870274772,1.18124846032824,1.2158246563237338,1.2132883418498484,1.1713285271357963
2017-03-23,1.1582487587510661,1.1819469509040983,1.216543592341735,1.2140057781056768,1.172021151900963
2017-03-24,1.159734572653999,1.1830326086715333,1.2176610282803266,1.2151208829770952,1.1730976924903576
2017-03-27,1.156382892777239,1.1797032100336267,1.2142341751747803,1.2117011785809342,1.1697962536028068
2017-03-28,1.1573373995149925,1.1796457457351637,1.2141750288450488,1.2116421556355175,1.1697392718802124
2017-03-29,1.1601964937696618,1.1806532056599297,1.2152119780203714,1.2126769416459557,1.1707382713197514
2017-03-30,1.155139495678842,1.1745762591989792,1.208957153916449,1.2064351656413819,1.1647123580706369
2017-03-31,1.1555448107687012,1.1749883942663812,1.209381352544861,1.2068584793550259,1.1651971863548052
2017-04-03,1.163926750431509,1.1835113712502086,1.218153804666303,1.2156126313874134,1.1736491411194516
2017-04-04,1.1639267504440645,1.1835113712502086,1.218153804666303,1.2156126313874716,1.1736491411194536
2017-04-05,1.1639267504449904,1.1835113712502086,1.218153804666303,1.2156126313874724,1.1736491411194536
2017-04-06,1.1644385863718956,1.1840318195044683,1.218689486905132,1.2161471961470631,1.1741652524630062
2017-04-07,1.1622700889851953,1.1818268342514375,1.2164199597672083,1.2138824034378168,1.1719786414173514
2017-04-10,1.1603109127525506,1.1798346922585397,1.214369506001468,1.2118362270948713,1.170003100002627
2017-04-11,1.161228849586242,1.1807680746137204,1.2153302092906304,1.2127949262743347,1.1709287044550276
2017-04-12,1.1582312991972836,1.1777200864252901,1.2121930037695485,1.209664265233698,1.1679061152423518
2017-04-13,1.1609093899797107,1.180443239664832,1.2149958661330815,1.2124612805854156,1.1706065763654125
2017-04-14,1.1560512258606184,1.175503330466323,1.209911361386628,1.2073873825527468,1.165707831576394
2017-04-17,1.1527456775768228,1.1721421619174524,1.2064518084366418,1.2039350465275618,1.1623746717444179
2017-04-18,1.1479915735327946,1.1673080637251432,1.2014762118789069,1.1989698294918916,1.1575808562352106
2017-04-19,1.144981790827497,1.164247637420685,1.198326204167046,1.1958263929668074,1.1545459325535372
2017-04-20,1.1457277075158472,1.1650061051408929,1.1991068729138714,1.1966054331716185,1.1552980799398427
2017-04-21,1.1448674099994836,1.1641313319757265,1.1982064943579855,1.1957069328827747,1.1544305962852905
2017-04-24,1.1366847098770032,1.1558109469907498,1.1896425642838808,1.187160867902888,1.146179545314044
2017-04-25,1.1371466964301766,1.1562807070655465,1.190126074655027,1.1876433696299644,1.1466453908642873
2017-04-26,1.1372615609795391,1.1563975043593917,1.19024629070983,1.1877633349037884,1.1467612148828394
2017-04-27,1.1392064327198592,1.1583751011601229,1.1922817735326587,1.1897945715345493,1.1487223323111038
2017-04-28,1.1407148909813345,1.1599089412494863,1.1938605104894087,1.1913700151102917,1.1502433908657501
2017-05-01,1.1418451861667898,1.1610582551579813,1.1950434658410325,1.1925505027154095,1.1513831275075328
2017-05-02,1.1418451861613963,1.1610582551579813,1.1950434658410325,1.1925505027154042,1.1513831275075326
2017-05-03,1.1391607942974504,1.158328694814396,1.1922340088318049,1.1897469064749586,1.1486763126708455
2017-05-04,1.1324524894123893,1.1515075137524187,1.1852131657166036,1.182740709441898,1.1419119727118945
2017-05-05,1.1269302012977385,1.1458923057712125,1.1794335955898059,1.1769731959950378,1.136343556424307
2017-05-08,1.1222315777771623,1.141114621627593,1.1745160643702741,1.1720659231683008,1.1316056848633826
2017-05-09,1.1230506881192541,1.1419475145825708,1.1753733368448689,1.1729214072989458,1.1324316372968535
2017-05-10,1.1176716921748544,1.1364780098327658,1.169743734813,1.1673035491007944,1.1270077100911506
2017-05-11,1.1185443918943472,1.1373653938822985,1.170657093385086,1.1682150023284448,1.1278876995432943
2017-05-12,1.1173089984943283,1.1361092133364117,1.1693641433142825,1.1669247494626196,1.1266419867868565
2017-05-15,1.1205786024918287,1.1394338327724585,1.172786077326321,1.1703395450263014,1.1299389020713444
2017-05-16,1.1256986376083897,1.1446400193208255,1.1781446535981528,1.1756869428474876,1.1351017053139854
2017-05-17,1.1269727896284114,1.1459356106496716,1.1794781680406812,1.1770176754642703,1.136386500442133
2017-05-18,1.1246338814337873,1.143557347207209,1.1770302907061778,1.1745749046122123,1.1340280551389854
2017-05-19,1.1258688942323605,1.1448131407383049,1.1783228424339225,1.1758647599659853,1.1352733841056102
2017-05-22,1.1237085811525527,1.1426164774934788,1.1760618808968029,1.173608514989025,1.133095025720299
2017-05-23,1.1195649301398327,1.138403104016281,1.1717251782201843,1.1692808590469053,1.128916762408337
2017-05-24,1.1184881983255073,1.1373082547507563,1.1705982817402047,1.168156313369839,1.1278310365539592
2017-05-25,1.122565276283418,1.1414539349928978,1.1748653097404043,1.1724144399829708,1.1319421707206725
2017-05-26,1.1210899273929704,1.1399537613830237,1.1733212247110227,1.1708735760476703,1.1304544981016509
2017-05-29,1.1156918891515117,1.1344648939348134,1.1676716932172972,1.1652358299621977,1.1250113695474346
2017-05-30,1.1156918891473495,1.1344648939348134,1.1676716932172972,1.1652358299621812,1.125011369547434
2017-05-31,1.1156918891397556,1.1344648939348134,1.1676716932172972,1.1652358299621735,1.1250113695474337
2017-06-01,1.1122641407222476,1.1309794690632153,1.1640842468511925,1.1616558673175519,1.1215549888238014
2017-06-02,1.1130237051792324,1.131751814204565,1.1648791992236545,1.1624491613510815,1.122320897990385
2017-06-05,1.1160315310392672,1.1348102507573283,1.168027158942018,1.1655905541549108,1.125353848501434
2017-06-06,1.118099721285178,1.1369132410565128,1.170191705642835,1.167750585425335,1.1274393145206045
2017-06-07,1.1230060642706854,1.1419021398275324,1.1753266339302864,1.1728748018110546,1.1323866406513905
2017-06-08,1.1237260057620282,1.1426341952927819,1.1760801173118955,1.1736267133616025,1.1331125958768982
2017-06-09,1.124541395040619,1.1434633045850393,1.1769334953725876,1.1744783112023085,1.1339347961770125
2017-06-12,1.124211914508953,1.1431282801183917,1.1765886644410062,1.1741341996175754,1.1336025634791063
2017-06-13,1.1249375831692998,1.1438661591137842,1.1773481418126792,1.1748920926542314,1.134334293707106
2017-06-14,1.1265925974611624,1.1455490212397248,1.1790802628139245,1.1766206003022033,1.1360031324933966
2017-06-15,1.1272875568446208,1.1462556742587637,1.179807600197067,1.177346420396946,1.136703896952011
2017-06-16,1.127135999333485,1.146101566584561,1.1796489816537978,1.1771881327456142,1.1365510734615976
2017-06-19,1.131368956368887,1.1504057487635793,1.1840791510839264,1.1816090604616671,1.1408193887637414
2017-06-20,1.1313419994713747,1.1503783382892798,1.1840509382805982,1.181580906512638,1.140792206701731
2017-06-21,1.1318364454255767,1.1508811039712987,1.1845684203625266,1.1820973090824103,1.141290782822503
2017-06-22,1.1279069582339318,1.14688549790796,1.180455859346191,1.177993327221802,1.1373284722622528
2017-06-23,1.1309178672546967,1.1499470694928462,1.1836070458618622,1.1811379400915767,1.1403645316809345
2017-06-26,1.1359753781733726,1.1550896797760761,1.1889001849345728,1.186420037221338,1.145464288441126
2017-06-27,1.1378241575643144,1.1569695673464757,1.1908350984907552,1.188350914381539,1.1473285108529652
2017-06-28,1.1360541196485259,1.1551697461827315,1.1889825949563595,1.1865022753286796,1.1455436876520642
2017-06-29,1.139457155528125,1.1586300426716258,1.1925441774095846,1.1900564280149049,1.1489751493882785
2017-06-30,1.1381376136027024,1.1572882976925463,1.1911631583666795,1.188678289814825,1.1482880511460216
2017-07-03,1.1412323126483315,1.160435069179212,1.1944020386614067,1.191910413527357,1.1515376341912924
2017-07-04,1.135429460155452,1.1545345759497618,1.1883288327324029,1.1858498768270107,1.1467648895126363
2017-07-05,1.1392720868924755,1.1584418600092714,1.1923504864812924,1.1898631410611165,1.1504027728506205
2017-07-06,1.14040331813024,1.159592125722136,1.1935344214975097,1.1910446062873066,1.1518272714732052
2017-07-07,1.1407516042419659,1.1599462722124478,1.1938989341714608,1.1914083585565443,1.1526628218244979
2017-07-10,1.1403423247368736,1.1595301060335361,1.1934705864373083,1.190980904392518,1.1516322877709877
2017-07-11,1.1420489699478558,1.1612654678275558,1.1952567438188306,1.1927633356964877,1.1520805542655472
2017-07-12,1.1430227391239274,1.162255621969421,1.19627588065556,1.1937803465263321,1.152522652759964
2017-07-13,1.1454214653299037,1.1646947099446943,1.1987863629113242,1.1962855917007078,1.1540061604498126
2017-07-14,1.143755628986196,1.163000843681597,1.1970429156719247,1.1945457814418396,1.1520668455643006
2017-07-17,1.1373606265542056,1.1564982368001402,1.1903499716872865,1.1878667995126178,1.144925333184551
2017-07-18,1.1396653831459207,1.1588417739969983,1.1927621063081286,1.1902739022136761,1.1472008856014875
2017-07-19,1.146253680018038,1.1655409277554714,1.1996573502721752,1.197154762107192,1.1537352555867861
2017-07-20,1.1477204704920876,1.167032398936545,1.2011924781449819,1.1986866875715398,1.1550650383354926
2017-07-21,1.1485290471538532,1.1678545809796166,1.2020387261897694,1.1995311702702967,1.1560512371919274
2017-07-24,1.1487594647672215,1.1680888756768013,1.2022798789017108,1.1997718199169898,1.1558007674333335
2017-07-25,1.1500471625787645,1.1693982407223389,1.2036275702299715,1.2011166998455058,1.1571604199543437
2017-07-26,1.1478046658242524,1.1671180109675245,1.2012805961164665,1.1987746217213755,1.1544472882561851
2017-07-27,1.1522252485300948,1.171612975876258,1.2059071326571968,1.2033915069099184,1.1585120706510597
2017-07-28,1.1509842073178143,1.1703510524895242,1.2046082716474074,1.2020953554356395,1.1577166099615044
2017-07-31,1.1573157665002738,1.1767891486041175,1.2112348165774978,1.2087080768244385,1.1632882793089956
2017-08-01,1.1581053445392304,1.1775920123471995,1.2120611808584243,1.209532717238572,1.1633821694196904
2017-08-02,1.1569882012236896,1.1764560716046488,1.2108919901171786,1.2083659655295307,1.1619567167338691
2017-08-03,1.1552604639288633,1.1746992628243287,1.2090837579769378,1.2065615055166834,1.1603744941030047
2017-08-04,1.1561138499137864,1.175567008167214,1.2099769029999627,1.2074527873625571,1.1611770545209008
2017-08-07,1.1589882537313205,1.1784897776646084,1.2129852245674024,1.2104548333130887,1.1638086823556932
2017-08-08,1.1610749382619454,1.1806115734469513,1.215169127204752,1.2126341801421552,1.1654732124665952
2017-08-09,1.1640858009475945,1.1836730979150083,1.218320265224603,1.2157787446177246,1.1690232675872465
2017-08-10,1.1620697539034268,1.1816231281890912,1.2162102910564134,1.2136731720366885,1.1679548298828824
2017-08-11,1.1533057798671567,1.1727116885949358,1.2070380056771066,1.2045200208316782,1.1605577700999992
2017-08-14,1.15907680791103,1.1785798218865586,1.2130779044640407,1.2105473198715109,1.1654481129591592
2017-08-15,1.159057825596502,1.1785605201692586,1.2130580377682598,1.2105274946193618,1.1656915632452263
2017-08-16,1.159190566112946,1.1786954942220218,1.2131969626319328,1.210666129673849,1.1650154322810318
2017-08-17,1.165043209735573,1.1846466163834195,1.2193222794468788,1.216778668552358,1.171497591151651
2017-08-18,1.1645763496017265,1.1841719007048388,1.2188336684169807,1.2162910768069919,1.1720438010972947
2017-08-21,1.1678209691815598,1.1874711153387518,1.2222294540058414,1.219679778495751,1.1751380272162144
2017-08-22,1.1691710582928883,1.1888439215009494,1.2236424434288302,1.2210898203015672,1.1757124544222448
2017-08-23,1.1666486553253503,1.1862790757375659,1.2210025223423329,1.218455406316965,1.172604910305262
2017-08-24,1.1654576268086139,1.185068006576716,1.2197560041069764,1.2172114884256005,1.1713316212997302
2017-08-25,1.170794656334652,1.1904948387463097,1.2253416844944371,1.2227855166045136,1.1758959839069643
2017-08-28,1.1742289686620704,1.1939869379614139,1.2289360005682164,1.2263723346265656,1.1795125024631827
2017-08-29,1.172955465517449,1.19269200642701,1.227603165232834,1.2250422797000522,1.1784928616359658
2017-08-30,1.1732523268629005,1.192993862860733,1.2279138572736021,1.2253523236105655,1.1776722125913808
2017-08-31,1.1734849854423048,1.1932304362311976,1.228157355357623,1.2255953137366906,1.1783478964541074
2017-09-01,1.1770831364233014,1.1968891309038543,1.2319231432865863,1.2293532459089243,1.1822499779205304
2017-09-04,1.1791288370560324,1.1989692531795322,1.2340641525965617,1.2314897888897776,1.1851749528055204
2017-09-05,1.1799783540054918,1.1998330643852693,1.2349532483267351,1.232377029889972,1.1860793531693306
2017-09-06,1.180019463234889,1.1998748653323075,1.2349962728247763,1.2324199646352185,1.1865706606487687
2017-09-07,1.177342244633626,1.1971525989555738,1.2321943232831705,1.2296238602007676,1.1840271616365596
2017-09-08,1.1766478292222973,1.1964464990783155,1.231467555232725,1.2288986082508335,1.1827734064143351
2017-09-11,1.179672319733429,1.199521880678204,1.2346329559950155,1.2320574057155378,1.1850096570493849
2017-09-12,1.1803405390655914,1.200201343692308,1.2353323074975644,1.232755298310847,1.1856642916222895
2017-09-13,1.1794290810540875,1.1992745491835026,1.234378384886866,1.2318033656645624,1.1849619008457495
2017-09-14,1.1776805067978489,1.1974965528320898,1.232548344996429,1.229977143394357,1.1835004222138246
2017-09-15,1.1760580667749658,1.195846813090823,1.2308503159015107,1.228282656533824,1.1816603257617315
2017-09-18,1.1772448518475938,1.1970535674059548,1.2320923929917664,1.2295221425446974,1.1817118777881435
2017-09-19,1.1747212481720093,1.1944875007310096,1.229451215256537,1.2268864745328403,1.1793902636786529
2017-09-20,1.177468922662037,1.1972814085108532,1.2323269032090196,1.2297561635535161,1.1820619851975054
2017-09-21,1.171688463448249,1.1914036853572967,1.22627713385634,1.223719014538785,1.1759497826076049
2017-09-22,1.1699685229384331,1.1896548045532995,1.2244770617513598,1.2219226975386648,1.1749035140779083
2017-09-25,1.1663244761459246,1.1859494418108585,1.220663239736586,1.218116831483845,1.172331090602794
2017-09-26,1.1683513616358403,1.188010432353836,1.2227845573109812,1.220233723807768,1.174453881093402
2017-09-27,1.1697978984178052,1.1894813090474292,1.22429848787729,1.2217444961850181,1.1755495551763497
2017-09-28,1.1646553324843525,1.18425221257986,1.218916331092215,1.2163735670407938,1.1708243006031132
2017-09-29,1.1682360129943279,1.187893142817508,1.2226638346053127,1.2201132529400218,1.174190559151219
2017-10-02,1.1726416123333763,1.1923728722467508,1.2272746901383205,1.2246347089604102,1.1768013968526674
2017-10-03,1.1726416121364052,1.1923728720466713,1.2272746899694915,1.2246347084337867,1.1768013965182738
2017-10-04,1.1732986745925913,1.1930409904558184,1.2279623648626605,1.2253209034759258,1.1768150042185268
2017-10-05,1.1735491256353066,1.1932956556694831,1.228224483985328,1.2255824623180647,1.1768201916845011
2017-10-06,1.1735491233783377,1.1932956533768988,1.2282244820508232,1.2255824562838193,1.176820187855797
2017-10-09,1.173131179286268,1.1928706768174766,1.2277870659953125,1.225145981662185,1.1768115389491778
2017-10-10,1.1738961782532513,1.1936485479114978,1.2285877058173524,1.2259449016757715,1.1770814618980472
2017-10-11,1.1725420166061593,1.1922716006871261,1.2271704540184187,1.2245306994882128,1.1759754038308778
2017-10-12,1.1743477556782371,1.194107723729861,1.2290603222318814,1.2264165003845964,1.1776681335896328
2017-10-13,1.1786480063581217,1.1984803318641717,1.2335609202260496,1.2309074198967578,1.1821892313804587
2017-10-16,1.177096638895026,1.1969028605722563,1.2319372747453252,1.2292872689245946,1.1798204445863454
2017-10-17,1.1748077214694486,1.1945754290565425,1.2295417172154055,1.2268968646245737,1.1773690965937715
2017-10-18,1.173306779926487,1.1930492321688029,1.227970847102837,1.2253293743721934,1.1757251073267654
2017-10-19,1.167587941878781,1.187234167041216,1.2219855701099598,1.2193569695639361,1.1714706965401278
2017-10-20,1.1736254049138666,1.1933732184474477,1.2283043168706933,1.2256621256406361,1.1768153618281254
2017-10-23,1.1723712922080929,1.1920980036225366,1.2269917754850863,1.2243524065421054,1.1760821027509498
2017-10-24,1.1725437367707308,1.1922733497934555,1.227172253907218,1.2245324995150502,1.1767692760257866
2017-10-25,1.1741281319009442,1.1938844044857826,1.22883046557433,1.2261871445396642,1.1779637493752422
2017-10-26,1.1749645913029405,1.1947349384319874,1.2297058951539839,1.2270606934416932,1.1791903855733548
2017-10-27,1.172145921486103,1.1918688407323939,1.2267559038889273,1.2241170510505086,1.1753983419381142
2017-10-30,1.1662896860485732,1.1859140663183088,1.2206268277894927,1.2180011603659069,1.1695035944154675
2017-10-31,1.1674304107220148,1.1870739852058334,1.2218206984038915,1.219192464147042,1.1710182194306502
2017-11-01,1.16899387274826,1.1886637545683434,1.2234570019813438,1.2208252454984811,1.1715332453210696
2017-11-02,1.1683358931302634,1.1879947035650569,1.2227683672218448,1.220138092406986,1.171080909033557
2017-11-03,1.166870447984203,1.1865046003466504,1.221234646946066,1.2186076752295747,1.1692422831012192
2017-11-06,1.1714548026908447,1.191166092935271,1.2260325849744338,1.2233952983151937,1.1741419604710492
2017-11-07,1.175264215492169,1.195039604191129,1.230019477510341,1.2273736132354591,1.176897721635724
2017-11-08,1.1749192078611526,1.194688791346646,1.2296583961161676,1.227013308027062,1.176813289926107
2017-11-09,1.178084372205975,1.1979072138045024,1.2329710245453522,1.230318811900089,1.1794357892368599
2017-11-10,1.1789806022588851,1.198818524124604,1.2339090098419867,1.2312547784388685,1.1804392104841408
2017-11-13,1.1801088918706741,1.1999657987152519,1.2350898662805798,1.2324330938100228,1.181440001822547
2017-11-14,1.177782930859926,1.1976007003082,1.2326555396012955,1.2300040010010864,1.1790651164048762
2017-11-15,1.1720778333666004,1.1917996069371826,1.2266846431552472,1.2240459474999121,1.1739792528482498
2017-11-16,1.1737613712895993,1.1935114726330502,1.2284466168284789,1.2258041296441846,1.1752268006642
2017-11-17,1.1689634533144169,1.1886328232834638,1.2234251646852772,1.2207934827187332,1.1695432916812623
2017-11-20,1.1727884206892094,1.1925221508391493,1.227428336460888,1.2247880420278434,1.1734101677952726
2017-11-21,1.1761794517100046,1.1959702404813297,1.2309773546611078,1.2283294269507867,1.1752380626279197
2017-11-22,1.1770034252383925,1.1968080784626947,1.231839716699266,1.2291899359810279,1.1755287606082738
2017-11-23,1.1692408689920253,1.1889149068487688,1.2237155048600967,1.2210832005470087,1.1682290781716211
2017-11-24,1.1713838189130032,1.1910939147612543,1.2259582941904006,1.2233211662802135,1.1700049470058345
2017-11-27,1.1660965583493825,1.185717688983358,1.220424701502445,1.217799476711317,1.1649645969516158
2017-11-28,1.1695941267665748,1.1892741086566718,1.2240852208084492,1.2214521213660479,1.1686913544126993
2017-11-29,1.1704239080505925,1.190117852118811,1.2249536615294823,1.2223186926887655,1.1697516835672648
2017-11-30,1.1661009523836199,1.1857221569534862,1.2204293003263522,1.2178040649448245,1.1665870560509786
2017-12-01,1.1677848204216443,1.1874343583179643,1.2221916193060836,1.219562593461896,1.168706414755969
2017-12-04,1.1695369166356475,1.1892159358907113,1.224025345591003,1.2213923718833302,1.1703622530418087
2017-12-05,1.1633736935485437,1.1829490083503202,1.2175749793862984,1.2149558820099635,1.1647691033316594
2017-12-06,1.1612181857335888,1.1807572312425898,1.2153190474652293,1.2127047983835646,1.1644981562921553
2017-12-07,1.1556238440422213,1.1750687572856402,1.2094640665344651,1.2068624146193212,1.1582828736596464
2017-12-08,1.159804965631486,1.1793202318231313,1.2138399851923325,1.2112289234843745,1.1616355575597854
2017-12-11,1.1635697986406466,1.1831484131695504,1.2177802204703987,1.21516068635142,1.1645880479492436
2017-12-12,1.1605362263899845,1.1800637970197883,1.2146053152227478,1.2119926070552445,1.161917878264626
2017-12-13,1.1633869260351668,1.1829624634918408,1.2175888284892635,1.2149697001886317,1.1635745423807355
2017-12-14,1.1623936440430747,1.1819524682034723,1.216549269501203,1.2139323796697903,1.1626976012278962
2017-12-15,1.1606366355283015,1.180165895676005,1.2147104024266038,1.2120974679281502,1.1618532811629863
2017-12-18,1.1630768464874408,1.1826471664404812,1.2172643021472511,1.2146458744869515,1.1637966813915084
2017-12-19,1.165603821229548,1.1852166609046222,1.2199090080024875,1.21728489137969,1.1658315538789639
2017-12-20,1.1633815333968824,1.1829569801120292,1.2175831840311517,1.2149640734210339,1.1635340387598045
2017-12-21,1.1649206242095798,1.1845219681809105,1.2191939806036827,1.216571405924076,1.164745519698155
2017-12-22,1.165417696635109,1.185027404512778,1.2197142114142816,1.2170905185744574,1.1646055552867371
2017-12-25,1.162638077133618,1.1822010142014938,1.21680508968175,1.2141876590223524,1.1615943822800312
2017-12-26,1.1647444110049971,1.1843427899509433,1.2190095571129063,1.2163873844938546,1.1638287958478055
2017-12-27,1.1618513736621674,1.1814010733951925,1.2159817340460064,1.213366073036173,1.160759498521969
2017-12-28,1.1644189711230324,1.1840118741091301,1.2186689551477479,1.2160475144362106,1.1626512267415263
2017-12-29,1.1662050019006547,1.185827957237645,1.220538196606652,1.2179127354013277,1.164371987212352
2018-01-01,1.173851630842665,1.1936032509152403,1.2285410791411604,1.2244405614921925,1.1706128430772211
2018-01-02,1.173851630842665,1.1936032509152403,1.2285410791411604,1.2244405614921925,1.1706128430772211
2018-01-03,1.1762500374071705,1.1960420138706194,1.2310512303088945,1.2269518107829225,1.1730136951596701
2018-01-04,1.1779367971209314,1.1977571555673707,1.2328165763523944,1.2282483101684736,1.1742531990437381
2018-01-05,1.178796137200822,1.198630955190806,1.233715951654525,1.2289461549034064,1.1749203657767604
2018-01-08,1.1805992391755689,1.2004643967623312,1.235603060128704,1.230668970761463,1.1765674448046248
2018-01-09,1.1820948664685826,1.2019851899803098,1.23716837111831,1.2319633204449394,1.177804893489819
2018-01-10,1.1809735230989848,1.2008449785122017,1.2359947856542322,1.2305179787148834,1.1764230905301343
2018-01-11,1.1818320214077245,1.201717922200563,1.2368932813448412,1.231318319364254,1.1771882473474238
2018-01-12,1.1814586266685172,1.2013382445966119,1.2365024918505692,1.2299631847092611,1.1758926858631913
2018-01-15,1.1767649683172094,1.1965656091803416,1.2315901581412068,1.2250021659296173,1.1711497587821822
2018-01-16,1.1784537671529245,1.1982828243099952,1.2333576347817634,1.2250784227246057,1.1712226632468359
2018-01-17,1.1771366420730927,1.1969435368431278,1.2319791457814202,1.2233752349736888,1.169594349453513
2018-01-18,1.178096379168941,1.1979194227962837,1.2329835966051854,1.2240035410808525,1.170195034551321
2018-01-19,1.1781763045725808,1.1980006930514921,1.233067243852227,1.223678225944704,1.1698840206169687
2018-01-22,1.182458698447041,1.2023551439173021,1.2375491545050628,1.227980004078007,1.17399668797648
2018-01-23,1.1851406925848684,1.2050822661853422,1.2403561045442562,1.2292897058912395,1.1752488138953958
2018-01-24,1.1869117593724792,1.2068831335349597,1.242209686392566,1.2311581995531375,1.1770351665748244
2018-01-25,1.1872443406313873,1.2072213109173444,1.2425577622422093,1.2324592944099575,1.1782790639082867
2018-01-26,1.1878677397675519,1.2078551995758366,1.243210205652908,1.2316163121786348,1.1774731400786955
2018-01-29,1.1836723235515545,1.2035891898836557,1.2388193232270064,1.2275602467113258,1.1735953835932267
2018-01-30,1.1795838646564052,1.1994319372119697,1.234540382876275,1.2241519498723623,1.1703369191334503
2018-01-31,1.177002292671159,1.1968069268332309,1.2318385361755264,1.2204460228693927,1.1667939086504766
2018-02-01,1.1678493412882223,1.187499964829609,1.2222591526535298,1.2110984939349163,1.1578573070988352
2018-02-02,1.1687619262476072,1.1884279052486857,1.2232142519059257,1.2122275416032355,1.158936720622479
2018-02-05,1.1673517675391611,1.186994018738259,1.2217383916917535,1.2117625796811289,1.1584921989244006
2018-02-06,1.1510807344750256,1.1704492038308079,1.204709293251151,1.1990047124407213,1.1462951811910094
2018-02-07,1.1482769107117794,1.167598201991332,1.2017748363971457,1.1967750464386426,1.144163533694259
2018-02-08,1.1490363928368477,1.1683704634166052,1.2025697006789444,1.1972042921756554,1.144573909328974
2018-02-09,1.136156074759827,1.1552734168004857,1.1890892862570739,1.1860141561818107,1.133875703697609
2018-02-12,1.1425057001131045,1.1617298830732508,1.195734738414655,1.193221510407441,1.1407662149126392
2018-02-13,1.1460303332861017,1.1653138229026423,1.1994235836836435,1.1958859388873608,1.1433135122630966
2018-02-14,1.1506234585568598,1.1699842336351318,1.2042307060511626,1.198791758991161,1.1460915894031496
2018-02-15,1.158297450734285,1.1777873509710914,1.212262227443547,1.2053865300335649,1.1523964472477934
2018-02-16,1.1576023460866913,1.177080550260257,1.2115347394749687,1.2053865300335649,1.1523964472477755
2018-02-19,1.1576023460866913,1.177080550260257,1.2115347417666653,1.2053865300335649,1.152396447247776
2018-02-20,1.1576023460866913,1.177080550260257,1.211534740610655,1.2053865300335649,1.1523964472477757
2018-02-21,1.1591981063648682,1.1787031613344914,1.213204847417125,1.2053865300335649,1.1523964472478179
2018-02-22,1.1578656091933353,1.1773482431199676,1.2118102722012531,1.2053865300335649,1.1523964472477835
2018-02-23,1.1622285684580107,1.1817846149961893,1.2163765031039053,1.2092620203673767,1.1561015668760224
2018-02-26,1.1700314560376686,1.1897187965715217,1.2245429257495506,1.2171676958249569,1.1636597003737883
2018-02-27,1.1678406713158265,1.1874911489733588,1.2222500705590191,1.2154732706947948,1.1620397639870035
2018-02-28,1.1659600254847373,1.1855788587666343,1.2202818035842558,1.214748895961608,1.1613472335428363
2018-03-01,1.1697990049232592,1.1894824341569306,1.2242996346277666,1.2183621768806903,1.1648016707630255
2018-03-02,1.1675918359236128,1.1872381265936265,1.2219896357354922,1.217407828405342,1.163889276468694
2018-03-05,1.165350629167855,1.1849592085435443,1.2196440150136114,1.21721879214824,1.163708550447852
2018-03-06,1.1702730049115886,1.1899644098275677,1.224795723666744,1.2206283808071294,1.166968249937789
2018-03-07,1.166480511091769,1.1861081022385387,1.2208265344745084,1.2174534767188254,1.1639329180333984
2018-03-08,1.1683655645745201,1.1880248742615458,1.2227994100366726,1.2180479524911458,1.1645012600141391
2018-03-09,1.170232178254027,1.1899228962070136,1.224752994054945,1.2190130799404848,1.1654239594272129
2018-03-12,1.1748766183978576,1.1946454852537893,1.2296138159608907,1.2222527429599692,1.1685212033908339
2018-03-13,1.1729012616621617,1.1926368905051061,1.227546426991287,1.220044424082756,1.1664099645764991
2018-03-14,1.1712590060551575,1.1909670017560938,1.2258276598265108,1.2187545881804214,1.1651768312417905
2018-03-15,1.1712791725631773,1.190987507592521,1.2258487665319198,1.2184409419881574,1.1648769732720514
2018-03-16,1.1691914017118257,1.188864607210681,1.2236637300022741,1.2162546522788196,1.1627867951997777
2018-03-19,1.1682637739970045,1.1879213709217349,1.2226928839092495,1.2151910413926095,1.1617699417872183
2018-03-20,1.1688603188532556,1.1885279534412196,1.22331722537045,1.2157369857619085,1.1622918858573577
2018-03-21,1.166473818141149,1.1861012966700932,1.22081954364321,1.2135246507159207,1.1601768074293202
2018-03-22,1.1656714329204645,1.1852854102473707,1.219979774024928,1.2137283256251488,1.1603715285713836
2018-03-23,1.14993650116635,1.1692857172698536,1.2035117597377825,1.1987670731093447,1.1460679887391223
2018-03-26,1.1531679659709058,1.172571555781802,1.2068937768519301,1.201578216362683,1.1487555511244203
2018-03-27,1.158833043490787,1.1783319557904155,1.2128227889094692,1.207080835436789,1.1540162691709244
2018-03-28,1.1519941417753308,1.1713779804277895,1.2056652629530877,1.2019994527498754,1.1491582695088602
2018-03-29,1.1538847855808494,1.1733004368382047,1.207643993282485,1.2038658897458638,1.1509426559356186
2018-03-30,1.1596598687113508,1.1791726934486282,1.2136881292616848,1.209991113962825,1.156798608736095
2018-04-02,1.1612596896537666,1.1807993298258588,1.2153623862946517,1.2118478191821407,1.1585755389520398
2018-04-03,1.159473136694813,1.1789827158889195,1.213492598436879,1.2098647959328295,1.1566796885049302
2018-04-04,1.1564536791458002,1.175912452207094,1.2103324653806995,1.2087071222893344,1.1555729056694855
2018-04-05,1.1600999359577524,1.1796200618298907,1.2141486000657316,1.2116736366288585,1.158409013384761
2018-04-06,1.1600999359577524,1.1796200618298907,1.2141486000657316,1.2116736366288585,1.158409013384761
2018-04-09,1.1612426882929106,1.1807820423959379,1.2153445928461368,1.211673636628859,1.158409013384761
2018-04-10,1.1664420545328686,1.1860688944466553,1.2207861958027495,1.2158204301077722,1.1623735157040347
2018-04-11,1.1681290889756326,1.187784315344459,1.2225518286102832,1.2171452847598063,1.1636401303467456
2018-04-12,1.1656528616358977,1.1852664223965625,1.2199602346753164,1.2146152986287637,1.1612213612579898
2018-04-13,1.1650218032541555,1.1846247456718118,1.2192997754967547,1.2139897283635508,1.16062329077777
2018-04-16,1.1613110643301712,1.1808515689451609,1.2154161544998745,1.2114785591949868,1.1582225114663616
2018-04-17,1.156786641517364,1.1762510170851337,1.210680940356672,1.2072884919093605,1.1542166376372816
2018-04-18,1.1638564057938279,1.1834397389481686,1.2180800825624485,1.2144113144478488,1.1610263441291064
2018-04-19,1.168930209024943,1.1885989152360799,1.2233902725720545,1.218660327313287,1.1650885723170572
2018-04-20,1.1612148122368235,1.1807536972904986,1.2153154180540142,1.2110512731402459,1.1578140087126962
2018-04-23,1.1597224680671996,1.179236242572091,1.2137535460736752,1.2099312750535902,1.156743245233708
2018-04-24,1.1659133626277027,1.1855313066419064,1.2202328723203264,1.2155596325174498,1.1621241826574404
2018-04-25,1.1648497647706757,1.184449812426641,1.2191197217984484,1.2153853996522808,1.1619576089899628
2018-04-26,1.1579726075153551,1.1774569384376965,1.2119221601098635,1.2088096166539113,1.1556708944283036
2018-04-27,1.1585970395276026,1.1780918772960356,1.2125756841986146,1.2086072610152354,1.1554774342516805
2018-04-30,1.1613994131669774,1.1809414043611506,1.2155086194791418,1.2100079318031702,1.1568165321873605
2018-05-01,1.1611538396731076,1.180691698787481,1.2152516047991528,1.21000793180317,1.1568165321873605
2018-05-02,1.1611538396731076,1.180691698787481,1.2152516047991528,1.21000793180317,1.1568165321873605
2018-05-03,1.1626954277785828,1.1822592260322742,1.2168650149736782,1.2130482995394485,1.159723246737583
2018-05-04,1.1612938313374035,1.180834045985833,1.2153981186277956,1.2127677573597595,1.1594550370648118
2018-05-07,1.1668656178125407,1.18649958470589,1.2212294927525322,1.2187323796227514,1.1651574572396939
2018-05-08,1.1686209487548818,1.1882844512769122,1.2230666039704863,1.2193333645724405,1.1657320231637032
2018-05-09,1.1675237421556934,1.1871687828105522,1.2219182788865033,1.2176791405091694,1.1641505180396146
2018-05-10,1.1705117259794267,1.190207043182482,1.2250454718671748,1.2201067970532613,1.1664714559036276
2018-05-11,1.170118599500993,1.1898073018615638,1.2246340297589182,1.2186623954612434,1.165090549550167
2018-05-14,1.1710717369151702,1.1907764769994935,1.2256315735232302,1.2183847476577898,1.1648251070181643
2018-05-15,1.1712923038881171,1.19100075528639,1.2258624166369338,1.2198660732950757,1.1662413142526178
2018-05-16,1.168494908316746,1.1881562900514708,1.2229346913509167,1.2169013787840246,1.1634069463669807
2018-05-17,1.1656912279165703,1.1853054342376774,1.2200003884280444,1.2143350277842213,1.1609534109925939
2018-05-18,1.168347866486033,1.1880067740588733,1.2227807988909851,1.2169396259208607,1.1634435121770366
2018-05-21,1.1718459107344803,1.1915636772572435,1.2264418158392483,1.2202189073381953,1.1665786378713072
2018-05-22,1.1702463038946578,1.189937155040658,1.224767683857142,1.2202818269201732,1.1666387915370133
2018-05-23,1.16616222250441,1.1857843538958968,1.2204933264946187,1.2157521165880933,1.1623082052156812
2018-05-24,1.1672069852279514,1.186846696053104,1.2215867643605052,1.2166036859835854,1.163122340006965
2018-05-25,1.164283546320613,1.1838740666461527,1.218527123422078,1.213921971539888,1.1605585125133286
2018-05-28,1.1639617965807305,1.1835469030662835,1.218190383470509,1.2129042476157186,1.159585527271052
2018-05-29,1.1632116749477297,1.182784159702825,1.2174053139240348,1.213069424231063,1.159743442797339
2018-05-30,1.1542384362421376,1.1736599350833605,1.2080140150585146,1.2045187293693118,1.1515686326016554
2018-05-31,1.160154887312726,1.179675937809832,1.2142061115857694,1.2097448468839205,1.156565012361781
2018-06-01,1.1575024599669852,1.1769788800714407,1.211430108546041,1.2067239668433163,1.1536769288369746
2018-06-04,1.1584348447854056,1.1779269534253507,1.2124059328581709,1.2061359037625436,1.153114716742386
2018-06-05,1.1617669056575817,1.1813150803704766,1.215893233320735,1.209522473759062,1.1563524146585842
2018-06-06,1.1621599809812222,1.1817147696758588,1.2163046218909142,1.2094319351037628,1.1562658560414878
2018-06-07,1.1618734500822105,1.1814234175377094,1.2160047416141142,1.208315438751303,1.1551984403620486
2018-06-08,1.155191492083044,1.1746290272754476,1.2090114734490847,1.202679001932146,1.1498097787478117
2018-06-11,1.1547347719126628,1.174164622219534,1.208533474840256,1.2018385170326742,1.1490062411831332
2018-06-12,1.1576556321183402,1.1771346295349583,1.2115904169361829,1.2049474641535414,1.1519785203993167
2018-06-13,1.151809719299046,1.1711903519536868,1.2054721450135208,1.1996807165550205,1.146943296635331
2018-06-14,1.1510614144561493,1.1704294559500883,1.204688976900788,1.1997663684319952,1.1470251832946607
2018-06-15,1.1470558754494522,1.166356518762275,1.2004968211849318,1.1957479800550146,1.1431834414473048
2018-06-18,1.1256196503446083,1.144559602479628,1.1780618895941002,1.1747338727818453,1.1230931047942763
2018-06-19,1.1256196503446083,1.144559602479628,1.1780618895941002,1.1747338727818453,1.1230931047942763
2018-06-20,1.130093650390224,1.149108883146624,1.1827443317904214,1.17895936169795,1.1271328431350325
2018-06-21,1.1223068038563424,1.1411910132243455,1.1745946987071012,1.1716273767846568,1.1201231689514872
2018-06-22,1.1256762981944923,1.144617203500119,1.1781211766481734,1.175229336498159,1.1235667881504483
2018-06-25,1.1229893081360365,1.1418850014883368,1.1753090006306206,1.1734901682769106,1.1219040729750227
2018-06-26,1.123283562124038,1.1421842066660643,1.1756169638125173,1.174082772026832,1.122470626133004
2018-06-27,1.119764756388835,1.1386061926430737,1.1719342181068442,1.1719335041447219,1.1204158390917167
2018-06-28,1.1182202664601588,1.1370357147482908,1.1703177709141552,1.1697383873645208,1.1183172186490933
2018-06-29,1.1294295356447561,1.1484335938436694,1.1820492761633155,1.1806850343928224,1.128782656041299
2018-07-02,1.1238337878239542,1.1427449886091952,1.1761944406267963,1.1747966564532488,1.123257277201396
2018-07-03,1.1257950923530085,1.144739409321628,1.1782471840010362,1.17685336326826,1.1252190287938726
2018-07-04,1.1205862767326449,1.1394433983889165,1.1727962418608917,1.171376168643707,1.1200070413633514
2018-07-05,1.1145141550598572,1.133268839376335,1.1664410931969522,1.1650058424336276,1.1139330920636827
2018-07-06,1.115583560336661,1.134355922827629,1.1675599793899962,1.166133733385425,1.1150035282923563
2018-07-09,1.1227445604928594,1.1416366166219165,1.175053572556229,1.1736607372575951,1.1221680792080686
2018-07-10,1.1227001616303858,1.1415913109738947,1.1750068932055693,1.1736137500291415,1.122123387557875
2018-07-11,1.1166549200520162,1.1354463313748,1.1686825339608293,1.167257313559423,1.116076365588708
2018-07-12,1.1240807142636373,1.1429970321357394,1.1764540569655844,1.175052303048707,1.1235048127473484
2018-07-13,1.1245105761677492,1.1434338007247349,1.1769035401987118,1.1755050862917817,1.123934721960301
2018-07-16,1.124396889739486,1.1433189752895359,1.1767855848853075,1.1753871552428372,1.1238222485820744
2018-07-17,1.1240082388528867,1.1429250081785836,1.1763801240442004,1.17496221195953,1.1234316813813399
2018-07-18,1.1216615209667455,1.1405385981706038,1.173923853011691,1.1724980283326223,1.121083692953343
2018-07-19,1.1213732144057138,1.1402458891687133,1.173622617813733,1.1721905542159727,1.1207949025883202
2018-07-20,1.1254515847986213,1.1443924239215586,1.1778904055517152,1.1764776471475942,1.1248753440941066
2018-07-23,1.1284117140125334,1.1474025818863773,1.1809886296478123,1.1795833913248939,1.1278365270435353
2018-07-24,1.1329175583371338,1.1519831374789156,1.1857031141926115,1.1843281838921027,1.1323455383591654
2018-07-25,1.1343359946434162,1.1534245189360912,1.1871865950940972,1.1858280319474117,1.1337654577341052
2018-07-26,1.1333756443521674,1.1524482758162933,1.1861817702131168,1.1848140759911894,1.132803947074561
2018-07-27,1.1333960053028376,1.1524689552257728,1.1862030676917186,1.184836583457895,1.1328245069481344
2018-07-30,1.132024604763714,1.151074427719345,1.1847677057570623,1.183394831190623,1.1314521167315543
2018-07-31,1.1332983701259136,1.1523705037777336,1.1861017719625504,1.1847235346055747,1.1327258145491652
2018-08-01,1.1276750743199258,1.1466533181812995,1.180217477872547,1.1788148843456703,1.1271002597824604
2018-08-02,1.1216004607380614,1.1404779293895762,1.1738614370426874,1.1724136142945594,1.1210204266995245
2018-08-03,1.1187272329486333,1.137556228808931,1.1708542758381641,1.1693987921749514,1.1181462368744755
2018-08-06,1.1164662158752945,1.1352562292709372,1.1684869253194399,1.1670347796892848,1.115885053062541
2018-08-07,1.1253791831454538,1.1443183545575062,1.1778140641428072,1.1764018605079727,1.124802388071081
2018-08-08,1.1210948522399509,1.1399616027616062,1.173329985096915,1.1719147647119144,1.120518081142778
2018-08-09,1.1272394095272589,1.146209372401283,1.179760527278371,1.1783702946606258,1.1266657256716126
2018-08-10,1.1273054746669038,1.1462772785880655,1.179830406828907,1.178427826719132,1.1267304240719735
2018-08-13,1.128071152253677,1.1470576090073823,1.1806336476003565,1.1792098049332371,1.1274943575905763
2018-08-14,1.1260320440676732,1.1449846969631061,1.1785001255753207,1.1770624109570982,1.1254537949894472
2018-08-15,1.1193738108997127,1.138215744144991,1.171533311753904,1.1700591262260973,1.1187920515863523
2018-08-16,1.113775697777091,1.13252348554227,1.1656744983226006,1.1641775327331345,1.1131909522231913
2018-08-17,1.109042319438599,1.1277093681865222,1.1607194841250492,1.159219777005589,1.1084566105390656
2018-08-20,1.1125023929828495,1.1312264960635838,1.164339431281297,1.1628668513182003,1.111919401356397
2018-08-21,1.116335753443253,1.1351241078503083,1.1683510274492028,1.166894047185623,1.1157544784299238
2018-08-22,1.1144061424738199,1.1331606293582552,1.1663299332221244,1.164878793116153,1.113824409396498
2018-08-23,1.1144240461018926,1.1331793682048448,1.1663492446557822,1.1648908844352237,1.1138416827990476
2018-08-24,1.115117596975936,1.1338848660890926,1.1670753320661587,1.165612157530198,1.1145345135466878
2018-08-27,1.120149655674104,1.1389998152602445,1.172339816408213,1.170917937496328,1.1195707620211766
2018-08-28,1.1213605599757699,1.1402309900250656,1.1736070167874315,1.1721916816922635,1.1207824915023332
2018-08-29,1.1185991323534383,1.1374222690775213,1.1707160338696054,1.169298799769963,1.1180201519839061
2018-08-30,1.1156445432611675,1.1344184374117108,1.1676243163286109,1.1661881689564784,1.1150632929613762
2018-08-31,1.1129654653400776,1.1316950985899406,1.1648213632621855,1.1633654646555762,1.1123822319952572
2018-09-03,1.11196133316797,1.130674460756323,1.1637708456616291,1.162303799111745,1.1113767376274286
2018-09-04,1.1146283996033595,1.1333857145789976,1.166561383133235,1.1651132062029228,1.1140458104983517
2018-09-05,1.109514227126507,1.1281879085616642,1.1612116711867742,1.1597145663529935,1.1089269216903457
2018-09-06,1.1090743760143422,1.1277418249574291,1.1607526267789567,1.1592400424049227,1.108485881596329
2018-09-07,1.109297353583407,1.127968510415454,1.1609859240442066,1.1594737269759245,1.1087088105503342
2018-09-10,1.1058123796952959,1.124425784080769,1.1573395686569163,1.1558012300647875,1.10522089730635
2018-09-11,1.10402166436248,1.122605106894197,1.1554655490038037,1.1539136152929095,1.1034282031513478
2018-09-12,1.1030263436689436,1.1215930808180095,1.1544238845695525,1.1528659337806784,1.1024320102733682
2018-09-13,1.105790733038658,1.1244020265597476,1.1573150023572119,1.15579845426023,1.10520093888337
2018-09-14,1.1044164903062175,1.1230034715966404,1.1558754916602851,1.154371007074747,1.1038276521362194
2018-09-17,1.1005569258737553,1.1190798988381805,1.1518371815856954,1.150306439564741,1.099965295787035
2018-09-18,1.1060909038596083,1.1247068275274832,1.1576286590101426,1.1561164102703696,1.1055012468337733
2018-09-19,1.1091707864074674,1.1278375633818678,1.1608509203909645,1.1593617759709525,1.1085834441303186
2018-09-20,1.1086678986094303,1.1273260416358415,1.160324464463981,1.1588380335266808,1.1080809673766387
2018-09-21,1.1146016943384436,1.1333585295898394,1.1665333698345026,1.1650833355401145,1.1140186965802539
2018-09-24,1.1137903090708838,1.132534605257144,1.1656852643901048,1.164209842699216,1.113204162732237
2018-09-25,1.1137953977379225,1.1325384235077007,1.1656891054229237,1.1642306711418675,1.1132105699690922
2018-09-26,1.1166185144509748,1.135409474801654,1.1686441877157345,1.167191117829038,1.1160346686717615
2018-09-27,1.1130267966591108,1.1317572196673717,1.164885070062716,1.1634197316155162,1.1124412983754346
2018-09-28,1.1152546929110998,1.1340223646185985,1.16721641733505,1.1657593338963552,1.1146698886295552
2018-10-01,1.107555309608036,1.1261934143905634,1.1591583102967045,1.157638987599517,1.108684164132815
2018-10-02,1.1075553095414201,1.1261934143298988,1.1591583098781562,1.1576389873269537,1.1086841517119972
2018-10-03,1.1074449362809466,1.1260811836337565,1.1590427969938102,1.1575236246520142,1.1086842537440604
2018-10-04,1.1059624089271818,1.1245737081569356,1.1574911927192204,1.1559740554578979,1.1086841364951334
2018-10-05,1.1057983263938236,1.124406864434982,1.1573194644668534,1.1558025526327151,1.108684107334552
2018-10-08,1.1046055966453812,1.1231940632635575,1.1560711627999867,1.1545558873328206,1.108684089907892
2018-10-09,1.106642129963158,1.1252648676227688,1.1582025839941517,1.1566845139663808,1.110961018458497
2018-10-10,1.1070070823339042,1.1256359615417981,1.15858453641874,1.1570659673188808,1.1112805880734007
2018-10-11,1.086177787642869,1.1044561485089242,1.1367847616689857,1.1352947681418797,1.0923152754951992
2018-10-12,1.090503537891971,1.1088546931177081,1.141312056733104,1.1398161290992423,1.0950692541576557
2018-10-15,1.085579327495539,1.103847617364348,1.1361584192316532,1.1346692462220225,1.0910561491044244
2018-10-16,1.0801705549095162,1.098347825125958,1.1304976434635572,1.1290158895611162,1.0852139146950939
2018-10-17,1.0831464539203284,1.1013738030612534,1.1336121922577034,1.132126357213774,1.088420742869952
2018-10-18,1.0746556800976999,1.0927401452687986,1.124725816500699,1.1232516295441695,1.079345669659688
2018-10-19,1.0814781551577013,1.0996774299310403,1.1318661638988134,1.1303826176228837,1.0862640442980778
2018-10-22,1.0954201008353661,1.1138539927360562,1.1464576899551187,1.1449550184041999,1.0991247156143458
2018-10-23,1.0874717869867034,1.1057719236264065,1.1381390428340643,1.13664727754625,1.0934589795848888
2018-10-24,1.0878401970416134,1.1061465333519893,1.138524617200894,1.1370323467768721,1.0941951860197363
2018-10-25,1.0862762664464087,1.1045562846697652,1.136887821802687,1.1353976961015066,1.093431938401413
2018-10-26,1.0850807755027037,1.1033406757961288,1.135636632321003,1.134148145925727,1.0931484354876246
2018-10-29,1.0791832769873484,1.0973439333125006,1.1294643582043566,1.1279839620921592,1.086488054485992
2018-10-30,1.0807631792111294,1.0989504224259958,1.131117867910048,1.1296353057794537,1.0889949970366215
2018-10-31,1.0845476434303893,1.1027985721898463,1.1350786561499129,1.1335909029824474,1.091633769173027
2018-11-01,1.0863280748658728,1.1046089651034585,1.136942035464026,1.1354518422923812,1.0919931029382504
2018-11-02,1.0961165554778203,1.1145621677240942,1.1471865786956574,1.1456829580273533,1.0987732049132353
2018-11-05,1.0952408990252265,1.1136717755792453,1.146270124607128,1.1447677048216112,1.0997328405875737
2018-11-06,1.0952517623975069,1.1136828218091832,1.1462814917944135,1.14477905808086,1.0990993850544768
2018-11-07,1.0943529379343713,1.1127688717971618,1.145340789364055,1.1438395886877242,1.0980480295329145
2018-11-08,1.0932852174734264,1.1116831836432146,1.1442233186714765,1.1427235840150671,1.0966338687166797
2018-11-09,1.0888906736528379,1.1072146878078861,1.1396240241606634,1.1381303182561202,1.0941121373302554
2018-11-12,1.0932422978934155,1.1116395418309986,1.1441783981653666,1.1426787228977102,1.0986536110803555
2018-11-13,1.0969440150353647,1.1154035522452972,1.1480525737410088,1.1465478252347656,1.102051704693326
2018-11-14,1.0955401096368993,1.1139760216851238,1.1465832595206136,1.1450804361682774,1.1010368382437976
2018-11-15,1.1017828456767875,1.1203238113915372,1.1531168568914574,1.1516054694608828,1.1061474657941623
2018-11-16,1.1060835328262146,1.1246968711374579,1.1576179210042281,1.1561006338967457,1.1104623400456046
2018-11-19,1.107581515263727,1.1262200618448803,1.1591856971668701,1.1576663551480562,1.1114103109587616
2018-11-20,1.097919706570238,1.1163956630165446,1.149073716873694,1.1475676331247424,1.1029497529401118
2018-11-21,1.0990827652957158,1.1175782938177337,1.1502909670099402,1.148783286793608,1.1037357919775914
2018-11-22,1.098268961028444,1.11675079477721,1.149439243889653,1.147932680972415,1.1026999217825342
2018-11-23,1.087027291794203,1.1053199492648889,1.1376737952946554,1.1361826575375071,1.091012969603315
2018-11-26,1.086089888723421,1.1043667713431378,1.136692721523164,1.1352028677532648,1.0884815261710943
2018-11-27,1.0858318221047012,1.1041043619555058,1.1364226304062524,1.1349331309434918,1.0883558392993775
2018-11-28,1.0915013414632795,1.1098692889111508,1.142356298680046,1.1408590236480316,1.0932221887338995
2018-11-29,1.0864699912866338,1.104753270381267,1.1370905311519524,1.1356001570517218,1.0886418476388051
2018-11-30,1.0894450102748439,1.1077783534771097,1.1402041593014622,1.1387097051080912,1.0916249834980545
2018-12-03,1.1002832059274326,1.1187989357410046,1.151547333463134,1.1500380085443311,1.1009292834923117
2018-12-04,1.102537073614448,1.1210907318285703,1.1539062138352196,1.1523937967192366,1.1030685821727026
2018-12-05,1.1009445937997682,1.119471453554129,1.1522395362092968,1.1507293041708022,1.102845047133166
2018-12-06,1.0934501618336119,1.1118509042513531,1.1443959214600485,1.142895971672639,1.0971195094477575
2018-12-07,1.0939343457366673,1.1123432359862422,1.1449026686363049,1.1434020528684525,1.0979548012704274
2018-12-10,1.0904832040199792,1.1088340180343474,1.1412907276223012,1.1397948478935032,1.0953500849052689
2018-12-11,1.0916949277411192,1.1100661328104382,1.1425589082952456,1.1410613661146751,1.0965775802446922
2018-12-12,1.0933112713310595,1.1117096764741177,1.1442505600319464,1.142750800674101,1.0968710800319823
2018-12-13,1.0976621675579081,1.116133790161216,1.1488041756135148,1.1472984464231861,1.1003642984375133
2018-12-14,1.0901844560109935,1.1085302426330998,1.1409780612193485,1.1394825909663895,1.0938610419585066
2018-12-17,1.0895816831383351,1.1079173262453332,1.1403472022918106,1.1388525596548909,1.0932410474591088
2018-12-18,1.086899895666744,1.1051904094438825,1.1375404562835845,1.136049496325757,1.091322187420467
2018-12-19,1.0835528690767426,1.1017870585340095,1.134037488678844,1.1325511188541737,1.0875710892194537
2018-12-20,1.0834056197067672,1.1016373313987013,1.1338833703653257,1.1323972060182392,1.0882495591081884
2018-12-21,1.0818239547699342,1.1000290499998906,1.1322280113333574,1.1307440172986234,1.0861094660576815
2018-12-24,1.0821007628610262,1.1003105164682836,1.132517706067195,1.1310333366395389,1.0867574786921632
2018-12-25,1.0775310028032188,1.0956638555556797,1.127735045255921,1.1262569392597204,1.0824764233535533
2018-12-26,1.0770677491620522,1.0951928062130063,1.1272502078223559,1.1257727372955597,1.0819814313990472
2018-12-27,1.0751828176639189,1.0932761549464711,1.1252774471564868,1.1238025651889805,1.079967168769205
2018-12-28,1.0773343343662056,1.095463877691168,1.1275292068703866,1.1260513735087663,1.082178008257632
2018-12-31,1.0760758663281023,1.0941842587162247,1.126212101864225,1.1234173010804875,1.0795895753436795
2019-01-01,1.0745795897933101,1.092662820957623,1.124646109320148,1.1242260765771626,1.0804642540882041
2019-01-02,1.0745795897933101,1.092662820957623,1.124646109320148,1.1242260765771626,1.0804642540882041
2019-01-03,1.0759546826979762,1.0940610710512584,1.12608526843753,1.1259815340266206,1.0821661097240074
2019-01-04,1.0857510957237688,1.1040223578227875,1.136338111429074,1.1348950462214973,1.0906875193373553
2019-01-07,1.090426969130876,1.1087769221592032,1.1412318413981406,1.1393514674347842,1.094957435465306
2019-01-08,1.0900673822058693,1.1084113058706018,1.140855498442328,1.1388164776201881,1.0944362142771766
2019-01-09,1.0934498874533634,1.1118507740335417,1.1443955961704746,1.140565265649502,1.0960458776952746
2019-01-10,1.092908570477179,1.1113003511861053,1.1438290579382586,1.1397680756993123,1.0952694882823533
2019-01-11,1.0948936312466429,1.1133187991730156,1.1459066079529427,1.1414732953707623,1.0968950636665746
2019-01-14,1.0910811487299437,1.1094421363216564,1.1419164976798657,1.1385041715871753,1.0940797965376303
2019-01-15,1.0962958558409248,1.1147446230064073,1.1473741643724134,1.1424884975641558,1.097853408336809
2019-01-16,1.0974637587296912,1.1159321899092802,1.1485964808086484,1.1435395969450908,1.0988577647635718
2019-01-17,1.0954907570164305,1.1139259838660853,1.1465315537723852,1.1418489778069711,1.097246322033589
2019-01-18,1.1014408429753917,1.1199762220307397,1.152758862138348,1.147309986338127,1.1024695057559146
2019-01-21,1.1041985385716266,1.1227803255485531,1.1556450434444916,1.150004660760793,1.105054433066573
2019-01-22,1.0991344491324813,1.1176309976464032,1.1503450112913443,1.145049495598346,1.1003007892902377
2019-01-23,1.0997551791632594,1.118262168102794,1.1509946627578933,1.1457256154017768,1.1009524003516502
2019-01-24,1.1015050247353433,1.1200414598150044,1.1528260367197871,1.1472842696635317,1.102441003107919
2019-01-25,1.1029263647744492,1.121486726819073,1.1543135985811703,1.1473834691646632,1.1024801289364845
2019-01-28,1.1029102406934717,1.1214703054467365,1.154296725931428,1.1473404000275935,1.102437658779948
2019-01-29,1.1008037421008265,1.1193283792888666,1.1520920797619103,1.1451656743151195,1.1003464225193167
2019-01-30,1.0995880919320125,1.118092276755833,1.1508197898528316,1.1434649809104132,1.0986927357567
2019-01-31,1.1008638751684074,1.119389532812687,1.1521550136525918,1.143907512391935,1.0990823678630877
2019-02-01,1.1084118532233038,1.1270645431440813,1.1600546636553437,1.152256044349851,1.1071330678340565
2019-02-04,1.1162155638137155,1.1349995733843918,1.1682219628812587,1.160660866796542,1.1152294647925478
2019-02-05,1.116080820447339,1.1348625545676196,1.1680809424110026,1.160654723413096,1.115229024015868
2019-02-06,1.1160808214963673,1.1348625662659533,1.1680809424110026,1.1606547361067159,1.1152290243764849
2019-02-07,1.116080819925782,1.1348625487514306,1.1680809424110026,1.1606547171020691,1.1152290238365759
2019-02-08,1.1160808206254809,1.1348625565541832,1.1680809424110026,1.1606547255686748,1.1152290240771066
2019-02-11,1.116685475906291,1.1354773782412075,1.1687137705397252,1.1606822439042677,1.1152310007844999
2019-02-12,1.1192721695686068,1.1381076152391172,1.1714209812869967,1.1634427059985306,1.117889165294628
2019-02-13,1.123899756562064,1.142813094323456,1.1762641736766446,1.1674930103671093,1.1217541323602715
2019-02-14,1.1243663763583491,1.143287580623701,1.1767525326355113,1.1682167234597107,1.122459972346343
2019-02-15,1.1197873259001725,1.138631496563246,1.171960133875248,1.1648970382774586,1.1193254103275996
2019-02-18,1.1312657098364,1.1503030462646884,1.1839733149995002,1.176105983988947,1.130077749709425
2019-02-19,1.13253282838527,1.1515914876176212,1.185299470843253,1.1778881534193224,1.1318109795714661
2019-02-20,1.133752569420324,1.1528317638197403,1.1865760407773829,1.1783048030369847,1.1321770368218933
2019-02-21,1.1328735889570083,1.1519379914169356,1.1856561071254883,1.1769633754647664,1.1308692819952455
2019-02-22,1.1399695390752347,1.1591533554310045,1.1930826696236734,1.1841784748128048,1.1378029594731869
2019-02-25,1.152944968700278,1.1723471061152602,1.2066626502312385,1.1980030607065577,1.1511147359924105
2019-02-26,1.1498473772769462,1.1691973940809477,1.2034207360266043,1.1951996689211948,1.1484350480287424
2019-02-27,1.1485578246347805,1.1678861576607322,1.202071099137187,1.1938267802005567,1.1471130969979513
2019-02-28,1.1486366554017893,1.167966309796634,1.2021536033038784,1.194317580013181,1.1476018737293312
2019-03-01,1.1542243722869812,1.1736480446426654,1.2080016629361436,1.1998924996439986,1.152955000354285
2019-03-04,1.156664458780114,1.1761292025845371,1.210555436323807,1.2021019315266779,1.1550669698918832
2019-03-05,1.161500057307234,1.1810461790067994,1.2156163333770793,1.2074207719268697,1.1601952108882596
2019-03-06,1.166469259522457,1.1860990065783137,1.2208170590325953,1.2126473224878056,1.1652252827174836
2019-03-07,1.1675478330048776,1.187195735239404,1.2219458846276687,1.2146817040743685,1.1672194425054363
2019-03-08,1.1547275936568797,1.1741597441487537,1.2085283292438476,1.2023832653694861,1.1554310546134035
2019-03-11,1.164844258555841,1.1844466680027719,1.2191163456148864,1.2126353556660563,1.1652820213471329
2019-03-12,1.1706570446318947,1.1903572750061795,1.2251999592040252,1.2176694599629323,1.1700833529938506
2019-03-13,1.1652239524612682,1.1848327656790727,1.2195137286479856,1.2120549677134094,1.1646838846265286
2019-03-14,1.1602820445648852,1.179807688928622,1.2143415692911457,1.2064634184408862,1.1592866466367082
2019-03-15,1.1637236421855108,1.1833072019833393,1.217943516934996,1.2097312603528059,1.162417460599777
2019-03-18,1.1719918842203645,1.1917145904587545,1.2265969899399587,1.217555125604923,1.1699120725791448
2019-03-19,1.1728160878693967,1.1925526651222853,1.2274595945413445,1.2182773507631268,1.1706013295573476
2019-03-20,1.1714977224652503,1.191212126611304,1.2260798029143796,1.2172968376414588,1.1696739982245583
2019-03-21,1.1740026648703288,1.1937592139321065,1.2287014558156655,1.2208675856771964,1.1731482415576062
2019-03-22,1.174654104095543,1.1944216037333741,1.2293832479557119,1.221448353581287,1.1737029908488485
2019-03-25,1.1679275865897174,1.1875818926182784,1.2223433302220659,1.215990858319404,1.1685157513623077
2019-03-26,1.1623784085655322,1.181939342011016,1.2165356053694092,1.2097236633069344,1.1624667170419174
2019-03-27,1.165503381164508,1.18511690079942,1.2198061759899932,1.2126375317076743,1.1652560165886197
2019-03-28,1.161336192990677,1.1808795855063636,1.2154448314106443,1.2078883980053117,1.1606706297501528
2019-03-29,1.1702735343704007,1.189967335882243,1.2247985779632955,1.2168370140027847,1.1692646440400614
2019-04-01,1.1820174385213693,1.2019088708524355,1.2370896506756492,1.2290481909971607,1.1809984237961795
2019-04-02,1.183416469765456,1.2033314455184831,1.2385538651761223,1.2305028876571253,1.1823962489383995
2019-04-03,1.188167475300649,1.2081624027549185,1.2435262281771282,1.23544292878353,1.1871431586418035
2019-04-04,1.1897392756054015,1.209760653904118,1.2451712613438441,1.2370772687333853,1.188713603900849
2019-04-05,1.1914305403216072,1.2114803798566474,1.2469413249735952,1.2388358264099333,1.1904034105813324
2019-04-08,1.1914305403216072,1.2114803798566474,1.2469413249740595,1.238835826410187,1.1904034105813324
2019-04-09,1.1917718425887358,1.2118274256862054,1.2472985290966927,1.2391907085973142,1.190744418612501
2019-04-10,1.192270023454249,1.2123339901259806,1.2478199210606447,1.2397087113543244,1.1912421699973474
2019-04-11,1.1860245920966226,1.205983458309444,1.2412835043840464,1.23321478337806,1.1850021228128398
2019-04-12,1.18452284916487,1.2044564434849663,1.2397117926835342,1.2316532882823177,1.1835016745304816
2019-04-15,1.1819134124452648,1.2018030941865454,1.2369807778482347,1.2289400258757066,1.180894487400734
2019-04-16,1.1877838930854516,1.2077723654744839,1.243124774212571,1.2350440843914121,1.1867599071120198
2019-04-17,1.1882417257190285,1.2082379026871581,1.243603938050778,1.235520133518693,1.1872173450490549
2019-04-18,1.1844099628769615,1.2043416575043087,1.2395936468308346,1.231535910413549,1.1833888855616022
2019-04-19,1.188364399839112,1.2083626412132977,1.243732327769157,1.2356476886641423,1.18733991341204
2019-04-22,1.1844080662212269,1.2043397289309408,1.239591661807883,1.2315339382933086,1.1833869905409704
2019-04-23,1.18075557566394,1.200625772894049,1.235768995474845,1.2277361204561084,1.1797376487880413
2019-04-24,1.1812465492962336,1.201125008814584,1.2362828444076215,1.228246629214233,1.1802281991530088
2019-04-25,1.1713570278474543,1.191069062793481,1.2259325532563283,1.2179636181092919,1.1703472034396822
2019-04-26,1.1677942125829632,1.1874462911388115,1.222203740339655,1.2142590436133451,1.1667874596706693
2019-04-29,1.1635809040438763,1.1831620794649957,1.2177941265564503,1.2098780936634004,1.162577783415932
2019-04-30,1.166056956635163,1.1856797999970106,1.2203855426692023,1.212452664781599,1.1650517014075348
2019-05-01,1.147292127896999,1.1665991896900771,1.2007464284965776,1.1929412108354378,1.1463030497884021
2019-05-02,1.147292127896999,1.1665991896900771,1.2007464284957445,1.1929412108349826,1.1463030497884021
2019-05-03,1.1476960669686913,1.1670099263998146,1.2011691877790498,1.1933612220541028,1.1467066406250777
2019-05-06,1.1450998837448008,1.1643700536319004,1.1984520439429294,1.1906617404807467,1.1441126955652348
2019-05-07,1.1502113939030172,1.1695675821982285,1.2038017080925745,1.1959766301836983,1.149219799101392
2019-05-08,1.1472638049418658,1.1665703901056428,1.200716785925517,1.1929117609505924,1.146274751250428
2019-05-09,1.142735840734323,1.1619662276198885,1.1959778561286967,1.1882036356414296,1.1417506905912196
2019-05-10,1.1535022759919855,1.1729138444840104,1.2072459180015855,1.1993984516786307,1.1525078441278958
2019-05-13,1.1496450450604156,1.1689917026251055,1.2032089720898924,1.1953877471455514,1.1486539385069259
2019-05-14,1.1472744068305853,1.166581170406918,1.2007278817748581,1.1929227846733033,1.1462853439992824
2019-05-15,1.155233750866243,1.174674457266197,1.2090580652494536,1.2011988194169119,1.1542378263013386
2019-05-16,1.1593744073492154,1.1788847942678764,1.213391641993538,1.205504226591468,1.1583749131331444
2019-05-17,1.15009542748952,1.169449664258475,1.2036803386070858,1.1958560496362378,1.149103932662294
2019-05-20,1.1479758513841176,1.1672944191322128,1.2014620078291058,1.1936521386843177,1.1469861838389537
2019-05-21,1.1534946835673363,1.1729061242911945,1.2072379718338075,1.1993905571629577,1.1525002582486599
2019-05-22,1.1501665996115462,1.1695220340916372,1.2037548267591742,1.1959300535929596,1.1491750434269847
2019-05-23,1.1421530385424858,1.1613736178144038,1.1953679001853161,1.1875976445982541,1.1411683908319152
2019-05-24,1.1421771991565755,1.1613981850123598,1.195393186484264,1.187622766528301,1.1411925306171908
2019-05-27,1.1481760650458392,1.1674980020644496,1.2016715497863177,1.1938603185554562,1.1471862248969027
2019-05-28,1.1498015757063258,1.1691508674273734,1.2033727957659603,1.19555050591785,1.1488103342080984
2019-05-29,1.1515424085426282,1.1709209956508968,1.2051947369782448,1.1973606039572733,1.1505496662761072
2019-05-30,1.1474386142740893,1.1667481411948066,1.2008997399210668,1.1930935256903876,1.146449409879898
2019-05-31,1.1461683730123176,1.1654565238371506,1.1995703159469617,1.1917727433778718,1.1451802636904223
2019-06-03,1.1428332312922107,1.1620652571025745,1.1960797842732989,1.1883049012246205,1.1418479971889144
2019-06-04,1.1411600718248665,1.1603639410808182,1.194328669447943,1.1865651691789945,1.140176280148796
2019-06-05,1.1415017532815581,1.1607113724810834,1.1946862704266206,1.1869204456427527,1.140517667042629
2019-06-06,1.1350440852543662,1.1541450323967857,1.187927728612667,1.1802058364096317,1.1340655661573387
2019-06-07,1.140597965930447,1.159792375857799,1.1937403740803152,1.185980697910123,1.1396146588446754
2019-06-10,1.140597965930447,1.159792375857799,1.193740374079656,1.1859806979097627,1.1396146588446754
2019-06-11,1.1516254057369768,1.1710053895531294,1.2052816011491336,1.1974469034866222,1.150632591918751
2019-06-12,1.147490300693248,1.1668006974123932,1.2009538344942619,1.1931472686344071,1.146501051740305
2019-06-13,1.1504088322338188,1.1697683430952377,1.2040083454070594,1.196181924295138,1.1494170672210284
2019-06-14,1.1460641423569087,1.1653505391492205,1.1994612290055775,1.191664365535581,1.145076122892041
2019-06-17,1.1452622397408896,1.1645351418155236,1.1986219643757596,1.1908305563819082,1.1442749115945652
2019-06-18,1.1463174003387173,1.1656080590512368,1.1997262867095813,1.1919277002837052,1.1453291625406807
2019-06-19,1.152466753714263,1.1718608960494117,1.2061621489659526,1.198321727474469,1.151473214571732
2019-06-20,1.1622596932525033,1.181818634843398,1.2164113582920157,1.208504313816152,1.1612577116375797
2019-06-21,1.165900334230551,1.1855205418918915,1.2202216229544123,1.2122898105970168,1.1648952140267668
2019-06-24,1.1674026511932503,1.1870481404073239,1.221793935431163,1.2138519025636756,1.1663962358452007
2019-06-25,1.165858264648342,1.1854777643469905,1.2201775932783874,1.2122460671273456,1.164853180712655
2019-06-26,1.164107020299028,1.1836970494016141,1.218344755463447,1.210425143316264,1.1631034461073781
2019-06-27,1.1681431850199124,1.1878011362146825,1.2225689719952373,1.2146219011534376,1.1671361312592223
2019-06-28,1.1661962946980229,1.185821482893,1.2205313727266347,1.2125975469009491,1.1651909193473475
2019-07-01,1.1741266859493718,1.1938853297392866,1.2288312544558295,1.2208434768709462,1.1731144738249586
2019-07-02,1.1749575585730476,1.1947301845980918,1.229700838852794,1.221707408706296,1.1739446301546184
2019-07-03,1.174104323514775,1.1938625909809442,1.2288078501163002,1.220820224667644,1.1730921306687438
2019-07-04,1.172106301669232,1.1918309456750356,1.2267167370186114,1.21874270444264,1.1710958313134978
2019-07-05,1.1730904116482408,1.1928316166257356,1.2277466983637497,1.2197659707245276,1.172079092893553
2019-07-08,1.1638600311195322,1.1834459037950453,1.2180862586343495,1.2101683267970338,1.16285666985629
2019-07-09,1.1619167614044972,1.1814699320091595,1.2160524486628996,1.2081477372100735,1.160915075429962
2019-07-10,1.160770213362078,1.180304089427409,1.2148524809901036,1.2069555696907954,1.1597695158246828
2019-07-11,1.163778405458407,1.1833629045073177,1.2180008298959073,1.2100834533697262,1.1627751145649048
2019-07-12,1.164245141527865,1.1838374949862775,1.2184893119964835,1.2105687601876673,1.1632414482622229
2019-07-15,1.1688669049633194,1.1885370351884368,1.2233264112873539,1.21537441685942,1.1678592272851864
2019-07-16,1.1686596184227362,1.1883262603517464,1.223109466911148,1.215158882689264,1.1676521194455092
2019-07-17,1.1677702800223035,1.1874219558313188,1.2221786927145442,1.2142341588090457,1.1667635477416984
2019-07-18,1.1642407549623504,1.1838330346007708,1.218484721049941,1.2105641990870992,1.163237065477488
2019-07-19,1.1689489607652823,1.188620471855152,1.2234122902064457,1.215459737542243,1.1679412123462871
2019-07-22,1.1604253189354787,1.1799533909872322,1.2144915173402024,1.2065969524172409,1.1594249187301675
2019-07-23,1.1619055108493348,1.1814584921253555,1.2160406739249123,1.208136039011706,1.1609038345738194
2019-07-24,1.1648604267217917,1.1844631344290857,1.2191332643764017,1.211208526683404,1.1638562030194533
2019-07-25,1.1669317691885803,1.1865693342230443,1.2213011142281325,1.2133622848503944,1.1659257597863346
2019-07-26,1.1665158203751076,1.1861463856671102,1.2208657856487677,1.2129297860393913,1.1655101695614647
2019-07-29,1.1650711521161712,1.184677405989493,1.2193538078273531,1.2114276365343408,1.1640667467480146
2019-07-30,1.167599491175719,1.1872482928863042,1.2219999465245357,1.21405657452298,1.1665929061320075
2019-07-31,1.1652933898690985,1.1849033836429659,1.2195864000179693,1.2116587168038064,1.1642887929105108
2019-08-01,1.1602649071454523,1.1797902797267654,1.214323631688717,1.2064301580757015,1.159264645230283
2019-08-02,1.1562559896775528,1.175713898694041,1.210127931907084,1.202261731620049,1.1552591838418922
2019-08-05,1.1520706868886617,1.1714581640611252,1.2057476287083502,1.197909901728357,1.1510774891932603
2019-08-06,1.1472414245576712,1.166547633093981,1.2006933627930358,1.1928884900822014,1.1462523901589126
2019-08-07,1.1470335910450478,1.1663363020803759,1.2004758459597964,1.1926723871767844,1.1460447358185795
2019-08-08,1.1507452007349748,1.1701103721291415,1.2043603858880345,1.1965316764109561,1.149753145737896
2019-08-09,1.1474790093050276,1.1667892160063706,1.2009420170194087,1.193135527980654,1.146489770084882
2019-08-12,1.152216750562928,1.171606685749288,1.2059004977378152,1.1980617770635058,1.1512234269461006
2019-08-13,1.1509220150340378,1.1702901619265516,1.2045454382704321,1.1967155258934796,1.1499298076064892
2019-08-14,1.150034293010208,1.1693875009834072,1.203616355759304,1.1957924827031352,1.1490428508855859
2019-08-15,1.1528103187001175,1.1722102426733927,1.20652172122847,1.1986789624124452,1.151816483369392
2019-08-16,1.1545534334585816,1.1739826912202291,1.2083460506822714,1.2004914331686034,1.1535580953924007
2019-08-19,1.1642508386823989,1.1838432880128398,1.2184952745860504,1.2105746840236835,1.1632471405039573
2019-08-20,1.1635074887726604,1.1830874287323845,1.2177172907340956,1.2098017573035973,1.1625044314346558
2019-08-21,1.1631019480302416,1.1826750633984795,1.2172928551557562,1.2093800806856376,1.162099240308103
2019-08-22,1.1640437660502907,1.1836327306849432,1.2182785540863317,1.2103593722731096,1.1630402463887615
2019-08-23,1.1656352038351252,1.1852509497809354,1.2199441396763668,1.2120141310497488,1.1646303121983441
2019-08-26,1.1639539770309903,1.1835414306620469,1.2181845816422516,1.2102660106794936,1.1629505347761449
2019-08-27,1.1674146233417466,1.1870603140257665,1.2218064653783858,1.2138643510671223,1.1664081976712164
2019-08-28,1.1675868589537206,1.18723544808342,1.2219867257425734,1.2140434396832656,1.1665802847994255
2019-08-29,1.168473660812338,1.1881371733761374,1.2229148452154923,1.2149655260963637,1.1674663221481547
2019-08-30,1.1660042010186635,1.1856261565876303,1.2203303290700216,1.21239781009384,1.1649989912704046
2019-09-02,1.1720714741136649,1.1917955320270492,1.2266802867841606,1.218706491149358,1.1710610337817944
2019-09-03,1.1740047604807915,1.1937613524614048,1.2287036482661755,1.2207167001655355,1.172992653466764
2019-09-04,1.1808175853599863,1.200688826110947,1.2358338942993183,1.2278005974249728,1.1797996050245623
2019-09-05,1.1835647791647914,1.2034822507224767,1.2387090845577526,1.2306570980704588,1.182544430479465
2019-09-06,1.1815828267580009,1.2014669452781543,1.2366347896022625,1.2285962866637727,1.180564186709754
2019-09-09,1.1881169690299302,1.208111046544708,1.2434733687281851,1.2353904129408544,1.1870926959116928
2019-09-10,1.1859638408876203,1.2059216847552359,1.2412199226665606,1.2331516149654205,1.1849414239765461
2019-09-11,1.185931269693759,1.2058885654406943,1.2411858339239241,1.2331177478111897,1.1849088808619395
2019-09-12,1.1876408785032058,1.2076269441876182,1.2429750963286408,1.2348953794654152,1.1866170158211742
2019-09-13,1.1903404495934322,1.210371944671572,1.245800445048534,1.2377023625578638,1.1893142596168589
2019-09-16,1.1895735355073502,1.2095921246701937,1.2449977991312138,1.2369049340771743,1.1885480066874081
2019-09-17,1.183013559484416,1.2029217549117421,1.2381321826132885,1.2300839461617574,1.181993686005082
2019-09-18,1.1821246609139888,1.2020178976228744,1.2372018687389252,1.2291596796117397,1.1811055537520507
2019-09-19,1.1817070896185693,1.2015932992814495,1.2367648420839428,1.2287254937625958,1.1806883424441068
2019-09-20,1.181555158899165,1.201438811814943,1.2366058326526328,1.228567517941127,1.1805365427038315
2019-09-23,1.1800587715121702,1.1999172426604643,1.235039726020786,1.2270115914792332,1.1790414453493174
2019-09-24,1.1797837219361833,1.1996375644467232,1.2347518614138586,1.22672559808118,1.178766632892678
2019-09-25,1.175206803428197,1.1949836238390301,1.2299616964515672,1.2219665706512508,1.1741936601362928
2019-09-26,1.1680545836012797,1.1877110437771872,1.222476242482324,1.214529774413391,1.1670476062229798
2019-09-27,1.1672526088618915,1.186895573106184,1.2216369023688927,1.21369589026706,1.1662463228641575
2019-09-30,1.1645864105705,1.1841845070309827,1.2188464813434279,1.2109236078285106,1.1635061685293924
2019-10-01,1.1664662377317974,1.1860959686280779,1.2208138928641916,1.212878230574913,1.1653842520087172
2019-10-02,1.1664662377317974,1.1860959686280779,1.2208138928641916,1.212878230574913,1.1653842520087172
2019-10-03,1.1666989155221301,1.1863325620074456,1.2210574115103476,1.2131201662756683,1.1656167139727884
2019-10-04,1.1656990564086946,1.1853158768902252,1.220010967252379,1.212080524224231,1.1646177823043582
2019-10-07,1.1659500254791861,1.1855710693622674,1.2202736294006902,1.2123414789885445,1.1648685185820415
2019-10-08,1.1659500254791861,1.1855710693622674,1.2202736294006902,1.2123414789885445,1.1648685185820415
2019-10-09,1.1685777706318865,1.1882430351949522,1.223023805690028,1.2150737782940146,1.1674938263022239
2019-10-10,1.1719105264845078,1.191631875911767,1.2265118403324329,1.2185391396484295,1.1708234907715418
2019-10-11,1.1744603410141279,1.1942245996756478,1.229180455077803,1.2211904075848197,1.173370940155195
2019-10-14,1.1771837047403595,1.1969937931870456,1.2320307049733945,1.2240221299876102,1.1760917777554445
2019-10-15,1.1737556544873293,1.1935080544199468,1.2284429360016378,1.2204576826073739,1.1726669072784863
2019-10-16,1.1720323795464707,1.1917557795627123,1.2266393707367607,1.21866584106627,1.1709452308055668
2019-10-17,1.1729752595942844,1.192714526749246,1.2276261811770814,1.219646236938045,1.1718872362607713
2019-10-18,1.1691195634763152,1.1887939455323642,1.2235908415888288,1.215637128286696,1.1680351165927816
2019-10-21,1.169027463752234,1.1887002959196182,1.2234944507812335,1.2155413640487207,1.1679431022981652
2019-10-22,1.1712827836760795,1.190993569212158,1.2258548499139492,1.2178864198678527,1.1701963302420806
2019-10-23,1.1695203257907703,1.1892014520252032,1.2240102761042886,1.2160538363500022,1.1684355071698571
2019-10-24,1.170594442885421,1.1902936447647692,1.2251344381497005,1.217170690999583,1.1695086279396048
2019-10-25,1.173055207898831,1.192795820453816,1.2277098544097431,1.2197293662691984,1.1719671104072142
2019-10-28,1.1772929280155644,1.197104854512449,1.232145017147619,1.2241356990978705,1.1762008997177944
2019-10-29,1.173696863470299,1.193448274045654,1.2283814058106692,1.2203965523813947,1.172608170794574
2019-10-30,1.170805355488502,1.1905081066841587,1.2253551775313414,1.2173899955079832,1.169719344905283
2019-10-31,1.170024076808877,1.1897136803541863,1.224537497743078,1.216577630887493,1.168938790920767
2019-11-01,1.1749807768302416,1.1947537935806705,1.2297251388878478,1.2217315507841318,1.1738908932276986
2019-11-04,1.1780959153728792,1.1979213548418732,1.2329854170579588,1.2249706361527206,1.177003142243559
2019-11-05,1.1811752759404113,1.2010525360428006,1.2362082502959713,1.228172519992679,1.1800796464710939
2019-11-06,1.1772342030286713,1.1970451412794736,1.2320835560632446,1.2240746375292717,1.176142229202772
2019-11-07,1.1788677392069042,1.1987061672165615,1.2337932014832103,1.2257731697330734,1.1777742501525599
2019-11-08,1.1752085305695414,1.194985380045229,1.2299635040630195,1.2219683665130343,1.174118435708167
2019-11-11,1.165826095058949,1.185445053394484,1.220143924850417,1.2122126175573689,1.164744703116649
2019-11-12,1.1667743459251556,1.186409261781555,1.2211363563447368,1.2131985979445785,1.165692074408406
2019-11-13,1.1652837018421338,1.1848935325813943,1.2195762606068545,1.211648643304358,1.164202813010595
2019-11-14,1.1664388326102912,1.186068102322919,1.2207852108912483,1.2128497350435326,1.1653568723075354
2019-11-15,1.1633734608436008,1.1829511453316153,1.2175770182162111,1.2096623965984292,1.1622943439051707
2019-11-18,1.1672698793928715,1.1869131342721302,1.2216549775634211,1.213713847967316,1.1661871482313244
2019-11-19,1.1742416300973884,1.1940022082096553,1.228951554045746,1.220962994479217,1.1731524321093845
2019-11-20,1.1730032746906693,1.1927430132941694,1.2276555015446764,1.2196753667143154,1.171915225371034
2019-11-21,1.1709837580117273,1.190689511431888,1.2255418921329562,1.2175754964077947,1.1698975819466648
2019-11-22,1.1686205871515019,1.1882865722470015,1.2230686171044522,1.2151182984205902,1.1675366031062762
2019-11-25,1.1707250084130363,1.190426407498003,1.2252710869483423,1.2173064515393959,1.169639072357811
2019-11-26,1.168977356054509,1.1886493449907818,1.2234420084802542,1.215489262638676,1.1678930410791226
2019-11-27,1.16864799542437,1.188314441756555,1.2230973023755851,1.2151467972287204,1.1675639859558966
2019-11-28,1.1674540049600564,1.1871003583733475,1.2218476818553927,1.2139052996226725,1.1663711030081096
2019-11-29,1.1655203564275227,1.1851341696788154,1.2198239413337435,1.2118947140310536,1.1644392480809442
2019-12-02,1.166590182856719,1.1862219995480012,1.2209436128042659,1.2130071072958508,1.1655080821651542
2019-12-03,1.1683435981253418,1.1880049219457283,1.222778722686278,1.2148302884044662,1.1672598710084028
2019-12-04,1.1692534367569747,1.1889300716827498,1.2237309522543809,1.2157763281902292,1.1681688656958407
2019-12-05,1.1726268375369315,1.1923602413149665,1.2272615255407355,1.2192839516744463,1.1715391373912483
2019-12-06,1.1756415498229142,1.1954256863088402,1.2304166984232978,1.2224186149718812,1.1745510533034078
2019-12-09,1.1771343633817253,1.1969436214935414,1.2319790647165532,1.2239708254081727,1.1760424821646547
2019-12-10,1.1783170732224817,1.1981462344186318,1.233216879029662,1.2252005935510804,1.1772240949525168
2019-12-11,1.1790604003208365,1.198902070503905,1.2339948390076365,1.2259734965521514,1.1779667325587269
2019-12-12,1.180238710351584,1.2001002095773352,1.2352280485160705,1.2271986898230178,1.179143949617737
2019-12-13,1.185602602170412,1.2055543669774158,1.2408418532199075,1.2327760030857366,1.1845028660209203
2019-12-16,1.1900147997948491,1.2100408147166242,1.2454596226706967,1.2373637556280475,1.1889109709981098
2019-12-17,1.1947616142403341,1.214867510334119,1.2504275993119796,1.2422994389074047,1.1936533824139197
2019-12-18,1.1941017227510178,1.2141965139435744,1.249736962350633,1.241613291296746,1.1929941030239053
2019-12-19,1.1949060683976505,1.2150143954201182,1.250578783835311,1.242449640685268,1.1937977025790716
2019-12-20,1.1935359068144835,1.2136211762444622,1.2491447840828178,1.24102496236811,1.1924288119244777
2019-12-23,1.1892613337678233,1.2092746690809897,1.24467105137404,1.236580310285099,1.1881582038678524
2019-12-24,1.1933234863018882,1.2134051810398918,1.2489224665355825,1.2408040899526724,1.1922165884479856
2019-12-25,1.1960318098293052,1.216159081250374,1.2517569754837976,1.2436201737290407,1.194922399800343
2019-12-26,1.199213417887058,1.219394230600597,1.2550868200973082,1.2469283733379497,1.1981010566758123
2019-12-27,1.1987553902400274,1.21892849509271,1.2546074521595802,1.246452121437882,1.1976434538840919
2019-12-30,1.2025548214163815,1.222791864520458,1.2585839053264491,1.250402726447529,1.2014393608004579
2019-12-31,1.2042433961219616,1.2245088551938532,1.2603511536127947,1.252158487081527,1.2036061958860136
2020-01-01,1.209594093567507,1.229949596180794,1.2659511491949529,1.2577220809860656,1.208066226254199
2020-01-02,1.209594093567507,1.229949596180794,1.2659511491949529,1.2577220809860656,1.208066226254199
2020-01-03,1.2110685537168446,1.2314488690979704,1.2674943069620275,1.2592552077574495,1.2099517004757672
2020-01-06,1.2146993441109464,1.2351407597931965,1.271294262084446,1.2630304620137145,1.2145970590184754
2020-01-07,1.2179683850320633,1.2384648133597675,1.2747156132078197,1.2664295733122901,1.2177368788338052
2020-01-08,1.2159214970072503,1.2363834795363517,1.2725733571724558,1.2643012425939082,1.216387243207415
2020-01-09,1.2164692318324537,1.2369404318484172,1.2731466118990686,1.2648707709901255,1.2153077749465542
2020-01-10,1.2173805902020112,1.2378671268980825,1.2741004320122828,1.2658183909819718,1.2160077964136757
2020-01-13,1.2216148972764753,1.2421726904784918,1.278532022688418,1.2702211749683932,1.219412139563136
2020-01-14,1.218742387051081,1.2392518405747617,1.2755256773034243,1.2672343717444445,1.2166031427478396
2020-01-15,1.2179455937615342,1.2384416385491988,1.2746917600530534,1.2664058752102982,1.216142285489744
2020-01-16,1.218145432362992,1.238644840109517,1.2749009094764134,1.266613665098678,1.2159767530954997
2020-01-17,1.2187982765792762,1.239308670632878,1.2755841708202353,1.2672924850355731,1.2160744753971668
2020-01-20,1.2216212083491695,1.242179107756282,1.2785386278047726,1.2702277371494792,1.2199664174106948
2020-01-21,1.2150939120231214,1.2355419676420332,1.271707213589839,1.2634407292084953,1.2158831741176213
2020-01-22,1.2169817140267827,1.2374615382851275,1.2736829715144986,1.2654036441046252,1.216635915367558
2020-01-23,1.204695555359441,1.2249686235363941,1.2608243797217429,1.252628637076574,1.205100345529589
2020-01-24,1.1754834676062873,1.1952649438254415,1.2302512508860861,1.2222542428940735,1.1738758187239948
2020-01-27,1.1728941649710816,1.192632067435339,1.227541308216819,1.219561915677884,1.1738758187239948
2020-01-28,1.1728941649710816,1.192632067435339,1.227541308216819,1.219561915677884,1.1738758187239948
2020-01-29,1.1728941649710816,1.192632067435339,1.227541308216819,1.219561915677884,1.1738758187239948
2020-01-30,1.1704991843064596,1.190196783138749,1.2250347413107785,1.2170716422204915,1.1738758187239948
2020-01-31,1.1700333064109827,1.1897230652754933,1.2245471573681155,1.2165872277220242,1.1738758187239948
2020-02-03,1.1701848782403357,1.189877187812381,1.2247057911879855,1.2167448303737285,1.1738758187239948
2020-02-04,1.1760100198718524,1.195800357109818,1.2308023361214122,1.2228017459074523,1.1789357414592303
2020-02-05,1.1817395654816119,1.2016263216598257,1.2367988310510853,1.2287592617929324,1.1846453849298946
2020-02-06,1.192841884143007,1.212915474299435,1.2484184257092146,1.2403033255452582,1.1939583516469956
2020-02-07,1.195403084120441,1.2155197751097113,1.251098956369866,1.2429664319398497,1.1970033572973944
2020-02-10,1.1979448189051867,1.2181042831597435,1.253759114921242,1.2456092986500835,1.2002944706131493
2020-02-11,1.1993943509719502,1.2195782084952325,1.255276183163781,1.247116505486791,1.200612101204881
2020-02-12,1.2047682413157919,1.2250425326792518,1.2609004522409963,1.2527042151012728,1.205483553611621
2020-02-13,1.2032323175300446,1.2234807617925632,1.2592929671416704,1.251107179144898,1.2041814892032114
2020-02-14,1.204211133311243,1.2244760494524674,1.260317387622597,1.2521249405805548,1.204919748507054
2020-02-17,1.2151083659398534,1.235556664794691,1.2717223409392477,1.2634557582255237,1.2160082121189961
2020-02-18,1.2157081309980446,1.2361665229239998,1.2723500500763063,1.2640793870619265,1.2181864503671294
2020-02-19,1.2159411176610508,1.2364034303738658,1.2725938919860413,1.2643216439249492,1.2179810469367376
2020-02-20,1.2234829419175717,1.2440721712747211,1.2804871027212308,1.272163546385275,1.22618450045546
2020-02-21,1.227492330805187,1.2481490316607622,1.284683295887879,1.2763324630177475,1.2315558188612548
2020-02-24,1.229686509033164,1.2503801343420666,1.2869797046286438,1.2786139444019746,1.2357139873935206
2020-02-25,1.2289103722009826,1.249590936388473,1.2861674062552821,1.2778069262155496,1.234612050544495
2020-02-26,1.2200587729705588,1.2405903791297115,1.2769033958921703,1.2686031347425697,1.2258951780120093
2020-02-27,1.2194016893684876,1.2399222378785906,1.2762156976423336,1.2679199067409008,1.2248848423954928
2020-02-28,1.1979215205995493,1.2180805927814897,1.2537347311077354,1.2455850733387952,1.2043926026957505
2020-03-02,1.2112318054454259,1.2316148680878067,1.267665164867587,1.2594249550345624,1.218018270862054
2020-03-03,1.2136697681443613,1.2340938577364875,1.2702167164143616,1.2619599207188177,1.2206519112229368
2020-03-04,1.2181100531979183,1.2386088655705971,1.274863881935586,1.2665768782481488,1.2256406393100518
2020-03-05,1.2255200450908803,1.2461435555834854,1.2826191180121391,1.274281702927161,1.2315050529504346
2020-03-06,1.2212335362018263,1.2417849117167912,1.278132893349676,1.2698246400919695,1.229289378529711
2020-03-09,1.203058846797367,1.223304371829401,1.2591114141111515,1.2509268062643966,1.214178487968979
2020-03-10,1.2097860576346042,1.2301447906911362,1.2661520571959397,1.257921683023829,1.220012984242777
2020-03-11,1.2038055786764115,1.2240636699922889,1.2598929375043655,1.2517032495174225,1.2142326746773813
2020-03-12,1.1917114581446675,1.2117660250688516,1.2472353312320767,1.2391279215427142,1.2049579608838947
2020-03-13,1.1851251587357392,1.2050688889457366,1.2403421648798143,1.23227956287211,1.1990010646573768
2020-03-16,1.1644223001359395,1.1840176348845406,1.2186747247233085,1.2107529676787554,1.1807616924193565
2020-03-17,1.1604688827736076,1.1799976879335818,1.214537110890944,1.2066422495970444,1.1756628835510987
2020-03-18,1.1508500193315763,1.1702169546535837,1.2044700881655974,1.1966406655868642,1.1694029578525413
2020-03-19,1.1461514478949408,1.1654393138963675,1.1995526022573784,1.1917551448354218,1.166859043665689
2020-03-20,1.1568931479393727,1.176361779293812,1.2107947764609988,1.2029242414811943,1.1737888187184993
2020-03-23,1.139935163086694,1.1591184191182706,1.1930466901182797,1.1852915231075982,1.1602756282715385
2020-03-24,1.156152943251509,1.1756091181641235,1.2100200843719553,1.2021545851267805,1.1736921996891294
2020-03-25,1.169582223809596,1.1892643916870806,1.2240750580575743,1.2161181972008506,1.1846011187802488
2020-03-26,1.1655780485536857,1.1851928326696926,1.2198843214346404,1.2119547016428958,1.1810104384473794
2020-03-27,1.1668352581921866,1.1864711991030372,1.221200106618367,1.2132619338220043,1.1818209477752615
2020-03-30,1.158352135011041,1.177845318746571,1.2123217402332769,1.2044412795236819,1.173963541163315
2020-03-31,1.16273053683974,1.1822974019617285,1.2169041392844586,1.2090402162493568,1.1784461042702477
2020-04-01,1.1560910979366035,1.1755462320930863,1.2099553575781543,1.2021363392177606,1.1717169261313398
2020-04-02,1.1662300675160828,1.1858558240514845,1.2205667190745872,1.2126791275806055,1.1819929349086837
2020-04-03,1.1637314456785006,1.1833151544694436,1.2179516821762493,1.210080989670641,1.1794605414802397
2020-04-06,1.1808377310929001,1.2007093108641231,1.2358549786572577,1.2278685908055196,1.1967980369415052
2020-04-07,1.1827458559678212,1.2026495463793696,1.2378520063304745,1.2298527132124843,1.198731952198796
2020-04-08,1.1839067437838302,1.203829970050504,1.2390669818934161,1.231059837315308,1.1999085306758595
2020-04-09,1.1892421464133747,1.2092551588345495,1.244650970047962,1.2366077404146236,1.2053160470730715
2020-04-10,1.185591684262259,1.2055432653386118,1.2408304266277577,1.2328118862517228,1.201616244956873
2020-04-13,1.1825028280626153,1.202402428709518,1.2375976553399086,1.229600005898317,1.198485639507209
2020-04-14,1.1892929632478049,1.2093068308337098,1.2447041545255382,1.2366605812014977,1.2053675507522719
2020-04-15,1.186535411679717,1.2065028741546442,1.2418181239181225,1.233793200808048,1.202572727876484
2020-04-16,1.1867507489657303,1.2067218352171885,1.2420434941362335,1.234017114630382,1.2027909756800517
2020-04-17,1.1884310141409042,1.2084303765242863,1.243802045736953,1.2357643020537639,1.2044939514660034
2020-04-20,1.1896422691526674,1.2096620149892165,1.24506973518936,1.2370237993964037,1.2057215779062362
2020-04-21,1.1827738054483967,1.2026779662042781,1.2378812580251068,1.229881775875734,1.1987602794469931
2020-04-22,1.1860615311344551,1.2060210189700156,1.2413221644685468,1.2333004463660133,1.2020924423204091
2020-04-23,1.1897701506989162,1.2097920485740403,1.245203574955357,1.2371567742581053,1.205851187910628
2020-04-24,1.1870930093106662,1.2070698552474466,1.2424017009754529,1.2343730066520895,1.2031378620456872
2020-04-27,1.1879928210513724,1.2079848093572638,1.243343436482648,1.2353086564411837,1.2040498357204252
2020-04-28,1.1853301264437925,1.205277305927178,1.2405566823836105,1.23253991100778,1.2013511519001032
2020-04-29,1.187727950938623,1.2077154819110163,1.243066225618768,1.2350332369796229,1.2037813856001112
2020-04-30,1.1911727122754185,1.2112182129822586,1.2466714842722366,1.2386151975969861,1.2072727066318267
2020-05-01,1.196309958318785,1.216441910526849,1.2520480833866683,1.2439570518533294,1.2124793881411444
2020-05-04,1.1963099583187853,1.216441910526849,1.2520480833866685,1.2439570518533294,1.2124793881411444
2020-05-05,1.197297835604129,1.2174464121812845,1.2530819875627017,1.2449842746954722,1.2134806176621076
2020-05-06,1.198329309329253,1.2184952439327246,1.254161519411137,1.2460568303531825,1.214526032876138
2020-05-07,1.196692316728512,1.216830703407155,1.2524482565280322,1.2443546389809852,1.2128669145405122
2020-05-08,1.2022855680045037,1.2225180800112798,1.258302106938044,1.250170660421896,1.218535764688984
2020-05-11,1.201669762341497,1.2218919113398479,1.2576576098369834,1.2495303282138914,1.2179116357428825
2020-05-12,1.200015755724291,1.2202100704795695,1.255926540225315,1.2478104451844318,1.21623527342786
2020-05-13,1.2009677925919429,1.2211781285803365,1.2569229341173562,1.2488004001429316,1.2172001781089186
2020-05-14,1.1965154805040357,1.2166508913164364,1.252263181201701,1.244170759655288,1.2126876881821895
2020-05-15,1.2002973882319181,1.2204964424045561,1.256221294472692,1.248103294659986,1.2165207125050437
2020-05-18,1.2033632426473388,1.2236138901667837,1.2594299922838887,1.251291257105252,1.219628005276361
2020-05-19,1.2077492831896564,1.2280737406426943,1.2640203859494084,1.255851986558677,1.2240733279255054
2020-05-20,1.2062352590486467,1.2265342379361701,1.2624358208366877,1.2542776612813615,1.2225388401020465
2020-05-21,1.2030764846866482,1.2233223065356882,1.259129873779832,1.2509930780381158,1.2193373714700422
2020-05-22,1.1908255257115807,1.21086518383284,1.2463081216931589,1.2382541831530331,1.2069208274640837
2020-05-25,1.1912541947421158,1.211301066666433,1.2467567631462841,1.2386999253787305,1.2073552904226537
2020-05-26,1.1972330630886199,1.2173805496496148,1.2530141971850193,1.24491692239528,1.2134149696756238
2020-05-27,1.1933932267201461,1.2134760950760353,1.2489954562790901,1.2409241515457936,1.2095232337436153
2020-05-28,1.193603218957576,1.213689621141516,1.2492152324136714,1.2411425074348916,1.2097360642544563
2020-05-29,1.19642567382768,1.2165595733396821,1.252169190278843,1.2440773761240542,1.2125966676709563
2020-06-01,1.2092937166583284,1.2296441644164402,1.2656367772123271,1.2574579323180617,1.225638636091753
2020-06-02,1.2090521677214867,1.2293985506035865,1.2653839740977886,1.2572067628771801,1.225393822358396
2020-06-03,1.2096450676007704,1.2300014280241847,1.2660044981955236,1.2578232770010902,1.2259947359242025
2020-06-04,1.207248890723035,1.2275649273841587,1.2634966793427571,1.2553316642682697,1.2235661721106252
2020-06-05,1.209833321333963,1.230192849761733,1.2662015229918104,1.2580190285764352,1.2261855341112846
2020-06-08,1.2110137925509776,1.2313931863906826,1.2674369943798725,1.2592465160554989,1.227381960680312
2020-06-09,1.2140383787134412,1.2344686714223299,1.2706025011796924,1.262391566599943,1.2304474274133628
2020-06-10,1.2141924862773192,1.2346253723660334,1.2707637888782919,1.2625518120191983,1.2306036179085262
2020-06-11,1.2106487392244047,1.2310219898099533,1.2670549325950557,1.25886692324451,1.227011973261112
2020-06-12,1.2098918676652,1.230252381332568,1.266262797096657,1.2580799067134907,1.226244871759846
2020-06-15,1.20464547396087,1.22491769934928,1.2607719649452391,1.252624557621127,1.2209275673402513
2020-06-16,1.2138646864485496,1.234292056198926,1.270420716295395,1.2622109564526633,1.2302713875086575
2020-06-17,1.2149497580534192,1.2353953877953134,1.271556343240375,1.263339244707106,1.2313711250360546
2020-06-18,1.2157212811210218,1.2361798943421693,1.2723638128859822,1.2641414962924393,1.2321530760767847
2020-06-19,1.2201253199402524,1.2406580459767405,1.2769730433988897,1.2687209408650786,1.2366166402691237
2020-06-22,1.2195110859172231,1.2400334753934323,1.2763301911631988,1.268082242892933,1.2359941042054226
2020-06-23,1.2215485041665946,1.2421051800804774,1.2784625362101025,1.2702008082206364,1.2380590603776986
2020-06-24,1.2224071605375622,1.2429782862425742,1.2793611988485614,1.2710936634880834,1.2389293224231286
2020-06-25,1.2181234777885044,1.2386225160752191,1.2748779320007861,1.2666393685735102,1.2345877410441126
2020-06-26,1.2181234777885044,1.2386225160752191,1.2748779320007861,1.2666393685735102,1.2345877410441126
2020-06-29,1.2171693663592305,1.2376523485013298,1.273879366889752,1.2656472564269494,1.233620733761476
2020-06-30,1.2226953764189348,1.243223750315382,1.2796138478400507,1.2727093377753258,1.2405041129420715
2020-07-01,1.2307956649437315,1.2514600381697856,1.2880912180564885,1.2790694140262777,1.246703250886421
2020-07-02,1.2383566189596595,1.2591479363895162,1.2960041468597363,1.2843621904330713,1.251862096434759
2020-07-03,1.2432615406824425,1.264135209014249,1.3011374007184586,1.2902310682439946,1.257582465451247
2020-07-06,1.2592185844959771,1.2803601626996977,1.3178372710444533,1.30609771709631,1.2730476172936231
2020-07-07,1.2597523447887005,1.2809028845302428,1.3183958787526104,1.3066979808086652,1.273632691655793
2020-07-08,1.26821055409269,1.2895031024542334,1.3272478315464569,1.314982605382528,1.2817076782635144
2020-07-09,1.2737811706913302,1.2951672466007618,1.3330777694673026,1.3229792936036764,1.2895020145929623
2020-07-10,1.2687440694500278,1.2900455752370643,1.3278061829170853,1.315631121205203,1.2823397837423212
2020-07-13,1.2783981238319115,1.2998617158112982,1.3379096493348948,1.3268663731773034,1.2932907337099653
2020-07-14,1.2748668343828733,1.2962711379805871,1.334213972581004,1.3227720484040877,1.2893000136216124
2020-07-15,1.271891136740901,1.2932454800337219,1.3310997513423464,1.3175951998288622,1.2842541624134558
2020-07-16,1.2524823221215315,1.2735108022344657,1.3107874246286844,1.2984657464406335,1.26560876954794
2020-07-17,1.2541094417331766,1.275165240277509,1.3124902893219745,1.3006837079882578,1.2677706067722858
2020-07-20,1.2643903321049825,1.285618741068567,1.323249771971217,1.310837463954715,1.2776674274086597
2020-07-21,1.2728258648621495,1.2941959017191524,1.3320779925878627,1.3173747499665476,1.2840392909162635
2020-07-22,1.2761524160872544,1.2975783038852617,1.335559400218323,1.320886347872139,1.28746202972676
2020-07-23,1.275708759168485,1.2971271982141002,1.3350950903436838,1.3227006245848252,1.2892303971436567
2020-07-24,1.2600466847843017,1.2812021663303192,1.3187039207568652,1.3063911705475946,1.273333645063257
2020-07-27,1.262989050998147,1.2841939332329564,1.3217832589348504,1.3092795801909565,1.2761489650551063
2020-07-28,1.2642931544618474,1.2855199318669654,1.3231480705497065,1.3110732600437853,1.2778972568045994
2020-07-29,1.2748159554640572,1.2962194048330822,1.334160725165225,1.320756207158106,1.2873351821534553
2020-07-30,1.270740371509575,1.2920753940955452,1.3298954161056087,1.3184323719092144,1.2850701503048727
2020-07-31,1.274612988784527,1.2960130304561266,1.3339483100544898,1.3216036100372872,1.2881611419588426
2020-08-03,1.2832764734417077,1.3048219701920774,1.3430150941052703,1.3286101523459257,1.2949903874852107
2020-08-04,1.2857508800206159,1.307337920678326,1.3456046883612254,1.330525858768356,1.2968576179876348
2020-08-05,1.2919675771194907,1.313658992656593,1.3521107828872767,1.3352684356350382,1.301480186499112
2020-08-06,1.2921334175999286,1.3138276175062653,1.3522843435135727,1.3356219091971953,1.3018247156030145
2020-08-07,1.2853977287701912,1.306978840215237,1.3452350973419571,1.3302438798493414,1.2965827743934077
2020-08-10,1.2868141309604282,1.308419023008811,1.3467174353729117,1.3303589104850009,1.29669489424074
2020-08-11,1.2804597884062088,1.3019579945847217,1.340067287770233,1.3249102213420456,1.2913840812441186
2020-08-12,1.2754185874864568,1.2968321547112585,1.334791410694823,1.317586035838815,1.2842452303132454
2020-08-13,1.2757758822322052,1.2971954482366486,1.3351653380959059,1.3190091588758617,1.28563234198775
2020-08-14,1.2801800276355648,1.3016735367866645,1.3397745036777253,1.3239242708208836,1.2904230796702663
2020-08-17,1.2902436438242655,1.3119061154821812,1.3503065976749442,1.3330442020247437,1.2993122359232665
2020-08-18,1.2944560501252855,1.3161892457371958,1.354715098385318,1.3371931344684869,1.3033561818644335
2020-08-19,1.287358105790199,1.3089721308727877,1.3472867331215381,1.3300646903231605,1.296408119161749
2020-08-20,1.2767991513490895,1.2982358974716828,1.3362362420653533,1.3202208674417337,1.2868133889204918
2020-08-21,1.2790608991343946,1.3005356187417099,1.338603277912724,1.3238112130020763,1.290312882718717
2020-08-24,1.2838907398887938,1.3054465498304466,1.3436579556610708,1.3270346505764834,1.293454752940125
2020-08-25,1.2835999620237137,1.305150889967078,1.343353641610345,1.3250961258330543,1.2915652815220342
2020-08-26,1.2784366255192152,1.2999008639204732,1.3379499433387727,1.3202560276121074,1.286847659381677
2020-08-27,1.2794529341372922,1.3009342357938043,1.3390135627867983,1.322536875458178,1.2890707916005317
2020-08-28,1.285790303370962,1.3073780059247522,1.345645946933069,1.3291779369237495,1.2955438045798684
2020-08-31,1.2872212716023268,1.3088329993151662,1.3471435290782117,1.3301365168971109,1.2964781282029019
2020-09-01,1.2908099346895037,1.312481914055423,1.3508992503070214,1.3331691566346906,1.2994340286240578
2020-09-02,1.2864063792085763,1.308004425332308,1.346290702109489,1.3312417053821253,1.297555350488104
2020-09-03,1.279678886557339,1.3011639818290486,1.3392500336619002,1.3251128538001278,1.2915815861969038
2020-09-04,1.2737813139600769,1.2951673922749114,1.3330779194054436,1.3223204652906444,1.288859857575818
2020-09-07,1.2653915887290046,1.2866368082332529,1.324297638730223,1.3151728033085401,1.281893063333372
2020-09-08,1.2632735943663376,1.2844832539257085,1.32208104826265,1.3184894867632413,1.285125819898257
2020-09-09,1.2531682328993206,1.2742082290719194,1.311505265676069,1.3053995062506327,1.2723670742976265
2020-09-10,1.2468381239761344,1.2677718411480217,1.3048804798196207,1.3006189252179448,1.267707463295111
2020-09-11,1.2507195899959032,1.2717184748189134,1.308942634436876,1.3052438808517612,1.2722153869157173
2020-09-14,1.2553163260038633,1.2763923874624403,1.3137533560312262,1.3105971212828158,1.2774331664787233
2020-09-15,1.2602848099751383,1.2814442895103906,1.318953131065164,1.3134696043626406,1.2802329629201543
2020-09-16,1.2616971338272949,1.2828803254928611,1.3204312009047243,1.3108140416712704,1.2776445978134925
2020-09-17,1.261387190083555,1.2825651779664122,1.320106828772311,1.3079451614509148,1.274848313063111
2020-09-18,1.270231332756435,1.2915578088654553,1.329362680765173,1.3174648852508255,1.2841271453756828
2020-09-21,1.262582675092224,1.2837807345020689,1.321357965565237,1.3136297178183265,1.2803890247910155
2020-09-22,1.2538822125989608,1.2749341960927776,1.3122524822995685,1.3038970264944916,1.270902613983095
2020-09-23,1.252298438053409,1.2733238308553283,1.3105949804561574,1.302129944511937,1.2691802470590838
2020-09-24,1.2425312078424098,1.263392614292887,1.3003730696891098,1.2915672261453521,1.2588848125960181
2020-09-25,1.2426492631700432,1.2635126517036728,1.3004966206855102,1.2917373296188794,1.2590506116926958
2020-09-28,1.2426014591692123,1.2634640451003116,1.3004465913301817,1.290486061256477,1.2578310060027842
2020-09-29,1.242129188029358,1.2629838447912412,1.299952335195622,1.2933262512055008,1.2605993264737092
2020-09-30,1.240759941163535,1.2618297976980035,1.2987645082729118,1.2921444788439405,1.2594474582257245
2020-10-01,1.2554671502008368,1.2768341735231892,1.314208073503413,1.3075093255264192,1.274423505732106
2020-10-02,1.2514687363045076,1.2768341735231892,1.314208073503413,1.3075093255264192,1.274423505732106
2020-10-05,1.256297429394633,1.2768341735231892,1.314208073503413,1.3075093255264192,1.274423505732106
2020-10-06,1.26029084205869,1.2777099219830852,1.315109455781722,1.3084061133018983,1.2752976007755685
2020-10-07,1.2598331729308425,1.2787787642598039,1.3162095838786145,1.3095006338538275,1.276364425073991
2020-10-08,1.2627017318920157,1.2785776675416232,1.3160026009077104,1.3092947059112596,1.2761637080271813
2020-10-09,1.2612988846899484,1.2782754805827687,1.3156915687084871,1.308985259097454,1.275862091598458
2020-10-12,1.2726786591148416,1.2924362632443511,1.330266848166764,1.32348624581187,1.2899961386483483
2020-10-13,1.274308057575825,1.2923664214332962,1.330194962033185,1.3234147260944629,1.289926428698899
2020-10-14,1.2728201082371087,1.2888405480504361,1.3265658836751713,1.319804145782382,1.286407212178438
2020-10-15,1.2683652551348366,1.2846964754069934,1.3223005108976167,1.315560514354497,1.282270963559957
2020-10-16,1.2689639143711104,1.285830878624082,1.3234681189530872,1.3167221709078754,1.2834032250194436
2020-10-19,1.2665935993680673,1.2841458841263116,1.3217338033945771,1.314996695458533,1.2817214117977136
2020-10-20,1.271586150386801,1.2879639246055745,1.3256636008004257,1.3189064620009643,1.2855322438019847
2020-10-21,1.267128368850772,1.2867869168044153,1.3244521410925516,1.3177011773147103,1.2843574581960444
2020-10-22,1.2675437204145839,1.2854921224869087,1.3231194471680945,1.3163752763638397,1.2830651084551494
2020-10-23,1.2596322974283463,1.2790887971575342,1.3165286916732661,1.309818115100342,1.2766738726284275
2020-10-26,1.2546146586687459,1.277128853906956,1.3145113794044294,1.3078110854243095,1.2747176297581841
2020-10-27,1.2589365907521928,1.2797477877090795,1.317206971375644,1.310492937492667,1.277331619003297
2020-10-28,1.2558189379439102,1.281678334655286,1.3191940268880926,1.3124698646362807,1.2792585210695036
2020-10-29,1.2489593977256455,1.278453654508058,1.3158749579190505,1.3091677135411963,1.2760399291306965
2020-10-30,1.238352216019795,1.2680935239751012,1.3052115785458371,1.2985586872741952,1.2656993585637126
2020-11-02,1.2451329486095322,1.271182257921078,1.3083907220657087,1.3017216261445506,1.2687822609682151
2020-11-03,1.255495404436583,1.2799221122409192,1.3173863985181062,1.3106714500636607,1.2775056144097554
2020-11-04,1.2611697995704971,1.2820086117376555,1.3195339714299477,1.3128080764214602,1.2795881745874813
2020-11-05,1.2679519465191385,1.2896230016204508,1.3273712402517555,1.3206053973159013,1.2871881884731269
2020-11-06,1.2628938755978503,1.2881320073514984,1.325836603455187,1.3190785828309926,1.285700009207043
2020-11-09,1.2776286715971277,1.2960156721743197,1.3339510290977574,1.3271516478294965,1.2935687896406005
2020-11-10,1.2777790482560307,1.2933630249791175,1.3312207369170028,1.3244352724246247,1.2909211506534235
2020-11-11,1.276986249142134,1.2921280426942718,1.329949605768547,1.323170620453539,1.2896885000198435
2020-11-12,1.275691367666447,1.291432409111548,1.329233610465811,1.322458274703855,1.288994179795978
2020-11-13,1.272730263695159,1.290161278625722,1.3279252730312483,1.3211566060935978,1.2877254492093588
2020-11-16,1.280271909067454,1.2954224282015658,1.333340420426156,1.3265441515368905,1.292976665714731
2020-11-17,1.2781045309226848,1.2933887108671165,1.3312471746503305,1.3244615754002103,1.2909467880463683
2020-11-18,1.2785385304623016,1.292495153711903,1.3303274624027501,1.3235465510865136,1.290054917930473
2020-11-19,1.2793981190244292,1.2936785414690328,1.3315454888127214,1.3247583690032378,1.2912360714470024
2020-11-20,1.283693302848507,1.296325115814338,1.3342695303866792,1.327468525661747,1.2938776490498463
2020-11-23,1.2904476300773695,1.3007355711027688,1.3388090830302992,1.331984939413055,1.298279777381865
2020-11-24,1.2930056627107582,1.2994783094431934,1.3375150203729995,1.3306974728190293,1.2970248894371
2020-11-25,1.289568278732903,1.2944899891829247,1.3323806882136584,1.3255893112470243,1.292045987144514
2020-11-26,1.2880102333900396,1.2945787516463318,1.3324720488213653,1.3256802061737645,1.2921345820240517
2020-11-27,1.2913199655364238,1.297116828906068,1.3350844175181686,1.3282792591712689,1.294667867384238
2020-11-30,1.2851267867979461,1.292125249922791,1.3299467312505373,1.323167760587449,1.2896857125211256
2020-12-01,1.2912725175838724,1.298660138473328,1.3366729009213123,1.3298596457971987,1.296208263177147
2020-12-02,1.2938114115776658,1.2994801716379194,1.3375169370755706,1.3306993797518323,1.2970267481159945
2020-12-03,1.2959361569640815,1.3006657538858493,1.338737222210744,1.331913444880642,1.298210091980117
2020-12-04,1.3001948061230026,1.3038368786494376,1.3420011681896449,1.3351607539570887,1.301375229648053
2020-12-07,1.2972082325530807,1.3017831081791094,1.3398872823075176,1.333057642920332,1.2993253367042084
2020-12-08,1.2962308005639094,1.300699661038676,1.3387721218515263,1.3319481666318627,1.2982439351161097
2020-12-09,1.2917997038773716,1.2962123240945504,1.334153437168121,1.3273530241905902,1.2937650702812553
2020-12-10,1.295270090719313,1.29689759028751,1.3348587616197694,1.3280547534803775,1.2944490426890278
2020-12-11,1.2917288813216046,1.2939093700460211,1.3317830739163816,1.3249947430941482,1.291466464218756
2020-12-14,1.29551572275547,1.2970672520314674,1.3350333894910291,1.3282284912428919,1.2946183841109655
2020-12-15,1.2973850406757006,1.2980106679915089,1.3360044199482866,1.3291945721883922,1.295560018898075
2020-12-16,1.3000295217478692,1.3000289471301267,1.3380817756406365,1.3312613392361263,1.2975744875179787
2020-12-17,1.3078632275987234,1.3070437536339516,1.3453019108254216,1.3384446721314278,1.304576050040361
2020-12-18,1.3106855694037174,1.3083914443169686,1.3466890494319324,1.339824740250303,1.3059211962782264
2020-12-21,1.31599801151047,1.3163286709881752,1.3548586047186173,1.3479526538875013,1.3138434374351953
2020-12-22,1.301872924254065,1.3038644452807502,1.342029541717063,1.3351889828596846,1.3014027442334604
2020-12-23,1.3069520785131687,1.3067330139264275,1.3449820755321202,1.3381264670944515,1.3042658970105903
2020-12-24,1.3066866578437233,1.3062911011955483,1.3445272276820641,1.3376739376832913,1.303824818612633
2020-12-25,1.3114457664745234,1.3118947475365441,1.3502948969809474,1.343412208164874,1.3094178852479579
2020-12-28,1.3095282024094919,1.3099765269823367,1.3483205286632953,1.3414479035472102,1.3075032863014753
2020-12-29,1.3070314454562153,1.307024250274761,1.3452818365881873,1.338424700216085,1.3045565835035873
2020-12-30,1.3147448597929716,1.3142468453916232,1.3527158425155468,1.3458208137174497,1.3117655423333126
2020-12-31,1.3217901494501667,1.3212894663518393,1.3599646063070807,1.3530326292952208,1.318794866799481
2021-01-01,1.3316065604081213,1.3311021589348189,1.3700645238080815,1.3630810657524177,1.3285890329796413
2021-01-04,1.3316065604081213,1.3311021589348189,1.3700645238080815,1.3630810657524177,1.3285890329796413
2021-01-05,1.335933380025334,1.3354273395897573,1.3745163057661969,1.3675101562046654,1.332906047683278
2021-01-06,1.3382173756333462,1.3377104700395195,1.376866265167709,1.369848137453942,1.335184867575754
2021-01-07,1.3397360289818814,1.3392285481348467,1.378428778554721,1.371402686437573,1.336700079534048
2021-01-08,1.339556824362261,1.3390494113970286,1.3782443983499135,1.3712192460532675,1.3365212810109164
2021-01-11,1.3287688866569807,1.3282655600725581,1.367144895557684,1.3601763193639067,1.3257577896380193
2021-01-12,1.3375576429002998,1.3370509872085565,1.3761874787772723,1.3691728109596142,1.3345266298562775
2021-01-13,1.3369437218771933,1.336437298733434,1.3755558271771176,1.3685443789971696,1.3339141000261174
2021-01-14,1.332425681783047,1.3319209700353638,1.3709073021293585,1.3639195482935935,1.3294062981746624
2021-01-15,1.332934649930444,1.3324297453893945,1.3714309697215816,1.364440546658738,1.3299141129557872
2021-01-18,1.3391938473723932,1.3386865718993695,1.3778709382658836,1.3708476895586228,1.3361591265526482
2021-01-19,1.33768237543684,1.3371756724972108,1.3763158136982154,1.3693004917340712,1.3346510797370525
2021-01-20,1.341096889634158,1.3405888933050614,1.379828942055385,1.372795713062987,1.3380578563714471
2021-01-21,1.3476988157304384,1.3471883186467442,1.3866215375579083,1.3795536855204897,1.3446448219730105
2021-01-22,1.3426743401458434,1.342165746291392,1.3814519507185736,1.374410448966694,1.3396317322517441
2021-01-25,1.3442727085331798,1.3437635092302689,1.3830964813847781,1.3760465971737077,1.3412264786092234
2021-01-26,1.3338997483825004,1.3333944782704883,1.3724239410625274,1.365428456652616,1.33087702441944
2021-01-27,1.3362606623081803,1.3357544979016063,1.3748530402494996,1.3678451742968403,1.333232588324275
2021-01-28,1.3230179544680831,1.3225168062888142,1.3612278714116282,1.3542894553226512,1.3200198895229835
2021-01-29,1.3198232617146342,1.31932332365849,1.357940913134467,1.351019251246143,1.3168324362008423
2021-02-01,1.326867461944106,1.3263648556037653,1.3651885560347055,1.3582299516459884,1.323860673708085
2021-02-02,1.3297223299917187,1.3292186422515329,1.368125875171975,1.3611522987564486,1.3267090723983446
2021-02-03,1.3246690307690256,1.3241672571768277,1.362926632243785,1.3559795572784956,1.3216672243601326
2021-02-04,1.3223860634103473,1.3218851545872925,1.3605777307890954,1.3536426285850884,1.319389430389808
2021-02-05,1.3203337771510513,1.3198336457171,1.358466172705996,1.3515418334828342,1.317341794777262
2021-02-08,1.3254765995368427,1.3249745200450231,1.3637575243060733,1.3568062141417778,1.3224729631175554
2021-02-09,1.3372094078467927,1.3367028840651174,1.3758291863934846,1.3688163448609652,1.334179183942959
2021-02-10,1.3424738095687858,1.341965291675727,1.3812456286469112,1.3742051785632243,1.3394316561088273
2021-02-11,1.348786988745735,1.3482760794729,1.387741137966043,1.3806675791370346,1.345730529113963
2021-02-12,1.3507390979934344,1.3502274492783033,1.389749625838883,1.3826658293983156,1.347678214728531
2021-02-15,1.3507390979934344,1.3502274492785828,1.3897496258394264,1.3826658294000094,1.3476782147306483
2021-02-16,1.3507390979934344,1.3502274492785988,1.3897496258394575,1.3826658294001062,1.3476782147307693
2021-02-17,1.3518760137478179,1.3513639343790813,1.3909193767169101,1.3838296178544354,1.348812554145129
2021-02-18,1.3502248494722286,1.349713395550631,1.389220525371044,1.382139425849898,1.3471651315393975
2021-02-19,1.354719583135802,1.3542064266462226,1.393845070877743,1.3867403992395462,1.3516496797731001
2021-02-22,1.3524737647390592,1.351961458947512,1.391534391280715,1.3844414975828192,1.3494089505867686
2021-02-23,1.3548703422549597,1.3543571286598617,1.394000184053779,1.3868947217798573,1.3518000972658821
2021-02-24,1.3466511715074723,1.346141071266272,1.3855436364594527,1.3784812786868967,1.3435995518231632
2021-02-25,1.3497946376754983,1.3492833467154624,1.388777888682716,1.3816990453618154,1.3467358946440828
2021-02-26,1.3342470344533295,1.3337416327955978,1.372781257065671,1.3657839513675236,1.331223523537494
2021-03-01,1.3411145455143025,1.3406065424998603,1.3798471078577705,1.3728137862816363,1.3380754722612829
2021-03-02,1.3337280372146256,1.3332228321476616,1.3722472707302213,1.365252686849265,1.3307057023801776
2021-03-03,1.3434073997582254,1.3428985282298167,1.3822061817400855,1.375160835553044,1.3403631307142387
2021-03-04,1.3321193105679023,1.3316147148744362,1.3705920826517795,1.3636059355585377,1.3291006212466707
2021-03-05,1.3309573863612247,1.330453230795733,1.3693966010581318,1.3624165475464176,1.3279413300593526
2021-03-08,1.3243995417824947,1.3238978702735509,1.3626493601853265,1.3557036985367745,1.321398346080522
2021-03-09,1.3123814025893097,1.3118842834511233,1.3502841266088244,1.3434014927133806,1.309407440954133
2021-03-10,1.311942405706415,1.3114454528566994,1.349832451111783,1.3429521194856453,1.308969438874258
2021-03-11,1.323474121744583,1.32297280077743,1.3616972132071912,1.3547564048196106,1.3204750231216964
2021-03-12,1.319859526598454,1.3193595748097007,1.3579782253880952,1.3510563733301169,1.316868618937503
2021-03-15,1.3170596759662632,1.3165607847374974,1.3550975126179245,1.3481903440553802,1.3140751129909132
2021-03-16,1.3193380387989784,1.3188382845452187,1.3574416765638964,1.3505225593879508,1.3163483128694498
2021-03-17,1.3222631609929538,1.3217622987271722,1.3604512788478338,1.3535168212032354,1.3192668065008126
2021-03-18,1.3251610553107565,1.3246590953453343,1.3634328668881468,1.356483211562983,1.3221581339466355
2021-03-19,1.3141149985760114,1.3136172227652236,1.3520677903638205,1.3451760648192026,1.3111371084664052
2021-03-22,1.3182881727475122,1.3177888161731515,1.3563614894594467,1.3494478781811425,1.3153008258903367
2021-03-23,1.3152018310059186,1.3147036435108848,1.3531860114636363,1.3462885861460205,1.3122214780378387
2021-03-24,1.3085780026138785,1.3080823241709874,1.346370881110085,1.3395081937062479,1.3056126597814863
2021-03-25,1.3091001614853026,1.3086042852522193,1.3469081203854318,1.3400426945760848,1.306133635393207
2021-03-26,1.3159892040881673,1.3154907183439608,1.3539961245722283,1.3470945699715857,1.3130070668784564
2021-03-29,1.3174679598610932,1.3169689139766474,1.3555175881069055,1.348608278341554,1.314482471673001
2021-03-30,1.3177732812263823,1.3172741196884912,1.3558317274200629,1.3489208164307391,1.3147871011536183
2021-03-31,1.3131190144482061,1.3126216159037418,1.3510430413406527,1.3441565391217671,1.3101433813128847
2021-04-01,1.322047125436495,1.3215463449979585,1.3602290039916567,1.3532956793176434,1.3190512604847118
2021-04-02,1.3263865272187636,1.3258841030452768,1.3646937314935768,1.3577376493277902,1.3233808288273732
2021-04-05,1.3256481621066565,1.3251460176197267,1.363934041750528,1.3569818318559705,1.3226441369099073
2021-04-06,1.32564816210679,1.3251460176223027,1.3639340417521053,1.3569818318559705,1.3226441369129096
2021-04-07,1.3262087917197916,1.3257064348752003,1.3645108628402285,1.357555712785211,1.3232034960962114
2021-04-08,1.3268497653809241,1.3263471657410122,1.3651703483820212,1.358211836813973,1.3238430172597464
2021-04-09,1.3235244548825387,1.3230231148415215,1.3617490000042278,1.3548079276467462,1.320525242180785
2021-04-12,1.3154224711434017,1.3149242000676997,1.3534130238814845,1.3465144414485466,1.312441618189024
2021-04-13,1.3160078686425296,1.315509375824707,1.3540153281738851,1.3471136756898183,1.3130256891322596
2021-04-14,1.3225998487632769,1.322098858969767,1.360797690459161,1.3538614670832312,1.3196027313101661
2021-04-15,1.3239182062429258,1.3234167170679874,1.362154123257991,1.3552109859064065,1.3209181012875448
2021-04-16,1.3301844609792448,1.3296805981986168,1.3686013529174217,1.3616253529112199,1.3271701561867302
2021-04-19,1.3365981395011257,1.3360918472736467,1.3752002640914502,1.3681906282823555,1.3335693007993847
2021-04-20,1.3367950789141,1.3362887120857416,1.3754028912860072,1.3683922226519332,1.3337657939296372
2021-04-21,1.3362058965213208,1.3356997528653978,1.3747966927869253,1.3677891140555967,1.3331779466656632
2021-04-22,1.3386904733757983,1.3381833885831913,1.3773530263966292,1.3703324175864464,1.3356568932698571
2021-04-23,1.3415146273780227,1.3410064728222397,1.380258744440913,1.373223324676817,1.3384746475156517
2021-04-26,1.33803693599146,1.3375300987543517,1.376680614280978,1.369663432872094,1.335004836854866
2021-04-27,1.33996667901639,1.3394591108117533,1.3786660899759346,1.3716387882488874,1.3369302069307236
2021-04-28,1.341115861931536,1.3406078584293164,1.3798484623018492,1.3728151338145214,1.3380767857090146
2021-04-29,1.3439641044844761,1.343455022096703,1.3827789645965614,1.3757306988242788,1.3409185739214768
2021-04-30,1.3388172603889754,1.3383101275777403,1.3774834751340264,1.370462201399209,1.33578339298198
2021-05-03,1.3444791043940167,1.3439698269246985,1.3833088381521377,1.3762578715243339,1.3414324067953212
2021-05-04,1.3452045063452909,1.344694954104838,1.3840551903499159,1.3770004194314125,1.34215616493349
2021-05-05,1.3446990251637274,1.3441896643956321,1.3835351104294091,1.3764829904488547,1.3416518292132247
2021-05-06,1.345494839517584,1.3449851772983241,1.3843539085966576,1.3772976150610468,1.3424458401839527
2021-05-07,1.3459022887560839,1.3453924721991826,1.3847731253263582,1.3777146949694246,1.3428523661106233
2021-05-10,1.3499404961591333,1.3494291499631157,1.3889279596951496,1.381848351422038,1.34688142261166
2021-05-11,1.3462976229313717,1.3457876566262215,1.3851798770993946,1.378119373457001,1.3432468044281487
2021-05-12,1.35416590179531,1.353652955054717,1.3932753987481148,1.3861736308167703,1.3510972531439085
2021-05-13,1.3441040248993243,1.3435948895049221,1.3829229260320006,1.3758739264669688,1.34105817725845
2021-05-14,1.3472250179068122,1.346714700312699,1.386134056054056,1.37906868879463,1.344172097852722
2021-05-17,1.3524008798214893,1.3518886016569278,1.3914594013944945,1.3843668899183967,1.3493362308521004
2021-05-18,1.3579715077142105,1.3574571194394391,1.397190913896718,1.390069187902685,1.354894235251423
2021-05-19,1.3535192437311578,1.3530065419288075,1.392610064626704,1.3855116880262268,1.3504520604465895
2021-05-20,1.3516586568767393,1.351146659842964,1.3906957423911455,1.3836071234292666,1.3485956898240812
2021-05-21,1.3477560803773796,1.3472455616123864,1.386680456068555,1.3796123037185555,1.3447019568827008
2021-05-24,1.3492593065563498,1.3487482183896864,1.3882270967404338,1.3811510608878834,1.3462017766396956
2021-05-25,1.3573946850891778,1.3568805153097396,1.3965974321290526,1.389478731215363,1.3543187197524595
2021-05-26,1.3577069917431082,1.3571927036653626,1.3969187584731035,1.3897984197024003,1.354630318695433
2021-05-27,1.359455005714991,1.3589400555063997,1.3987172566203874,1.3915877505892145,1.356374371529968
2021-05-28,1.360303980519829,1.3597887087273164,1.3995907505613345,1.3924567921786424,1.3572214224905004
2021-05-31,1.364983864181298,1.3644668196867367,1.4044057933599616,1.3972472918643213,1.3618907011584864
2021-06-01,1.3710097556088976,1.3704904285605077,1.4106057178103577,1.4034156142151948,1.3679029374364944
2021-06-02,1.3649026548940624,1.3643856411685873,1.404322238681935,1.3971641630741367,1.361809675907043
2021-06-03,1.3651712580638864,1.3646541425936245,1.4045985993464052,1.3974391150801508,1.362077670400346
2021-06-04,1.3621630043498887,1.3616470283831643,1.401503464632379,1.394359756806704,1.3590762336332927
2021-06-07,1.3621513190376406,1.361635347495733,1.4014914418372082,1.3943477952947714,1.3590645747991597
2021-06-08,1.3600478329690049,1.3595326582127487,1.3993272052506793,1.3921945901982087,1.3569658554019868
2021-06-09,1.3619692072685765,1.361453304711788,1.4013040705223887,1.3941613790425171,1.358882875713158
2021-06-10,1.3645337492112977,1.3640168752285489,1.4039426786825926,1.3967865377555864,1.3614416061992622
2021-06-11,1.3660008344168482,1.3654834047151048,1.4054521345938356,1.3982882997061357,1.3629053668727003
2021-06-14,1.3575084188294344,1.356994205984375,1.396714450608611,1.3895951532211706,1.3544321957814525
2021-06-15,1.3575084188296573,1.3569942059886717,1.3967144506112419,1.3895951532211706,1.3544321957864602
2021-06-16,1.3491841671333114,1.3486731074507092,1.3881497872379622,1.3810741454313875,1.3461268075143158
2021-06-17,1.351628617170728,1.3511166315462144,1.3906648351300863,1.3835763736883355,1.348565718226246
2021-06-18,1.349723689639309,1.349212425586971,1.3887048916245035,1.381626420355967,1.346665107415342
2021-06-21,1.3500707171403552,1.3495593216418313,1.3890619415865466,1.3819816503688536,1.347011348530006
2021-06-22,1.3537903750674523,1.3532775705932925,1.3928890264913607,1.3857892279539816,1.350722577413305
2021-06-23,1.3601733548434243,1.359658132551235,1.3994563523130499,1.3923230789685805,1.357091092846335
2021-06-24,1.358300754822874,1.357786241857215,1.3975296699650062,1.3904062172559881,1.3552227362892661
2021-06-25,1.3644145673609729,1.3638977385364224,1.4038200547638018,1.396664538863896,1.3613226944399748
2021-06-28,1.3655910484448897,1.3650737739738548,1.4050305136484433,1.3978688278316789,1.362496509517113
2021-06-29,1.3594445263582682,1.358929580138692,1.3987064746221753,1.3915770235361884,1.3563639159432381
2021-06-30,1.3622963623925708,1.3617803362887346,1.4016406744966976,1.394496266975142,1.3591214920184782
2021-07-01,1.3597708581593084,1.3592557887291397,1.3990422314903699,1.391911068685888,1.356601873586263
2021-07-02,1.3572181704685709,1.3567040679902804,1.3964158199438912,1.3892980444176333,1.354055135025836
2021-07-05,1.361765162402556,1.3612493376102721,1.4010941329889437,1.3939525112817832,1.358591530123163
2021-07-06,1.3628923690169648,1.3623761171216142,1.402253894313444,1.3951063611042567,1.3597161095970012
2021-07-07,1.3642557544616494,1.3637389860731282,1.4036566555220833,1.3965019721956067,1.3610763175672136
2021-07-08,1.3589559886153912,1.358441227767072,1.398203827797564,1.3910769384860038,1.3557889030177246
2021-07-09,1.362117954443281,1.3616019959393253,1.4014571139702512,1.3943136420881124,1.3589434998787653
2021-07-12,1.3690627080910538,1.3685441189555023,1.4086024381852655,1.4014225453372355,1.3658720685580608
2021-07-13,1.3752500746941934,1.374729141902171,1.4149685013571995,1.4077561595702879,1.3720450154056862
2021-07-14,1.3732205213581095,1.3727003572586602,1.412880332740403,1.4056786347167196,1.3700201918988422
2021-07-15,1.3754589828378332,1.3749379707641822,1.4151834429460803,1.407970005569212,1.3722534365027017
2021-07-16,1.3749074014355371,1.374386598302231,1.4146159313899875,1.407405386718521,1.3717031405838764
2021-07-19,1.3719649704307804,1.3714452816065386,1.4115885203921763,1.404393406972235,1.3687675666856065
2021-07-20,1.3717982991731295,1.3712786735216087,1.4114170355239166,1.4042227961910405,1.368601283907336
2021-07-21,1.3743038101968914,1.3737832356289996,1.4139949079054166,1.4067875287014941,1.3711009559474068
2021-07-22,1.3775354664836623,1.3770136678708962,1.4173198972587695,1.4100955700003301,1.3743250808625078
2021-07-23,1.3747908209922868,1.3742700620432102,1.4144959840022404,1.4072860507227691,1.3715868318643731
2021-07-26,1.3652329991791152,1.3647158606707144,1.4046621239246186,1.397502315548234,1.362051284850982
2021-07-27,1.351707447635793,1.3511954324889053,1.3907459426064386,1.3836570674387718,1.3485572549889693
2021-07-28,1.3512843900050653,1.3507725351214352,1.3903106667012215,1.3832240102105129,1.3481351833214046
2021-07-29,1.3647024918174637,1.364185554335631,1.4041162950481951,1.396959268854542,1.3615220139424766
2021-07-30,1.3639662465782671,1.3634495879932416,1.4033587864020995,1.3962056213619842,1.3607874845600134
2021-08-02,1.3679763454320613,1.3674581676872037,1.4074847004174325,1.4003105048779294,1.3647882375600882
2021-08-03,1.3636152140274072,1.3630986882175342,1.4029976157173534,1.3958462916336851,1.3604372698670988
2021-08-04,1.3721021555512178,1.371582414856015,1.4117296675421334,1.4045338346674232,1.3689044322054151
2021-08-05,1.3679027263781356,1.3673845764386052,1.4074089551780797,1.400235145727959,1.3647147899795613
2021-08-06,1.3694503698044023,1.3689316336001076,1.4090012959009741,1.4018193700128618,1.3662588265416098
2021-08-09,1.367058465048344,1.3665406347898088,1.4065403108377519,1.3993709290235419,1.3638724960821618
2021-08-10,1.3712502094055434,1.370730791433185,1.41085311644603,1.4036617515050485,1.3680544715601577
2021-08-11,1.374560368723759,1.3740396969331237,1.4142588760659065,1.4070501513714608,1.3713569165082438
2021-08-12,1.374297933819399,1.3737773614301427,1.4139888618114358,1.406781513427063,1.3710950932077826
2021-08-13,1.3740633562761038,1.3735428727053203,1.4137475094620002,1.4065413912939706,1.3708610623087858
2021-08-16,1.3727957969813067,1.3722757934942802,1.4124433419427127,1.4052438713463582,1.369596457028275
2021-08-17,1.3654231220161592,1.3649059112107371,1.4048577376664704,1.3976969322218475,1.3622409642625093
2021-08-18,1.3667530646580193,1.3662353500386923,1.406226090215226,1.399058310039893,1.3635678073831137
2021-08-19,1.3618985406108512,1.361382664747425,1.4012313632586078,1.394089042082789,1.358724596826141
2021-08-20,1.3566978929614055,1.356183986989462,1.3958805163478174,1.388765469376283,1.353536069350376
2021-08-23,1.3643611089549836,1.3638443004145966,1.4037650527373917,1.3966098168993881,1.3611814262331716
2021-08-24,1.3738219772976574,1.3733015851804735,1.4134991592479504,1.4062943069636726,1.3706202458967014
2021-08-25,1.3768079814783845,1.376286458350017,1.416571401846716,1.4093508898028742,1.373599291184157
2021-08-26,1.3696272393957019,1.3691084362102555,1.409183273641493,1.4020004201805183,1.3664352839520775
2021-08-27,1.3731638123422525,1.3726436696164892,1.412821985914963,1.4056205852987669,1.3699636149152892
2021-08-30,1.3758561826232338,1.3753350200864922,1.41559211420893,1.408376593763437,1.37264971059396
2021-08-31,1.3772339138623653,1.3767122294315999,1.4170096355322204,1.4097868897334631,1.3740242309655082
2021-09-01,1.3750713989619556,1.3745505336016082,1.4147846653051008,1.4075732605708609,1.3718667557809496
2021-09-02,1.3798531090425845,1.379330432484744,1.4197044753632966,1.412467993494821,1.3766373220387076
2021-09-03,1.3794885777361625,1.3789660392382592,1.4193294160727672,1.4120948459477567,1.376273640256996
2021-09-06,1.3856854294148693,1.3851605435824654,1.4257052382547475,1.418438169450272,1.3824560499719365
2021-09-07,1.3932326868794545,1.3927049421827873,1.4334704671241918,1.4261638175917526,1.3899857183043858
2021-09-08,1.39072182825962,1.3901950347021153,1.4308870927098685,1.4235936110868246,1.387480711369459
2021-09-09,1.3906913386618067,1.3901645565937797,1.4308557225437952,1.423562400821932,1.3874502927562844
2021-09-10,1.392450898032526,1.3919234495345232,1.432666099532745,1.4253635500004265,1.3892057515157425
2021-09-13,1.3911529958207358,1.3906260389871756,1.431330712769319,1.4240349699357615,1.387910874138564
2021-09-14,1.385765604466317,1.3852406883350135,1.4257877288342355,1.4185202395585352,1.3825360382586878
2021-09-15,1.3854451927106803,1.3849203980416203,1.4254580633095364,1.418192254393585,1.382216373344285
2021-09-16,1.3769379690714694,1.3764163968755785,1.416705143600969,1.4094839498464253,1.3737289760438842
2021-09-17,1.37537452764876,1.374853547654775,1.4150965486201068,1.4078835541558918,1.3721691782462182
2021-09-20,1.3776538763549064,1.3771320328929306,1.4174417269109167,1.4102167786653326,1.374443214780327
2021-09-21,1.3781907549276369,1.3776687081226557,1.4179941110077738,1.4107663471631715,1.3749788421688587
2021-09-22,1.3794500884448082,1.3789275647052368,1.419289815182873,1.4120554469046462,1.376235240882447
2021-09-23,1.3827556003236388,1.3822318245360723,1.4226907931415704,1.415439089482518,1.3795330492340787
2021-09-24,1.3780691069456363,1.3775471064011962,1.4178689497314938,1.4106418238498402,1.3748574779102762
2021-09-27,1.3739041008992399,1.3733836780904436,1.4135836546648055,1.4063783716789569,1.3707021786102027
2021-09-28,1.3766531973079748,1.3761317331450997,1.4164121473849394,1.409192447077942,1.3734448681473608
2021-09-29,1.3694936450709798,1.3689748928626024,1.4090458210079644,1.401863668154853,1.3663020014235252
2021-09-30,1.377961868955126,1.3774399104918564,1.4177586159127016,1.4105320511715758,1.3756790532461596
2021-10-01,1.381977055191661,1.3814535689578573,1.4218897580424306,1.41464214211766,1.3785064612773292
2021-10-04,1.3819770728104288,1.3814535689578573,1.4218897602312799,1.4146421596376693,1.3785066214483042
2021-10-05,1.3822764336592848,1.3817528050748191,1.4221977566241164,1.4149485959946586,1.3788240913970213
2021-10-06,1.38166743012806,1.3811440451616441,1.4215711762416046,1.4143251981357754,1.3781783202788562
2021-10-07,1.3848789299367679,1.3843543208140747,1.4248754200378808,1.4176126063038346,1.3815831284544202
2021-10-08,1.3854643559381017,1.3849395212177156,1.4254777501765972,1.418211869608664,1.3822039028630941
2021-10-11,1.3914032061015893,1.3908761107920569,1.4315881095752145,1.4242910930237624,1.3889312035445631
2021-10-12,1.3841625871632743,1.383638236744744,1.4241383772184206,1.4168793313316523,1.3805939580495674
2021-10-13,1.3866775695316413,1.386152268444249,1.426725996276234,1.4194537591141059,1.383288248816843
2021-10-14,1.389532934800777,1.3890065450164149,1.4296638205610976,1.42237661498839,1.3847653570884897
2021-10-15,1.3929932909557166,1.3924655829897672,1.4332241081094057,1.4259187616002627,1.3886199071563992
2021-10-18,1.3942008620288453,1.3936727011072383,1.4344665589305645,1.4271548755457122,1.3913940157818196
2021-10-19,1.3991802095298311,1.3986501559193882,1.4395897084157976,1.4322519171532042,1.396316854471056
2021-10-20,1.397276193011516,1.3967468544426367,1.4376306966370447,1.4303028961862874,1.394634534182997
2021-10-21,1.3942799060215896,1.3937517128044494,1.434547883652378,1.4272357877921429,1.39085791636474
2021-10-22,1.3911840081108262,1.3906569799185289,1.4313625665533516,1.4240667134963423,1.3871221947092416
2021-10-25,1.3961887777616568,1.3956598497359582,1.436511874651393,1.429189778216771,1.3927046885531782
2021-10-26,1.3963954067519355,1.395866397016504,1.4367244681542874,1.4294012910905038,1.3924521003802073
2021-10-27,1.385799519353731,1.3852745391177586,1.4258225766098638,1.4185549545681804,1.3820548517368212
2021-10-28,1.3788913368815314,1.3783689758655766,1.4187148820044888,1.4114834869808526,1.3735751848697986
2021-10-29,1.3799274550893974,1.379404701057355,1.4197809237217474,1.4125440953706558,1.37523398262197
2021-11-01,1.3773175879497657,1.3767958198236898,1.417095678899881,1.4098725400533683,1.373020934726755
2021-11-02,1.3746349958791924,1.3741142439133418,1.4143356112368992,1.4071265409222016,1.369420759434398
2021-11-03,1.3771953671435122,1.3766736684953658,1.4169699492289485,1.4097474310543618,1.373098462780742
2021-11-04,1.3760488039915517,1.3755275523711554,1.4157902838401086,1.4085737675458139,1.3723200630093848
2021-11-05,1.3724071888686875,1.37188729754531,1.4120434783841893,1.4048460768637174,1.3669195952526685
2021-11-08,1.375277355022735,1.3747563705430377,1.4149965320545939,1.40778408349744,1.3686837417167588
2021-11-09,1.376251565710549,1.375730200774202,1.4159988684525289,1.408781320772121,1.369301908192788
2021-11-10,1.3777325380132677,1.3772106302181593,1.4175226289314007,1.4102972985921987,1.3708282564761827
2021-11-11,1.3856039387927765,1.3850790472030838,1.4256213606895392,1.418354751595202,1.3774132078004278
2021-11-12,1.3857121225467182,1.3851871960474311,1.4257326743778502,1.41846549261093,1.377482983535643
2021-11-15,1.3820654552091605,1.3815419111630443,1.4219806891140316,1.414732630889666,1.3740675880679272
2021-11-16,1.3827108446781906,1.38218705285112,1.4226447149978945,1.4153932750036218,1.3741666496479752
2021-11-17,1.3851154813927293,1.3845907975321723,1.425118816760432,1.4178547494408267,1.3771918079938508
2021-11-18,1.381515896755742,1.3809925679170147,1.4214152653017846,1.4141700830091877,1.373020193124216
2021-11-19,1.3872738026670655,1.3867483136395415,1.4273394834529551,1.4200640862170875,1.3792900759565911
2021-11-22,1.3887149435000004,1.3881889012578326,1.4288222390680272,1.4215392903469364,1.3818502072898111
2021-11-23,1.3861304785634443,1.3856053921927685,1.4261631116141495,1.4188937370545278,1.3812581701326332
2021-11-24,1.390184282343719,1.3896576608554556,1.430333993185275,1.4230433585405333,1.3861777006219016
2021-11-25,1.3898594581991055,1.389332960020834,1.4299997880787167,1.4227108567010998,1.3857961466065813
2021-11-26,1.382678595385848,1.3821549055808897,1.4226116155915796,1.4153602660782918,1.3776256774261337
2021-11-29,1.3804949278963972,1.3799720581181858,1.4203648754222604,1.4131249841451887,1.3756801315187057
2021-11-30,1.376126234475472,1.375605047793788,1.4158700358964291,1.4086530309722372,1.3713892787208124
2021-12-01,1.3791220350036457,1.378599731044457,1.4189523736100358,1.4117196422222422,1.3750054263750062
2021-12-02,1.3749411904542124,1.3744204616444986,1.4146507748996628,1.407439976932529,1.3710334752962217
2021-12-03,1.3797909487057762,1.3792683810186641,1.4196405967597698,1.412404366393774,1.3764914087698985
2021-12-06,1.376502308493949,1.3759809543948593,1.4162569486699081,1.4090379933302917,1.372178778492414
2021-12-07,1.3803119459607072,1.3797891263487765,1.4201765914813644,1.4129376765987078,1.3764565614391409
2021-12-08,1.3840793163379106,1.3835550661792486,1.4240527636474192,1.4167940942864314,1.380313095865519
2021-12-09,1.386101793281132,1.3855767903920067,1.4261336635923285,1.4188643758770436,1.382931271993285
2021-12-10,1.3834224899435377,1.3828984948829963,1.4233769732311496,1.416121743005678,1.3804261403305806
2021-12-13,1.3889590371860305,1.3884329523277579,1.4290734275022123,1.4217891550090718,1.385548044707342
2021-12-14,1.3845783153876374,1.3840538964670328,1.4245661925568913,1.417304888514797,1.380785059075516
2021-12-15,1.3805469594727173,1.380024065712049,1.4204184058487381,1.4131782454403439,1.3777379357967787
2021-12-16,1.3867860234971927,1.38626075571726,1.4268376498084672,1.4195647787268377,1.38326186720508
2021-12-17,1.3835265918976039,1.3830025731507698,1.4234840959913535,1.4162283060251928,1.3783791638578025
2021-12-20,1.3722850714930819,1.3717653302509984,1.4119179281117469,1.4047210760991233,1.3666033223834293
2021-12-21,1.3776123496586627,1.3770905667802047,1.4173990412793038,1.4101742717291281,1.373012712587346
2021-12-22,1.380419768205861,1.3798969095004423,1.420287529309891,1.413048047434453,1.3762355570909273
2021-12-23,1.3857506677541351,1.3852257752494521,1.4257723767827672,1.4185049503133127,1.3807178181465074
2021-12-24,1.384566295801813,1.3840418585566345,1.4245538051310098,1.4172925841589181,1.3792490611312986
2021-12-27,1.3818637732557753,1.3813403369097919,1.42177321073969,1.4145261827985263,1.3764490488965127
2021-12-28,1.386253130335196,1.385728028262627,1.4262893335117384,1.4190192887834234,1.3807667636379932
2021-12-29,1.3821305163973694,1.3816069733132255,1.4220476525000336,1.414799230645077,1.3769372373225257
2021-12-30,1.3855161878334417,1.3849913614657992,1.4255311043497074,1.418264927446767,1.381052500263037
2021-12-31,1.3910280899315317,1.3905011756838759,1.431202194990117,1.4239071115640567,1.3865466447852142
2022-01-03,1.390351371362199,1.3898247134520383,1.4305059321979925,1.4232143977429808,1.3858721063854769
2022-01-04,1.390420689148454,1.389894004981074,1.4305772519424014,1.4232853539584018,1.385941200852117
2022-01-05,1.3846542257298509,1.3841297258689964,1.4246442480284105,1.4173825915844753,1.3801933151241343
2022-01-06,1.383705292043962,1.383181151634281,1.4236679083096266,1.4164112284369443,1.379247438597401
2022-01-07,1.3850599848207537,1.3845353312604536,1.4250617257959268,1.4177979413961002,1.3805977669897394
2022-01-10,1.3877141684462464,1.3871885094949135,1.427792564560584,1.4205148606064968,1.3832433996891855
2022-01-11,1.385818254371115,1.3852933135822303,1.4258418948325744,1.418574133777158,1.3813535936394719
2022-01-12,1.3951090885966548,1.3945806284878068,1.435401056457798,1.4280845707135967,1.3906144957851012
2022-01-13,1.3901887439546567,1.3896621476469166,1.4303386079690101,1.423047926394335,1.3857100029111398
2022-01-14,1.390160173144347,1.389633587659082,1.4303092120087675,1.423018680270351,1.3856815241467924
2022-01-17,1.3911617265117495,1.390634761643248,1.4313396911113834,1.424043906843975,1.3866798508313483
2022-01-18,1.3941439474296393,1.3936158529112748,1.4344080411716897,1.4270966169969723,1.3896524639925332
2022-01-19,1.3939011782663409,1.39337317570768,1.434158260623113,1.4268481096227565,1.3894104769534033
2022-01-20,1.3995123088767,1.3989821808507783,1.4399314455818133,1.4325918676660598,1.3950035303054948
2022-01-21,1.395982301862296,1.395453510984778,1.4362994888845233,1.4289784236759187,1.3914848958384287
2022-01-24,1.3946620939709462,1.3941338031813506,1.4349411522372477,1.4276270107038564,1.3901689412323213
2022-01-25,1.3826057591870848,1.3820820352747638,1.4225366199843819,1.4152857064826152,1.3781514480817745
2022-01-26,1.3860971564360611,1.3855721100005158,1.4261288518325275,1.4188596281079917,1.38163159717166
2022-01-27,1.3748414570808634,1.3743206742460323,1.4145480780581456,1.407337883526772,1.3704121600599128
2022-01-28,1.373912763308007,1.373392332257575,1.4135925627987442,1.406387238692777,1.3694864582397215
2022-01-31,1.3855107101563384,1.3849858858636115,1.4255254684725094,1.4182593202966027,1.3810470402332473
2022-02-01,1.3889083604009893,1.3883822490959186,1.4290212458210405,1.4217372790675173,1.3844337443415062
2022-02-02,1.3889083604009893,1.3883822490959186,1.4290212458210405,1.4217372790675173,1.3844337443415062
2022-02-03,1.3889083604009893,1.3883822490959186,1.4290212458210405,1.4217372790675173,1.3844337443415062
2022-02-04,1.3889083604009893,1.3883822490959186,1.4290212458210405,1.4217372790675173,1.3844337443415062
2022-02-07,1.3889355739983607,1.3884094523849198,1.4290492453708505,1.4217651358988124,1.3844608702654186
2022-02-08,1.3906190461284376,1.3900922868244587,1.4307813376450542,1.4234883994011724,1.3861389187897029
2022-02-09,1.3947061308167754,1.3941778233462505,1.4349864609056115,1.4276720884261547,1.3902128362055954
2022-02-10,1.39702360710826,1.396494421789699,1.4373708679346409,1.4300443417229867,1.392522846333777
2022-02-11,1.3883906016393586,1.3878646864586293,1.4284885337345734,1.421207282306059,1.3839176536320923
2022-02-14,1.3877554462167747,1.3872297716296351,1.427835034469144,1.4205571140386375,1.3832845444760118
2022-02-15,1.3895814010571863,1.389055034807795,1.4297137244786886,1.4224262280425,1.385104616677161
2022-02-16,1.3911178288139316,1.3905908805736509,1.431294525609747,1.4239989715586585,1.3866360945577947
2022-02-17,1.3923648659347683,1.391837445323274,1.4325775782508068,1.4252754842600164,1.3878791141260791
2022-02-18,1.3956410956420395,1.3951124340116734,1.4359484283308865,1.4286291525382255,1.3911447888748805
2022-02-21,1.3965689577121898,1.3960399446124692,1.436903087867282,1.4295789460109816,1.3920696616718442
2022-02-22,1.3919992496684572,1.3914719675505145,1.4322014026676857,1.4249012261084582,1.387514675757795
2022-02-23,1.3988464046647653,1.3983165288799155,1.439246309475165,1.431910223815833,1.3943397714227734
2022-02-24,1.3947818793776237,1.3942535432139358,1.435064397150996,1.427749627417109,1.3902883407289417
2022-02-25,1.3920621984787394,1.3915348925161128,1.4322661694945384,1.424965662807669,1.3875774217672547
2022-02-28,1.3947197034723522,1.3941913908605756,1.4350004255513251,1.42768598189167,1.3902263651344409
2022-03-01,1.4001578159040213,1.3996274433633755,1.440595595415358,1.4332526322138213,1.395646957716771
2022-03-02,1.402232438547408,1.401701280150433,1.4427301349710169,1.4353762916547144,1.397714896593207
2022-03-03,1.4044441351503023,1.4039121389740903,1.4450057073017455,1.4376402650023972,1.3999194678209357
2022-03-04,1.3957043234505382,1.3951756378698055,1.436013482213668,1.4286938748301918,1.3912078129837144
2022-03-07,1.3946290175165765,1.3941007392561713,1.4349071205060135,1.4275931524382015,1.39013597133965
2022-03-08,1.3872007342305652,1.3866752697654585,1.427264301916728,1.4199892906080753,1.3827316195934247
2022-03-09,1.3848673551309185,1.3843427745377488,1.4248635327925594,1.417600758616514,1.3804057578908142
2022-03-10,1.3824453036523214,1.381921640519728,1.4223715303537605,1.415121458342198,1.3779915094831412
2022-03-11,1.382085462716258,1.3815619358895501,1.4220012968974634,1.414753112029423,1.3776328278388472
2022-03-14,1.3629512182973107,1.3624349394234483,1.4023144388030142,1.395166601232301,1.3585602278017785
2022-03-15,1.3332830493676893,1.3327780086428074,1.3717894272660425,1.364797180922427,1.3289876401710627
2022-03-16,1.3568763571628757,1.3563623794149988,1.3960641303780486,1.3889481517029951,1.3525049379162226
2022-03-17,1.3692653294978625,1.3687466588713266,1.408810907044778,1.4016299558595353,1.3648539969666824
2022-03-18,1.376067367900909,1.3755461206973985,1.4158093942524135,1.4085927705757404,1.3716341213895533
2022-03-21,1.3754161118439183,1.3748951113328345,1.415139329352206,1.4079261211114267,1.370984963470132
2022-03-22,1.3804529827903413,1.379930074338588,1.4203216695267726,1.4130820460079507,1.3760056072382407
2022-03-23,1.3843000235904968,1.383775657899581,1.4242798162221928,1.4170200173497716,1.3798402541101598
2022-03-24,1.383926499913045,1.3834022757109665,1.4238955048549964,1.4166376648836272,1.3794679338058702
2022-03-25,1.3799221071222234,1.3793993997634282,1.4197754617061134,1.4125386223023757,1.375476441880794
2022-03-28,1.3770244830162455,1.3765028732624782,1.4167941516874667,1.4095725085329947,1.3725881529878
2022-03-29,1.375493464520662,1.3749724347087842,1.4152189160417525,1.4080053021339458,1.3710620669414282
2022-03-30,1.3842608126808233,1.3837364618427972,1.424239472867232,1.416979879631821,1.379801169525427
2022-03-31,1.3794929462181136,1.3789704014232496,1.4193339062453623,1.4120993174697458,1.3750486635872095
2022-04-01,1.3811317112212076,1.3806085456706343,1.421020000211726,1.4137768171254754,1.376682149016487
2022-04-04,1.3868404806493542,1.3863151526464408,1.4268936438824087,1.4196205218252191,1.3823725266254634
2022-04-05,1.3848218597869908,1.3842972964272218,1.4248167234880988,1.4175541878509945,1.3803604091103345
2022-04-06,1.3848218597869908,1.3842972964272218,1.4248167234880988,1.4175541878509945,1.3803604091103345
2022-04-07,1.3744760095264976,1.3739553651213106,1.4141720760443321,1.4069637980041032,1.3700478898521788
2022-04-08,1.3762482103230724,1.3757268946173875,1.415995459546328,1.4087778874071144,1.371814381187723
2022-04-11,1.3614528701506707,1.3609371588433385,1.4007728170393878,1.3936328373244316,1.3570667068432087
2022-04-12,1.370929129635205,1.3704098287697806,1.4105227591667846,1.4033330823216694,1.3665124368672275
2022-04-13,1.3663820406068874,1.3658644621552742,1.405844346239556,1.398678516068928,1.3619799970974253
2022-04-14,1.37399379408756,1.3734733323430877,1.4136759338027385,1.4064701846847574,1.369567227956306
2022-04-15,1.3719358800080472,1.3714161977907868,1.4115585853688808,1.4043636287396484,1.3675159438141369
2022-04-18,1.3726965800184554,1.3721766096519648,1.4123412550593737,1.4051423090282584,1.3682741930937512
2022-04-19,1.3722363449699742,1.37171654893814,1.411867728021093,1.4046711956386484,1.3678154407745855
2022-04-20,1.36354133357431,1.3630248311678317,1.402921597109087,1.395770664692934,1.359148441909342
2022-04-21,1.3543986895076154,1.3538856502874344,1.3935149055039087,1.386411920611029,1.3500352525015766
2022-04-22,1.3512691441578224,1.3507572903932372,1.390294976153584,1.3832084037938184,1.346915789540446
2022-04-25,1.3207468120910757,1.3202465200280507,1.3588911325030748,1.3519646309298843,1.3164917906117053
2022-04-26,1.316081980069317,1.3155834550205405,1.3540915760620127,1.3471895386526131,1.3118419871785214
2022-04-27,1.3295748339962556,1.3290711979241814,1.367974115384176,1.361001316286695,1.3252913714693788
2022-04-28,1.3322671418766399,1.331762485972262,1.3707441794654436,1.363757260875416,1.3279750055996125
2022-04-29,1.3507841119670805,1.3502724419301808,1.3897959358099359,1.382711907144542,1.3464323199674373
2022-05-02,1.3532169404468195,1.3527043488670716,1.3922990264990467,1.3852022391503551,1.3488573106562065
2022-05-03,1.3532169404468195,1.3527043488670716,1.3922990264990467,1.3852022391503551,1.3488573106562065
2022-05-04,1.3520643234876608,1.3515521685132572,1.3911131209563383,1.384022378371948,1.3477084070582113
2022-05-05,1.3516842797726338,1.3511722687568242,1.3907221012471966,1.3836333517574448,1.347329587721813
2022-05-06,1.337783262075348,1.3372765166931622,1.3764196100288364,1.369403762794133,1.333473354633012
2022-05-09,1.335929826477319,1.3354237831669535,1.3745126455934351,1.3675065184840938,1.3316258902084188
2022-05-10,1.3375068419089318,1.3370002012332751,1.3761352066068107,1.3691208090252125,1.3331978250034755
2022-05-11,1.3431417629155191,1.3426329877609227,1.3819328690490795,1.374888919785918,1.3388145921067576
2022-05-12,1.341479819266083,1.3409716736471473,1.3802229270168418,1.3731876936220033,1.3371580027052825
2022-05-13,1.3482017298265727,1.3476910379826748,1.3871389722198326,1.3800684865543502,1.3438582574316975
2022-05-16,1.348083409882572,1.3475727628576568,1.3870172350926036,1.3799473699421745,1.343740318676505
2022-05-17,1.3552326175051599,1.354719262397365,1.394372918069704,1.3872655597393624,1.3508664938513018
2022-05-18,1.3514270799405257,1.3509151663506822,1.3904574732595052,1.3833700726240727,1.3470732165048487
2022-05-19,1.3519063032844265,1.3513942081672583,1.390950536991746,1.3838606231257575,1.3475508959452525
2022-05-20,1.3625299743552535,1.3620138550464171,1.401881028953275,1.394735400491793,1.358140340964438
2022-05-23,1.362650739493635,1.3621345744395885,1.402005281894232,1.394859020094162,1.3582607170363814
2022-05-24,1.3480769171398572,1.3475662725743593,1.3870105548338132,1.3799407237338115,1.3437338468513191
2022-05-25,1.3542533616135468,1.3537403774428198,1.3933653804134458,1.3862631576756432,1.3498903928072452
2022-05-26,1.3566574106131077,1.3561435158010506,1.3958388604458785,1.3887240299553822,1.3522866967340663
2022-05-27,1.3627630699279656,1.3622468623237318,1.4021208565295256,1.3949740056256823,1.3583726855781781
2022-05-30,1.3663418272039127,1.365824263984928,1.4058029714384126,1.3986373521622555,1.3619399132491024
2022-05-31,1.3738948450679005,1.3733744208048047,1.4135741270490476,1.4063688968575825,1.3694685977185657
2022-06-01,1.3711450945956345,1.370625711923799,1.4107449613837206,1.4035541519357302,1.3667277060580079
2022-06-02,1.374379546406959,1.3738589385415023,1.4140728269857268,1.4068650548350028,1.3699517375057886
2022-06-03,1.3848051809358817,1.3842806238939749,1.4247995629372152,1.4175371147703881,1.3803437839931196
2022-06-06,1.3848051809358817,1.3842806238939749,1.4247995629372152,1.4175371147703881,1.3803437839931196
2022-06-07,1.3832040122010707,1.3826800616736015,1.4231521510521692,1.4158981000267616,1.3787477737090401
2022-06-08,1.3893726665332877,1.3888463793514545,1.4294989615042455,1.4222125596955195,1.3848965546208238
2022-06-09,1.3828164574835693,1.382292653759823,1.4227534034162472,1.4155013848760492,1.3783614675682017
2022-06-10,1.3879638148265805,1.387438061310489,1.4280494209308896,1.4207704076795116,1.383492241781232
2022-06-13,1.383571640480395,1.3830475506972346,1.4235303967569912,1.4162744177482403,1.379114217608277
2022-06-14,1.3826919193986806,1.382168162849317,1.4226252685627954,1.4153739031479602,1.3782373307049713
2022-06-15,1.3805958877532853,1.3800729251698707,1.4204687016944917,1.4132283286715035,1.3761480517994586
2022-06-16,1.3776506793915524,1.377128832437836,1.4174384331452938,1.410213505921731,1.3732123319518947
2022-06-17,1.3822128952555788,1.3816893201580835,1.422132409784446,1.414883556555482,1.3777598498236057
2022-06-20,1.378840480329977,1.3783181826858173,1.418662596573036,1.4114314295781585,1.374398299734333
2022-06-21,1.3782842909191213,1.3777622039566344,1.418090343926666,1.4108620938018457,1.37384390218689
2022-06-22,1.367056279682432,1.3665384458325431,1.4065380579279398,1.399368691789651,1.362652063991502
2022-06-23,1.3751175849431803,1.3745966975125425,1.414832180718884,1.407620538011718,1.3706873983191976
2022-06-24,1.3745754721393528,1.3740547900582418,1.4142744112242362,1.4070656115640148,1.3701470320284819
2022-06-27,1.3844614141639573,1.3839369873391263,1.424445867880948,1.417185222558591,1.3800011247271797
2022-06-28,1.3922374364047636,1.3917100640629165,1.4324464684293972,1.4251450426714634,1.3877520951250775
2022-06-29,1.3826365952987039,1.382112859705823,1.4225683466545358,1.4153172713804465,1.3781821848414526
2022-06-30,1.385443133960941,1.3849183352734258,1.4254559402192926,1.4181901449271468,1.3809796815469295
2022-07-01,1.3796859401246773,1.3791633222323856,1.4195324727459573,1.4122968672478342,1.3752410350949764
2022-07-04,1.3838782556231366,1.3833540497034351,1.4238458664751916,1.4165882767056461,1.379419844560443
2022-07-05,1.381700511565491,1.3811771305639655,1.4216052242436028,1.4143590443155067,1.3772491149280435
2022-07-06,1.3695309348046767,1.3690121635758334,1.4090841788978126,1.4019018187290349,1.3651187443249502
2022-07-07,1.3707196064436493,1.3702003849521422,1.410307181570547,1.4031185918005233,1.3663035870463365
2022-07-08,1.3708668643398196,1.3703475870677837,1.4104586930788834,1.4032693335069515,1.366450370874598
2022-07-11,1.3626132912968982,1.362097140435607,1.4019667496821537,1.3948206751433476,1.3582233882091683
2022-07-12,1.3541685651670536,1.3536556131243072,1.3932781302965525,1.3861763350876037,1.3498058671343707
2022-07-13,1.3528947724773865,1.3523823029407172,1.3919675493908676,1.3848724345420664,1.3485361782097762
2022-07-14,1.3527728871528162,1.3522604637856768,1.3918421437712234,1.3847476676208847,1.3484146854877839
2022-07-15,1.3390138013244999,1.3385065898278496,1.3776856841996428,1.3706633683832559,1.3346999273514577
2022-07-18,1.3556260558178554,1.355112551685195,1.3947777165004713,1.387668284800626,1.3512586632289427
2022-07-19,1.3518054785904994,1.3512934216727157,1.3908467979784982,1.383757403981272,1.3474503948329053
2022-07-20,1.356885793329893,1.3563718120151842,1.396073836512077,1.3889577989296493,1.3525143423655175
2022-07-21,1.3508494359066778,1.350337741132914,1.3898631429628512,1.3827787592116245,1.346497431701418
2022-07-22,1.3523113267520783,1.3517990782216296,1.3913672542981896,1.3842752031238972,1.34795461270461
2022-07-25,1.3497088737953715,1.3491976110606314,1.3886896407935616,1.38161123994558,1.3453605443064611
2022-07-26,1.3590836163388331,1.3585688025001452,1.3983351338482535,1.3912075674070528,1.354705084323388
2022-07-27,1.3582090494446502,1.3576945668873748,1.3974353093308653,1.3903123317675379,1.3538333353294885
2022-07-28,1.365792572586297,1.365275217429711,1.4052378513690307,1.3980751033880077,1.3613924268661655
2022-07-29,1.363297923714476,1.3627815135179693,1.4026711556606029,1.3955214935018354,1.3589058153645779
2022-08-01,1.3659652677375176,1.365447847164902,1.4054155320481365,1.3982518708463185,1.36156456458362
2022-08-02,1.355681899155993,1.3551683738701652,1.394835170996035,1.3877254403996913,1.3513143258054403
2022-08-03,1.352387815887649,1.3518755383835117,1.3914459506012284,1.3843534913087072,1.3480308544305797
2022-08-04,1.3539471085288084,1.3534342403726902,1.3930502761381602,1.3859496362548906,1.3495851230994715
2022-08-05,1.3620951618834949,1.3615792072869435,1.4014336525979274,1.3942902819900316,1.3577069261575616
2022-08-08,1.3642688501448355,1.363752072166423,1.4036701194050054,1.3965153510928963,1.359873611769725
2022-08-09,1.3651779052800372,1.364660782956245,1.4046054287361538,1.3974458925896411,1.3607797381649134
2022-08-10,1.3613980584613297,1.3608823679239463,1.4007164169971467,1.393576705110683,1.3570120689803167
2022-08-11,1.3713292659166554,1.370809813489296,1.4109344470203624,1.403742654392221,1.3669112816055144
2022-08-12,1.3728405672720085,1.372320542371519,1.4124893956295532,1.4052896755175954,1.368417713802043
2022-08-15,1.3733508241864407,1.3728306060032733,1.413014388252652,1.4058119886553584,1.368926326337875
2022-08-16,1.3736973726993678,1.3731770232454175,1.413370944496785,1.4061667241981792,1.369271757921159
2022-08-17,1.3732992806385174,1.3727790819797792,1.412961355618015,1.405759224634895,1.3688749486065033
2022-08-18,1.3695593992080208,1.3690406171970093,1.4091134641011187,1.401930949977002,1.3651471163643052
2022-08-19,1.3663801801699549,1.365862602430658,1.4058424264966887,1.3986765856100798,1.361978139775292
2022-08-22,1.3705331248463088,1.3700139739930661,1.4101153117474394,1.4029276908940573,1.3661177049520357
2022-08-23,1.3720385219366675,1.3715188008467996,1.4116641871609872,1.40446867561104,1.3676182527279568
2022-08-24,1.3640412799646657,1.3635245881886597,1.4034359781888277,1.3962824084311223,1.3596467754665642
2022-08-25,1.36910318305246,1.3685845738537668,1.408644072876062,1.4014639544418768,1.3646923704310037
2022-08-26,1.3704379189181797,1.3699188041284496,1.4100173575702684,1.4028302410727154,1.3660228064616544
2022-08-29,1.3675418562694825,1.3670238384932925,1.4070376553152222,1.3998657313106875,1.3631360746216914
2022-08-30,1.364296930907464,1.363780142292204,1.4036990119809047,1.3965440993928175,1.3599016024876687
2022-08-31,1.3583371156148827,1.357822584546805,1.397567071177544,1.3904434110473276,1.353960987366134
2022-09-01,1.3512454197762183,1.3507335750058145,1.3902705596956682,1.3831840864460805,1.346892138028698
2022-09-02,1.3499200526544166,1.3494087099262182,1.3889069150335214,1.3818273933171243,1.3455710409266812
2022-09-05,1.3524909345135172,1.3519786179485787,1.3915520470481189,1.384459045735417,1.3481336406680828
2022-09-06,1.3582159465234747,1.3577014613536214,1.3974424014565496,1.390319372532487,1.3538402080419512
2022-09-07,1.3563080135063952,1.3557942510516925,1.3954793640804384,1.388366335267885,1.351938420949248
2022-09-08,1.3546028317113838,1.3540897151707185,1.3937249355455559,1.3866208508177664,1.3502387329077337
2022-09-09,1.3609989353343532,1.3604833959827443,1.4003057653945792,1.3931681413459527,1.3566142309485125
2022-09-12,1.3641590987013539,1.3636423622962202,1.4035571973935435,1.396403001544507,1.3597642134699057
2022-09-13,1.3641590987013539,1.3636423622962202,1.4035571971271141,1.3964030003021404,1.359764213332014
2022-09-14,1.3557989005990094,1.3552853309936408,1.394955549547957,1.3878451980440445,1.3514309492749852
2022-09-15,1.3500298064597713,1.3495184221573997,1.3890198379102867,1.381939737986593,1.345680440770905
2022-09-16,1.339970860063699,1.3394632860381528,1.378670380586408,1.3716430344377475,1.335653901179784
2022-09-19,1.3364453667064935,1.3359391281195816,1.3750430681327968,1.368034211855689,1.3321397659464134
2022-09-20,1.3396606443321817,1.3391531878147491,1.3783512053204567,1.3713254852067804,1.3353446847427828
2022-09-21,1.3396327309749547,1.3391252850309572,1.3783224855429608,1.3712969108719817,1.3353168611798065
2022-09-22,1.3374891109447942,1.336982476992968,1.3761169561142448,1.3691026242070068,1.3331801473170395
2022-09-23,1.3313271341352741,1.3308228343083666,1.3697770146339967,1.3627949933495838,1.3270380216886792
2022-09-26,1.3223704532317315,1.3218695461491867,1.3605616563098948,1.3536266048677008,1.3181101959886743
2022-09-27,1.3294738605978795,1.3289702627813944,1.367870216983819,1.360897915136605,1.3251907188254481
2022-09-28,1.3167537591249354,1.3162549796170437,1.3547827489822144,1.3478771602484836,1.3125115979986648
2022-09-29,1.3192965547823317,1.3187968120766076,1.357398982511451,1.35048005733829,1.3150462014384194
2022-09-30,1.3158978739903866,1.3153994187829605,1.353902145051114,1.3470010439348754,1.3115724787414054
2022-10-03,1.3153051028111147,1.314806871993121,1.3532922538487313,1.3463942614659217,1.3109816557495109
2022-10-04,1.3211094011163371,1.3206089711831712,1.3592641844306625,1.352335751962537,1.31676687429344
2022-10-05,1.3211094015677458,1.3206089713849212,1.3592641844306625,1.352335751962537,1.31676687429344
2022-10-06,1.320682526394952,1.3201822577459605,1.3588249804271633,1.351898786666798,1.3163414019757778
2022-10-07,1.3191361366560443,1.3186364532372645,1.3572339286180857,1.3503158447565455,1.3148000943024973
2022-10-10,1.3160973259085285,1.3155987938407965,1.3541073548767422,1.347205207766329,1.3117712726946056
2022-10-11,1.3144397806651205,1.3139418767608746,1.3524019388375468,1.3455084845625611,1.310119176381745
2022-10-12,1.3201939315964573,1.3196938483340732,1.3583222751635282,1.3513986437891288,1.3158544137609258
2022-10-13,1.317667013078456,1.3171678866676113,1.355722376430779,1.3488119972431143,1.3133358007002605
2022-10-14,1.3288623914394804,1.3283590247324732,1.3672410878675614,1.360271995579659,1.3244943803407978
2022-10-17,1.3277764631853817,1.3272735078244091,1.3661237970682663,1.3591603998276833,1.323412021568812
2022-10-18,1.3306868886535383,1.330182831096209,1.369118278625769,1.3621396179334702,1.3263128808467703
2022-10-19,1.3246616040279344,1.3241598284317144,1.3629189778413313,1.355971916184251,1.3203074008155666
2022-10-20,1.3204683886523236,1.3199682014311902,1.3586046587847462,1.351679588046408,1.3161279686757992
2022-10-21,1.3193566159116914,1.318856849647638,1.3574607767550597,1.350541536604686,1.3150198500465855
2022-10-24,1.3089180139561927,1.3084222018246765,1.3467206990117822,1.3398562031151,1.3046155601655804
2022-10-25,1.3078613327687743,1.307365920862657,1.3456334998816122,1.3387745456491917,1.3035623522485575
2022-10-26,1.3125433496664558,1.3120461638996053,1.3504507368571668,1.3435672282360922,1.3082289786098553
2022-10-27,1.3114820368468412,1.3109852529079955,1.349358772046599,1.3424808293813806,1.307171154011135
2022-10-28,1.2966662092213497,1.2961750376367227,1.3341150508445028,1.3273148083748174,1.292404026803783
2022-10-31,1.29387299459995,1.293382881215443,1.3312411660341061,1.32445557231119,1.2896199938231376
2022-11-01,1.3107062015720152,1.3102097118703162,1.3485605306371633,1.341686656762811,1.3063978695696896
2022-11-02,1.3177732703925125,1.3172741034854305,1.355831702089227,1.3489207656475335,1.3134417082988001
2022-11-03,1.3143153821706737,1.3138175253261064,1.3522739474916863,1.3453811456133467,1.3099951866773472
2022-11-04,1.3299249911488895,1.3294212208627127,1.3683343743819179,1.3613597094011787,1.3255534853203197
2022-11-07,1.3339349948084605,1.3334297056468676,1.3724601905955416,1.3654644955315123,1.32955030814678
2022-11-08,1.3332504576215858,1.332745428153436,1.3717558841155582,1.3647637790378904,1.3288680217650637
2022-11-09,1.3319883309966618,1.3314837800446384,1.3704573069788204,1.363471821,1.3276100445616936
2022-11-10,1.3268839570990723,1.3263813394976043,1.3652055140423247,1.3582467974679466,1.3225224486045306
2022-11-11,1.342189071431213,1.3416806559605978,1.3809526526481433,1.3739136698623502,1.337777253901806
2022-11-14,1.3387941525895308,1.338287023550137,1.377459686452776,1.3704385079913188,1.3343934950771643
2022-11-15,1.3501729441650008,1.349661504777122,1.3891671071636462,1.38208625371428,1.3457348840080794
2022-11-16,1.3476870240415244,1.3471765264699687,1.3866093918156337,1.3795415755361309,1.3432571354712521
2022-11-17,1.3458131395802464,1.3453033523336415,1.384681388891547,1.3776234000158782,1.3413894114386045
2022-11-18,1.3433921787578669,1.3428833089240286,1.3821905093028655,1.3751452169222669,1.338976409045252
2022-11-21,1.3379465039475478,1.3374396969355058,1.3765875587379222,1.3695708256801218,1.3335486343810417
2022-11-22,1.3334858442219208,1.3329807267297877,1.3719980710056956,1.3650047314546032,1.3291026366971526
2022-11-23,1.3348404933841511,1.3343348632622238,1.37339184454839,1.366391400663955,1.3304528339967712
2022-11-24,1.3371718161470518,1.336665302945274,1.375790497957343,1.3687778276725153,1.332776493656165
2022-11-25,1.3367987324744472,1.3362923608960882,1.375406639865796,1.3683959261799101,1.3324046368639624
2022-11-28,1.3306775478812478,1.3301734950505126,1.3691086702961248,1.3621300585793408,1.326303572920955
2022-11-29,1.3440197571983459,1.3435106504457026,1.3828362142504818,1.3757876305868675,1.339601926067864
2022-11-30,1.3455813731739703,1.3450716744639097,1.3844429302568226,1.3773861568509398,1.341158408198255
2022-12-01,1.3499701413893883,1.3494587799862339,1.388958449435191,1.3818786595546273,1.345532749950519
2022-12-02,1.3508931375629578,1.3503814267622423,1.3899081029636526,1.3828234725153643,1.3464527126205115
2022-12-05,1.357177779698349,1.3566636888270416,1.3963742519765856,1.3892566623160423,1.352716697886953
2022-12-06,1.3548125243113291,1.3542993300060182,1.3939406871176527,1.3868355018079157,1.3503592182818904
2022-12-07,1.3485775747103093,1.3480667425842712,1.3875256675374723,1.3804531808233813,1.3441447638896684
2022-12-08,1.3532575548361767,1.3527449501649325,1.3923408099302035,1.3852437795039525,1.3488093611551444
2022-12-09,1.358863299706544,1.3583485716275263,1.3981084536060966,1.3909820243844044,1.3543966798104397
2022-12-12,1.351654611345271,1.3511426134966216,1.3906915713644492,1.3836029474261773,1.3472116859305139
2022-12-13,1.350886082005423,1.3503743747601873,1.389900845279054,1.3828162518245883,1.3464456818469708
2022-12-14,1.3531683314106857,1.3526557592915531,1.3922490073366933,1.3851524448460193,1.3487204287640078
2022-12-15,1.3524679081835334,1.3519556016545329,1.3915283557888287,1.3844354665984882,1.3480223083419396
2022-12-16,1.3494137146386014,1.3489025654272695,1.3883859552416091,1.3813090834746868,1.3449781547522728
2022-12-19,1.3405034871397936,1.3399957129213624,1.3792183923627095,1.3721882494370463,1.336097215156271
2022-12-20,1.335763764861456,1.3352577859842594,1.3743417827214206,1.3673364968183732,1.3313730724119384
2022-12-21,1.3379456202989408,1.3374388145432745,1.3765866512845284,1.3695699228521936,1.333547755299122
2022-12-22,1.3373333738030977,1.33682680018552,1.3759567229931529,1.3689432054271655,1.332937521676575
2022-12-23,1.3349557243410013,1.3344500508312382,1.3735104039611041,1.3665093557564103,1.3305676866568255
2022-12-26,1.3442594273106252,1.3437502295395156,1.3830828058101536,1.3760329652216623,1.339840807957769
2022-12-27,1.3495965118604545,1.3490852924322885,1.388574029992075,1.3814961995717707,1.3451603493573694
2022-12-28,1.3471898858852076,1.346679578265094,1.386097898928022,1.3790326898267047,1.3427616343769406
2022-12-29,1.3455125227134113,1.3450028506499023,1.384372092389624,1.3773156800580528,1.3410897850725663
2022-12-30,1.3489835099234873,1.3484725224203316,1.3879433235124055,1.3808687079250244,1.3445493618765367
2023-01-02,1.3554715003716835,1.3549580552534366,1.3946186927534943,1.387510051515314,1.351464527940216
2023-01-03,1.3554715003716835,1.3549580552534366,1.3946186927534943,1.387510051515314,1.351464527940216
2023-01-04,1.3576277771498204,1.3571135152458387,1.3968372446748851,1.389717295048427,1.3532221661269603
2023-01-05,1.3615510030174909,1.361035255017218,1.4008737767077954,1.3937332520967785,1.3575535220961126
2023-01-06,1.3615876222035073,1.361071860332089,1.4009114534876599,1.393770736830808,1.358384435041156
2023-01-09,1.3661799578072122,1.3656624563844304,1.4056364197260265,1.3984716190023072,1.3620535923900157
2023-01-10,1.3650175769805837,1.364500515861239,1.40444046833312,1.3972817636049835,1.3609034138279377
2023-01-11,1.3649214779301275,1.3644044532125728,1.404341593858751,1.3971833931129354,1.3604974029707855
2023-01-12,1.3663748900122286,1.3658573147502042,1.405836981742167,1.3986711587150567,1.3620899369277282
2023-01-13,1.3719916314933815,1.3714719286407047,1.4116159395880767,1.4044206600950018,1.3678812311106907
2023-01-16,1.3751988106770834,1.3746778929626449,1.4149157448878371,1.4077036456488676,1.3707241665465313
2023-01-17,1.3755110369460886,1.3749900009620635,1.4152369885222504,1.4080232518423383,1.3706014345716648
2023-01-18,1.3790452421685204,1.378522867447076,1.418873264656333,1.4116409931736003,1.3745139586849113
2023-01-19,1.3816716597759602,1.3811482901820316,1.421575535481878,1.414329490002047,1.3769501025419695
2023-01-20,1.388798255706008,1.3882721865969003,1.4289079536824971,1.4216245334487874,1.3834802005622315
2023-01-23,1.393112978948875,1.3925852754464327,1.433347289874302,1.4260412414853216,1.3882392965803216
2023-01-24,1.393112978948875,1.3925852754464327,1.433347289874302,1.4260412414853216,1.3882389723837512
2023-01-25,1.393112978948875,1.3925852754464327,1.433347289874302,1.4260412414853216,1.3882389707911431
2023-01-26,1.393112978948875,1.3925852754464327,1.433347289874302,1.4260412414853216,1.3882391841378356
2023-01-27,1.393691324949349,1.393163402372636,1.4339423390088055,1.4266332575392862,1.3888520555715005
2023-01-30,1.3907250318157531,1.3901982328544966,1.4308903767571721,1.4235968517295907,1.3857076652886975
2023-01-31,1.3870885471090315,1.386563125628098,1.4271488672185977,1.419874413388855,1.382708011717526
2023-02-01,1.3930433449390927,1.3925156678136288,1.433275644773931,1.4259699615738854,1.3884602952276843
2023-02-02,1.3906842658174223,1.3901574822981007,1.4308484334014573,1.423555122167273,1.3850778547328872
2023-02-03,1.3868367919556772,1.3863114658382054,1.426889841158095,1.419616707634286,1.3824542763805847
2023-02-06,1.3800519048049071,1.379529148765216,1.4199090005826258,1.4126714497535346,1.376768697768508
2023-02-07,1.3806265473332038,1.3801035736220963,1.4205002392854638,1.4132596747983408,1.3776806312896723
2023-02-08,1.3793866457662232,1.3788641417229814,1.4192245282859985,1.4119904663446008,1.3763566760629287
2023-02-09,1.386197369417706,1.38567228550996,1.4262319515427264,1.4189621714095428,1.3833572976244388
2023-02-10,1.3812823799296587,1.3807591577927858,1.4211750128960354,1.413931008957298,1.3788863913665907
2023-02-13,1.3842328435171884,1.3837085037610037,1.4242106884305852,1.416951211066457,1.3813752846389376
2023-02-14,1.385747380887164,1.385222467432588,1.4257689669531968,1.4185015467420212,1.3830765379551235
2023-02-15,1.3828331236156484,1.3823093140656317,1.4227705434044655,1.415518406738103,1.3802881118410142
2023-02-16,1.3812653138799342,1.3807420982075869,1.4211574539639955,1.413913539526531,1.3786697256754354
2023-02-17,1.3771159416512915,1.3765942977382277,1.4168882442670963,1.4096660908172505,1.3745921947098312
2023-02-20,1.3847575371496765,1.3842329986424413,1.4247505356701884,1.4174883066002573,1.3821310092510912
2023-02-21,1.3854054292981746,1.384880645372972,1.4254171395057806,1.4181515126271582,1.382980989479635
2023-02-22,1.3843066718087127,1.383782304086779,1.424286648947192,1.4170267843976174,1.3814872629174142
2023-02-23,1.3822557224464325,1.3817321316127897,1.4221764663887664,1.4149273578478652,1.3795698336889592
2023-02-24,1.3800070614715867,1.3794843224183022,1.4198628621349514,1.4126255464824522,1.376854763280316
2023-02-27,1.3756400321947908,1.3751189473480776,1.4153697092655981,1.4081552960823853,1.3724493275381875
2023-02-28,1.3773215216169028,1.3767997998312833,1.4170997615603915,1.4098765299659874,1.3740731435744442
2023-03-01,1.3864306990059776,1.385905526714272,1.4264720198918486,1.4192010160838524,1.383356056898954
2023-03-02,1.3844664324334044,1.383942004195028,1.4244510235972676,1.4171903211983066,1.381383125156209
2023-03-03,1.3866170222763115,1.3860917794063798,1.4266637243398073,1.4193917433771586,1.3831236285834132
2023-03-06,1.3866363851785382,1.386111134974046,1.4266836464594417,1.4194115639498956,1.3823586825943999
2023-03-07,1.3817791512967792,1.3812557409856556,1.4216861314510336,1.4144395222421553,1.377088910379458
2023-03-08,1.3772432448779262,1.376721552743103,1.4170192241213124,1.409796403041814,1.3735783759284734
2023-03-09,1.3753024931515823,1.3747815361627944,1.4150224218021117,1.407809778810276,1.3715273162077497
2023-03-10,1.3669699598074196,1.366452159136243,1.4064492376690814,1.3992802938550837,1.3619411042712108
2023-03-13,1.3727806295046923,1.3722606277839258,1.4124277245461647,1.4052283072281353,1.3671354271673233
2023-03-14,1.3674131648114236,1.366895196256639,1.4069052428179438,1.399733974657497,1.3600812558086972
2023-03-15,1.3695824756108153,1.3690636853330806,1.409137205194426,1.4019545602900179,1.362329401061896
2023-03-16,1.3601375269461073,1.359622314362764,1.3994194782217182,1.3922863664513907,1.351295837380058
2023-03-17,1.365534882011193,1.3650176249395598,1.4049727135816148,1.3978112958964952,1.3565047955390845
2023-03-20,1.3622426463114576,1.361726636320525,1.4015853952598778,1.3944412433914533,1.3498351855202082
2023-03-21,1.3665424210192938,1.3660247822974487,1.406009351189997,1.3988426495624706,1.355210623217633
2023-03-22,1.368388985703766,1.3678706475134168,1.4079092462638787,1.400732860503664,1.3587017149598262
2023-03-23,1.3720988583904932,1.3715791149208594,1.4117262632909626,1.4045304214566345,1.3618635942935375
2023-03-24,1.3733685538593106,1.3728483294360454,1.4130326286659862,1.4058301280346515,1.3626119813554498
2023-03-27,1.3698699840791693,1.3693510848948147,1.4094330171566705,1.4022488644414717,1.3595647482460271
2023-03-28,1.3703263648081063,1.369807292749252,1.4099025785568278,1.402716032396345,1.3605395013502009
2023-03-29,1.3728147375807118,1.3722947229399944,1.4124628176929979,1.4052632214984109,1.3627585201139825
2023-03-30,1.3756492013836388,1.3751281130636872,1.4153791432685714,1.4081646819984206,1.3654554132608956
2023-03-31,1.3788660796215266,1.3783437727651644,1.4186889277245107,1.4114575958563453,1.3687377344371021
2023-04-03,1.3827550414055707,1.3822312614308636,1.422690206079596,1.4154384789382037,1.3725981740482907
2023-04-04,1.3839199843216081,1.3833957630742482,1.4238887935536073,1.4166309569849822,1.3737545596080605
2023-04-05,1.384476775926841,1.383952343769454,1.4244616657804017,1.417200909173598,1.374307261559047
2023-04-06,1.3844767759268766,1.383952343769454,1.4244616657804017,1.417200909173598,1.3743072626732016
2023-04-07,1.3882550644653486,1.387729201112448,1.428349074551485,1.4210685030863417,1.378057788548591
2023-04-10,1.382946726736285,1.3824228741518076,1.4228874274476988,1.4156346950315923,1.3727884448652787
2023-04-11,1.3849701723948638,1.384445553340178,1.424969311962763,1.4177059677872037,1.3747970389428434
2023-04-12,1.3860093734148782,1.3854843607177498,1.426038526006154,1.4187697318442345,1.3758286207053827
2023-04-13,1.3826588457217293,1.3821351021856467,1.4225912321817258,1.4153400095289355,1.372502694852268
2023-04-14,1.3856819377327214,1.3851570490655456,1.425701633698087,1.4184345567399947,1.3755035816985526
2023-04-17,1.3888173747103607,1.388291298354809,1.4289276247989748,1.4216441043536114,1.3786159731683376
2023-04-18,1.3895818558412845,1.3890554899057082,1.429714184805857,1.4224266551152676,1.3793748386553533
2023-04-19,1.3873158419101317,1.386790334330763,1.427382726439782,1.4201070806337672,1.3771254560483037
2023-04-20,1.3847472783225785,1.3842227437009456,1.4247399805194672,1.4174778052896189,1.374575742689388
2023-04-21,1.373133400953628,1.3726132656059298,1.412790684351865,1.4055894169464094,1.3630471839046892
2023-04-24,1.3690640705605792,1.368545476653007,1.4086038281857514,1.4014239019788306,1.3590077555025832
2023-04-25,1.3657097407059595,1.3651924174031917,1.4051526223935864,1.3979902876360195,1.355678048652296
2023-04-26,1.3664379164398104,1.3659203173078465,1.405901828470762,1.3987356748679602,1.3564008473766567
2023-04-27,1.3655138230469201,1.3649965739553942,1.40495104646217,1.3977897391752845,1.3554835485009844
2023-04-28,1.3699576728712746,1.369438740473673,1.4095232385039957,1.402338625888562,1.3598947651614188
2023-05-01,1.3710755460501218,1.3705561902081855,1.410673396824759,1.4034829216346048,1.3610044245389363
2023-05-02,1.3710755460489281,1.3705561902081855,1.4106733968247587,1.4034829216346048,1.3610043872754858
2023-05-03,1.371075546045927,1.3705561902081855,1.4106733968247525,1.4034829216346048,1.3610043580336513
2023-05-04,1.3710755460481758,1.3705561902081855,1.410673396824759,1.4034829216346048,1.3610043597283716
2023-05-05,1.3703221064835416,1.3698030360404576,1.4098981972734332,1.402711673422155,1.3602564821973733
2023-05-08,1.3755363587910807,1.37501531321596,1.4152630416851038,1.4080491722061377,1.3654324475141324
2023-05-09,1.3698881267089256,1.369369220655894,1.4094516837894506,1.4022674359018514,1.3598257105569147
2023-05-10,1.3694058822590678,1.3688871588787503,1.4089555117049424,1.4017737929004004,1.3593469989455977
2023-05-11,1.3660778484675535,1.3655603857282679,1.4055313614258327,1.398367096163561,1.3560433987909841
2023-05-12,1.360259864448747,1.3597446055302775,1.3995453490085117,1.392411595584931,1.3502681450875569
2023-05-15,1.366462768485931,1.3659451599390655,1.405927398264567,1.3987611143274246,1.356425493563018
2023-05-16,1.3628429349887794,1.3623266976144717,1.4022030208518725,1.3950557207715752,1.3528322478023431
2023-05-17,1.3633923591198043,1.3628759136297728,1.4027683128291193,1.395618131348586,1.3533776553141539
2023-05-18,1.3642429208660758,1.3637261531869123,1.4036434395315618,1.3964887973645175,1.3542219586252129
2023-05-19,1.3626820919656797,1.3621659155222365,1.4020375325480006,1.3948910759929312,1.352672592699544
2023-05-22,1.3607853498405933,1.3602698918702292,1.4000860108710895,1.3929495015915245,1.350789787656154
2023-05-23,1.3571967427931106,1.3566826441687894,1.3963937617567543,1.3892760725700843,1.3472275499732653
2023-05-24,1.354010882352904,1.3534979905169233,1.3931158909197379,1.3860149096614551,1.3440651063847908
2023-05-25,1.3521834760822649,1.351671276461445,1.3912357075828192,1.384144309975079,1.3422511045826884
2023-05-26,1.354694091006182,1.3541809403801988,1.3938188312343556,1.3867142669561683,1.3447432833151831
2023-05-29,1.3542866039486101,1.3537736076763882,1.3933995755988144,1.3862971483459985,1.344338790707057
2023-05-30,1.3537363680662542,1.3532235802209345,1.392833448429933,1.385733906834507,1.3437925633424423
2023-05-31,1.3509329437776183,1.3504212178572437,1.3899490588318937,1.3828642195164993,1.3410097240718482
2023-06-01,1.3556534714228454,1.3551399573929237,1.3948059193896116,1.387696323736129,1.345695590985129
2023-06-02,1.3606971626407458,1.3601817380817212,1.399995276755634,1.3928592299649158,1.3507022494700969
2023-06-05,1.3598341636242142,1.3593190659627312,1.3991073535809941,1.3919758327028278,1.349845595355727
2023-06-06,1.3553319033784776,1.3548185111479814,1.3944750641736778,1.387367154951791,1.3453764041142169
2023-06-07,1.354822152541091,1.3543089533997672,1.3939505912905241,1.3868453554062399,1.3448704039770052
2023-06-08,1.3549508932759642,1.3544376453682505,1.39408305016881,1.3869771391165377,1.344998189764791
2023-06-09,1.3605237419309204,1.3600083830591185,1.399816847502456,1.3926817101993352,1.3505300900064807
2023-06-12,1.3597539174605155,1.3592388501946757,1.399024789837732,1.3918936898025107,1.3497658917357722
2023-06-13,1.363765975162158,1.363249388149686,1.4031527192267415,1.3960005783537557,1.3537485013263806
2023-06-14,1.3663251655462023,1.3658076091281945,1.4057858212392593,1.3986202589467458,1.3562888816195324
2023-06-15,1.3691282957572986,1.3686096775248944,1.4086699082655658,1.4014896452353947,1.3590714442475478
2023-06-16,1.3754999501463878,1.374978918365098,1.4152255815303862,1.40801190299238,1.3653963022433844
2023-06-19,1.3734385275663492,1.3729182766415848,1.4131046232884419,1.4059017556761226,1.3633500176475817
2023-06-20,1.3744496291652042,1.373928995243615,1.4141449263769383,1.4069367561428356,1.3643536900304223
2023-06-21,1.3671675554842246,1.3666496799742,1.4066525401264547,1.3994825600035092,1.357125120997735
2023-06-22,1.3596277274762678,1.3591127080144543,1.3988949553821888,1.391764517137499,1.3496406510789998
2023-06-23,1.3596277274761779,1.3591127080144543,1.3988949553821888,1.391764517137499,1.3496406482733574
2023-06-26,1.3596277274754007,1.3591127080144543,1.3988949553821863,1.391764517137499,1.3496406514651236
2023-06-27,1.364186251167747,1.3636695049611358,1.4035851331705518,1.3964307882015323,1.3541656700632683
2023-06-28,1.362981443241023,1.362465153408082,1.4023455293502547,1.395197502876622,1.3529697298974477
2023-06-29,1.363751526819805,1.3632349452856152,1.4031378536095633,1.3959857885091598,1.3537341595423211
2023-06-30,1.3683999631439738,1.3678816208078193,1.4079205408485473,1.400744097433762,1.3586585417694856
2023-07-03,1.377205612323313,1.3766839344559612,1.416980504793574,1.40975788100407,1.3656883908127442
2023-07-04,1.3780387397479097,1.3775167462964983,1.417837693784993,1.4106107006446669,1.3659376460942214
2023-07-05,1.3744531540748068,1.3739325188234133,1.414148553318394,1.406940364418159,1.3639287048901383
2023-07-06,1.371038313915595,1.3705189721867634,1.410635089603541,1.4034448095153342,1.3637476248117801
2023-07-07,1.3672456938037911,1.3667277886984774,1.4067329354801423,1.399562545317299,1.3607473569642219
2023-07-10,1.3689492819861213,1.3684307315710282,1.4084857247088682,1.401306400283272,1.3618616320564103
2023-07-11,1.3741718244556607,1.373651295770371,1.4138590988618982,1.4066523852133606,1.3663071368852688
2023-07-12,1.3730332643344718,1.3725131669294577,1.4126876561887411,1.4054869135715595,1.363904663262202
2023-07-13,1.3808938151355852,1.3803707401974115,1.4207752266068943,1.413533260009288,1.3693497218375337
2023-07-14,1.3816935559961296,1.381170178120542,1.421598064568763,1.414351903887643,1.3698280546738841
2023-07-17,1.3765886934281726,1.3760672492462862,1.4163457690394525,1.4091263804018141,1.3667667871170783
2023-07-18,1.3778753125939243,1.3773533810478151,1.4176695469665226,1.4104434107140251,1.3681255910119032
2023-07-19,1.3796011842398204,1.3790785989430792,1.419445263270264,1.412210075857194,1.3703221807092676
2023-07-20,1.377669930561809,1.3771480768132773,1.4174582333239154,1.4102331741774066,1.3684256440168845
2023-07-21,1.3772228406142644,1.3767011562209317,1.4169982311351412,1.4097755166310755,1.367085810333778
2023-07-24,1.374052276789607,1.373531793388312,1.4137360987959176,1.4065300119232524,1.3661514436643691
2023-07-25,1.3859594921306033,1.385434498342007,1.4259872049109943,1.4187186717290643,1.3742473341631554
2023-07-26,1.3865758719122954,1.3860506446424476,1.4266213862246535,1.4193496205356704,1.375298774006639
2023-07-27,1.3869994967141064,1.3864741089775272,1.4270572457714965,1.4197832583524368,1.374164981979432
2023-07-28,1.3925433872835522,1.3920158995518936,1.4327612487637018,1.425458186896646,1.378429889554969
2023-07-31,1.395223687653434,1.394695184638823,1.4355189585738473,1.4282018400956886,1.3803361204578608
2023-08-01,1.396645375947262,1.3961163344049896,1.436981706414117,1.4296571320603566,1.3822142112888576
2023-08-02,1.392711801928692,1.3921842504024977,1.4329345272434364,1.4256305822367303,1.3808987518658293
2023-08-03,1.3897761164153337,1.3892496769105718,1.4299140567217041,1.4226255075367813,1.3783629227248164
2023-08-04,1.3937765149592187,1.3932485601256184,1.4340299903230396,1.426720461369919,1.3818964669404796
2023-08-07,1.3915634175189526,1.3910363009944198,1.431752976645812,1.424455054119373,1.3795714582458432
2023-08-08,1.3872198434940524,1.386694372291332,1.427283956490932,1.4200088133839845,1.3770537447220583
2023-08-09,1.3875645987520688,1.3870389969579637,1.4276386686737772,1.420361717460104,1.3770551172717167
2023-08-10,1.3868928843610369,1.386367537008627,1.4269475545100676,1.4196741260975656,1.376332946347998
2023-08-11,1.3802825599280384,1.3797597165299562,1.42014631819845,1.412907556985552,1.370372627994938
2023-08-14,1.377351442013682,1.3768297089068513,1.4171305470140936,1.4099071578021936,1.36906450007988
2023-08-15,1.3771522453606784,1.3766305877084377,1.41692559729845,1.4097032528224387,1.3700079602818933
2023-08-16,1.371725789155895,1.3712061870152459,1.4113424202291485,1.4041485343638689,1.3657954852118535
2023-08-17,1.3753026146289564,1.3747816576066048,1.4150225475722498,1.4078099033498017,1.369599797231941
2023-08-18,1.3685721201764478,1.3680537126281622,1.4080976706466108,1.4009203238290782,1.364792318758898
2023-08-21,1.3665134690129552,1.365995841270342,1.405979563827636,1.398813013428649,1.3646651249484645
2023-08-22,1.369184408109425,1.3686657686298576,1.4087276419333157,1.4015470840696183,1.3664445774429619
2023-08-23,1.364324165287296,1.3638073668408228,1.4037270310238512,1.3965719622859047,1.3609408170364574
2023-08-24,1.3684474349756137,1.3679290746573924,1.4079693843290413,1.4007926914862763,1.3630535235921173
2023-08-25,1.365108770932841,1.36459167528209,1.4045342968493912,1.3973751132553354,1.3610939051960063
2023-08-28,1.367674557228515,1.3671564896721087,1.4071741852756914,1.400001545661636,1.362738804690738
2023-08-29,1.3761998390105412,1.375678542124557,1.4159456846669067,1.4087283349653645,1.36962224394787
2023-08-30,1.3796311879236516,1.379108591261681,1.4194761339397384,1.4122407888348503,1.3732616207644208
2023-08-31,1.3781931888504737,1.377671136894597,1.4179966042733372,1.410768800567356,1.3723536778845749
2023-09-01,1.3835212464372337,1.3829971762426179,1.423478540900402,1.4162227946159571,1.3752091210658342
2023-09-04,1.3863733702745265,1.385848219711179,1.4264130365795364,1.419142332579053,1.378224542143756
2023-09-05,1.382887368217444,1.3823635381323913,1.4228263558257273,1.4155739337818218,1.3768800127198713
2023-09-06,1.383714291095091,1.3831901477762267,1.423677160990372,1.4164204022002287,1.3777980748598375
2023-09-07,1.3754023163473337,1.3748813215585225,1.4151251291521227,1.4079119617610794,1.3705199151263383
2023-09-08,1.3727346433586958,1.3722146590696556,1.412380411499235,1.4051812344313948,1.3683451618121842
2023-09-11,1.3774946820174225,1.3769728946520707,1.417277924205865,1.4100537835657454,1.3733919184919952
2023-09-12,1.3779642384649284,1.3774422732341918,1.4177610419422948,1.4105344386893575,1.3743289415324016
2023-09-13,1.3739768184610468,1.3734563636429493,1.413658461775574,1.406452770178716,1.3702029934294098
2023-09-14,1.375821000271665,1.3752998468876996,1.415555905272551,1.4083405419523343,1.3719185960379539
2023-09-15,1.3775892518518236,1.3770674286639413,1.4173752255079246,1.4101505887484904,1.3729577360508822
2023-09-18,1.374775483893289,1.374254726545144,1.4144801935188713,1.4072703132764517,1.3715448621342425
2023-09-19,1.3726951430098813,1.3721751736833543,1.4123397705789142,1.405140800492056,1.3689211678011535
2023-09-20,1.37113640163946,1.3706170227555416,1.4107360113539786,1.4035452159769035,1.3679642479106362
2023-09-21,1.3641783665234994,1.3636616233047913,1.403577022128465,1.39642271752027,1.36203037294574
2023-09-22,1.373599195263898,1.3730788834873784,1.413269932580184,1.4060662213267785,1.3695257571362014
2023-09-25,1.3686015970155108,1.3680831783015612,1.408127999356728,1.4009504975344096,1.3662809625900474
2023-09-26,1.3637269103994332,1.3632103381898075,1.4031125276006489,1.3959605905806207,1.3627716845582005
2023-09-27,1.3664132153964665,1.3658956256293686,1.4058764155761065,1.398710390364676,1.3647054810174972
2023-09-28,1.366196798529237,1.3656792907396509,1.4056537483309437,1.3984888581505877,1.3660001018410686
2023-09-29,1.3622953316490916,1.3617793017135769,1.4016396036954124,1.3944951743931282,1.3590767608276844
2023-10-02,1.359441688933322,1.358926739942849,1.3987035451181267,1.3915740815067512,1.3561409974427416
2023-10-03,1.359441688933322,1.358926739942849,1.398703545126582,1.3915740815138458,1.3561409974427416
2023-10-04,1.358621631323156,1.3581069929659688,1.3978598033291822,1.3907346404652134,1.3553229309125885
2023-10-05,1.3587311529590977,1.3582164731157205,1.3979724879701743,1.3908467507423752,1.355432186632651
2023-10-06,1.3603704059460673,1.3598551051627281,1.3996590840283039,1.3925247498894509,1.3570674595530765
2023-10-09,1.3605582684616506,1.3600428965170297,1.3998523723276668,1.392717052937244,1.3572548659430226
2023-10-10,1.3555109238503251,1.354997463811918,1.394659256001653,1.3875504069368814,1.3522197761621504
2023-10-11,1.3573767996879227,1.3568626328660711,1.3965790198762125,1.3894603854141512,1.3540811216984117
2023-10-12,1.3633765813150363,1.362860141809099,1.4027520804122227,1.395601980660688,1.3600663360010692
2023-10-13,1.3602110988168095,1.3596958583781291,1.3994951762345664,1.3923616775244718,1.3569085392176699
2023-10-16,1.3599396708459184,1.3594245332226518,1.3992159091379754,1.3920838339143413,1.3566377702673171
2023-10-17,1.360250563964841,1.359735308576981,1.3995357811302531,1.3924020754553659,1.3569479085452778
2023-10-18,1.3564752547673269,1.3559614294457034,1.3956514377901879,1.3885375313576096,1.3531817657070446
2023-10-19,1.3502308377382284,1.3497193777672274,1.389226676610931,1.3821455184284155,1.3469525099712325
2023-10-20,1.3462434650524076,1.3457335154761194,1.3851241451314225,1.37806389834999,1.3429748185297057
2023-10-23,1.3380965094011652,1.3375896458466034,1.3767418982350632,1.369724377408481,1.3348476434894383
2023-10-24,1.340574823242218,1.340067020916085,1.3792917878601303,1.372261269762024,1.3373199400445184
2023-10-25,1.3434311843428088,1.3429223000428938,1.3822306432322176,1.3751851452045676,1.340169365969547
2023-10-26,1.3464391199008068,1.3459290962115442,1.385325450491142,1.3782641776437763,1.3431699983328722
2023-10-27,1.3543121247705114,1.3537991188305627,1.3934258346793598,1.38632327258458,1.3510238877374634
2023-10-30,1.359155953611227,1.3586411128557128,1.3984095573780864,1.3912815923001658,1.3558559558790872
2023-10-31,1.3545591516900815,1.3540460521777025,1.3936799958254937,1.386576138241524,1.3512703148816567
2023-11-01,1.353537350895131,1.3530246384352398,1.3926286844188467,1.3855301855916275,1.350250994994285
2023-11-02,1.353257047896449,1.352744441613783,1.3923402861205374,1.385243257300755,1.349971372564494
2023-11-03,1.360762406132493,1.3602469568616515,1.4000624055343027,1.392926015585242,1.3574585079725452
2023-11-06,1.3681469797287844,1.3676287332223207,1.4076602520381893,1.400485134388182,1.3648251520030237
2023-11-07,1.3646331978134418,1.3641162823081274,1.4040449888936568,1.3968882989664781,1.361319901465056
2023-11-08,1.3641512939847977,1.3636345610219873,1.4035491671699094,1.3963950045570253,1.3608391676872347
2023-11-09,1.36145774678774,1.3609420341257055,1.4007778280139493,1.3936377914514466,1.3581521603575248
2023-11-10,1.3595277599539044,1.3590127783602044,1.398792101549894,1.3916621866106853,1.3562268594849711
2023-11-13,1.362146937727802,1.3616309640040523,1.4014869234996217,1.394343272522115,1.3588396779586787
2023-11-14,1.3647683928026386,1.3642514260862102,1.4041840884699657,1.3970266895192396,1.3614547682040938
2023-11-15,1.372310808180196,1.371790984438552,1.41194433529182,1.4047473808652473,1.3689788707798167
2023-11-16,1.3675885469566667,1.3670705119814477,1.4070856908908547,1.3999135019454505,1.3642680750921494
2023-11-17,1.3642565476082953,1.3637397747759947,1.403657460658551,1.3965027460450683,1.360944165757484
2023-11-20,1.3681239650905104,1.3676057273018647,1.4076365725909759,1.4004615756593786,1.3648021932437338
2023-11-21,1.3657740266715532,1.3652566790265792,1.405218765916785,1.398056093014367,1.3624579604183344
2023-11-22,1.3619453180709433,1.3614294207196045,1.4012794808669573,1.394136887268745,1.358638547829463
2023-11-23,1.362877940883606,1.3623616902599056,1.4022390386116426,1.3950915539650637,1.3595689062565277
2023-11-24,1.3584321854633632,1.357917618867219,1.397664885878528,1.3905407165824981,1.3551339450227542
2023-11-27,1.356400702406219,1.3558869053246176,1.3955747318003877,1.3884612164297774,1.3531073943572636
2023-11-28,1.3567153237962666,1.3562014075378233,1.3958984398059473,1.3887832744208233,1.353421251854197
2023-11-29,1.3530355438599475,1.3525230214817852,1.3921123846943761,1.3850165175574811,1.349750406334427
2023-11-30,1.3542735418784297,1.3537605505534676,1.3933861371582728,1.3862837774595853,1.3509853985237088
2023-12-01,1.3517316157718615,1.3512195873144448,1.3907707978415913,1.383681769062967,1.3484496441521534
2023-12-04,1.3489680701943552,1.3484570885527136,1.3879274386302647,1.3808529030117256,1.3456928083963668
2023-12-05,1.3383282057351948,1.337821254415344,1.3769802856139672,1.369961549765771,1.335078777270381
2023-12-06,1.3409215864415411,1.340413652763427,1.379648565267619,1.3726162287014776,1.3376658613111925
2023-12-07,1.3401381354354247,1.3396304985242171,1.3788424875045526,1.3718142596751464,1.3368843125051413
2023-12-08,1.3439183669384918,1.3434092980965056,1.382731895459293,1.3756838425490847,1.3406553656976887
2023-12-11,1.3451083678732274,1.344598848265471,1.3839562646626018,1.3769019709034598,1.3418424773389808
2023-12-12,1.3474260732915835,1.3469156757498375,1.3863409072892072,1.3792744585647283,1.3441545554247232
2023-12-13,1.3391211020306797,1.338613850366099,1.3777960813031802,1.3707731872076838,1.3358697484328672
2023-12-14,1.3405132445252743,1.3400054655248188,1.379228430193083,1.3721982351197466,1.337258510839207
2023-12-15,1.341850370091616,1.3413420845953938,1.3806041731031824,1.3735669656015854,1.3385923898970633
2023-12-18,1.3376200659601325,1.3371133828797106,1.3762516941831586,1.3692366721014155,1.334372356841539
2023-12-19,1.3363437532212243,1.3358375536010068,1.3749385204834312,1.3679301918938536,1.3330991429590446
2023-12-20,1.3341306077073027,1.3336252464143614,1.3726614574277758,1.3656647354673819,1.3308913709088213
2023-12-21,1.3380261401808191,1.3375193032817292,1.3766694962457187,1.3696523445354603,1.3347774451238545
2023-12-22,1.3360240056675257,1.3355179271659126,1.3746095383356973,1.3676028866331238,1.332780171744661
2023-12-25,1.338451790549545,1.3379447924164505,1.377107439841674,1.3700880558361581,1.3352020620237959
2023-12-26,1.335979203342809,1.3354731418120687,1.3745634421705626,1.3675570254151288,1.3327354781989038
2023-12-27,1.3394226370116247,1.3389152711272618,1.3781063251286332,1.3710818496207577,1.3361705512941828
2023-12-28,1.3475470707276167,1.3470366273527117,1.3864653994833354,1.3793983161594556,1.344275259081913
2023-12-29,1.3479384617440717,1.3474278701124152,1.3868680941490172,1.3797989582220558,1.344665699810461
2024-01-01,1.3454043444335557,1.3448947127436184,1.3841701095259322,1.3771147257081042,1.3436601425136006
2024-01-02,1.3454043444335557,1.3448947127436184,1.3841701095259322,1.3771147257081042,1.3436601425136006
2024-01-03,1.3425923595004357,1.342083792916264,1.3812771014945746,1.3742364639937092,1.3416078230742572
2024-01-04,1.3399457036611644,1.3394381396317814,1.3785541863385773,1.3715274280390506,1.3387976435196531
2024-01-05,1.3340411076030272,1.3335357801735326,1.3724794583614566,1.3654836641750892,1.3332532386395095
2024-01-08,1.3248931079833826,1.3243912458303784,1.3630678732140171,1.3561200516008842,1.3255992547176427
2024-01-09,1.324993474616809,1.3244915744094983,1.3631711317211948,1.3562227838367757,1.3259364693468603
2024-01-10,1.3220248457206183,1.3215240700327846,1.3601169663510633,1.3531841861097271,1.3233998972231555
2024-01-11,1.3284306163847208,1.3279274142115955,1.3667073094681355,1.3597409369921098,1.3288517649337623
2024-01-12,1.3263714533217192,1.325869031126856,1.3645888147541232,1.3576332406909168,1.3270447684532565
2024-01-15,1.3260381198392046,1.325535823912598,1.3642458767814445,1.3572920507342765,1.3268790260922994
2024-01-16,1.3247192926018425,1.32421749623635,1.3628890495542034,1.3559421395241593,1.3278469765606302
2024-01-17,1.3112789677061472,1.3107822624715115,1.3490614622973205,1.34218503414779,1.3176277000237369
2024-01-18,1.3145473221692423,1.3140493788710368,1.3524239893574048,1.3455304218008695,1.3203131504497785
2024-01-19,1.3128606719605258,1.3123633675689321,1.3506887409200492,1.3438040182411946,1.3190961077713759
2024-01-22,1.2977693976456801,1.2972778097104198,1.3351626346193717,1.3283570515741399,1.305446418020474
2024-01-23,1.30558249438451,1.3050879469028018,1.3432008537829656,1.3363542983560142,1.311037816312626
2024-01-24,1.3142889833685203,1.3137911379051967,1.3521582068968272,1.3452659941208502,1.3165895564130567
2024-01-25,1.3245351080742218,1.3240333813801104,1.3626995579320627,1.3557536139317885,1.3254128703364279
2024-01-26,1.3212331261008134,1.3207326501541308,1.359302434380837,1.3523738062187904,1.3236498532846968
2024-01-29,1.316517278362603,1.3160185887794833,1.3544507067419156,1.3475468087352402,1.3177793548300905
2024-01-30,1.3053920425844672,1.3048975671695064,1.343004914328531,1.3361593577631468,1.308471142296455
2024-01-31,1.2969507420893915,1.2964594642193348,1.334320390719316,1.3275191008137366,1.3009707232411258
2024-02-01,1.2962490459992986,1.2957580339970143,1.3335984764025637,1.3268008661241075,1.2996657671816443
2024-02-02,1.2870376422479102,1.286550119506977,1.3241216601972419,1.3173723550388459,1.290065631991167
2024-02-05,1.2784179051025097,1.277933647454805,1.315253558515251,1.3085494558174875,1.2810359401982432
2024-02-06,1.2992207613366924,1.2987286236679318,1.3366558171677465,1.3298426230253209,1.2990551597703974
2024-02-07,1.3108247445229753,1.3103282113147978,1.3485941513373143,1.3417201052115328,1.311758751974409
2024-02-08,1.317126517073243,1.3166275967322485,1.3550774997515787,1.3481704068299465,1.319835249195528
2024-02-09,1.3179342219458199,1.3174349956378388,1.3559084773894503,1.3489971488339632,1.3215941051628064
2024-02-12,1.3191183748019861,1.3186186999476808,1.3571267498004245,1.3502092114672082,1.3219490084407564
2024-02-13,1.3191183748194988,1.3186186999476808,1.3571267498004245,1.350209211495121,1.3219490084407564
2024-02-14,1.3191183747928235,1.3186186999476808,1.3571267498004245,1.350209211452604,1.3219490084407564
2024-02-15,1.3195344737866226,1.31903464129675,1.3575548380197042,1.350635117668937,1.3219490084407564
2024-02-16,1.322020430669018,1.3215196564984415,1.3601124239268434,1.3531796670864937,1.3219490084407564
2024-02-19,1.3208665830684736,1.3203662459670888,1.3589253299734039,1.3519986239844162,1.3219490084407564
2024-02-20,1.3214247239909358,1.3209241754963799,1.359499552899815,1.3525699199412096,1.3219296400954572
2024-02-21,1.3253435644351954,1.324841531489547,1.36353130871143,1.356581125136274,1.3244112634941854
2024-02-22,1.3314838953672499,1.3309795364831365,1.3698485638569389,1.3628661800299398,1.3293742052987447
2024-02-23,1.3335943241741728,1.3330891659179618,1.3720198014848304,1.3650263503637292,1.3317264556917197
2024-02-26,1.3314544832468531,1.3309501355297189,1.3698183042979366,1.3628360746685975,1.3300488485207913
2024-02-27,1.3410623620242805,1.340554374869434,1.3797030193561488,1.372670405457246,1.33924118525282
2024-02-28,1.3309675262940615,1.3304633630075977,1.3693173163998698,1.3623376404444503,1.3301884324793838
2024-02-29,1.3407497852406898,1.3402419164889028,1.3793814361521222,1.3723504614241206,1.3407544671650946
2024-03-01,1.343904076646098,1.343395013067417,1.3826266136333574,1.37557909760375,1.3435925045938022
2024-03-04,1.346788642695779,1.3462784864763229,1.385594294052056,1.3785316511522954,1.3466166599604674
2024-03-05,1.3441887939059927,1.343679622512764,1.3829195346207073,1.375870525460512,1.3467667453517445
2024-03-06,1.348102755554287,1.3475921015524217,1.3869462710555565,1.3798767368724862,1.3490756828097317
2024-03-07,1.3448313501760865,1.3443219353648106,1.3835806051434347,1.3765282264123897,1.347001289790912
2024-03-08,1.3505131663115595,1.3500015992795549,1.3894261341268181,1.3823439595681613,1.3522182272672496
2024-03-11,1.3548999812643823,1.3543867525277313,1.3939393484285043,1.3868341691458126,1.3553170261831367
2024-03-12,1.3586694161217783,1.358154759550523,1.3978173937832905,1.3906924473402462,1.3559959292850694
2024-03-13,1.3569837143255505,1.3564696962398894,1.3960831210219087,1.3889670145818167,1.3542804348580535
2024-03-14,1.3553473859645286,1.3548339876795816,1.3943996443336444,1.3872921189511491,1.3533275219102179
2024-03-15,1.358141140412746,1.3576266838704745,1.3972738965377702,1.3901517205315541,1.357877656423561
2024-03-18,1.362693234921939,1.3621770540360962,1.401957152640163,1.394811105224775,1.3626107051721157
2024-03-19,1.3605204123106343,1.3600050544674578,1.3997217234631982,1.3925870704810743,1.361691497599011
2024-03-20,1.3626545381018922,1.3621383718951758,1.401917340852127,1.3947714963316915,1.3638718243419576
2024-03-21,1.3669337970996123,1.3664160099364444,1.4063199001454239,1.3991516149204988,1.3662893527663347
2024-03-22,1.358671785022801,1.3581571274732631,1.3978198308572471,1.3906948721210455,1.3599426316691328
2024-03-25,1.352996000485239,1.3524834928627136,1.3919805072537856,1.384885312729489,1.3540743412075609
2024-03-26,1.3527145312826498,1.3522021302902523,1.3916909279588043,1.3845972094586116,1.352805973094665
2024-03-27,1.3431874100789565,1.3426786179124204,1.3818892973581434,1.374845539663912,1.3441839565923905
2024-03-28,1.3491145384070113,1.3486035010455966,1.3879872067763805,1.3809123669041794,1.3495006181497724
2024-03-29,1.3570171401567124,1.3565031093333948,1.3961175098888279,1.3890012282834028,1.355334837483967
2024-04-01,1.3649438777828768,1.3644268443570016,1.404888701080379,1.3977277109407849,1.3638498091018423
2024-04-02,1.3638812541792258,1.3633646231222227,1.4037253793737254,1.3965703189200396,1.362720469756312
2024-04-03,1.3641449561467702,1.363628225159124,1.4054228541853333,1.3982591413593943,1.3643683587983493
2024-04-04,1.3637697506215445,1.3632531616348411,1.4050198089592358,1.3978581505362926,1.3639770871240946
2024-04-05,1.3637697506791757,1.3632531616429844,1.4050198089592358,1.3978581505362926,1.3639770871240953
2024-04-08,1.3638257515106225,1.3633091413368639,1.4050198089592358,1.3978581505362926,1.363977087124096
2024-04-09,1.3688492746687342,1.3683307617026161,1.4098720856612907,1.4026856942030894,1.3686876215908013
2024-04-10,1.3672676795982486,1.3667497656298038,1.4060263706154132,1.3988595815443368,1.364954245613978
2024-04-11,1.3671080625726542,1.3665902091375188,1.406148434444566,1.398981023189476,1.365072743776722
2024-04-12,1.365989024682338,1.3654715950646272,1.4074645926222251,1.4002904726428282,1.366350455012055
2024-04-15,1.3669054016413875,1.3663876249383804,1.4093067870660352,1.4021232770491252,1.3681388362101259
2024-04-16,1.3548674842899535,1.3543542674955358,1.3985733114961687,1.3914445121743224,1.3577189014611455
2024-04-17,1.3642495142775564,1.3637327438832951,1.40885407932122,1.4016728768478635,1.3676993527333499
2024-04-18,1.3656563026748905,1.3651389994145922,1.4094525732546912,1.4022683201367543,1.36828036376692
2024-04-19,1.3641523762028107,1.363635642603893,1.4089455042227905,1.401763835738228,1.36778810697726
2024-04-22,1.3622084884950012,1.3616924912591015,1.4047847895291088,1.3976243290485388,1.3637489329618846
2024-04-23,1.3591252932343207,1.358610463756323,1.399215548471148,1.3920834755380844,1.3583423777369035
2024-04-24,1.367423319632273,1.366905346944809,1.405796691005025,1.3986310726582902,1.3647312752874738
2024-04-25,1.3672104144022277,1.3666925222651498,1.4050084241535357,1.3978468237622972,1.3639660348857383
2024-04-26,1.3768393215808492,1.3763177820166177,1.4131204863224611,1.4059175371104682,1.3718411316267762
2024-04-29,1.3805668050880493,1.3800438536804496,1.4165640932335084,1.4093435912607908,1.3751841456468439
2024-04-30,1.3787326585890995,1.3782104020001391,1.4144571330121463,1.4072473706417474,1.373138732874239
2024-05-01,1.3874537651899626,1.386928205543541,1.421115784799485,1.4138720819344914,1.3796028755173875
2024-05-02,1.3874537652181786,1.3869282055475278,1.421115784799485,1.4138720819344914,1.3796028755173877
2024-05-03,1.3890178510467075,1.3884916989841323,1.421115784799485,1.4138720819344914,1.3796028755174308
2024-05-06,1.3896082873585354,1.3890819116028468,1.421115784799485,1.4138720819344914,1.3796028755174479
2024-05-07,1.3915369059618494,1.3910097996743431,1.4238344574455364,1.4165768969562225,1.3822421316829612
2024-05-08,1.3851863542120861,1.38466165343311,1.4179710936073564,1.410743419869465,1.3765500454425732
2024-05-09,1.3903046616440322,1.3897780220475944,1.4221338723743635,1.4148849801112642,1.3805912232366844
2024-05-10,1.393946681581558,1.3934186625237408,1.4234535231638947,1.4161979043738182,1.3818723250596108
2024-05-13,1.3938535674763501,1.3933255836289762,1.422426386347106,1.4151760030811336,1.3808751924403457
2024-05-14,1.39306633060929,1.3925386450673145,1.4218239165719282,1.4145766042162522,1.3802903217053522
2024-05-15,1.3923682423403356,1.3918408211906086,1.4192336772010918,1.4119995678193673,1.377775747087671
2024-05-16,1.3941218159230286,1.3935937304743191,1.4211348297037132,1.4138910297632015,1.379621364091782
2024-05-17,1.401880915422407,1.4013498907956903,1.4284898051219923,1.4212085153842529,1.3867614897145875
2024-05-20,1.4081890503366483,1.407655636252439,1.4348339811401798,1.4275203538539167,1.3929203428944614
2024-05-21,1.401930736655521,1.4013996932742805,1.430562802856848,1.423270946630464,1.3887739320954915
2024-05-22,1.403491630684049,1.4029599961507815,1.4324093951624017,1.4251081264814691,1.3905665826872025
2024-05-23,1.3914905510277296,1.3909634624930785,1.4213945914872028,1.4141494674890263,1.3798735378463511
2024-05-24,1.3860821985657017,1.3855571586014934,1.417130642483926,1.409907252696194,1.3757341451493832
2024-05-27,1.3905838315121923,1.3900570862510466,1.4206730700517243,1.4134316237943185,1.3791730931275272
2024-05-28,1.3881268357555492,1.3876010210723952,1.4180413948952322,1.4108133628183386,1.3766182931252058
2024-05-29,1.3889158384999423,1.3883897250120012,1.4210398137340197,1.4137964981099391,1.3795291236801328
2024-05-30,1.3829861657778164,1.382462298601713,1.4161505103717746,1.4089321165157722,1.3747826441571898
2024-05-31,1.3819925626082146,1.3814690718290057,1.4160293608898915,1.408811584557297,1.374665033632236
2024-06-03,1.3782095315394032,1.3776874741076615,1.409852222033941,1.402665931827215,1.3686683382101166
2024-06-04,1.3810610153160854,1.380537877853733,1.4126976553287136,1.405496861373193,1.3714306521568895
2024-06-05,1.3763682803941084,1.3758469204110588,1.4077120223917317,1.4005366412153712,1.3665906569896964
2024-06-06,1.3768647303997195,1.376343182203391,1.4079284869840014,1.400752002443852,1.3668007983285697
2024-06-07,1.3762798883535794,1.3757585617193218,1.4079793003245358,1.4008025567785165,1.3668501273356655
2024-06-10,1.3707369561993366,1.37021772897722,1.4031496037790694,1.3959974781727598,1.3621615134255098
2024-06-11,1.3707369562352498,1.3702177289822945,1.4031496037790694,1.3959974781727598,1.36216151342551
2024-06-12,1.3717859657952765,1.3712663411116965,1.405808106422514,1.3986424298908382,1.3647423572438897
2024-06-13,1.3693269024092203,1.3688082091890141,1.402012328382428,1.3948659996987642,1.3610574595384448
2024-06-14,1.3696009389404107,1.3690821419303814,1.4033979161161183,1.396244524811701,1.3624025721890245
2024-06-17,1.3664609544329709,1.3659433466614563,1.4000119279948822,1.3928757957563709,1.3591154938280263
2024-06-18,1.3685114241714473,1.3679930395830862,1.4023778741303115,1.3952296821861367,1.3614123271501197
2024-06-19,1.3704717874837595,1.3699526603470578,1.4012637876771097,1.3941212744567844,1.3603307848229769
2024-06-20,1.3668158569060955,1.3662981145505497,1.3978807645576445,1.3907554952899692,1.357046584851608
2024-06-21,1.3639221729374331,1.363405526741174,1.3966629336126215,1.3895438718754092,1.3558643285637557
2024-06-24,1.3557382201083648,1.3552246738705203,1.387754361589275,1.380680708644113,1.3472159892084565
2024-06-25,1.3544523622148394,1.3539393031534859,1.3860701151483095,1.3790050471475592,1.345580942116591
2024-06-26,1.36061069377464,1.3600953019471484,1.3926664348512552,1.3855677440762593,1.351984573488489
2024-06-27,1.3519245686442702,1.3514124669584655,1.3855868730220144,1.3785242682042924,1.3451118162130997
2024-06-28,1.3561818732751678,1.3556681589435013,1.3902141549125644,1.3831279639041647,1.3496039283021646
2024-07-01,1.3598021511437832,1.359287055490117,1.3939252807375908,1.3868201733748142,1.3532066465874548
2024-07-02,1.3598314762611416,1.3593163196602542,1.3939553417451773,1.3868500811553723,1.3532358294679847
2024-07-03,1.35987661258762,1.3593615892230104,1.3940016107315698,1.386896114299282,1.3532807468678738
2024-07-04,1.3546530511614603,1.3541400691101213,1.3886469682334024,1.3815687654959539,1.3480825214975218
2024-07-05,1.3548851466499165,1.3543719532007756,1.3888848879713127,1.3818054725090068,1.348313491243641
2024-07-08,1.3473901727034514,1.3468797822698564,1.3812018336828882,1.3741615803007683,1.3408548704789787
2024-07-09,1.3526435585191685,1.3521309762746327,1.3865870489892838,1.3795193460769346,1.346082775580419
2024-07-10,1.3479231301552876,1.3474124411323145,1.3817481652730275,1.3747051271286173,1.341385242905266
2024-07-11,1.3559773048221402,1.3554635303192168,1.3900044529737503,1.3829193308629453,1.3494003520759568
2024-07-12,1.3560942361264587,1.355580364677325,1.3901243185753105,1.3830385854850913,1.3495167162235389
2024-07-15,1.3542067452994069,1.3536935822853366,1.3881894626842046,1.3811135919455435,1.347638380371231
2024-07-16,1.356550501021091,1.356036269677436,1.3905920330701194,1.383503915944928,1.3499707680777013
2024-07-17,1.355282713142521,1.3547691645125732,1.3892924310746149,1.382210938283375,1.34870912940306
2024-07-18,1.3578544172292093,1.3573398733131155,1.3919286700065632,1.384833739772819,1.3512683598471613
2024-07-19,1.354672365071544,1.3541587066040595,1.3886667668095665,1.381588463155726,1.3481017417285495
2024-07-22,1.354080916873608,1.353567455382651,1.3880604766950073,1.3809852634242696,1.3475131622562448
2024-07-23,1.3435248219200433,1.3430152642886743,1.3772394850304541,1.3702194285406095,1.3370082679661806
2024-07-24,1.3410997215417457,1.3405912083611566,1.3747535287091464,1.3677461436408525,1.3345949301524458
2024-07-25,1.335706481113746,1.3352001597055976,1.369224949251545,1.3622457444694602,1.3292278487813272
2024-07-26,1.3416064947258841,1.3410977022548345,1.3752730189582663,1.3682629859436075,1.3350992453136712
2024-07-29,1.3400057206453604,1.3394973538690844,1.3736320747401825,1.3666304059495122,1.3335062355338096
2024-07-30,1.337525840256589,1.3370182681781952,1.3710899637481153,1.3641012526106893,1.3310383834113493
2024-07-31,1.3514020399744133,1.3508893742021335,1.3853143755337305,1.378253159696779,1.3448472788243577
2024-08-01,1.3510989286500177,1.3505862037402196,1.3850036578744689,1.3779440258282256,1.3445456376933425
2024-08-02,1.3485555554407616,1.3480434105932313,1.38239646076042,1.3753501181247783,1.3420146007122484
2024-08-05,1.3362420782522901,1.335734650774522,1.3697739867679202,1.3627919834321724,1.329760848090941
2024-08-06,1.3350708614908382,1.3345639176974087,1.3685733792641455,1.3615974956673096,1.3285953121305387
2024-08-07,1.335568238707176,1.3350613803724651,1.3690832377616766,1.3621047553129966,1.3290902768976136
2024-08-08,1.3344461556588363,1.3339398572163406,1.367932996942055,1.360960377503085,1.3279736363350445
2024-08-09,1.3350169147007693,1.334510467666597,1.3685180787230249,1.3615424770039737,1.3285416270008141
2024-08-12,1.333038277941064,1.3325329815108786,1.3664897896658361,1.359524526545643,1.326572587304736
2024-08-13,1.3334126945075722,1.3329070221240782,1.3668736019148502,1.3599063824261048,1.3269451878231016
2024-08-14,1.328543168899889,1.3280392552824647,1.3618818794799903,1.354940103808426,1.3220992810766679
2024-08-15,1.3315393670344848,1.3310344728885786,1.3649532647959663,1.3579958336533815,1.3250809466276574
2024-08-16,1.329984525012211,1.3294800383985828,1.3633594052643316,1.3564100983454281,1.3235336461198857
2024-08-19,1.3327505205947179,1.332244659153671,1.3661948112804798,1.3592310517246076,1.3262862256797359
2024-08-20,1.328391035787635,1.3278868021332395,1.3617259287097587,1.3547849479506897,1.321947885861934
2024-08-21,1.3288423325036907,1.3283377487491423,1.362188550353713,1.3552452115187958,1.3223969936348816
2024-08-22,1.3246411947135242,1.3241384245012189,1.3578819883911597,1.3509606009718655,1.3182162327969174
2024-08-23,1.3241491382337685,1.3236468265812995,1.3573775841499724,1.3504587677809188,1.3177265629590356
2024-08-26,1.3295672210134042,1.3290631493955283,1.3629316293573976,1.3559845028987014,1.323118366187906
2024-08-27,1.3269709105890604,1.3264675768411134,1.3602701666120178,1.3533366061662293,1.3205346487552856
2024-08-28,1.3263157794857787,1.32581256851861,1.359598595520746,1.3526684582084751,1.3198826952614622
2024-08-29,1.3288803886475427,1.3283763684984125,1.3622275614858956,1.3552840238033403,1.3224348651934466
2024-08-30,1.3349495295881584,1.334442981580529,1.3684490026351477,1.3614737530109453,1.328474568728999
2024-09-02,1.3244598842730473,1.323957227234297,1.35769612811049,1.3507756880591413,1.3180358017739613
2024-09-03,1.328752955791827,1.3282480500978788,1.362096930804572,1.355154058973598,1.3223080504305764
2024-09-04,1.3232685102469344,1.3227655751604397,1.3564748575115377,1.3495606425232465,1.3168502063185117
2024-09-05,1.3249977802314035,1.3244941695067998,1.3582475221347898,1.3513242715171083,1.3185710887533266
2024-09-06,1.3216857648668887,1.3211831822872446,1.354852394409572,1.347946449443381,1.3152751377937775
2024-09-09,1.3167796670280503,1.3162791239251177,1.3498231819932542,1.3429428719378398,1.3103928362039927
2024-09-10,1.3167690214648007,1.3162680495585444,1.3498122692881642,1.342932014857007,1.3103822422753584
2024-09-11,1.31898073976053,1.3184791389225305,1.3520794888747008,1.3451876779678198,1.3125832329824563
2024-09-12,1.318626179710694,1.3181249372823034,1.3517160314257977,1.3448260731348138,1.3122303926698793
2024-09-13,1.317605252392196,1.3171043501167565,1.350669484757832,1.3437848609263676,1.311214417197336
2024-09-16,1.3191420859957237,1.3186407665958806,1.3522448839639918,1.3453522300048029,1.312743796633339
2024-09-17,1.3191420859957237,1.3186409163140507,1.3522448839641144,1.3453522300048029,1.312743796633339
2024-09-18,1.3191420859957237,1.3186409084823854,1.352244883964285,1.3453522300048029,1.312743796633339
2024-09-19,1.3255574446590739,1.3250539585800907,1.3588212308909604,1.35189505596392,1.3191280386175004
2024-09-20,1.325423217045053,1.3249197226997642,1.3586836349430862,1.351758161370253,1.3189944620532215
2024-09-23,1.3247501832284823,1.324246858887275,1.3579937118844323,1.351071754988708,1.3183246926803789
2024-09-24,1.341486831013588,1.3409771826234724,1.3751503523789463,1.3681409446230415,1.3349801620112232
2024-09-25,1.3467859649153657,1.3462739817827851,1.380582463782661,1.3735453674578022,1.3402535933048927
2024-09-26,1.3619327997951887,1.3614146092446426,1.3961093962983775,1.3889931560617854,1.355326960865675
2024-09-27,1.378606396614649,1.3780817631304192,1.4132014036178544,1.4059980419655838,1.3719196850495772
2024-09-30,1.4154830611071572,1.4149443940793236,1.4510034580327553,1.4436074119733502,1.4086174851326727
2024-10-01,1.4430370341821095,1.4424878813934856,1.4792488756663826,1.4717088572634773,1.436037812033578
2024-10-02,1.4430370341821095,1.4424878813934856,1.4792488756663826,1.4717088572689363,1.436037812033578
2024-10-03,1.4413916884719147,1.4408431618253532,1.4775622413429137,1.470030820105849,1.4344004468116616
2024-10-04,1.444473949588572,1.4439242499767664,1.4807218492970573,1.4731743229321483,1.4374677579098758
2024-10-07,1.44623345861137,1.445683089412254,1.4825255117686682,1.4749687918293635,1.4392187327133634
2024-10-08,1.4352428700369881,1.4346966833447805,1.4712591233070713,1.4637598302775965,1.4282814522448395
2024-10-09,1.4067322962400945,1.4061969593464263,1.4420330998339024,1.4346827775038242,1.3999091644619976
2024-10-10,1.4087318674773464,1.4081957696398526,1.444082848686118,1.4367220784304104,1.4018990370962616
2024-10-11,1.399146617836518,1.398614167699288,1.4342570649963644,1.4269463786598755,1.3923602791877978
2024-10-14,1.4096701922812065,1.409133737360928,1.4450447199882683,1.437679046859581,1.4028328107045571
2024-10-15,1.396494657307657,1.3959632163832782,1.4315385556735232,1.42424172603422,1.3897211815726607
2024-10-16,1.3972837796856803,1.3967520384580214,1.4323474804362308,1.4250465275500728,1.3905064764378097
2024-10-17,1.3906335689566838,1.3901043584899688,1.425530388074226,1.4182641832334377,1.3838885215006773
2024-10-18,1.410086871759672,1.4095502582705612,1.4454718556995723,1.4381040053095533,1.4032474691453323
2024-10-21,1.4121913592338036,1.4116539448746266,1.4476291535763572,1.440250307039976,1.4053417491369176
2024-10-22,1.4148195584275791,1.4142811438980103,1.450323305292722,1.4429307261695348,1.407957200667555
2024-10-23,1.4189379399933877,1.4183979581993151,1.4545450342965383,1.4471309361853693,1.4120556066770968
2024-10-24,1.414685654592004,1.414147291020008,1.4501860412492287,1.4427941617618945,1.4078239463112858
2024-10-25,1.4189216946763177,1.4183817190644572,1.45452838131644,1.4471143681054393,1.4120394401553593
2024-10-28,1.4233745006656153,1.422832830522867,1.4590929268528352,1.4516556471949993,1.4164706485157914
2024-10-29,1.4189932517797903,1.4184532489366237,1.4546017340872632,1.4471873469051626,1.4121106501824565
2024-10-30,1.4204122820136273,1.4198717391535443,1.4560563737314425,1.4486345719920979,1.4135227976353206
2024-10-31,1.422936023535386,1.422394520256643,1.4586434464954134,1.4512084579541837,1.4160342981493033
2024-11-01,1.4194263803167375,1.418886212644992,1.455045731632802,1.4476290813410226,1.4125416778981654
2024-11-04,1.42563509997595,1.4250925695542307,1.4614102540654665,1.4539611625996054,1.4187202831478904
2024-11-05,1.4377635412260183,1.4372163952835768,1.4738430486908087,1.4663305848667272,1.4307898973182556
2024-11-06,1.4347559145932567,1.4342099132136459,1.4707599481122722,1.4632631994401442,1.4277968587012162
2024-11-07,1.4454801296788828,1.4449300471617261,1.481753278658919,1.474200494860218,1.4384690576833226
2024-11-08,1.443487566489658,1.4429382422493895,1.4797107137159993,1.4721683412389805,1.4364861591056608
2024-11-11,1.4472292408980987,1.4466784927505518,1.4835462824025178,1.4759843592548878,1.4402096851161241
2024-11-12,1.4369698398685982,1.4364229959719828,1.4730294300429378,1.4655211133326074,1.4300000456833222
2024-11-13,1.4357175886367666,1.4351712212887358,1.471745754584263,1.4642439810231016,1.4287538682973795
2024-11-14,1.4214072841430305,1.4208663626314075,1.4570763446305532,1.449649343901661,1.4145129736647848
2024-11-15,1.4126094646198462,1.4120718911492023,1.4480577509772292,1.4406767197446608,1.4057578265691313
2024-11-18,1.4100740924881474,1.409537483862233,1.445458755742615,1.4380909721291684,1.4032347518576367
2024-11-19,1.4197473842559316,1.4192070944250144,1.4553747909049406,1.4479564633372919,1.4128611248586902
2024-11-20,1.4238004663295512,1.42325863408408,1.459529581778886,1.4520900764283935,1.416894548100868
2024-11-21,1.4244390139892282,1.4238969387422125,1.4601841532730766,1.4527413114672854,1.4175299985864485
2024-11-22,1.4102609161637134,1.4097242364413956,1.4456502676064706,1.438281507849213,1.4034206693746099
2024-11-25,1.4093511303196649,1.4088147968195308,1.444717651426132,1.4373536453606706,1.40251529630243
2024-11-26,1.404896513566279,1.4043618752861249,1.4401512496859956,1.4328105194526644,1.3980822859607336
2024-11-27,1.4157348850914153,1.4151961222310832,1.4512616013352166,1.4438642394850214,1.4088680876846549
2024-11-28,1.4107935302476657,1.410256647837196,1.4461962472079555,1.4388247044573121,1.4039507000984648
2024-11-29,1.4185925505011725,1.4180527001462777,1.454190977535745,1.446778684088722,1.4117118924418055
2024-12-02,1.4238208641428065,1.4232790241348756,1.4595504914586859,1.4521108795118962,1.4169148469777666
2024-12-03,1.4257743720947629,1.425231788672551,1.4615530211049015,1.4541032019048477,1.418858879749391
2024-12-04,1.4218240192523997,1.4212829391507733,1.457503537368773,1.450074359151674,1.4149276874666348
2024-12-05,1.42100873530668,1.4204679654642096,1.4566677945350917,1.4492428762577565,1.414116357926322
2024-12-06,1.4261086382098596,1.425565927581509,1.4618956753564678,1.4544441095408192,1.4191915245597388
2024-12-09,1.4283263413023768,1.4277827867193604,1.4641690299055612,1.456705876377481,1.421398471035318
2024-12-10,1.4327780435904927,1.4322327948966063,1.4687324440442908,1.461246029910061,1.425828581047896
2024-12-11,1.4367618652779528,1.436215100526795,1.4728162364989807,1.4653090065039975,1.4297930798404268
2024-12-12,1.4424682358070824,1.4419192994766685,1.4786658037584481,1.4711287573829155,1.43547177252481
2024-12-13,1.4319091599103944,1.4313642418732306,1.467841756434462,1.4603598823446469,1.4249639117502109
2024-12-16,1.427311351756139,1.4267681834309438,1.4631285700216359,1.4556707199478092,1.4203884045348125
2024-12-17,1.421921937754498,1.4213808203896439,1.4576039130560947,1.450174223218786,1.415025131030577
2024-12-18,1.421319042925238,1.4207781549941192,1.4569858890711223,1.4495593494251096,1.414425160447017
2024-12-19,1.4193595522069382,1.4188194099668632,1.4549772265259044,1.4475609254143162,1.412475173927508
2024-12-20,1.42200573718507,1.4214645879300496,1.457689815365265,1.4502596876632232,1.4151085240053085
2024-12-23,1.420083092757552,1.4195426751715907,1.4557189237385482,1.4482988420484058,1.4131952050594947
2024-12-24,1.4253294382380055,1.4247870241369287,1.4610969219946472,1.453649427619473,1.4184161039737022
2024-12-25,1.4230711889741081,1.4225296342576845,1.458782003800959,1.4513463090076746,1.4161688079895132
2024-12-26,1.425204761769879,1.4246623951148685,1.4609691168718895,1.4535222739391083,1.4182920322290007
2024-12-27,1.42571668579962,1.4251741243301301,1.4614938872190693,1.4540443694444858,1.418801473252469
2024-12-30,1.4258016855202837,1.425259091703853,1.4615810199386359,1.4541310580351468,1.4188860606954754
2024-12-31,1.418394544348229,1.4178547693455328,1.4539880025792489,1.4465767437581079,1.4115148466859861
2025-01-01,1.4082711095151277,1.4077351870209494,1.4436105283772551,1.436252165554626,1.4014405139671253
2025-01-02,1.4082711095151277,1.4077351870209494,1.4436105283772551,1.436252165554626,1.4014405139671253
2025-01-03,1.4016702481322032,1.4011368376189015,1.4368440237430518,1.4295201511067719,1.3948716690148941
2025-01-06,1.3999183455998756,1.3993856017792075,1.4350481586406074,1.427733439877027,1.3931282638078024
2025-01-07,1.4013392544317411,1.4008059698792494,1.4365047240247055,1.4291825808648906,1.394542280746853
2025-01-08,1.3992952265629441,1.398762719872404,1.43440940293791,1.4270979400360202,1.3925081671108812
2025-01-09,1.3982504752937561,1.397718366186964,1.4333384344847868,1.4260324305167957,1.39146848324194
2025-01-10,1.393437898666194,1.3929076210022628,1.4284050901583787,1.4211242324031432,1.3866792492536357
2025-01-13,1.3971845886150391,1.3966528851351492,1.4322458002462113,1.4249453656468292,1.39040776647742
2025-01-14,1.4103504963198006,1.4098137825077044,1.4457420957036826,1.4383728678690162,1.4035098150360654
2025-01-15,1.4092267194962544,1.4086904333413572,1.4445901186141459,1.4372267626301078,1.4023914889136777
2025-01-16,1.4122186080432573,1.4116811833147136,1.4476570861724534,1.4402780972599936,1.4053688657800452
2025-01-17,1.4152899481830865,1.414751354645315,1.4508054990967318,1.4434104621130248,1.4084253088718957
2025-01-20,1.417625805832457,1.4170863233758904,1.4531999731952472,1.4457927311126995,1.4107498368143985
2025-01-21,1.4206151915549967,1.4200745714772423,1.4562643751227462,1.4488415131892944,1.4137247229958558
2025-01-22,1.416480953545159,1.4159419067661332,1.4520263917703262,1.4446251316598941,1.4096105374514516
2025-01-23,1.413839752517018,1.4133017108562773,1.4493189119491305,1.4419314523884088,1.406982147149784
2025-01-24,1.4208393113492859,1.4202986059819604,1.4564941190211103,1.4490700860384542,1.413947755732647
2025-01-27,1.4195274442506878,1.4189872381189732,1.4551493316839474,1.447732153343144,1.4126422516372397
2025-01-28,1.4253165029389077,1.4247740937606703,1.461083662094649,1.453636235320897,1.4184032314149175
2025-01-29,1.4252739400574976,1.4247315470767137,1.4610400311323248,1.453592826754049,1.41836087497801
2025-01-30,1.4252739400574976,1.4247315470767137,1.4610400311323248,1.453592826754049,1.41836087497801
2025-01-31,1.4252739400574976,1.4247315470767137,1.4610400311323248,1.453592826754049,1.41836087497801
2025-02-03,1.4252739400574976,1.4247315470767137,1.4610400311323248,1.453592826754049,1.41836087497801
2025-02-04,1.4283364681471113,1.427792909710556,1.4641794108751498,1.4567162044695048,1.4214085487610963
2025-02-05,1.4273124196590214,1.4267692509276984,1.4631296647225895,1.4556718090766614,1.4203894672576987
2025-02-06,1.4364806963849381,1.4359340386338542,1.4725280119010435,1.4650222510569246,1.4295132747122063
2025-02-07,1.4442679681635753,1.4437183469389907,1.480510698935535,1.4729642487875185,1.4372627755647889
2025-02-10,1.4500245955924347,1.4494727836631562,1.4864117842507825,1.4788352551265163,1.4429914813857838
2025-02-11,1.4481095632653176,1.4475584801082866,1.484448695743939,1.4768821728624941,1.4410857376190864
2025-02-12,1.4552533330160229,1.454699531272438,1.491771732590141,1.4841678827697342,1.4481948576482109
2025-02-13,1.4501096242741052,1.449557779986865,1.486498946658109,1.4789219732501495,1.4430760976493269
2025-02-14,1.4582310705835912,1.4576761356515646,1.4948241940616869,1.4872047852531958,1.451158152172224
2025-02-17,1.4556454820049127,1.455091531027659,1.4921737222391713,1.4845678233995656,1.4485851045806575
2025-02-18,1.4527335291492178,1.452180686325804,1.489188696293374,1.4815980127099004,1.4456872756902117
2025-02-19,1.4599443201737563,1.4593887332586084,1.496580436257802,1.488952075542249,1.4528630919171157
2025-02-20,1.460363930049622,1.4598081834504688,1.4970105759024468,1.4893800226817082,1.4532806665418634
2025-02-21,1.4680809459739397,1.4675222626373972,1.5049212440690585,1.497250368638558,1.4609602523049996
2025-02-24,1.4654232409977879,1.4648655690601653,1.5021968461466906,1.4945398575007434,1.4583154381051016
2025-02-25,1.459516690670402,1.4589612664911566,1.4961420757396346,1.4885159494326539,1.4524375365628097
2025-02-26,1.4656123869807332,1.4650546430629459,1.502390738594342,1.4947327616409871,1.4585036666654712
2025-02-27,1.4643891870141663,1.4638319085894027,1.5011368434188208,1.4934852578123436,1.4572863996362408
2025-02-28,1.4504856285817918,1.4499336412047978,1.4868843864882837,1.4793054484187613,1.443450278207784
2025-03-03,1.4524090377007122,1.4518563183636535,1.488856061995712,1.4812670739137614,1.4453643581359854
2025-03-04,1.4532965932792676,1.4527435361798304,1.4897658900601138,1.4821722644080757,1.446247608767047
2025-03-05,1.456762494168633,1.4562081181084956,1.4933187649152424,1.4857070295710584,1.4496966988541284
2025-03-06,1.4662083872014717,1.4656504164737167,1.5030016949561962,1.4953406038397818,1.459096776081714
2025-03-07,1.463149170830775,1.4625923642985055,1.4998657100371826,1.4922206036440626,1.4560523979545776
2025-03-10,1.462115223227414,1.4615588101675197,1.4988058163590996,1.4911661124496018,1.455023465349997
2025-03-11,1.4608085915227014,1.4602526757060703,1.4974663957937764,1.489833519170654,1.4537231712550278
2025-03-12,1.460583394285857,1.4600275641688218,1.4972355474153118,1.4896038474711433,1.4534990663016458
2025-03-13,1.458982765162613,1.4584275441705865,1.4955947518051982,1.487971415314454,1.4519062007759715
2025-03-14,1.4712605128175453,1.4707006194857246,1.5081805995582789,1.500493110560763,1.4641243971641735
2025-03-17,1.4707322831976235,1.4701725908854315,1.5076391144453858,1.4999543855025006,1.463598729638202
2025-03-18,1.4753081911965866,1.4747467575066076,1.5123298511363226,1.5046212125988485,1.4681524429215351
2025-03-19,1.4741466689909972,1.4735856773223546,1.5111391814750597,1.503436612011756,1.4669965544950903
2025-03-20,1.4707095781718433,1.4701498945001283,1.5076158396554382,1.499931229348671,1.4635761347395468
2025-03-21,1.4614573870047636,1.4609012242867436,1.4981314722711254,1.4904952056242202,1.4543688198575575
2025-03-24,1.4635016791089288,1.4629447384284018,1.500227064224061,1.4925801159385732,1.456403196447266
2025-03-25,1.4595559279768064,1.4590004888656678,1.4961822976743522,1.4885559663483703,1.4524765835548865
2025-03-26,1.4615537052162395,1.460997505843988,1.4982302075098317,1.4905934375902672,1.4544646708928328
2025-03-27,1.4630955311828817,1.462538745063368,1.4998107243459233,1.4921658982255355,1.4559990184772855
2025-03-28,1.4616491509140195,1.461092915219574,1.49832804833982,1.4906907797065707,1.4545596536464016
2025-03-31,1.4576033344540202,1.4570486384013501,1.4941807054069303,1.48656457657417,1.450533460786394
2025-04-01,1.461795522477889,1.4612392310751947,1.4984780929813246,1.4908400595330806,1.4547053152654477
2025-04-02,1.4627848502395333,1.4622281823413663,1.4994922471200733,1.491849044327069,1.4556898444535757
2025-04-03,1.4592575271580415,1.4587022016309323,1.4958764087215892,1.4882516366059613,1.452179630052
2025-04-04,1.4017870476230172,1.4012535927230727,1.4369637542031228,1.429639271359467,1.3949879019181606
2025-04-07,1.4017870476120613,1.4012535927230727,1.4369637541884654,1.429639271359467,1.394987901894771
2025-04-08,1.4048973164009273,1.4043626778997917,1.4401520726409853,1.4328113383498549,1.3980830848052956
2025-04-09,1.4095046398970257,1.4089682480415417,1.4448750131820842,1.4375102051187536,1.4026680612341498
2025-04-10,1.4239956003603056,1.4234536939372173,1.4597296125144088,1.4522890877015748,1.4170887355725816
2025-04-11,1.4301542588968128,1.429610008763271,1.4660428175847557,1.458570113126156,1.4232175225261496
2025-04-14,1.4366495129567838,1.4361027910309379,1.472701064766282,1.4651944219296784,1.4296812723877474
2025-04-15,1.4354836885962339,1.4349374103305919,1.4715059849904544,1.4640054337094508,1.4285211026713598
2025-04-16,1.4321538092629265,1.431608798184737,1.468092545044832,1.4606093927161923,1.4252073744005016
2025-04-17,1.4367358056115518,1.4361890508221118,1.4727895228727874,1.4652824291152737,1.429767146521761
2025-04-18,1.437219858594348,1.4366729196103376,1.473285722767534,1.4657760998008835,1.430248851667001
2025-04-21,1.444749764078569,1.4441999595630042,1.4810045851095428,1.4734556176050175,1.437742234539195
2025-04-22,1.447686625238044,1.447135703080378,1.4840151444156748,1.4764508314941187,1.4406648509302724
2025-04-23,1.44677789384172,1.4462273175155231,1.4830836091402657,1.475524044448721,1.4397605271793463
2025-04-24,1.4442919771369689,1.4437423468314923,1.4805353103774588,1.472988734854143,1.4372866680231717
2025-04-25,1.4451405572619886,1.4445906040238476,1.481405184931789,1.4738541754858048,1.4381311322478365
2025-04-28,1.4414660567475464,1.440917501861426,1.4776384758110357,1.470106666022576,1.434474454305932
2025-04-29,1.4413738033094083,1.4408252835438549,1.477543907343721,1.470012579606653,1.4343826483134083
2025-04-30,1.4413635755251588,1.4408150596612885,1.4775334228985777,1.4700021486153616,1.4343724701266127
2025-05-01,1.450005183461906,1.4494533790128592,1.4863918849598758,1.4788154573895074,1.4429721633051529
2025-05-02,1.450005183454599,1.4494533790128592,1.4863918849501,1.4788154573895074,1.4429721632895534
2025-05-05,1.4507856827396268,1.4502335812855707,1.4871919702273564,1.479611464489482,1.443748876875916
2025-05-06,1.4507856827564807,1.4502335812855707,1.4871919702499046,1.479611464489482,1.443748876911897
2025-05-07,1.4539422189444127,1.4533889162517948,1.4904277171449962,1.482830718167356,1.4468901028114785
2025-05-08,1.4534673493875836,1.4529142273932705,1.489940931127291,1.4823464133724582,1.4464175365511447
2025-05-09,1.4515023650667003,1.450949990844841,1.4879266371248758,1.480342386604957,1.4444620830853883
2025-05-12,1.4587994408787894,1.4582442897208563,1.4954068271260839,1.487784448615959,1.451723765598709
2025-05-13,1.4548170452104663,1.4542634095532347,1.491324496479668,1.483722926382037,1.4477606859244754
2025-05-14,1.461818609651991,1.4612623095295811,1.4985017594885863,1.4908636054956994,1.454728290383408
2025-05-15,1.450524780050561,1.4499727778469476,1.48692452040894,1.4793453778654069,1.4434892396961143
2025-05-16,1.4496412277860917,1.449089561814067,1.4860187961208267,1.4784442702198972,1.44260997297004
2025-05-19,1.4508808414466656,1.4503287037343193,1.487289516878981,1.4797085138665722,1.4438435740824098
2025-05-20,1.4546705354581386,1.4541169555659674,1.4911743101809776,1.4835735056257002,1.4476148867827536
2025-05-21,1.4602405701295893,1.4596848705453862,1.4968841203439371,1.4892542117844612,1.453157904880186
2025-05-22,1.455206181288673,1.45465239756243,1.4917233976058133,1.484119794255862,1.4481479345392663
2025-05-23,1.451310906939977,1.4507586055709747,1.4877303745143309,1.4801471243734092,1.4442715536041395
2025-05-26,1.4499005369111073,1.4493487722636136,1.4862846123958413,1.478708731585165,1.4428680243509926
2025-05-27,1.4478928372823854,1.4473418366773207,1.4842265311751144,1.4766611408106234,1.44087006274467
2025-05-28,1.4453042654462203,1.4447542499243522,1.4815730012348383,1.474021136417911,1.4382940463732614
2025-05-29,1.4511232777354524,1.4505710477746097,1.4875380369057924,1.4799557671538988,1.4440848344593578
2025-05-30,1.4463946334795739,1.4458442030226846,1.4826907311651358,1.4751331690731049,1.4393791257399764
2025-06-02,1.4488647333210722,1.4483133628531049,1.4852228161563412,1.4776523475281427,1.4418372447609382
2025-06-03,1.4505579849404462,1.450005970091507,1.4869585585513927,1.4793792424967431,1.4435222835413142
2025-06-04,1.4550817977659547,1.454528061370762,1.4915958927807962,1.4839929393429592,1.4480241543231165
2025-06-05,1.4574085730927644,1.4568539512312282,1.493981056644456,1.486365945558713,1.450339643999823
2025-06-06,1.45768821781498,1.4571334895244323,1.4942677188265725,1.486651146555798,1.4506179323602182
2025-06-09,1.4613761570142734,1.460820025261108,1.498048203863942,1.4904123617218406,1.454287983800727
2025-06-10,1.4592972523453807,1.4587419117279534,1.4959171307716934,1.4882921511241514,1.4522191625275627
2025-06-11,1.4626886001026436,1.46213196887317,1.4993935816516,1.4917508818293739,1.455594061116677
2025-06-12,1.4628020654315261,1.4622453910256177,1.4995098942996885,1.4918666016135895,1.4557069760963468
2025-06-13,1.462335266805445,1.4617787700046412,1.499031381752992,1.491390528089215,1.4552424416448235
2025-06-16,1.4667039409258735,1.466145781618192,1.5035096841973574,1.495846003767306,1.4595899261963063
2025-06-17,1.4647639174336688,1.4642064963853467,1.5015209773997602,1.493867433762818,1.457659312506839
2025-06-18,1.465902575509245,1.465344721138827,1.502688209174809,1.4950287159287723,1.4587924477041398
2025-06-19,1.4601521248327305,1.4595964588015045,1.4967934556171523,1.4891640090533076,1.4530698886931397
2025-06-20,1.4596289031780183,1.4590734362733937,1.4962571041362895,1.488630391476963,1.4525492048274757
2025-06-23,1.4636123559472776,1.4630553731659646,1.5003405184025025,1.4926929918422769,1.4565133364453613
2025-06-24,1.4656741342344695,1.4651163668701725,1.5024540353293931,1.4947957358087238,1.4585651143654306
2025-06-25,1.4719045848297636,1.4713444464415846,1.5088408340196093,1.501149979741929,1.464765345153484
2025-06-26,1.470199385382684,1.4696398959136587,1.5070928439785203,1.4994108995444584,1.4630684165062575
2025-06-27,1.4697180723572745,1.4691587660532672,1.5065994527940503,1.4989200232700912,1.4625894380136855
2025-06-30,1.470857993115066,1.4702982530054765,1.5077679789293066,1.5000825932065753,1.463723829764756
2025-07-01,1.47374584766294,1.4731850085702882,1.5107283018350222,1.5030278267772232,1.4665976772272835
2025-07-02,1.4743284443639015,1.4737673835620555,1.511325518345565,1.503621999140608,1.4671774481552207
2025-07-03,1.4769240874015128,1.4763620388187082,1.5139862969325784,1.5062692152261339,1.4697605014350519
2025-07-04,1.4746065968552482,1.474045430201507,1.5116106508400018,1.503905678266995,1.4674542515040627
2025-07-07,1.4722179155374924,1.4716576579047094,1.5091620275180655,1.501469536040991,1.4650771561186309
2025-07-08,1.4788754197818945,1.4783126286127861,1.51598659642555,1.5082593187922653,1.4717023692004765
2025-07-09,1.4758168005135688,1.4752551733126287,1.51285122359307,1.505139927562698,1.4686585852800096
2025-07-10,1.4805820791850823,1.48001863854082,1.5177360830452737,1.50999988795342,1.4734007507082856
2025-07-11,1.48247840594381,1.4819142436458241,1.5196799965986887,1.5119338929866146,1.475287879651733
2025-07-14,1.4846959446038968,1.4841309384138843,1.5219531825783843,1.5141954921072163,1.4774946624811882
2025-07-15,1.4852244424169032,1.4846592351052152,1.5224949426097434,1.5147344906873303,1.478020596894465
2025-07-16,1.4843282217993594,1.4837633555475351,1.5215762320624528,1.5138204629876184,1.4771287232509522
2025-07-17,1.4887384596587414,1.4881719150756068,1.526097141265669,1.5183183282307122,1.4815175699611534
2025-07-18,1.4932786794820812,1.492710407102549,1.5307512942129606,1.5229487580602425,1.486035768166223
2025-07-21,1.500332512659956,1.4997615559197484,1.5379821376004488,1.530142744437611,1.493055387844716
2025-07-22,1.5052997605896392,1.5047269135460077,1.5430740345736675,1.5352086870305315,1.49799854292021
2025-07-23,1.5065514537909135,1.5059781304110937,1.5443571379976835,1.5364852502283763,1.49924416498139
2025-07-24,1.5100120129917145,1.509437372684091,1.54790453712529,1.540014567568447,1.5026879392955361
2025-07-25,1.5085215849270495,1.507947511806994,1.5463767079726611,1.5384945260643068,1.5012047403082849
2025-07-28,1.5062588402230725,1.5056856281983606,1.544057181544732,1.5361868226971604,1.4989529707044953
2025-07-29,1.5081144004955491,1.507540482330941,1.5459593056168737,1.53807925125139,1.5007995309002193
2025-07-30,1.5061020258546804,1.50552887350622,1.543896432076603,1.5360268925710088,1.4987969169701556
2025-07-31,1.4966079997810282,1.4960384604171113,1.5341641611286965,1.5263442289017766,1.4893489401567102
2025-08-01,1.4943668504306353,1.4937981639438753,1.5318667719305994,1.524058549968095,1.4871186611180067
2025-08-04,1.499139955187587,1.4985694522792605,1.5367596538632935,1.5289264919413992,1.4918686146786222
2025-08-05,1.5033673055622925,1.5027951939211222,1.5410930861489076,1.5332378358931362,1.4960754609497269
2025-08-06,1.506476588484713,1.505903293595145,1.5442803939916974,1.5364088974171652,1.4991696627809195
2025-08-07,1.5071865439622458,1.5066129788966591,1.5450081652203367,1.5371329590592704,1.4998761747272682
2025-08-08,1.505159359399298,1.504586565785826,1.5429301101100903,1.5350654961972336,1.497858822703118
2025-08-11,1.5086299066776376,1.5080557923353644,1.546487747951868,1.538605000068788,1.5013125366428617
2025-08-12,1.5119457424151916,1.5113703662201305,1.5498867918870367,1.541986718423055,1.5046122894398752
2025-08-13,1.5196056972930387,1.5190274060755877,1.5577389671014938,1.549798869582985,1.51223509091657
2025-08-14,1.5142358729649172,1.5136596252527346,1.5522343914086862,1.5443223517676026,1.5068913120822578
2025-08-15,1.5182811021344922,1.517703314996322,1.5563811323063894,1.5484479559328008,1.5109169204991197
2025-08-18,1.5216159855249125,1.521036929285304,1.5597997018923524,1.5518491003993367,1.5142356285745657
2025-08-19,1.5198757964881504,1.5192974024835142,1.5580158442180252,1.5500743354015225,1.5125038800401251
2025-08-20,1.5224066177228823,1.5218272606054493,1.5606101743650596,1.5526554417343634,1.5150224259389673
2025-08-21,1.5214326666706655,1.5208536801936827,1.5596117828110356,1.5516621391674912,1.5140531988904382
2025-08-22,1.5292143949557135,1.528632447115048,1.5675887872429504,1.5595984832606022,1.5217971831375996
2025-08-25,1.5404115261135054,1.539825317165751,1.5790669013165286,1.5710180911508798,1.5329400043980903
2025-08-26,1.537724230612367,1.5371390443242339,1.5763121703033824,1.568277401551388,1.5302657431810172
2025-08-27,1.5291384459844337,1.5285565270464125,1.5675109323970604,1.5595210252528804,1.5217216025480018
2025-08-28,1.5345957623835538,1.5340117666448534,1.5731051957210629,1.5650867735265144,1.527152449105574
2025-08-29,1.5364021430863632,1.5358174599232228,1.5749569060744792,1.5669290453581068,1.5289500682402242
2025-09-01,1.5435212567098022,1.5429338643432864,1.5822546680681555,1.574189609243655,1.5360346517327843
2025-09-02,1.5376904185938007,1.5371052451729486,1.5762775098186825,1.5682429177190058,1.5302320951822153
2025-09-03,1.5345696603071042,1.5339856745016396,1.573078438624189,1.5650601528257315,1.5271264736225758
2025-09-04,1.524098197006448,1.5235181961526532,1.562344202457199,1.5543806311477426,1.5167058004870275
2025-09-05,1.5369245027945597,1.5363396208456213,1.5754923739487272,1.567461783874895,1.5294698942979752
2025-09-08,1.5411726943006017,1.5405861956876545,1.5798471703729073,1.5717943830521448,1.5336974806305868
2025-09-09,1.5398811713470657,1.539295164227657,1.5785232377043876,1.57047719872137,1.5324122220082068
2025-09-10,1.5403863011379448,1.5398001017896426,1.579041043327849,1.5709923649781772,1.5329149017587733
2025-09-11,1.5491651674388325,1.5485756272625182,1.588040208131768,1.5799456593054966,1.5416511875495686
2025-09-12,1.5506092585514935,1.550019168821299,1.589520537543417,1.5814184431848697,1.5430882743339809
2025-09-15,1.5521883470997382,1.551597656441921,1.5911392520398162,1.583028906775129,1.5446597037684924
2025-09-16,1.556474709229684,1.5558823873818948,1.5955331769537056,1.5874004349915911,1.5489252755897256
2025-09-17,1.5603123906625858,1.55971860837182,1.5994671618777105,1.591314367636833,1.5527443429522494
2025-09-18,1.551333887926277,1.5507435224358612,1.590263350907863,1.5821574702811134,1.5438093890136497
2025-09-19,1.5511216358798106,1.550531351162647,1.5900457725611283,1.5819410009810402,1.5435981664539986
2025-09-22,1.554529999915359,1.5539384181334432,1.5935396667206687,1.5854170860857684,1.546989998759319
2025-09-23,1.5494346138644826,1.548844971149397,1.5883164161091732,1.5802204593846418,1.5419193270814202
2025-09-24,1.5582748639562425,1.5576818570533304,1.597378505108187,1.589236357142492,1.5507166989600163
2025-09-25,1.5599379467361276,1.5593443069412967,1.5990833215997666,1.5909324838527827,1.5523717152218708
2025-09-26,1.5524155743863446,1.5518247972563959,1.5913721814369481,1.5832606488596372,1.5448858289529674
2025-09-29,1.5603703785254404,1.5597765741671923,1.5995266048991041,1.591373507665369,1.5528020495544415
2025-09-30,1.5642592579335275,1.5636639735005484,1.6035130723826172,1.5953396554844403,1.5566720665699452
2025-10-01,1.578303032116035,1.5777024030175357,1.6179092633272607,1.6096624664854582,1.5706477236538008
2025-10-02,1.578303032116035,1.5777024028204987,1.617909263071102,1.6096624664080637,1.5706477236538008
2025-10-03,1.5776507991344741,1.5770504181158722,1.617240662920645,1.608997274181494,1.5699986542248414
2025-10-06,1.5768290876467432,1.5762290194822595,1.6163983314446788,1.608159236098218,1.5691809283183185
2025-10-07,1.5762503877353704,1.5756505397941472,1.6158051095255028,1.607569037948882,1.568605035299056
2025-10-08,1.5762503877353704,1.5756505399189407,1.6158051096877413,1.6075690379979002,1.568605035299056
2025-10-09,1.5759024915206115,1.575302775936397,1.6154484830910714,1.6072142293410474,1.5682588264996937
2025-10-10,1.5639698736214676,1.5633746986398394,1.6032164253291137,1.5950445211062805,1.5563840858705804
2025-10-13,1.563456463461771,1.5628614839558406,1.602690131683152,1.5945209099949005,1.5558731659254117
2025-10-14,1.5546428549575024,1.5540512293541977,1.5936553526465487,1.5855321831108606,1.547102306430929
2025-10-15,1.5643857311198952,1.5637903977475596,1.6036427182583441,1.5954686412591075,1.5567979263181866
2025-10-16,1.5626965374119868,1.5621018467282701,1.6019111354254363,1.5937458847656343,1.5551169257763708
2025-10-17,1.5518399010810298,1.5512493419738285,1.5907820606897605,1.5826735370403278,1.5443129478375508
2025-10-20,1.5554168819448684,1.5548249615564655,1.594448802917641,1.586321589216024,1.547872579123191
2025-10-21,1.5648203214884224,1.564224822633214,1.604088214191526,1.5959118665014052,1.5572304087750783
2025-10-22,1.5572751623435026,1.5566825350389035,1.5963537156889847,1.5882167920445005,1.5497218462275644
2025-10-23,1.5591808704325751,1.5585875184399467,1.5983072466701442,1.5901603650169305,1.5516183109818884
2025-10-24,1.5647125773633932,1.5641171202517241,1.6039777672787747,1.5958019818904872,1.5571231872458342
2025-10-27,1.5716411561886499,1.5710430623312863,1.611080213091776,1.6028682252060316,1.5640181600987062
2025-10-28,1.5653343313632848,1.5647386373992362,1.6046151233756558,1.5964360894774856,1.5577419255265896
2025-10-29,1.5723884238004588,1.5717900454566018,1.6118462326323386,1.603630340296636,1.5647618032075168
2025-10-30,1.5675218639592299,1.5669253376156906,1.6068575504457774,1.5986670863777301,1.5599188478427262
2025-10-31,1.564278203104081,1.5636829111588804,1.6035324925734677,1.5953589769593193,1.5566909198499541
2025-11-03,1.5668184452053073,1.5662221865331967,1.606136479947843,1.5979496913312576,1.5592188409098735
2025-11-04,1.5587745266034136,1.558181329003828,1.5978907056575906,1.5897459474130942,1.5512139380590044
2025-11-05,1.560225759465603,1.5596320094477385,1.5993783558383254,1.5912260148844366,1.5526581319464312
2025-11-06,1.5694116497906159,1.5688144040238101,1.608794758580232,1.6005944204197315,1.5617994675677482
2025-11-07,1.5669731393991484,1.5663768216573108,1.6062950558063218,1.5981074590782507,1.559372784784069
2025-11-10,1.5727293842701324,1.572130876035626,1.6121957490498084,1.6039780752845112,1.5651011099025245
2025-11-11,1.5717061308982951,1.571108012241303,1.6111468181936826,1.6029344908748173,1.56408281965883
2025-11-12,1.5714570218147323,1.5708589975645988,1.6108914574099162,1.6026804320679464,1.563834918839356
2025-11-13,1.5791863086665254,1.5785853430542636,1.618814704491083,1.6105632927821842,1.5715267160115125
2025-11-14,1.5698364552148818,1.5692390479493847,1.609230224362577,1.6010276664022116,1.5622222125406982
2025-11-17,1.5654521312285263,1.5648563924040546,1.6047358792921067,1.5965562299057858,1.557859154022273
2025-11-18,1.5572733654442066,1.5566807391895432,1.5963518741739355,1.588214959586272,1.549720058043843
2025-11-19,1.5585249687041374,1.557931865928982,1.5976348851162636,1.5894914309698835,1.5509655906007265
2025-11-20,1.5538154610065484,1.5532241504321644,1.5928071961265815,1.5846883496638662,1.5462789256230693
2025-11-21,1.537075617114863,1.5364906768219369,1.5756472792972027,1.5676159003695083,1.5296202756884332
2025-11-24,1.5430843352836376,1.542497108477764,1.581806781527783,1.5737440063098582,1.535599849523003
2025-11-25,1.550139284994687,1.5495493732577545,1.5890387692784051,1.5809391313477472,1.5426205803197344
2025-11-26,1.551186647323412,1.5505963371130844,1.590112414448637,1.58200730384674,1.5436628625836462
2025-11-27,1.5516485731257308,1.5510580871612833,1.5905859319468614,1.5824784077044343,1.5441225478881444
2025-11-28,1.5557814183402268,1.555189359582911,1.594822487521243,1.5866933687555134,1.5482353473925963
2025-12-01,1.5621595481197343,1.5615650621351513,1.601360671273176,1.5931982261242699,1.5545825410654877
2025-12-02,1.5593998070278516,1.558806371156941,1.598531676571734,1.5903836514612346,1.551836185659943
2025-12-03,1.5545469389577322,1.5539553499010281,1.5935570297717925,1.5854343613659403,1.5470068556564986
2025-12-04,1.5552577910933827,1.5546659316139815,1.594285720286921,1.5861593375190761,1.5477142599166407
2025-12-05,1.5603250215187776,1.559731233763078,1.5994801088397346,1.5913272491980293,1.5527569125447647
2025-12-08,1.5617677102531466,1.5611733732736541,1.600959000410588,1.5927986027551695,1.5541926037463074
2025-12-09,1.5549377616619597,1.5543460237568822,1.5939576596988436,1.5858329493121466,1.5473957827372025
2025-12-10,1.5568339997058187,1.5562415402236969,1.5959014823509399,1.5877668638846476,1.5492828233792646
2025-12-11,1.5529158992885665,1.55232493070261,1.5918850601926609,1.5837709143444219,1.5453837270864865
2025-12-12,1.5594318444740969,1.5588383961917192,1.5985645176862822,1.59041632537595,1.551868067713638
2025-12-15,1.5561008143632833,1.5555086336247461,1.5951498979637226,1.5870191107143246,1.5485531942359148
2025-12-16,1.5462901430299527,1.5457016955054343,1.5850930354551505,1.5770135102279128,1.5387901080074404
2025-12-17,1.5548258525974463,1.5542341569002034,1.5938429418738833,1.5857188165680167,1.5472844164698523
2025-12-18,1.5544124949003038,1.5538209565318597,1.5934192113326333,1.5852972458417918,1.5468730636986414
2025-12-19,1.5572315275054014,1.5566389164514345,1.5963089854088843,1.5881722900828168,1.5496784230333225
2025-12-22,1.5659548492407103,1.5653589187547259,1.6052512121486178,1.5970689363264188,1.5583594336804942
2025-12-23,1.5684425344742026,1.5678456573403263,1.607801323885202,1.5996060496045996,1.5608350527914288
2025-12-24,1.5743331435660992,1.573734024714204,1.6138397529901543,1.605613699689315,1.5666970904184598
2025-12-25,1.5751893005744744,1.5745898556413749,1.6147173942147603,1.606486867647523,1.5675490947730937
2025-12-26,1.579673412693924,1.5790722613130417,1.6193140314787666,1.6110600749631947,1.5720114574181046
2025-12-29,1.577060214674188,1.576460057975192,1.6166352576651686,1.60839495518068,1.5694109343007843
2025-12-30,1.5768159152826329,1.5762158515494478,1.6163848277748292,1.6081458017829016,1.56916781984467
2025-12-31,1.5735320789992684,1.572933264944162,1.6130185862839528,1.6047967186842307,1.5658999112889962
2026-01-01,1.5866334201701695,1.5860296203462783,1.6264486949514796,1.6181583714920404,1.5789377064831305
2026-01-02,1.5866334201701695,1.5860296203462783,1.6264486949514796,1.6181583714920404,1.5789377064831305
2026-01-05,1.5866740523394565,1.586070237052107,1.6264903467591365,1.618199810984542,1.5789781415718094
2026-01-06,1.598461301928511,1.5978530009559713,1.6385733877789814,1.6302212624163188,1.5907082189775126
2026-01-07,1.5998900540005396,1.5992812093111073,1.6400379932164615,1.6316784024825892,1.5921300411148231
2026-01-08,1.596370734189358,1.5957632287899763,1.6364303589525178,1.6280891570120215,1.5886277912045887
2026-01-09,1.604969896533828,1.6043591186871669,1.645245310289109,1.6368591768269893,1.5971852446754062
2026-01-12,1.6178415910795376,1.6172259148565984,1.6584400095407255,1.6499866201412585,1.6099945071084198
2026-01-13,1.6139437318064755,1.6133295389286955,1.6544443366714086,1.6460113139771533,1.6061155537822795
2026-01-14,1.6192471232327124,1.6186309121269613,1.6598808123977216,1.6514200789277753,1.6113932219490654
2026-01-15,1.6174583015926314,1.6168427712321496,1.658047101715209,1.649595715043755,1.6096130767064398
2026-01-16,1.6149338423057213,1.6143192726382705,1.655459293178936,1.647021097065156,1.6071008619085454
2026-01-19,1.6155663694604085,1.6149515590822985,1.6561076930866423,1.6476661919545954,1.6077303210907488
2026-01-20,1.6135471991931694,1.612933157217872,1.6540378533910391,1.6456069026247757,1.605720944487881
2026-01-21,1.620723934909574,1.620107161797976,1.661394683453492,1.6529262334994939,1.6128628705860433
2026-01-22,1.6242402461949887,1.6236221349375872,1.6649992337017085,1.6565124106669729,1.6163621265622308
2026-01-23,1.6339494474432579,1.6333276413084263,1.6749520794683785,1.6664145248406754,1.6260242348689373
2026-01-26,1.63663931813964,1.6360164883637285,1.6777094502794772,1.6691578408017287,1.6287010587744428
2026-01-27,1.6387074677684064,1.6380838509483684,1.6798294984538436,1.6712670826660228,1.6307591771702064
2026-01-28,1.6496033354950022,1.648975572207447,1.6909987891218483,1.6823794412936552,1.641602196218431
2026-01-29,1.6586349871967552,1.6580037868757445,1.700257082790078,1.6915905436323009,1.6505900413249346
2026-01-30,1.638625134182101,1.6380015486924215,1.6797450987932452,1.6711831131847814,1.6306772429278842
2026-02-02,1.600384910996786,1.599775877983168,1.6405452682893982,1.6321830918292084,1.5926224978814012
2026-02-03,1.6212563107033824,1.620639334992691,1.6619404187977118,1.653469187110867,1.6133926641742182
2026-02-04,1.6304222683189105,1.629801804464222,1.671336388676138,1.6628172638987782,1.6225141637650913
2026-02-05,1.6190111886693876,1.618395067348927,1.659638957254139,1.6511794565604172,1.6111584317483412
2026-02-06,1.6141744836362961,1.613560202943362,1.654680879046547,1.6462466506326277,1.606345186385362
2026-02-09,1.6281394709939836,1.627519875867428,1.6689963064067348,1.6604891094843333,1.6202424387867183
2026-02-10,1.628969946604485,1.6283500354371991,1.6698476221254805,1.6613360858839332,1.6210688863071774
2026-02-11,1.6319286169667873,1.63130757986502,1.6728805379172855,1.6643535423132105,1.6240132061078791
2026-02-12,1.6330132187174762,1.6323917688673157,1.6739923568542727,1.665459694107501,1.6250925471710713
2026-02-13,1.6219748809631898,1.6213576317973932,1.6626770209961292,1.654202034702636,1.614107749122722
2026-02-16,1.634384497550675,1.6337625258540105,1.6753980468215153,1.6668582189930685,1.6264571748330976
2026-02-17,1.632999488895231,1.6323780442700813,1.6739782824926066,1.6654456914863487,1.6250788839432213
2026-02-18,1.6329994888971442,1.6323780442700813,1.6739782825135294,1.6654456914863487,1.6250788839432213
2026-02-19,1.6329994888979737,1.6323780442700813,1.673978282522604,1.6654456914863487,1.6250788839432213
2026-02-20,1.6329994888980364,1.6323780442700813,1.6739782825232896,1.6654456914863487,1.6250788839432213
2026-02-23,1.6361394219679781,1.6355167824258332,1.677197009657407,1.6686480121476377,1.628203587266109
2026-02-24,1.6338338828415402,1.6332121206821861,1.6748336148977752,1.6662966640731132,1.6259092307918968
2026-02-25,1.6413489816822444,1.640724359621272,1.6825372990303529,1.6739610810373284,1.6333878788378542
2026-02-26,1.6385535995500031,1.6379300412831859,1.6796717690571004,1.671110157225199,1.6306060552632362
2026-02-27,1.642876735453569,1.6422515319986313,1.684103390549809,1.6755191898742843,1.6349082224808598
2026-03-02,1.6482210958921069,1.6475938586157977,1.6895818633970068,1.6809697378513928,1.6402266609437877
2026-03-03,1.6353914294181524,1.6347690745217829,1.6764302469010535,1.6678851576656981,1.6274592227296616
2026-03-04,1.6298239888974275,1.6292037527133163,1.6707230959897355,1.6622070972064922,1.6219187861959592
2026-03-05,1.63448885665673,1.6338668452359584,1.6755050248318446,1.666964651608854,1.6265610277520854
2026-03-06,1.6407525080956151,1.640128113012985,1.6819258575445015,1.6733527560550605,1.6327942983396657
2026-03-09,1.6434520084609323,1.6428265860694324,1.684693099704773,1.6761058930144968,1.635480705203759
2026-03-10,1.6478303823734628,1.647203293779255,1.6891813452952626,1.6805712612077317,1.6398378425135813
2026-03-11,1.6514740639601653,1.6508455887459117,1.6929164621281367,1.6842873394045892,1.6434638509986768
2026-03-12,1.6517933378493177,1.6511647411300698,1.693243747975562,1.6846129569690924,1.6437815762964874
2026-03-13,1.6472556270663163,1.6466287571902931,1.6885921670436301,1.6799850860321672,1.639265874958607
2026-03-16,1.6465945017131656,1.64596788343241,1.6879144512745863,1.6793108247257584,1.6386079562904055
2026-03-17,1.6388188947518858,1.6381952355087726,1.679943721796025,1.6713807235820306,1.6308700636757836
2026-03-18,1.6390234267879265,1.6383996897076143,1.6801533864139393,1.6715893194803657,1.6310736036599418
2026-03-19,1.6248680227827426,1.6242496725988902,1.6656427640652673,1.6571526605759512,1.616986858195839
2026-03-20,1.6152979915654895,1.6146832832947953,1.6558325807135807,1.6473924816115801,1.6074632448954553
2026-03-23,1.5864437886555074,1.5858400609751253,1.6262543050017975,1.6179649721510758,1.5787489947246045
2026-03-24,1.5965692108814815,1.5959616299282626,1.6366338164810479,1.6282915772308582,1.5888253051943853
2026-03-25,1.6074202259293129,1.6068085155788339,1.6477571289150508,1.6393581919995388,1.599623689116029
2026-03-26,1.5985737896442158,1.5979654458388595,1.6386886985318403,1.6303359851341315,1.5908201610643542
2026-03-27,1.6043660455010376,1.603755497427163,1.6446263063557083,1.636243327802132,1.5965843225011749
2026-03-30,1.6069626159191543,1.6063510797096834,1.647288035597127,1.6388914896936102,1.599168298666296
