date,regime,vol_target,PMI,CPI,M2,CN10Y,US10Y,PMI_zscore,CPI_zscore,M2_zscore,CN10Y_zscore,US10Y_zscore
2018-08-28,stagflation,0.06,51.2,2.06,8.5,3.6101,2.88,-1.1824753962970491,1.8064778591146082,1.4221202817696443,0.772344775211196,-0.31745386541972515
2018-08-29,neutral,0.14,51.2,2.06,8.5,3.6101,2.89,-1.1605375015872008,1.7478272009759168,1.3890194383089052,0.7627800328753137,-0.12776769130315158
2018-08-30,stagflation,0.06,51.2,2.06,8.5,3.5801,2.86,-1.1397827573873982,1.6945607203470112,1.3581370872493443,0.3029407573718279,-0.6903325458054904
2018-08-31,neutral,0.14,51.2,2.06,8.5,3.5751,2.86,-1.1201083484138206,1.6459017692031903,1.32923578130108,0.22439638067549886,-0.6826653207500301
2018-09-03,stagflation,0.06,51.3,2.06,8.5,3.5951,2.86,-0.7638788512913282,1.601221989488285,1.3021121973361407,0.5286377793019595,-0.6752490872897564
2018-09-04,neutral,0.14,51.3,2.06,8.5,3.6101,2.9,-0.7550442749468841,1.5600067919496232,1.2765910799102875,0.753106398794216,0.0941265762084765
2018-09-05,stagflation,0.06,51.3,2.06,8.5,3.6101,2.9,-0.7465106296917574,1.521830174496666,1.2525204487094619,0.7446105278097707,0.09344602714471562
2018-09-06,neutral,0.14,51.3,2.06,8.5,3.6101,2.88,-0.7382611692370454,1.486336033740287,1.2297677695903766,0.7363970659376782,-0.295038877853264
2018-09-07,stagflation,0.06,51.3,2.06,8.5,3.6301,2.94,-0.7302804252699998,1.4532240795210831,1.2082168683247156,1.0350187839336618,0.874072368435039
2018-09-10,neutral,0.14,51.3,2.3,8.5,3.6551,2.94,-0.7225540846491852,3.109736341703888,1.1877654225931387,1.397635105955266,0.8634332865887709
2018-09-11,stagflation,0.06,51.3,2.3,8.5,3.6751,2.98,-0.7150688807264503,2.900007128679049,1.1683229084075915,1.6642758370488393,1.611364700330052
2018-09-12,recession,0.1,51.3,2.3,8.2,3.6551,2.97,-0.707812496914077,2.7277440672488282,-0.35199474693013005,1.3308616496621661,1.3878783842197877
2018-09-13,recession,0.1,51.3,2.3,8.2,3.6526,2.97,-0.7007734808989574,2.582975535807897,-0.3493797504802863,1.2698286285165745,1.361116507198253
2018-09-14,recession,0.1,51.3,2.3,8.2,3.6351,2.99,-0.6939411681417225,2.4590890113834885,-0.3468222728091742,0.9901186199344593,1.7007257978770227
2018-09-17,recession,0.1,51.3,2.3,8.2,3.6327,2.99,-0.6873056134955783,2.351503547226718,-0.3443202329167221,0.9418127273113281,1.6585210071083871
2018-09-18,recession,0.1,51.3,2.3,8.2,3.6452,3.05,-0.6808575299459564,2.2569318588489744,-0.34187165382855256,1.115903504924161,2.637935765724838
2018-09-19,recession,0.1,51.3,2.3,8.2,3.6727,3.08,-0.6745882336100943,2.172945597008292,-0.33947465599744525,1.5022302749146266,2.971904472556452
2018-09-20,recession,0.1,51.3,2.3,8.2,3.7003,3.07,-0.6684895942544444,2.0977067952275212,-0.33712745120980825,1.863864032815431,2.655169893558311
2018-09-21,recession,0.1,51.3,2.3,8.2,3.6752,3.07,-0.6625539906875464,2.029795289120412,-0.33482833695196973,1.4619953760832234,2.529803390133957
2018-09-24,recession,0.1,51.3,2.3,8.2,3.6752,3.08,-0.6567742704699954,1.9680940420078703,-0.33257569119572206,1.4343595888642378,2.559826531121292
2018-09-25,recession,0.1,51.3,2.3,8.2,3.6754,3.1,-0.6511437134563993,1.9117107323471132,-0.3303679675669737,1.4110419724390613,2.7147758025601467
2018-09-26,recession,0.1,51.3,2.3,8.2,3.6503,3.06,-0.6456559987459973,1.8599227869397832,-0.3282036908642554,1.033094454702517,2.0620768818472204
2018-09-27,recession,0.1,51.3,2.3,8.2,3.6253,3.06,-0.6403051746711184,1.8121380013069275,-0.32608145289797197,0.6640620116657987,2.000052041151554
2018-09-28,recession,0.1,51.3,2.3,8.2,3.6153,3.05,-0.6350856314989438,1.7678657791540962,-0.32399990862320166,0.5144366468906875,1.8123356380211357
2018-10-01,recession,0.1,50.8,2.3,8.2,3.6103,3.09,-2.3936364898688196,1.726695764669273,-0.3219577725421017,0.4381969613769615,2.2799520300012963
2018-10-02,recession,0.1,50.8,2.3,8.2,3.6103,3.05,-2.3054413729106966,1.6882817219629924,-0.31995381535384465,0.43524876237472176,1.7007037466993966
2018-10-03,recession,0.1,50.8,2.3,8.2,3.6103,3.15,-2.226344294710082,1.6523292038648638,-0.31798686083230543,0.4323593944375113,2.872198338113637
2018-10-04,recession,0.1,50.8,2.3,8.2,3.6103,3.19,-2.1548814443346416,1.6185860004799597,-0.3160557829132932,0.4295269236037687,3.1670406296501725
2018-10-05,recession,0.1,50.8,2.3,8.2,3.6103,3.23,-2.0898988200522037,1.586834656072566,-0.31415950297492545,0.42674950387321153,3.388595185120392
2018-10-08,recession,0.1,50.8,2.3,8.2,3.6155,3.23,-2.030472725000357,1.5568865449868632,-0.3122969872963391,0.5012754669726311,3.1758898707366843
2018-10-09,recession,0.1,50.8,2.3,8.2,3.6156,3.21,-1.9758538565227861,1.5285771367358276,-0.3104672446807471,0.4994140371457894,2.8139920217101833
2018-10-10,recession,0.1,50.8,2.47,8.2,3.6156,3.22,-1.925427137337773,2.258129734137533,-0.30866932423073273,0.49611430665519396,2.7775924808158705
2018-10-11,recession,0.1,50.8,2.47,8.2,3.5806,3.14,-1.878682305171438,2.1877781867534374,-0.30690231326429285,-0.03483280741730352,1.9318672442181193
2018-10-12,recession,0.1,50.8,2.47,8.3,3.5831,3.15,-1.8351920133783797,2.1236285965835084,0.2633132433412698,0.0032911401000162432,1.9768950444214959
2018-10-15,recession,0.1,50.8,2.47,8.3,3.5857,3.16,-1.7945952760304702,2.064820178668101,0.2618720964248539,0.042947075085475066,2.017988443555681
2018-10-16,recession,0.1,50.8,2.47,8.3,3.5757,3.16,-1.756584781429167,2.010650615309981,0.2604543729457184,-0.11065993132257304,1.9669055035996723
2018-10-17,recession,0.1,50.8,2.47,8.3,3.5807,3.19,-1.7208970492272782,1.9605404197814618,0.25905944477158144,-0.03300939425855349,2.1802185239644802
2018-10-18,recession,0.1,50.8,2.47,8.3,3.5508,3.17,-1.6873047073538785,1.9140066293362439,0.2576867071162026,-0.4956469243933155,1.948444877490601
2018-10-19,recession,0.1,50.8,2.47,8.3,3.5658,3.2,-1.6556103695159996,1.8706430720635052,0.25633557743492147,-0.2597349185039616,2.1556002264706855
2018-10-22,recession,0.1,50.8,2.47,8.3,3.591,3.2,-1.6256417354740573,1.8301053504193798,0.25500549438324227,0.13546866227366777,2.097403905003195
2018-10-23,recession,0.1,50.8,2.47,8.3,3.5709,3.17,-1.5972476355831404,1.792099264475509,0.25369591683466886,-0.18093174711455204,1.7982684231684178
2018-10-24,recession,0.1,50.8,2.47,8.3,3.5409,3.1,-1.5702948118110043,1.7563717808989767,0.25240632295338544,-0.6522852158919672,1.182716207539782
2018-10-25,recession,0.1,50.8,2.47,8.3,3.5409,3.14,-1.5446652784773522,1.72270391147794,0.25113620931857117,-0.6478776360428169,1.5018874061410243
2018-10-26,recession,0.1,50.8,2.47,8.3,3.541,3.08,-1.5202541432365821,1.690905041668045,0.24988509009681123,-0.6419803155404677,0.9812223588308507
2018-10-29,recession,0.1,50.8,2.47,8.3,3.5111,3.08,-1.4969677963665722,1.6608083726806706,0.24865249625947478,-1.1084959267759766,0.9722639632854818
2018-10-30,recession,0.1,50.8,2.47,8.3,3.5161,3.12,-1.4747223969843815,1.6322672276247405,0.24743797484236713,-1.0188577410877242,1.2969034031662374
2018-10-31,recession,0.1,50.8,2.47,8.3,3.5086,3.15,-1.4534426003109153,1.6051520345643582,0.2462410882447503,-1.1267270135989207,1.5278655732031108
2018-11-01,recession,0.1,50.2,2.47,8.3,3.4936,3.14,-2.9590808089968474,1.5793478446140048,0.24506141356552932,-1.3483515039267209,1.4233591855623933
2018-11-02,recession,0.1,50.2,2.47,8.3,3.5461,3.22,-2.835153471645715,1.554752276434076,0.24389854197408953,-0.5111870615369334,2.045870924346025
2018-11-05,recession,0.1,50.2,2.47,8.3,3.5312,3.2,-2.7256117367097494,1.5312738031711859,0.24275207811380767,-0.7435582949267705,1.8428341991513764
2018-11-06,recession,0.1,50.2,2.47,8.3,3.5113,3.22,-2.627871967988399,1.508830316400786,0.24162163953614962,-1.0515406654455006,1.9627860504409897
2018-11-07,recession,0.1,50.2,2.47,8.3,3.4813,3.22,-2.5399566973035976,1.487347915648115,0.24050685616359369,-1.5083491986222095,1.9217476919953913
2018-11-08,recession,0.1,50.2,2.47,8.3,3.4813,3.24,-2.4603232352197324,1.4667598827731643,0.2394073697796147,-1.4870679628156143,2.0340877425566646
2018-11-09,recession,0.1,50.2,2.47,8.3,3.4763,3.19,-2.387748015625958,1.4470058087553606,0.23832283354414477,-1.5429384967222788,1.6148629906272844
2018-11-12,recession,0.1,50.2,2.54,8.0,3.4865,3.19,-2.3212464480903066,1.675754845018039,-1.6207700738846933,-1.365804514400006,1.5902299553212125
2018-11-13,recession,0.1,50.2,2.54,8.0,3.474,3.14,-2.260016074342545,1.6490265370255532,-1.5961267129349406,-1.5386727718058593,1.1898981973007117
2018-11-14,recession,0.1,50.2,2.54,8.0,3.4218,3.12,-2.203395422200065,1.623540332733982,-1.5725767037416902,-2.2870038635976324,1.0260398698216737
2018-11-15,recession,0.1,50.2,2.54,8.0,3.3915,3.11,-2.150833678391992,1.5992028914155136,-1.5500414947177263,-2.654709027801276,0.9411357439991074
2018-11-16,recession,0.1,50.2,2.54,8.0,3.3515,3.08,-2.1018679714869366,1.575930405760459,-1.5284502145121401,-3.101856378241108,0.7043733721347271
2018-11-19,recession,0.1,50.2,2.54,8.0,3.3772,3.06,-2.0561061064070287,1.5536473854977277,-1.5077387328018237,-2.6428379317814645,0.5462122581053298
2018-11-20,recession,0.1,50.2,2.54,8.0,3.3771,3.06,-2.0132132689482582,1.5322856254724584,-1.4878488577458202,-2.5611745848017953,0.5433416240061096
2018-11-21,recession,0.1,50.2,2.54,8.0,3.3716,3.06,-1.97290166470574,1.5117833260098092,-1.4687276472073323,-2.5542810926277015,0.5405158633122542
2018-11-22,recession,0.1,50.2,2.54,8.0,3.3917,3.06,-1.9349223564966525,1.492084339698976,-1.450326815162109,-2.2314511519856124,0.537733817418932
2018-11-23,recession,0.1,50.2,2.54,8.0,3.3917,3.05,-1.8990587694219547,1.4731375236717037,-1.43260221812839,-2.179657565502298,0.45701300020094093
2018-11-26,recession,0.1,50.2,2.54,8.0,3.4151,3.07,-1.865121475321318,1.4548961803470548,-1.4155134091742991,-1.8454610780171674,0.6112400740427545
2018-11-27,recession,0.1,50.2,2.54,8.0,3.4,3.06,-1.8329439690676417,1.4373175727087175,-1.399023249239477,-1.9975974615862728,0.5296128373285042
2018-11-28,recession,0.1,50.2,2.54,8.0,3.37,3.06,-1.8023792212310517,1.4203625026536155,-1.383097567265098,-2.315694919747659,0.5269950528763938
2018-11-29,recession,0.1,50.2,2.54,8.0,3.36,3.03,-1.7732968439085783,1.4039949429370784,-1.367704862050533,-2.3758935962375833,0.28754216833906165
2018-11-30,recession,0.1,50.2,2.54,8.0,3.355,3.01,-1.7455807448622052,1.3881817148451308,-1.3528160399145626,-2.373757295224237,0.12764283416932232
2018-12-03,recession,0.1,50.0,2.54,8.0,3.35,2.98,-2.073945178345672,1.3728922050281525,-1.3384041831882345,-2.3711940442534023,-0.11194594815910805
2018-12-04,recession,0.1,50.0,2.54,8.0,3.305,2.91,-2.0333284415374018,1.3580981159945127,-1.3244443453464874,-2.7993781532137625,-0.6704364444453923
2018-12-05,recession,0.1,50.0,2.54,8.0,3.275,2.91,-1.9950116635924156,1.3437732456355485,-1.3109133692304473,-3.019483034466135,-0.6668231054094538
2018-12-06,recession,0.1,50.0,2.54,8.0,3.2751,2.87,-1.9587856561263428,1.3298932918725979,-1.2977897253464101,-2.9099611114906225,-0.9821767394959267
2018-12-07,recession,0.1,50.0,2.54,8.0,3.2853,2.85,-1.9244669323431138,1.3164356791117215,-1.2850533676724685,-2.7127180761088807,-1.133824711888248
2018-12-10,recession,0.1,50.0,2.18,8.0,3.2678,2.85,-1.8918937846744361,0.11954518405618744,-1.272685604776009,-2.8001647900684383,-1.124407532412614
2018-12-11,recession,0.1,50.0,2.18,8.0,3.2652,2.89,-1.8609230700590598,0.11910822251187464,-1.260668984357037,-2.7377565336970235,-0.797712611424416
2018-12-12,recession,0.1,50.0,2.18,8.0,3.2703,2.91,-1.8314275567705425,0.118676018065186,-1.2489871895952336,-2.6100474693072044,-0.6333286651606964
2018-12-13,recession,0.1,50.0,2.18,8.0,3.3311,2.91,-1.8032937204323218,0.11824848501660765,-1.2376249459006197,-1.9828662602379434,-0.63017043780498
2018-12-14,recession,0.1,50.0,2.18,8.0,3.3468,2.89,-1.7764199020265443,0.11782553981274389,-1.226567936856023,-1.8039108448782781,-0.787493033596511
2018-12-17,stagflation,0.06,50.0,2.18,8.0,3.3713,2.86,-1.750714759666609,0.11740710097770307,-1.2158027282991721,-1.5512055298465908,-1.0231820952775912
2018-12-18,neutral,0.14,50.0,2.18,8.0,3.3714,2.82,-1.726095960324441,0.11699308904714052,-1.2053166996293523,-1.5319547113490224,-1.3341268139765028
2018-12-19,stagflation,0.06,50.0,2.18,8.0,3.3412,2.77,-1.7024890687647896,0.11658342650486311,-1.1950979815397236,-1.7903404047992109,-1.7141338786799678
2018-12-20,neutral,0.14,50.0,2.18,8.0,3.3003,2.79,-1.6798265994914585,0.11617803772183584,-1.1851353994769505,-2.1314283018303612,-1.5354969296794216
2018-12-21,stagflation,0.06,50.0,2.18,8.0,3.3168,2.79,-1.6580472041745147,0.11577684889751857,-1.1754184222158106,-1.945928869725372,-1.5179735271800254
2018-12-24,neutral,0.14,50.0,2.18,8.0,3.3483,2.74,-1.6370949722566785,0.1153797880034128,-1.1659371150107318,-1.63642002253283,-1.885409202509172
2018-12-25,stagflation,0.06,50.0,2.18,8.0,3.3113,2.74,-1.6169188265683518,0.11498678472872902,-1.1566820968505913,-1.9412174259865254,-1.8567552247139831
2018-12-26,neutral,0.14,50.0,2.18,8.0,3.3011,2.81,-1.5974719990660164,0.11459777042806567,-1.1476445013986918,-1.9987090223591337,-1.2980901304479737
2018-12-27,stagflation,0.06,50.0,2.18,8.0,3.2709,2.77,-1.5787115744359463,0.11421267807104019,-1.1388159412481915,-2.222720318031007,-1.5906864476335456
2018-12-28,neutral,0.14,50.0,2.18,8.0,3.2315,2.72,-1.560598091419587,0.11383144219375144,-1.1301884751654974,-2.5066317766499493,-1.9465322157819012
2018-12-31,stagflation,0.06,50.0,2.18,8.0,3.2265,2.69,-1.5430951934270098,0.11345399885202241,-1.1217545780309315,-2.4885089435495993,-2.13648992134399
2019-01-01,neutral,0.14,49.4,2.18,8.0,3.2265,2.69,-2.428739392151386,0.1130802855763426,-1.1135071132179357,-2.4313804593423125,-2.098268565448602
2019-01-02,stagflation,0.06,49.4,2.18,8.0,3.1734,2.66,-2.375530684992963,0.11271024132842161,-1.105439307180543,-2.7913137764444804,-2.275936445530878
2019-01-03,neutral,0.14,49.4,2.18,8.0,3.141,2.56,-2.3256759948437336,0.11234380645930127,-1.097544726043376,-2.9576756561973454,-2.9207068385077437
2019-01-04,stagflation,0.06,49.4,2.18,8.0,3.1513,2.67,-2.2788371470254716,0.11198092266895887,-1.0898172540103928,-2.7930369123458623,-2.090644074785446
2019-01-07,neutral,0.14,49.4,2.18,8.0,3.1507,2.7,-2.2347218528268473,0.1116215329673409,-1.0822510734276365,-2.72139604412408,-1.8500628882069379
2019-01-08,stagflation,0.06,49.4,2.18,8.0,3.1211,2.73,-2.1930760029552756,0.11126558163674728,-1.0748406463524178,-2.859392085362783,-1.6189614464895081
2019-01-09,neutral,0.14,49.4,2.18,8.0,3.1106,2.74,-2.153677486078253,0.11091301419554934,-1.0675806974960615,-2.8514136548113447,-1.5321792106258714
2019-01-10,stagflation,0.06,49.4,1.86,8.0,3.1006,2.74,-2.1163311881443194,-1.0317035239067467,-1.0604661984211243,-2.8395757382597036,-1.516260928635523
2019-01-11,neutral,0.14,49.4,1.86,8.0,3.1058,2.71,-2.080864914858821,-1.0251102807593162,-1.0534923528851527,-2.7278567416465225,-1.704401105859692
2019-01-14,stagflation,0.06,49.4,1.86,8.1,3.1297,2.71,-2.0471260424422737,-1.0186421032321713,-0.49365855704046435,-2.5033924636427605,-1.6840397032902172
2019-01-15,neutral,0.14,49.4,1.86,8.1,3.1383,2.72,-2.0149787477730077,-1.0122950837389744,-0.49178154198813284,-2.3934178388090133,-1.5973712037793497
2019-01-16,stagflation,0.06,49.4,1.86,8.1,3.0745,2.73,-1.9843017030715788,-1.0060654835547678,-0.48992580285311715,-2.747916173051177,-1.5133296277942396
2019-01-17,neutral,0.14,49.4,1.86,8.1,3.076,2.75,-1.954986145773967,-0.9999497235477363,-0.4880909403283343,-2.6694352894495856,-1.3646849747480987
2019-01-18,stagflation,0.06,49.4,1.86,8.1,3.091,2.79,-1.9269342535012886,-0.993944375525192,-0.48627656552809195,-2.5147902026093583,-1.0849714719413182
2019-01-21,neutral,0.14,49.4,1.86,8.1,3.1037,2.79,-1.9000577687220377,-0.9880461541463174,-0.4844822996406986,-2.3845844080067877,-1.0779224591371872
2019-01-22,stagflation,0.06,49.4,1.86,8.1,3.1071,2.74,-1.8742768289959164,-0.9822519093582521,-0.48270777359532413,-2.317829790875608,-1.4055707453356157
2019-01-23,neutral,0.14,49.4,1.86,8.1,3.119,2.76,-1.8495189674424186,-0.9765586193160137,-0.4809526277420754,-2.2048168590944326,-1.2600871038193653
2019-01-24,stagflation,0.06,49.4,1.86,8.1,3.1338,2.72,-1.8257182549132671,-0.970963383750069,-0.47921651154483447,-2.080824005140334,-1.516060907495613
2019-01-25,neutral,0.14,49.4,1.86,8.1,3.1398,2.76,-1.8028145607224766,-0.9654634177485037,-0.47749908328641805,-2.0139572818447617,-1.2369214283906969
2019-01-28,stagflation,0.06,49.4,1.86,8.1,3.1397,2.75,-1.7807529130440598,-0.960056045923489,-0.4758000097850464,-1.9853045385388102,-1.2940863845480068
2019-01-29,neutral,0.14,49.4,1.86,8.1,3.1246,2.72,-1.7594829434768384,-0.9547386969343142,-0.47411896612217824,-2.043647790883406,-1.481851276791356
2019-01-30,stagflation,0.06,49.4,1.86,8.1,3.1151,2.7,-1.7389584029923815,-0.9495088983414718,-0.4724556353806268,-2.0673921961626993,-1.5991803402694127
2019-01-31,neutral,0.14,49.4,1.86,8.1,3.1037,2.63,-1.7191367386717569,-0.9443642717684524,-0.47080970839289654,-2.100479804299737,-2.035254715679348
2019-02-01,stagflation,0.06,49.5,1.86,8.1,3.1032,2.7,-1.5781184866898705,-0.9393025283496906,-0.46918088349909964,-2.0713953465883224,-1.557365233393456
2019-02-04,neutral,0.14,49.5,1.86,8.1,3.0967,2.73,-1.5626620043738693,-0.9343214644449116,-0.46756886631403716,-2.076557910188179,-1.3490886299107847
2019-02-05,stagflation,0.06,49.5,1.86,8.1,3.0967,2.71,-1.5476516320245064,-0.9294189576016176,-0.4659733695030778,-2.0459767461240954,-1.4671677049192726
2019-02-06,neutral,0.14,49.5,1.86,8.1,3.0967,2.7,-1.5330663101316961,-0.9245929627489422,-0.46439411256643887,-2.0167095325559328,-1.5183394439028013
2019-02-07,stagflation,0.06,49.5,1.86,8.1,3.0967,2.65,-1.5188863452072148,-0.9198415086073272,-0.4628308216313661,-1.9886647913056315,-1.821889043271888
2019-02-08,neutral,0.14,49.5,1.86,8.1,3.0967,2.63,-1.5050932979373999,-0.9151626942997507,-0.46128322925219567,-1.9617597187722156,-1.92575007132688
2019-02-11,stagflation,0.06,49.5,1.74,8.1,3.067,2.65,-1.491669882328542,-1.337182721338555,-0.4597510742175375,-2.092480992854463,-1.7765490567527447
2019-02-12,neutral,0.14,49.5,1.74,8.4,3.0748,2.68,-1.4785998745906628,-1.3270413246500081,1.2862182103401887,-2.0214320082187154,-1.5698539096046886
2019-02-13,stagflation,0.06,49.5,1.74,8.4,3.0719,2.71,-1.4658680306674807,-1.3171275998824072,1.2769781855890077,-2.008848283847569,-1.3682291999573337
2019-02-14,neutral,0.14,49.5,1.74,8.4,3.0726,2.66,-1.45346001145947,-1.307433150717047,1.2679348089784428,-1.9782265593068262,-1.6680952054088187
2019-02-15,stagflation,0.06,49.5,1.74,8.4,3.0794,2.66,-1.4413623149059476,-1.2979500080640858,1.25908119992528,-1.9176477085946295,-1.6512572395750644
2019-02-18,neutral,0.14,49.5,1.74,8.4,3.1094,2.66,-1.4295622141949582,-1.2886706025138874,1.250410810264734,-1.74119076263997,-1.6349197706139524
2019-02-19,stagflation,0.06,49.5,1.74,8.4,3.1279,2.65,-1.4180477014579447,-1.2795877389287822,1.241917403883289,-1.6286181703218234,-1.680075842467911
2019-02-20,neutral,0.14,49.5,1.74,8.4,3.1196,2.65,-1.4068074363832104,-1.2706945729814678,1.233595037856285,-1.655047871605016,-1.6632093606271605
2019-02-21,stagflation,0.06,49.5,1.74,8.4,3.1361,2.69,-1.395830699248071,-1.2619845894662085,1.2254380449604008,-1.555565598178692,-1.404314695431419
2019-02-22,neutral,0.14,49.5,1.74,8.4,3.1451,2.65,-1.3851073479276337,-1.253451582226672,1.2174410174444226,-1.4963598019571764,-1.6354255459592786
2019-02-25,stagflation,0.06,49.5,1.74,8.4,3.1787,2.67,-1.3746277784884595,-1.2450896355598957,1.209598791952445,-1.3145241722245053,-1.4995465879695746
2019-02-26,neutral,0.14,49.5,1.74,8.4,3.1878,2.64,-1.3643828890188672,-1.2368931069697982,1.201906435504165,-1.2593941841340346,-1.6668373360414446
2019-02-27,stagflation,0.06,49.5,1.74,8.4,3.1689,2.69,-1.3543640463865854,-1.2288566111559809,1.1943592324457624,-1.3461417809791099,-1.3518178073184681
2019-02-28,neutral,0.14,49.5,1.74,8.4,3.1731,2.73,-1.3445630556476047,-1.2209750051346038,1.1869526722928516,-1.3153955870629463,-1.1020006886757392
2019-03-01,stagflation,0.06,49.2,1.74,8.4,3.187,2.76,-1.6806029113636751,-1.2132433743979647,1.179682438394456,-1.2365550107890362,-0.9151595940430735
2019-03-04,neutral,0.14,49.2,1.74,8.4,3.2023,2.72,-1.6644040860380633,-1.2056570200281165,1.1725443973531617,-1.1518899486974317,-1.1517555485424207
2019-03-05,stagflation,0.06,49.2,1.74,8.4,3.2149,2.72,-1.6486654065325106,-1.1982114466878193,1.1655345891426192,-1.081895530701387,-1.1450094830123374
2019-03-06,neutral,0.14,49.2,1.74,8.4,3.2021,2.69,-1.6333654892540892,-1.1909023514190584,1.1586492178687238,-1.1402431427746518,-1.3181290784351725
2019-03-07,stagflation,0.06,49.2,1.74,8.4,3.1572,2.64,-1.618484316416909,-1.183725613185747,1.1518846431253325,-1.3582920723515048,-1.6067585072509787
2019-03-08,neutral,0.14,49.2,1.74,8.4,3.1423,2.62,-1.604003125893375,-1.1766772831028645,1.1452373719002222,-1.4228867294629048,-1.7105701684724832
2019-03-11,stagflation,0.06,49.2,1.49,8.4,3.1374,2.64,-1.5899043117315994,-2.0240790530618864,1.1387040509898319,-1.4365921509157713,-1.576541821928456
2019-03-12,neutral,0.14,49.2,1.49,8.0,3.1424,2.61,-1.576171334139196,-1.9989425446144107,-1.1378646160753474,-1.4010549566808417,-1.7386601067452165
2019-03-13,stagflation,0.06,49.2,1.49,8.0,3.1375,2.61,-1.5627886378871207,-1.9747207818679449,-1.1314834204634987,-1.4151252839269524,-1.7216427842008177
2019-03-14,neutral,0.14,49.2,1.49,8.0,3.1475,2.63,-1.5497415782183352,-1.9513595943911977,-1.1252085615231853,-1.3555157028448783,-1.5891950275045794
2019-03-15,stagflation,0.06,49.2,1.49,8.0,3.1376,2.59,-1.5370163534588899,-1.9288091988455425,-1.1190371168515338,-1.3949289284266326,-1.8064053161661342
2019-03-18,neutral,0.14,49.2,1.49,8.0,3.1377,2.6,-1.5245999436264788,-1.907023752508154,-1.1129662752796192,-1.3845548933430512,-1.7306847944511303
2019-03-19,stagflation,0.06,49.2,1.49,8.0,3.1377,2.61,-1.5124800544158217,-1.8859609611029329,-1.106993331487505,-1.3748869688820493,-1.6570816344821846
2019-03-20,neutral,0.14,49.2,1.49,8.0,3.1453,2.54,-1.5006450660128312,-1.8655817333011384,-1.1011156809343672,-1.3282518038452422,-2.0387257460006243
2019-03-21,stagflation,0.06,49.2,1.49,8.0,3.1291,2.54,-1.4890839862534837,-1.845849875467023,-1.0953308150823833,-1.3986064580339834,-2.013961339017536
2019-03-22,neutral,0.14,49.2,1.49,8.0,3.108,2.44,-1.4777864076979055,-1.8267318212230688,-1.0896363168943475,-1.4914278627954278,-2.540834415185539
2019-03-25,stagflation,0.06,49.2,1.49,8.0,3.0831,2.43,-1.4667424682389438,-1.8081963912362358,-1.0840298565866895,-1.6005838190895536,-2.550828893694578
2019-03-26,neutral,0.14,49.2,1.49,8.0,3.0633,2.41,-1.4559428149062386,-1.7902145793134299,-1.078509187620993,-1.6824951595857396,-2.612891257124963
2019-03-27,stagflation,0.06,49.2,1.49,8.0,3.0882,2.39,-1.445378570563872,-1.7727593614672632,-1.0730721429182593,-1.5482284942780784,-2.6705230073467625
2019-03-28,neutral,0.14,49.2,1.49,8.0,3.0634,2.39,-1.435041303232293,-1.7558055250927391,-1.0677166312815172,-1.654537852297436,-2.6210177401509833
2019-03-29,stagflation,0.06,49.2,1.49,8.0,3.0683,2.41,-1.4249229977932985,-1.7393295157984845,-1.0624406340133519,-1.6170146020249005,-2.472211913486582
2019-04-01,neutral,0.14,50.5,1.49,8.0,3.1332,2.49,-0.003535189405422142,-1.7233092997759456,-1.05724220171586,-1.2950236023427237,-2.0253537591962036
2019-04-02,stagflation,0.06,50.5,1.49,8.0,3.1681,2.48,-0.0035271092031695724,-1.7077242398774857,-1.0521194512615855,-1.12063629466521,-2.052719490437185
2019-04-03,neutral,0.14,50.5,1.49,8.0,3.2331,2.52,-0.003519084152801738,-1.6925549838182832,-1.047070562924714,-0.8038898312475405,-1.826166384129722
2019-04-04,stagflation,0.06,50.5,1.49,8.0,3.2679,2.51,-0.0035111136297732585,-1.677783363124789,-1.0420937776626102,-0.6337734679005725,-1.8587640248070132
2019-04-05,neutral,0.14,50.5,1.49,8.0,3.2679,2.5,-0.0035031970193951283,-1.663392301629836,-1.03718739453847,-0.6317680184822917,-1.8903080360019993
2019-04-08,stagflation,0.06,50.5,1.49,8.0,3.2482,2.52,-0.0034953337166334247,-1.6493657324665463,-1.0323497682764993,-0.7246849740569146,-1.7712131347368436
2019-04-09,neutral,0.14,50.5,1.49,8.0,3.2882,2.51,-0.0034875231259220004,-1.635688522643642,-1.0275793069416785,-0.529218044486593,-1.8046044066010445
2019-04-10,stagflation,0.06,50.5,2.28,8.0,3.2932,2.48,-0.003479764660974045,0.8046090360322032,-1.0228744697366057,-0.5035244428900554,-1.9356440767959913
2019-04-11,neutral,0.14,50.5,2.28,8.0,3.2784,2.51,-0.0034720577445770985,0.8016693616558602,-1.018233764908629,-0.573822606990741,-1.7681779987684556
2019-04-12,overheat,0.12,50.5,2.28,8.6,3.3334,2.56,-0.0034644018084273517,0.7987617191355867,2.341450218261721,-0.3051274955252917,-1.5067037043132006
2019-04-15,overheat,0.12,50.5,2.28,8.6,3.3736,2.55,-0.003456796292980386,0.7958855305190846,2.3084773192633934,-0.10863734346677104,-1.5449693377971239
2019-04-16,overheat,0.12,50.5,2.28,8.6,3.3937,2.6,-0.00344924064721525,0.7930402323541481,2.276860319749323,-0.010275460196135646,-1.2884374131767666
2019-04-17,overheat,0.12,50.5,2.28,8.6,3.3938,2.59,-0.003441734328526955,0.7902252752241924,2.2465087692053283,-0.00976383206074599,-1.3300272327837297
2019-04-18,overheat,0.12,50.5,2.28,8.6,3.3589,2.57,-0.0034342768025332868,0.7874401233018183,2.2173404449056866,-0.18086034239327697,-1.4198700660293002
2019-04-19,overheat,0.12,50.5,2.28,8.6,3.3741,2.57,-0.003426867542931586,0.7846842539196214,2.1892804140041253,-0.1057764127770113,-1.4106378159250381
2019-04-22,overheat,0.12,50.5,2.28,8.6,3.4091,2.59,-0.0034195060313100215,0.781957157157453,2.162260223072536,0.06680886964215263,-1.3041515153583103
2019-04-23,overheat,0.12,50.5,2.28,8.6,3.3993,2.57,-0.00341219175705019,0.7792583354453981,2.136217195113244,0.018300740543462816,-1.3939187360877978
2019-04-24,overheat,0.12,50.5,2.28,8.6,3.4343,2.53,-0.003404924217112518,0.7765873031817542,2.1110938175981957,0.19135450074941562,-1.578906349422551
2019-04-25,overheat,0.12,50.5,2.28,8.6,3.4193,2.54,-0.0033977029159461686,0.7739435863653682,2.086837207925363,0.11660167267092342,-1.5190121465021025
2019-04-26,overheat,0.12,50.5,2.28,8.6,3.4043,2.51,-0.0033905273653144757,0.7713267222416725,2.063398644977921,0.04185381151838368,-1.6525653939763938
2019-04-29,overheat,0.12,50.5,2.28,8.6,3.4268,2.54,-0.003383397084189606,0.7687362589618467,2.040733157337926,0.15374935780501192,-1.4959713144954416
2019-04-30,overheat,0.12,50.5,2.28,8.6,3.3869,2.51,-0.0033763115985628016,0.7661717552545114,2.0187991602307274,-0.0455841657618965,-1.6291574651180418
2019-05-01,overheat,0.12,50.1,2.28,8.6,3.3869,2.52,-0.4613827179189742,0.7636327801094247,1.997558134528367,-0.04548890439347222,-1.569196010467164
2019-05-02,overheat,0.12,50.1,2.28,8.6,3.3869,2.55,-0.46021961723087157,0.7611189124726678,1.9769743421723385,-0.04539423776161977,-1.4153484134756766
2019-05-03,overheat,0.12,50.1,2.28,8.6,3.3869,2.54,-0.45906527553308063,0.7586297409528194,1.957014573231036,-0.045300159703617934,-1.4540430333091718
2019-05-06,overheat,0.12,50.1,2.28,8.6,3.355,2.51,-0.4579195833705887,0.7561648635376651,1.9376479205181196,-0.20564385811881092,-1.5866114337911172
2019-05-07,overheat,0.12,50.1,2.28,8.6,3.3551,2.45,-0.45678243319467104,0.7537238873209979,1.9188455782917715,-0.2047002402983432,-1.856913625808963
2019-05-08,overheat,0.12,50.1,2.28,8.6,3.3426,2.49,-0.45565371932043314,0.7513064282390632,1.9005806620517773,-0.26736828400033935,-1.653357725505071
2019-05-09,overheat,0.12,50.1,2.28,8.6,3.3116,2.45,-0.4545333378854586,0.7489121108163012,1.8828280468703613,-0.42352093956536624,-1.8269747083893928
2019-05-10,overheat,0.12,50.1,2.54,8.6,3.3017,2.47,-0.45342118680957605,1.5572020628154453,1.865564222044964,-0.4726229092705125,-1.7184090431798442
2019-05-13,overheat,0.12,50.1,2.54,8.5,3.2709,2.4,-0.4523171657557184,1.5464561543718354,1.371841149621911,-0.6275184796372685,-2.0267016350521625
2019-05-14,overheat,0.12,50.1,2.54,8.5,3.2859,2.42,-0.45122117609184786,1.5359299264950461,1.3638976221115318,-0.5496782251962722,-1.9148072989636773
2019-05-15,overheat,0.12,50.1,2.54,8.5,3.2762,2.37,-0.4501331208538176,1.5256159935733904,1.3560906690109564,-0.5975182182372911,-2.123521456428897
2019-05-16,overheat,0.12,50.1,2.54,8.5,3.2662,2.4,-0.44905290470934534,1.515507313005126,1.3484164200540096,-0.6467468811390363,-1.9654751447000707
2019-05-17,overheat,0.12,50.1,2.54,8.5,3.2665,2.39,-0.4479804339228008,1.505597164985151,1.3408711568046292,-0.6433961569828115,-1.9913626061970136
2019-05-20,overheat,0.12,50.1,2.54,8.5,3.2717,2.41,-0.44691561632096605,1.4958791337287245,1.3334513050838293,-0.6150925314446558,-1.882801480434669
2019-05-21,overheat,0.12,50.1,2.54,8.5,3.299,2.43,-0.4408133937041575,1.482114375554381,1.3253237069467179,-0.46972768284461536,-1.772736356149171
2019-05-22,overheat,0.12,50.1,2.54,8.5,3.3264,2.39,-0.43469050872180526,1.4685706176854525,1.3172814274390099,-0.3234265800124547,-1.930003720950217
2019-05-23,overheat,0.12,50.1,2.54,8.5,3.31,2.31,-0.42854548020760286,1.4552409200792678,1.3093227382752375,-0.40224408104192766,-2.2553974404965613
2019-05-24,overheat,0.12,50.1,2.54,8.5,3.3125,2.32,-0.4223767695013883,1.4421186357534574,1.3014459592530467,-0.3835875689120802,-2.1805257611807334
2019-05-27,overheat,0.12,50.1,2.54,8.5,3.35,2.32,-0.416182776314592,1.4291973948349224,1.29364945653376,-0.18305903754106467,-2.1507969653127574
2019-05-28,overheat,0.12,50.1,2.54,8.5,3.31,2.26,-0.4099618342530726,1.416471089654888,1.285931640997443,-0.3860205252708371,-2.374907867442619
2019-05-29,overheat,0.12,50.1,2.54,8.5,3.2875,2.25,-0.4037122059617163,1.4041080021313774,1.2782909666688798,-0.4979140370860646,-2.3804586274104076
2019-05-30,overheat,0.12,50.1,2.54,8.5,3.275,2.22,-0.39743207785067464,1.3919261030012773,1.2707259292107893,-0.5574783220162722,-2.467500172239783
2019-05-31,overheat,0.12,50.1,2.54,8.5,3.2751,2.14,-0.3911195543581129,1.3799201594169437,1.263235064480831,-0.5509484494615449,-2.7514815545390614
2019-06-03,overheat,0.12,49.4,2.54,8.5,3.2401,2.07,-1.2490656119786208,1.368085143924166,1.2558169471494143,-0.7298592941035986,-2.976196387652827
2019-06-04,overheat,0.12,49.4,2.54,8.5,3.2101,2.12,-1.2414972701060667,1.356416224198972,1.2484701893751224,-0.881925022686468,-2.7191055779311895
2019-06-05,overheat,0.12,49.4,2.54,8.5,3.21,2.12,-1.2340797136349888,1.3449087534115365,1.2411934395350013,-0.875377707804377,-2.6688425938209246
2019-06-06,overheat,0.12,49.4,2.54,8.5,3.2136,2.12,-1.2268135119817256,1.3335582611728525,1.2339853810071253,-0.8493398525863882,-2.6207540066756647
2019-06-07,overheat,0.12,49.4,2.54,8.5,3.2136,2.09,-1.2196994916380541,1.3223604450234738,1.2268447310027188,-0.8424479944385946,-2.6873097552992835
2019-06-10,overheat,0.12,49.4,2.74,8.5,3.2251,2.15,-1.2127387497881095,1.9004032455657505,1.2197702394457048,-0.7746222731677554,-2.4160988397100205
2019-06-11,overheat,0.12,49.4,2.74,8.5,3.2651,2.15,-1.2059326697538169,1.8794619452949053,1.2127606878971726,-0.5556473128917955,-2.378329370202519
2019-06-12,overheat,0.12,49.4,2.74,8.5,3.2601,2.13,-1.1992829384737498,1.8590194134895222,1.2058148885228492,-0.5766737792493092,-2.4147450697245136
2019-06-13,overheat,0.12,49.4,2.74,8.5,3.2451,2.1,-1.1927915662521227,1.8390548665671398,1.1989316831014747,-0.6510263225162272,-2.484773576414003
2019-06-14,overheat,0.12,49.4,2.74,8.5,3.2302,2.09,-1.1864609090510807,1.8195487310399356,1.1921099420720986,-0.7247903373762445,-2.4799889304833966
2019-06-17,overheat,0.12,49.4,2.74,8.5,3.2252,2.09,-1.180293693641609,1.8004825549916856,1.1853485636186885,-0.7454848159038877,-2.4398796062629495
2019-06-18,overheat,0.12,49.4,2.74,8.5,3.2302,2.06,-1.1742930459792777,1.7818389273955269,1.1786464727901493,-0.7131752560994498,-2.5050750447499315
2019-06-19,overheat,0.12,49.4,2.74,8.5,3.2427,2.03,-1.166011948661281,1.7636014044668828,1.1720026206542205,-0.6411281895969239,-2.5662097726472064
2019-06-20,overheat,0.12,49.4,2.74,8.5,3.2352,2.01,-1.1578388568853581,1.745754442340219,1.1654159834837912,-0.6759345849764122,-2.589870514322058
2019-06-21,overheat,0.12,49.4,2.74,8.5,3.2303,2.07,-1.149772497827193,1.7282833354401392,1.1588855619739893,-0.6965003437886714,-2.3455945359978796
2019-06-24,overheat,0.12,49.4,2.74,8.5,3.2453,2.02,-1.1418117037633795,1.711174159988828,1.1524103804889057,-0.6107116452807552,-2.4753125678330354
2019-06-25,overheat,0.12,49.4,2.74,8.5,3.2353,2.0,-1.1339554128432496,1.6944137221541813,1.1459894863364009,-0.6587514728837447,-2.50041081105026
2019-06-26,overheat,0.12,49.4,2.74,8.5,3.2453,2.05,-1.1262026702312287,1.6779895103975573,1.1396219490699566,-0.5993689065801038,-2.2984946886527444
2019-06-27,overheat,0.12,49.4,2.74,8.5,3.2553,2.01,-1.1185526296397583,1.6611343747560454,1.133306859816306,-0.5401383565937574,-2.392499671601852
2019-06-28,overheat,0.12,49.4,2.74,8.5,3.2254,2.0,-1.1110045552760357,1.6446074185792865,1.1270433306276506,-0.6955965977813108,-2.3871105081718147
2019-07-01,overheat,0.12,49.4,2.74,8.5,3.2254,2.03,-1.1035578242294553,1.6283968013783843,1.1181045604654691,-0.6897705132084936,-2.2567983844467374
2019-07-02,overheat,0.12,49.4,2.74,8.5,3.1704,1.98,-1.0962119293308372,1.6124912679926868,1.1092541972357393,-0.979070114431329,-2.379164589732526
2019-07-03,overheat,0.12,49.4,2.74,8.5,3.1554,1.96,-1.0889664825192937,1.5968801117413969,1.1004901527431639,-1.0516994208875223,-2.4037307499013383
2019-07-04,overheat,0.12,49.4,2.74,8.5,3.1479,1.96,-1.081821218757436,1.5815531403766003,1.0918103992586612,-1.0835026674926318,-2.3664131362621097
2019-07-05,overheat,0.12,49.4,2.74,8.5,3.1705,2.04,-1.0747760005419436,1.5665006445894265,1.083212967172931,-0.9545803325030303,-2.090837452835017
2019-07-08,overheat,0.12,49.4,2.74,8.5,3.1805,2.05,-1.0678308230625333,1.5517133688462013,1.0746959427614298,-0.8942921225992798,-2.034011655300991
2019-07-09,overheat,0.12,49.4,2.74,8.5,3.168,2.07,-1.0609858200706004,1.537182484353598,1.0662574660547113,-0.9538267297401531,-1.9492787009124595
2019-07-10,overheat,0.12,49.4,2.68,8.5,3.1706,2.07,-1.0542412705268238,1.3601313489603113,1.0578957288087567,-0.9324435850474773,-1.9262818409907279
2019-07-11,overheat,0.12,49.4,2.68,8.5,3.168,2.13,-1.0475976061071477,1.3484460035172474,1.0496089725700055,-0.9389173391443063,-1.7275826786713062
2019-07-12,overheat,0.12,49.4,2.68,8.5,3.1531,2.12,-1.041055419657706,1.3369203057976233,1.0413954868303565,-1.0109900022915457,-1.7388324967494821
2019-07-15,overheat,0.12,49.4,2.68,8.5,3.1782,2.09,-1.034615474702226,1.3255497886196244,1.0332536072675085,-0.8690052218255682,-1.8080834411802167
2019-07-16,overheat,0.12,49.4,2.68,8.5,3.1732,2.13,-1.0282787161204527,1.3143301504660405,1.0251817140665904,-0.8887675656965593,-1.672500278162374
2019-07-17,overheat,0.12,49.4,2.68,8.5,3.1757,2.06,-1.0220462821332277,1.3032572475138908,1.0171782303190338,-0.8683076138891689,-1.857621967376099
2019-07-18,overheat,0.12,49.4,2.68,8.5,3.1608,2.04,-1.0159195177501983,1.2923270861270855,1.0092416204951167,-0.9411529329142675,-1.8941050122764624
2019-07-19,overheat,0.12,49.4,2.68,8.5,3.1559,2.05,-1.0085367878552765,1.281535815780665,1.00137038898665,-0.9600855233859011,-1.844347657219997
2019-07-22,overheat,0.12,49.4,2.68,8.5,3.1484,2.05,-1.0012258290898117,1.2708797223876465,0.9935630787167802,-0.9926342258751814,-1.824051202262468
2019-07-23,overheat,0.12,49.4,2.68,8.5,3.1484,2.08,-0.9939857629038105,1.260355222001699,0.9858182698138872,-0.9850147231620598,-1.7194326899971002
2019-07-24,overheat,0.12,49.4,2.68,8.5,3.171,2.05,-0.9868157704763584,1.2499588548709266,0.9781345783467768,-0.857169194868045,-1.7858613226494895
2019-07-25,overheat,0.12,49.4,2.68,8.5,3.1635,2.08,-0.9797150934911483,1.2396872798199365,0.9705106551187841,-0.8903393510491062,-1.6830091930598843
2019-07-26,overheat,0.12,49.4,2.68,8.5,3.1661,2.08,-0.972683035122416,1.2295372689389854,0.9629451845183286,-0.8693646386393877,-1.6660012402422726
2019-07-29,overheat,0.12,49.4,2.68,8.5,3.1836,2.06,-0.9657189612453365,1.2195057025607174,0.9554368834238692,-0.7689505892949123,-1.7046969954459958
2019-07-30,overheat,0.12,49.4,2.68,8.5,3.1761,2.06,-0.9588223018867286,1.2098105510137938,0.9479845001611699,-0.80256141645612,-1.6870864453606096
2019-07-31,overheat,0.12,49.4,2.68,8.5,3.1552,2.02,-0.9519925529348867,1.2002243169683762,0.9479845001611699,-0.9079286826683278,-1.7795455819077013
2019-08-01,overheat,0.12,49.7,2.68,8.5,3.1487,1.9,-0.5062475284999541,1.1907443199744006,0.9479845001611699,-0.9355699104719795,-2.0862548081941363
2019-08-02,overheat,0.12,49.7,2.68,8.5,3.0914,1.86,-0.5001409236866619,1.1813679641228425,0.9479845001611699,-1.235690010266285,-2.1666155840579324
2019-08-05,overheat,0.12,49.7,2.68,8.5,3.0563,1.75,-0.4940218758400412,1.1720927345046546,0.9479845001611699,-1.4149974028412835,-2.428401773537991
2019-08-06,overheat,0.12,49.7,2.68,8.5,3.0613,1.73,-0.4878890643492284,1.1629161938466621,0.9479845001611699,-1.3790781264320224,-2.442467175735392
2019-08-07,overheat,0.12,49.7,2.68,8.5,3.0514,1.71,-0.48174112285212173,1.153835979313878,0.9479845001611699,-1.4229890168319759,-2.4552225703736648
2019-08-08,overheat,0.12,49.7,2.68,8.5,3.0465,1.72,-0.4755766358020942,1.144849799468551,0.9479845001611699,-1.4396499755846859,-2.390610115075461
2019-08-09,overheat,0.12,49.7,2.68,8.5,3.0216,1.74,-0.46939413475268194,1.1359554313768354,0.9479845001611699,-1.5631646442054412,-2.3033030228712694
2019-08-12,neutral,0.14,49.7,2.78,8.1,3.0391,1.65,-0.4631920943301421,1.387883576929685,-0.8447517936366035,-1.4571537769292584,-2.494141222380041
2019-08-13,stagflation,0.06,49.7,2.78,8.1,3.0041,1.68,-0.4569689278604246,1.3758352718997189,-0.837962300456821,-1.6359373625053268,-2.379541885439083
2019-08-14,neutral,0.14,49.7,2.78,8.1,3.0105,1.59,-0.4507229826124505,1.3639567678386253,-0.8312098719701669,-1.5896608410713295,-2.562262152024832
2019-08-15,stagflation,0.06,49.7,2.78,8.1,3.0115,1.52,-0.4444525346148914,1.3522432057648923,-0.8244935775893923,-1.5724103485405503,-2.686585524449305
2019-08-16,neutral,0.14,49.7,2.78,8.1,3.0217,1.55,-0.4381557829979978,1.3406899110078734,-0.817812500740469,-1.5057472174085973,-2.5674367006978795
2019-08-19,stagflation,0.06,49.7,2.78,8.1,3.0191,1.6,-0.4318308438052696,1.32929238411322,-0.8111657382326497,-1.508217868041257,-2.4069576741323284
2019-08-20,neutral,0.14,49.7,2.78,8.1,3.0317,1.55,-0.4254757432126041,1.3180462922876583,-0.8045523996423816,-1.4282941442524895,-2.485617208373196
2019-08-21,stagflation,0.06,49.7,2.78,8.1,3.0567,1.59,-0.4190080162955784,1.3069474613455194,-0.7979716067100764,-1.2823643406832825,-2.353743389969337
2019-08-22,neutral,0.14,49.7,2.78,8.1,3.0543,1.62,-0.4125018202794761,1.295991868122495,-0.7914224927489341,-1.2871653651067683,-2.250367151630287
2019-08-23,stagflation,0.06,49.7,2.78,8.1,3.0644,1.52,-0.4059545255403491,1.2851756333247264,-0.7849042020645911,-1.2236461214977499,-2.4441018841627473
2019-08-26,neutral,0.14,49.7,2.78,8.1,3.0494,1.54,-0.39936334284441544,1.2744950147838972,-0.7784158893849491,-1.2983182879793405,-2.3611674355329857
2019-08-27,stagflation,0.06,49.7,2.78,8.1,3.052,1.49,-0.3927253077448695,1.2639464010911803,-0.7719567192991122,-1.2764965161729218,-2.4363587175911987
2019-08-28,neutral,0.14,49.7,2.78,8.1,3.052,1.47,-0.3860372630523177,1.2551210093988,-0.7655258657045364,-1.2701561329566853,-2.442263477239624
2019-08-29,stagflation,0.06,49.7,2.78,8.1,3.0321,1.5,-0.37929583908160047,1.2463925350567244,-0.7591225112616663,-1.3757887748023063,-2.340076795000348
2019-08-30,neutral,0.14,49.7,2.78,8.1,3.0573,1.5,-0.37249743132191643,1.2377588269806066,-0.7565923856009134,-1.2279444064466036,-2.306159615690132
2019-09-02,stagflation,0.06,49.5,2.78,8.1,3.0723,1.5,-0.713394813905332,1.2292177984324355,-0.7540702584421881,-1.1374319128207377,-2.2733985405782677
2019-09-03,neutral,0.14,49.5,2.78,8.1,3.0624,1.47,-0.708639595955718,1.2207674245308615,-0.7515560663979659,-1.1879289015105903,-2.3051272147210877
2019-09-04,stagflation,0.06,49.5,2.78,8.1,3.0473,1.47,-0.7039808696372994,1.212405739878124,-0.7490497467122221,-1.268349780851558,-2.2726447301860353
2019-09-05,neutral,0.14,49.5,2.78,8.1,3.0173,1.57,-0.6994249819360747,1.204130836297133,-0.7465512372519719,-1.4350968880511412,-2.0340017419712466
2019-09-06,stagflation,0.06,49.5,2.78,8.1,3.0173,1.55,-0.6949791120770626,1.1959408606727238,-0.744060476498945,-1.4303441000724066,-2.0519156643962266
2019-09-09,neutral,0.14,49.5,2.78,8.1,3.025,1.63,-0.6906513957705233,1.1878340128914522,-0.7415774035414361,-1.3826938025145357,-1.8625607676310476
2019-09-10,stagflation,0.06,49.5,2.84,8.1,3.0425,1.72,-0.6864510725658362,1.3267305574761281,-0.7391019580662035,-1.2758971908792087,-1.65702834692445
2019-09-11,neutral,0.14,49.5,2.84,8.1,3.0525,1.75,-0.6823886614774727,1.316840487859957,-0.7366340803505799,-1.2132339448317697,-1.5795394593019805
2019-09-12,stagflation,0.06,49.5,2.84,8.2,3.0876,1.79,-0.6784761714162958,1.3070709080351255,-0.28607148751479317,-0.9989703444025244,-1.4828676409349066
2019-09-13,neutral,0.14,49.5,2.84,8.2,3.0876,1.9,-0.6747273547493267,1.2974188962162323,-0.28607148751479317,-0.9951971564889925,-1.2424596386190585
2019-09-16,stagflation,0.06,49.5,2.84,8.2,3.0926,1.84,-0.6711580146764679,1.287881626386875,-0.28607148751479317,-0.9600217422568553,-1.3567551499214887
2019-09-17,neutral,0.14,49.5,2.84,8.2,3.1076,1.81,-0.6677863802646945,1.2784563642487927,-0.28607148751478517,-0.8622954586015531,-1.4075084332051218
2019-09-18,stagflation,0.06,49.5,2.84,8.2,3.1278,1.8,-0.661893583485392,1.2691404633782588,-0.28607148751479317,-0.7308525924255206,-1.4165582495202296
2019-09-19,neutral,0.14,49.5,2.84,8.2,3.1053,1.79,-0.656024403254621,1.259931361577348,-0.28607148751479317,-0.8683315937720054,-1.4252488546145323
2019-09-20,stagflation,0.06,49.5,2.84,8.2,3.098,1.74,-0.6501787670061454,1.2508265774084002,-0.28607148751479317,-0.9105177790468624,-1.5168784938513091
2019-09-23,neutral,0.14,49.5,2.84,8.2,3.1005,1.72,-0.6443566617608453,1.2418237069009757,-0.28607148751479317,-0.8902094516867823,-1.5460020646708985
2019-09-24,stagflation,0.06,49.5,2.84,8.2,3.1205,1.64,-0.6385581402827578,1.2329204204211506,-0.28607148751478517,-0.755679984293186,-1.6983915023723715
2019-09-25,neutral,0.14,49.5,2.84,8.2,3.1157,1.73,-0.6327833281116276,1.2241144596938214,-0.28607148751479317,-0.7830474893360738,-1.4996936831775294
2019-09-26,stagflation,0.06,49.5,2.84,8.2,3.1381,1.7,-0.6270324316089717,1.2154036349691957,-0.28607148751479317,-0.6293072364831467,-1.5500367221002886
2019-09-27,neutral,0.14,49.5,2.84,8.2,3.1482,1.69,-0.621305747179006,1.2086351054639877,-0.28607148751479317,-0.5560285355442101,-1.5588064004240358
2019-09-30,stagflation,0.06,49.5,2.84,8.2,3.1411,1.68,-0.6156036718552688,1.2019263558170856,-0.28607148751479317,-0.5989751898911301,-1.566588036034294
2019-10-01,neutral,0.14,49.8,2.84,8.2,3.1411,1.65,0.045277721225284874,1.1952763333424816,-0.28425298007460836,-0.5936227313920778,-1.615466650497661
2019-10-02,stagflation,0.06,49.8,2.84,8.2,3.1411,1.6,0.0545344393634366,1.188684010637072,-0.2824357729233239,-0.5883517618138335,-1.7046885388165893
2019-10-03,neutral,0.14,49.8,2.84,8.2,3.1411,1.54,0.0639933674694143,1.1821483847969823,-0.2806198478209388,-0.582991706720872,-1.8127050346892355
2019-10-04,stagflation,0.06,49.8,2.84,8.2,3.1411,1.52,0.07366667085797055,1.1756684766634022,-0.27880518657584386,-0.577746988836943,-1.8375573226265034
2019-10-07,neutral,0.14,49.8,2.84,8.2,3.1411,1.56,0.08356755240086473,1.1692433300965834,-0.27699177104380435,-0.5721607984919895,-1.7395869322690354
2019-10-08,stagflation,0.06,49.8,2.84,8.2,3.1063,1.54,0.09371037193571458,1.1628720112768147,-0.27517958312710783,-0.82244775876348,-1.7659916868055714
2019-10-09,neutral,0.14,49.8,2.84,8.2,3.1089,1.59,0.10411078304052515,1.1565536080311531,-0.2733686047736367,-0.8003680880288149,-1.6495608609497054
2019-10-10,stagflation,0.06,49.8,3.02,8.2,3.1289,1.67,0.11478589025423944,1.562488973674303,-0.27155881797590486,-0.646055705450216,-1.4731052425814417
2019-10-11,neutral,0.14,49.8,3.02,8.2,3.1564,1.76,0.1257544304741121,1.5501969536439122,-0.26975020477025885,-0.43079655854455423,-1.277256051895094
2019-10-14,stagflation,0.06,49.8,3.02,8.4,3.1641,1.76,0.1370369830718921,1.5380903309928955,0.6283658217158975,-0.3646935519665148,-1.2682001824177915
2019-10-15,neutral,0.14,49.8,3.02,8.4,3.1668,1.77,0.1486562142863218,1.5261639172913526,0.6261291263295299,-0.33651102700285473,-1.2382256374260323
2019-10-16,stagflation,0.06,49.8,3.02,8.4,3.1693,1.75,0.16063716273328202,1.5144127241439027,0.6238979664355883,-0.3095573718706326,-1.2703545656661301
2019-10-17,neutral,0.14,49.8,3.02,8.4,3.1569,1.76,0.1730075745044676,1.5028319533306405,0.6216723003887453,-0.40186331082642435,-1.240707090650511
2019-10-18,stagflation,0.06,49.8,3.02,8.4,3.187,1.76,0.18579829841024414,1.491416987536124,0.619452086894683,-0.15034722113044893,-1.232261384232958
2019-10-21,neutral,0.14,49.8,3.02,8.4,3.2196,1.8,0.19043091362401263,1.480163381625359,0.6172372850059256,0.12629986845468874,-1.1407927807399536
2019-10-22,stagflation,0.06,49.8,3.02,8.4,3.2196,1.78,0.19509534688415098,1.4690668544290015,0.6150278541176123,0.13923836511749246,-1.1754703482364863
2019-10-23,neutral,0.14,49.8,3.02,8.4,3.2122,1.77,0.19979227878286968,1.4581232810029983,0.6128237539634092,0.08909176193531379,-1.1890768026269989
2019-10-24,stagflation,0.06,49.8,3.02,8.4,3.2196,1.77,0.20452240812846448,1.4473286853305858,0.6106249446114773,0.16436382763817126,-1.1819670329160001
2019-10-25,neutral,0.14,49.8,3.02,8.4,3.2372,1.8,0.20928645260938614,1.4366792334370435,0.6084313864604266,0.32878067071320777,-1.1116115378479943
2019-10-28,stagflation,0.06,49.8,3.02,8.4,3.2924,1.85,0.21408514948820973,1.4261712268898856,0.6062430402354049,0.8273469258099501,-0.9989305015326732
2019-10-29,neutral,0.14,49.8,3.02,8.4,3.3029,1.84,0.21891925632672685,1.415801096659215,0.6040598669842014,0.9360411487159465,-1.0139693573781734
2019-10-30,stagflation,0.06,49.8,3.02,8.4,3.3125,1.78,0.22378955174413073,1.4064131060317728,0.5982193078452499,1.0397103089648232,-1.136529009958185
2019-10-31,neutral,0.14,49.8,3.02,8.4,3.288,1.69,0.22869683621000222,1.3971372632347172,0.5923870330491771,0.8342266705412237,-1.3230505917269662
2019-11-01,stagflation,0.06,49.3,3.02,8.4,3.2757,1.73,-1.0847287404002075,1.3879710260478506,0.5865623373550911,0.7325143063034403,-1.2283091246109092
2019-11-04,neutral,0.14,49.3,3.02,8.4,3.2954,1.79,-1.0764101148920304,1.3789119315706253,0.5807445108022367,0.9219253970687248,-1.0904467130157145
2019-11-05,stagflation,0.06,49.3,3.02,8.4,3.2454,1.86,-1.068171334543193,1.3699575930478092,0.5749328381213935,0.46474866690058,-0.9306526722599598
2019-11-06,neutral,0.14,49.3,3.02,8.4,3.2555,1.81,-1.0600107506046406,1.361105696849175,0.5691265981273143,0.5659515648866664,-1.033487013863016
2019-11-07,stagflation,0.06,49.3,3.02,8.4,3.2736,1.92,-1.051926767302038,1.3523539995944813,0.5633250630906262,0.7423067935398446,-0.7845446077051265
2019-11-08,neutral,0.14,49.3,3.02,8.4,3.2765,1.94,-1.0439178403697704,1.34370032541552,0.5575274980875072,0.7764244349741788,-0.7340426669992396
2019-11-11,stagflation,0.06,49.3,3.76,8.4,3.2463,1.94,-1.035982475685755,2.859994927698063,0.5517331603254046,0.5005083910447303,-0.7279027766188358
2019-11-12,neutral,0.14,49.3,3.76,8.4,3.255,1.92,-1.0281192280052458,2.805186100573053,0.5459412984427175,0.59195510980483,-0.7665045481154049
2019-11-13,stagflation,0.06,49.3,3.76,8.4,3.237,1.88,-1.020326699791447,2.752991744947453,0.5401511517806817,0.43060939892041744,-0.8503453511932814
2019-11-14,neutral,0.14,49.3,3.76,8.4,3.2555,1.82,-1.0126035401415467,2.703203511737598,0.5343619496249897,0.6187700705772727,-0.9796001704582646
2019-11-15,stagflation,0.06,49.3,3.76,8.4,3.2355,1.84,-1.0049484438072116,2.6556356317952803,0.5285729104149637,0.4323868339525615,-0.9278365340068068
2019-11-18,neutral,0.14,49.3,3.76,8.4,3.1993,1.81,-0.9973601503086057,2.61012186017607,0.5227832409177674,0.0859580916957783,-0.9897611434911601
2019-11-19,stagflation,0.06,49.3,3.76,8.4,3.1743,1.79,-0.9898374431422313,2.5665129113564538,0.5169921353647884,-0.15299442957553744,-1.0288085402467009
2019-11-20,neutral,0.14,49.3,3.76,8.4,3.1747,1.73,-0.9820346596477664,2.5246742947965264,0.5111987745475697,-0.14290155623747805,-1.159380235399437
2019-11-21,stagflation,0.06,49.3,3.76,8.4,3.1749,1.77,-0.9742917484002888,2.4844844790091174,0.5054023248698669,-0.13615922088669233,-1.05928885035658
2019-11-22,neutral,0.14,49.3,3.76,8.4,3.1747,1.77,-0.9666073107076242,2.445833326773958,0.4996019373526154,-0.1343854344608918,-1.0517669391488556
2019-11-25,stagflation,0.06,49.3,3.76,8.4,3.1875,1.76,-0.958979979457268,2.40862075539252,0.4937967465881511,-0.0035977291975344446,-1.0671973555588599
2019-11-26,neutral,0.14,49.3,3.76,8.4,3.1675,1.74,-0.9514084178996939,2.372755584695912,0.4879858696395721,-0.19855826230344759,-1.1056435798583488
2019-11-27,stagflation,0.06,49.3,3.76,8.4,3.17,1.77,-0.9438913184767033,2.3365856172045354,0.4821684048812495,-0.16994146183891348,-1.0279762703182094
2019-11-28,neutral,0.14,49.3,3.76,8.4,3.165,1.77,-0.9364274016919358,2.301702562302117,0.47634343077556124,-0.21617837142939664,-1.020646409221376
2019-11-29,stagflation,0.06,49.3,3.76,8.4,3.165,1.78,-0.9290154150218437,2.2680277097822175,0.47051000458098025,-0.2122766282699407,-0.9901530016595677
2019-12-02,neutral,0.14,50.2,3.76,8.4,3.2062,1.83,1.489568123470584,2.235488935872386,0.4646671609860476,0.20627297036493972,-0.8658410241144687
2019-12-03,stagflation,0.06,50.2,3.76,8.4,3.1746,1.72,1.48356612759752,2.204020009690663,0.45881391066311017,-0.10528137262409173,-1.1182832214545833
2019-12-04,neutral,0.14,50.2,3.76,8.4,3.1751,1.77,1.4776119029279122,2.173559986981163,0.45294923873563486,-0.09301286160908319,-0.9924710493977804
2019-12-05,stagflation,0.06,50.2,3.76,8.4,3.1776,1.8,1.4717047520306001,2.14405267843282,0.4470721031517332,-0.060156705815038077,-0.9140878700115415
2019-12-06,neutral,0.14,50.2,3.76,8.4,3.1751,1.84,1.4658439916631882,2.1154461819701447,0.44118143295634393,-0.07945949292496639,-0.8119524772558079
2019-12-09,stagflation,0.06,50.2,3.76,8.4,3.1903,1.83,1.4600289524014867,2.087692470109993,0.43527612645363395,0.08204891477712167,-0.8291731961413107
2019-12-10,neutral,0.14,50.2,4.49,8.4,3.1776,1.85,1.4542589782810025,3.2177901261758417,0.4293550492502014,-0.0437737055558026,-0.7746796934766799
2019-12-11,stagflation,0.06,50.2,4.49,8.4,3.1702,1.79,1.4485334264495684,3.1408818164708787,0.4234170321692563,-0.11395703351240288,-0.911936841739966
2019-12-12,neutral,0.14,50.2,4.49,8.2,3.1652,1.9,1.442851666830877,3.0686353222744835,-0.566248101117597,-0.16072002318021208,-0.6404754725422968
2019-12-13,stagflation,0.06,50.2,4.49,8.2,3.1828,1.82,1.4372130817987057,3.0005855985811527,-0.5725639941107319,0.028825369703977883,-0.8274381038100631
2019-12-16,neutral,0.14,50.2,4.49,8.2,3.1854,1.89,1.4316170658609775,2.936330189057738,-0.5789526190394481,0.059850847784140744,-0.6513065857136995
2019-12-17,stagflation,0.06,50.2,4.49,8.2,3.2133,1.89,1.4260630253538527,2.8755187856431856,-0.5854158060685121,0.3547319193853669,-0.6451757168740853
2019-12-18,neutral,0.14,50.2,4.49,8.2,3.2139,1.92,1.4205503781450233,2.8178448416412003,-0.5919554498729678,0.36166555973391756,-0.5659791148428641
2019-12-19,stagflation,0.06,50.2,4.49,8.2,3.2139,1.92,1.407910182487713,2.7630387773237106,-0.5985735126256693,0.3622748822918291,-0.5600987645968718
2019-12-20,neutral,0.14,50.2,4.49,8.2,3.1808,1.92,1.3954558943084994,2.710862432503519,-0.6052720271559805,0.012893803938030505,-0.5543007445914023
2019-12-23,stagflation,0.06,50.2,4.49,8.2,3.1661,1.93,1.3831819999364565,2.661104504265809,-0.6120531002916207,-0.14322512471100152,-0.5243107342278834
2019-12-24,neutral,0.14,50.2,4.49,8.2,3.1535,1.9,1.37108320261294,2.6135767695013357,-0.6189189163963991,-0.2762433809344585,-0.5924010187198632
2019-12-25,stagflation,0.06,50.2,4.49,8.2,3.1463,1.9,1.3591544113955312,2.568110937483283,-0.6258717411173516,-0.35199340337649715,-0.586404514606822
2019-12-26,neutral,0.14,50.2,4.49,8.2,3.1137,1.9,1.347390730743579,2.5245560119122317,-0.6329139253564109,-0.6954309070749253,-0.5803660468700613
2019-12-27,stagflation,0.06,50.2,4.49,8.2,3.1292,1.88,1.3357874507363874,2.482776067722952,-0.6400479094824689,-0.5329997661406473,-0.6240710882075169
2019-12-30,neutral,0.14,50.2,4.49,8.2,3.1322,1.9,1.3243400378784749,2.4443480739978463,-0.6472762278013557,-0.5031146790266875,-0.5680025831165806
2019-12-31,stagflation,0.06,50.2,4.49,8.2,3.1365,1.92,1.3130441264510169,2.407358615047488,-0.6546015133027511,-0.4593565199234726,-0.5118445543435447
2020-01-01,neutral,0.14,50.2,4.49,8.2,3.1365,1.92,1.3018955103708947,2.3717167301692372,-0.6579402593605869,-0.45970695514851523,-0.5059039583203315
2020-01-02,stagflation,0.06,50.2,4.49,8.2,3.1485,1.88,1.2908901355224762,2.337339359103717,-0.6612971848522717,-0.33333635419456337,-0.6010353600182308
2020-01-03,neutral,0.14,50.2,4.49,8.2,3.1428,1.8,1.2800240925298816,2.3041504809117583,-0.6646725079375748,-0.3973328357432122,-0.7977665575214787
2020-01-06,stagflation,0.06,50.2,4.49,8.2,3.1352,1.81,1.2692936099397478,2.272080364990503,-0.6680664503816741,-0.48130608518376133,-0.7659170189132186
2020-01-07,neutral,0.14,50.2,4.49,8.2,3.1379,1.83,1.2586950477871721,2.2410649173657475,-0.6714792376332901,-0.45525099622794857,-0.7085710794395899
2020-01-08,stagflation,0.06,50.2,4.49,8.2,3.1337,1.87,1.2482248915192433,2.211045108258249,-0.6749110989046649,-0.5015914384572124,-0.599549961628518
2020-01-09,neutral,0.14,50.2,4.49,8.2,3.1184,1.85,1.237879746252746,2.18196646924436,-0.678362267253918,-0.665103840604083,-0.645156821959914
2020-01-10,stagflation,0.06,50.2,4.46,8.2,3.0819,1.83,1.2276563313444986,2.1177616897465423,-0.6818329796694748,-1.0506479431815754,-0.6910012524461452
2020-01-13,neutral,0.14,50.2,4.46,8.7,3.084,1.85,1.2175514752537466,2.091434059731068,1.9559598767020112,-1.0245772179292023,-0.6326125803470966
2020-01-14,stagflation,0.06,50.2,4.46,8.7,3.0994,1.82,1.2075621106785026,2.0658561409411673,1.9345273533237293,-0.8584865844394833,-0.7052237860409208
2020-01-15,neutral,0.14,50.2,4.46,8.7,3.0897,1.79,1.197685269948076,2.040991303196021,1.9136275920813124,-0.9578119971750172,-0.7781560800650336
2020-01-16,stagflation,0.06,50.2,4.46,8.7,3.0918,1.81,1.1879180806559304,2.0168054044853423,1.8932382797759446,-0.9332214320435613,-0.7189209677590983
2020-01-17,neutral,0.14,50.2,4.46,8.7,3.0832,1.84,1.1782577615180239,1.9932665785378674,1.8733384410530727,-1.0216529680067252,-0.6328732946425398
2020-01-20,stagflation,0.06,50.2,4.46,8.7,3.0776,1.84,1.1687016184425785,1.9703450442256172,1.8539083392643059,-1.078594035409864,-0.6267493926503749
2020-01-21,neutral,0.14,50.2,4.46,8.7,3.0337,1.78,1.1594342637337745,1.9480129342022405,1.834929386311475,-1.5336555923806714,-0.781597693150078
2020-01-22,stagflation,0.06,50.2,4.46,8.7,3.0282,1.77,1.150263969738753,1.9262441405253417,1.8163840605356674,-1.5830560368926094,-0.8023817152367295
2020-01-23,neutral,0.14,50.2,4.46,8.7,2.9932,1.74,1.1411883956030933,1.9050141753113523,1.798255831824776,-1.9338035298249763,-0.8773254390767692
2020-01-24,stagflation,0.06,50.2,4.46,8.7,2.9932,1.7,1.1322052704565295,1.8843000447260867,1.7805290932112046,-1.918086973798706,-0.9795533711251563
2020-01-27,neutral,0.14,50.2,4.46,8.7,2.9932,1.61,1.1233123905704208,1.8640801348316298,1.7631890983149625,-1.9026558843433112,-1.2172781008802906
2020-01-28,stagflation,0.06,50.2,4.46,8.7,2.9932,1.65,1.114507616651437,1.844334107996761,1.746221904061235,-1.8875011412180167,-1.0997775387286162
2020-01-29,neutral,0.14,50.2,4.46,8.7,2.9932,1.6,1.1057888712630184,1.8257261912927527,1.729614318165951,-1.8760082894509356,-1.228778025474758
2020-01-30,stagflation,0.06,50.2,4.46,8.7,2.9932,1.57,1.0971541363676502,1.807540533626194,1.7135695018927692,-1.8637265093602866,-1.3028795990195452
2020-01-31,neutral,0.14,50.2,4.46,8.7,2.9932,1.51,1.08860145098333,1.7897613494745603,1.6978271877741558,-1.851965359101424,-1.4593104755258428
2020-02-03,stagflation,0.06,50.0,4.46,8.7,2.8231,1.54,0.5965365790785679,1.7723737299125153,1.6823770182559434,-3.4791677531957754,-1.3669485975421771
2020-02-04,neutral,0.14,50.0,4.46,8.7,2.8551,1.61,0.5917454501413318,1.7553635842301785,1.6672091243381584,-3.0990587274414936,-1.1649428602403624
2020-02-05,stagflation,0.06,50.0,4.46,8.7,2.844,1.66,0.5869674030129038,1.738717586437529,1.652314096218196,-3.1354860747509177,-1.018798438939221
2020-02-06,neutral,0.14,50.0,4.46,8.7,2.8392,1.65,0.5822021088785162,1.7224231261925107,1.6376829560634916,-3.109505851164963,-1.039829611711547
2020-02-07,stagflation,0.06,50.0,4.46,8.7,2.8024,1.59,0.577449241406655,1.7064682637412734,1.623307132733625,-3.363839037742687,-1.200648086791275
2020-02-10,neutral,0.14,50.0,5.38,8.7,2.7872,1.56,0.5727084766371243,2.6968310316644497,1.609178438288744,-3.4084508251254144,-1.2776669275136718
2020-02-11,stagflation,0.06,50.0,5.38,8.7,2.834,1.59,0.5679794928703393,2.6525651291100214,1.595289046136906,-2.92941039467649,-1.1853058268171917
2020-02-12,neutral,0.14,50.0,5.38,8.4,2.8333,1.62,0.5632619705578643,2.610153299977915,0.14572351863751443,-2.87485490245166,-1.093422481572762
2020-02-13,stagflation,0.06,50.0,5.38,8.4,2.8201,1.61,0.5585555921938489,2.5694679560722964,0.14572351863751443,-2.9247178236593725,-1.1149276922980174
2020-02-14,neutral,0.14,50.0,5.38,8.4,2.8631,1.59,0.5538600422076217,2.5303936328714234,0.14572351863751443,-2.5182267249467105,-1.16576276038366
2020-02-17,stagflation,0.06,50.0,5.38,8.4,2.8928,1.59,0.5491750068570966,2.4928255516852453,0.14572351863750585,-2.238212408759555,-1.1600833962331005
2020-02-18,neutral,0.14,50.0,5.38,8.4,2.8664,1.55,0.5432510852506153,2.4566683853240434,0.14572351863750585,-2.4173347404924654,-1.2707796639781765
2020-02-19,stagflation,0.06,50.0,5.38,8.4,2.8776,1.56,0.5373260756900622,2.4218351940986786,0.14572351863751443,-2.2913641158137086,-1.2358143076947556
2020-02-20,neutral,0.14,50.0,5.38,8.4,2.8857,1.52,0.531399075202116,2.3882465050645147,0.14572351863751443,-2.194706640386576,-1.3472196083846477
2020-02-21,stagflation,0.06,50.0,5.38,8.4,2.847,1.46,0.5254691634272384,2.3558295122753505,0.14572351863751443,-2.463498004815622,-1.516681633660382
2020-02-24,neutral,0.14,50.0,5.38,8.4,2.812,1.38,0.5195354013576293,2.3245173797050387,0.14572351863750585,-2.6898354173559573,-1.7424497970801656
2020-02-25,stagflation,0.06,50.0,5.38,8.4,2.822,1.33,0.5135968300037004,2.2942486316315565,0.14572351863750585,-2.5674791142679867,-1.8768652034249274
2020-02-26,neutral,0.14,50.0,5.38,8.4,2.7973,1.33,0.5076524689835177,2.267455225320565,0.14572351863751443,-2.706707863994614,-1.8636965961995993
2020-02-27,stagflation,0.06,50.0,5.38,8.4,2.7702,1.3,0.5017013150286391,2.241516750093987,0.1389387635033675,-2.8533836099244585,-1.9377292415277465
2020-02-28,neutral,0.14,50.0,5.38,8.4,2.7376,1.13,0.4957423403987899,2.216392874480412,0.13207996935833086,-3.0276490499822137,-2.4168005122102483
2020-03-02,stagflation,0.06,35.7,5.38,8.4,2.7428,1.1,-14.452014231225798,2.1920462017107147,0.12514380806935718,-2.926392585096503,-2.47761967381017
2020-03-03,neutral,0.14,35.7,5.38,8.4,2.7478,1.02,-10.648932099067139,2.1684420200482726,0.11812676715700288,-2.8327590475943083,-2.676565192435307
2020-03-04,stagflation,0.06,35.7,5.38,8.4,2.673,1.02,-8.810958686116328,2.1455480799271087,0.11102513555214527,-3.2763791554280393,-2.641164864963724
2020-03-05,neutral,0.14,35.7,5.38,8.4,2.6829,0.92,-7.674945450474096,2.1233343946690066,0.10383498798026602,-3.132051700599935,-2.887161299895507
2020-03-06,stagflation,0.06,35.7,5.38,8.4,2.628,0.74,-6.883462101110575,2.101773062001282,0.09655216781301669,-3.4085896883660696,-3.331966266419159
2020-03-09,neutral,0.14,35.7,5.38,8.4,2.5205,0.54,-6.291051346912528,2.080838103978704,0.0891722682041624,-3.9732581817199595,-3.789083155897615
2020-03-10,stagflation,0.06,35.7,5.17,8.4,2.613,0.76,-5.825897890608664,1.8589145251569128,0.08169061130195193,-3.2937873239248505,-3.1115903668557547
2020-03-11,neutral,0.14,35.7,5.17,8.4,2.6079,0.82,-5.447918819009503,1.8433047232025697,0.07410222529962794,-3.244215684287247,-2.892845899079571
2020-03-12,stagflation,0.06,35.7,5.17,8.8,2.6379,0.88,-5.132746282074787,1.8280924696653966,2.1301788886293274,-2.995569678120657,-2.685547187630302
2020-03-13,neutral,0.14,35.7,5.17,8.8,2.6759,0.94,-4.864599386720377,1.813267233906182,2.1120091112312593,-2.7159091063768033,-2.4876817786812606
2020-03-16,stagflation,0.06,35.7,5.17,8.8,2.6758,0.73,-4.632747473037521,1.7988192245741583,2.0944374689970062,-2.6694078186947197,-2.982908035522279
2020-03-17,neutral,0.14,35.7,5.17,8.8,2.7135,1.02,-4.429605130104634,1.7847393573492338,2.077447762293823,-2.412298163127541,-2.1987703770721567
2020-03-18,stagflation,0.06,35.7,5.17,8.8,2.7136,1.18,-4.249651422908486,1.7710192263706128,2.061025250338939,-2.374825132738616,-1.7682488743357798
2020-03-19,neutral,0.14,35.7,5.17,8.8,2.7299,1.12,-4.088724795131584,1.757651079141936,2.0451565873735427,-2.2486457922973746,-1.9056711322132256
2020-03-20,stagflation,0.06,35.7,5.17,8.8,2.6815,0.92,-3.9436503324764156,1.7446277947380602,2.029829768381787,-2.4813830906094276,-2.3929759298126254
2020-03-23,neutral,0.14,35.7,5.17,8.8,2.6315,0.76,-3.8119494752641057,1.7319428651713482,2.0150340838385428,-2.71028893139759,-2.7597895752301587
2020-03-24,stagflation,0.06,35.7,5.17,8.8,2.6289,0.84,-3.691655105482592,1.7195903798064558,2.000760083089701,-2.6750636870021864,-2.5208928698053463
2020-03-25,neutral,0.14,35.7,5.17,8.8,2.6289,0.88,-3.581183324472273,1.7075650127425728,1.986999546081507,-2.62725855275522,-2.389977022783954
2020-03-26,stagflation,0.06,35.7,5.17,8.8,2.594,0.83,-3.4792424608406702,1.6958620131113662,1.9737454632650062,-2.7620265102013,-2.4825062210446562
2020-03-27,neutral,0.14,35.7,5.17,8.8,2.609,0.72,-3.3847671708189027,1.679485569339349,1.9609920236099327,-2.635391430813827,-2.7138397541304147
2020-03-30,stagflation,0.06,35.7,5.17,8.8,2.6142,0.7,-3.2968698419029887,1.6634331507453815,1.9487346107709314,-2.5638904472903783,-2.720669030367849
2020-03-31,neutral,0.14,35.7,5.17,8.8,2.5899,0.7,-3.214804173800947,1.6476935453590198,1.9331609118515902,-2.6441243499793687,-2.681642142626452
2020-04-01,overheat,0.12,52.0,5.17,8.8,2.555,0.62,0.8533658362108145,1.6322560997158897,1.917866977599697,-2.7733524339358113,-2.830306228427492
2020-04-02,overheat,0.12,52.0,5.17,8.8,2.5854,0.63,0.8510368696129482,1.6171106847323682,1.902843981898507,-2.5794804073246036,-2.7653273498633486
2020-04-03,overheat,0.12,52.0,5.17,8.8,2.5965,0.62,0.8487152162357746,1.6022476641695818,1.8880834846920598,-2.4875467180128625,-2.7487126716928776
2020-04-06,overheat,0.12,52.0,5.17,8.8,2.5965,0.67,0.8464008243324052,1.587657865462243,1.8735774104907648,-2.4510050973811315,-2.5951490147515535
2020-04-07,overheat,0.12,52.0,5.17,8.8,2.5112,0.75,0.8440936426412825,1.5733325527103725,1.8593180283230668,-2.8202368738066266,-2.3793217040284436
2020-04-08,overheat,0.12,52.0,5.17,8.8,2.4824,0.77,0.8417936203802058,1.5592634016519127,1.8452979330197652,-2.90671256286599,-2.3080486917591214
2020-04-09,overheat,0.12,52.0,5.17,8.8,2.5226,0.73,0.8395007072404439,1.5454424764521315,1.8315100277272307,-2.669825906239111,-2.3747148500544455
2020-04-10,overheat,0.12,52.0,4.27,8.8,2.5403,0.73,0.8372148533809438,0.6741427060459841,1.8179475075554314,-2.5492916529210694,-2.3475086327072803
2020-04-13,overheat,0.12,52.0,4.27,10.1,2.5658,0.76,0.8349360094226107,0.6680073225592998,7.320518483480309,-2.397158229166513,-2.253943217897329
2020-04-14,overheat,0.12,52.0,4.27,10.1,2.5591,0.76,0.8326641264426866,0.661886822803704,6.628872702149507,-2.3965016294560715,-2.2298660877540084
2020-04-15,overheat,0.12,52.0,4.27,10.1,2.5455,0.63,0.8303991559692067,0.655780425471084,6.098580649498878,-2.4280631737321596,-2.4977210237112786
2020-04-16,overheat,0.12,52.0,4.27,10.1,2.5276,0.61,0.8281410499755354,0.6496873474374961,5.675068789685099,-2.4753618000563873,-2.5106504122591375
2020-04-17,overheat,0.12,52.0,4.27,10.1,2.559,0.65,0.8253665107449136,0.6436068031086659,5.326550758319726,-2.3011349238930072,-2.391274330194755
2020-04-20,overheat,0.12,52.0,4.27,10.1,2.592,0.63,0.822601950848656,0.6375380037483088,5.033090970087862,-2.1257572176552184,-2.4087465648572137
2020-04-21,overheat,0.12,52.0,4.27,10.1,2.5791,0.58,0.8198472859805737,0.6314801567874856,4.781467754360985,-2.159230963652423,-2.4906994737907002
2020-04-22,overheat,0.12,52.0,4.27,10.1,2.5567,0.63,0.8171024327583194,0.6254324651130782,4.5625198442434325,-2.232106850636754,-2.3514995749974994
2020-04-23,overheat,0.12,52.0,4.27,10.1,2.5227,0.61,0.8143673087099907,0.6193941263333633,4.369671617501565,-2.35268023257505,-2.3669673604065897
2020-04-24,overheat,0.12,52.0,4.27,10.1,2.51,0.6,0.8116418322609491,0.613364332018513,4.198064336515932,-2.375669987644587,-2.3614096564023828
2020-04-27,overheat,0.12,52.0,4.27,10.1,2.5345,0.67,0.8089259227208989,0.6073422669137201,4.044019483219659,-2.236933917893738,-2.1831462473608974
2020-04-28,overheat,0.12,52.0,4.27,10.1,2.5254,0.62,0.806219500271162,0.6015808730645823,3.9046938737978127,-2.2463089638713245,-2.2680039619010137
2020-04-29,overheat,0.12,52.0,4.27,10.1,2.5009,0.63,0.8035224859522017,0.5958291405550961,3.776580850873039,-2.3193956406104115,-2.2204835662671023
2020-04-30,overheat,0.12,52.0,4.27,10.1,2.538,0.64,0.8008348016513389,0.5900864184373866,3.6593636251152555,-2.131313063211984,-2.1749051540384237
2020-05-01,overheat,0.12,50.8,4.27,10.1,2.538,0.64,0.5070012437561865,0.5843520531441827,3.551554470356094,-2.1044494711216233,-2.1507784565347725
2020-05-04,overheat,0.12,50.8,4.27,10.1,2.538,0.64,0.5061780460050873,0.578625388017017,3.4519358039257506,-2.078166182638128,-2.1280049376758075
2020-05-05,overheat,0.12,50.8,4.27,10.1,2.538,0.66,0.5053555945371037,0.5729057628225916,3.3595001821870505,-2.0526320030096716,-2.063569737022747
2020-05-06,overheat,0.12,50.8,4.27,10.1,2.5809,0.72,0.5045338871372105,0.567192513256257,3.2734058259656456,-1.8514578604858292,-1.9170077696198204
2020-05-07,overheat,0.12,50.8,4.27,10.1,2.6298,0.63,0.5037129215975713,0.5614849704314945,3.1929431381324767,-1.630850505487112,-2.0895786130919483
2020-05-08,overheat,0.12,50.8,4.27,10.1,2.6207,0.69,0.5028926957175152,0.5557824603542433,3.1175091399181847,-1.6535819635999989,-1.9428251650954838
2020-05-11,overheat,0.12,50.8,3.3,10.1,2.6698,0.73,0.5020732073035042,-0.42646250394319524,3.046587703347648,-1.436347338961709,-1.8398841426170127
2020-05-12,overheat,0.12,50.8,3.3,11.1,2.6603,0.69,0.5012544541690852,-0.43058293374396467,4.774311238658208,-1.4634186982722843,-1.9067176796366485
2020-05-13,overheat,0.12,50.8,3.3,11.1,2.7076,0.64,0.5004364341348755,-0.43473079472244613,4.553547025819988,-1.2568108263238822,-1.9927893777913663
2020-05-14,overheat,0.12,50.8,3.3,11.1,2.6989,0.63,0.4996191450285136,-0.4389065424324192,4.359315600383072,-1.2827837904912114,-1.9926772993507995
2020-05-15,overheat,0.12,50.8,3.3,11.1,2.682,0.64,0.4988025846846397,-0.4431106425684357,4.18663899547585,-1.3420456592451242,-1.951085399466873
2020-05-18,overheat,0.12,50.8,3.3,11.1,2.7253,0.73,0.49798675094485634,-0.4473435712650477,4.031757220925666,-1.1525061580950926,-1.744980131043331
2020-05-19,overheat,0.12,50.8,3.3,11.1,2.7272,0.7,0.4971716416576923,-0.45160581540690065,3.891769922032273,-1.135547937397358,-1.7898026873411041
2020-05-20,overheat,0.12,50.8,3.3,11.1,2.69,0.68,0.4956007876266433,-0.4558978729501675,3.764399029718966,-1.279720158794962,-1.8123733373257158
2020-05-21,overheat,0.12,50.8,3.3,11.1,2.685,0.68,0.4940323236686799,-0.4602202532558295,3.6478269039273243,-1.2895579416350018,-1.793925228855642
2020-05-22,overheat,0.12,50.8,3.3,11.1,2.6176,0.66,0.4924662357833667,-0.4645734774353089,3.540583137450058,-1.5545083442456609,-1.8165966802893523
2020-05-25,overheat,0.12,50.8,3.3,11.1,2.6852,0.66,0.4909025100487154,-0.46895807870901013,3.4414636232588585,-1.2641666099911582,-1.7981324441383892
2020-05-26,overheat,0.12,50.8,3.3,11.1,2.7402,0.69,0.4893411326205143,-0.4733746027783391,3.3494715504944343,-1.0287351213044487,-1.7191303507204752
2020-05-27,overheat,0.12,50.8,3.3,11.1,2.7527,0.68,0.48778208973163967,-0.47653412506774534,3.2637736353379583,-0.9693894642809705,-1.7230861724071618
2020-05-28,overheat,0.12,50.8,3.3,11.1,2.7201,0.7,0.4862253676913651,-0.47970905056941576,3.183667145264177,-1.0953403864951123,-1.666539424554988
2020-05-29,overheat,0.12,50.8,3.3,11.1,2.7053,0.65,0.48467095288470297,-0.4828995667218177,3.108554705348308,-1.1473166733127023,-1.751569914592399
2020-06-01,overheat,0.12,50.6,3.3,11.1,2.7253,0.66,0.4348839568280854,-0.4861058639921712,3.0379248049698564,-1.056305849391305,-1.7143738079331263
2020-06-02,overheat,0.12,50.6,3.3,11.1,2.7852,0.68,0.4335847990636738,-0.48932813594134533,2.9713365404664707,-0.8022393703126364,-1.6578896649145884
2020-06-03,overheat,0.12,50.6,3.3,11.1,2.7901,0.77,0.4322871359116468,-0.49256657929046754,2.908407546960039,-0.7755155871547553,-1.462670741322029
2020-06-04,overheat,0.12,50.6,3.3,11.1,2.8301,0.82,0.4309909596245774,-0.4958213939892881,2.8488043601703192,-0.6043097213947946,-1.3500725048105149
2020-06-05,overheat,0.12,50.6,3.3,11.1,2.8475,0.91,0.4296962624892333,-0.49909278328636225,2.7922346502290827,-0.5267025616435452,-1.1586540139084245
2020-06-08,overheat,0.12,50.6,3.3,11.1,2.8101,0.88,0.42840303682630454,-0.5023809538011085,2.73844091232955,-0.6759485214414825,-1.2094777467810247
2020-06-09,overheat,0.12,50.6,3.3,11.1,2.8031,0.84,0.4271112749901673,-0.5056861155977997,2.6871953017990715,-0.6989282451511359,-1.279938091177586
2020-06-10,overheat,0.12,50.6,2.44,11.1,2.8201,0.75,0.425820969368616,-1.4133948614976084,2.6382953760309253,-0.6222711657445081,-1.4490483954433455
2020-06-11,overheat,0.12,50.6,2.44,11.1,2.7701,0.66,0.42453211238261346,-1.4099016435192457,2.5915605608623244,-0.8240338852621897,-1.6151094005151314
2020-06-12,overheat,0.12,50.6,2.44,11.1,2.7451,0.71,0.4232446964860524,-1.4064251935607495,2.546829200060151,-0.9210566382141321,-1.50125053399157
2020-06-15,overheat,0.12,50.6,2.44,11.1,2.7878,0.71,0.42195871416549535,-1.4029653631036805,2.5039560774723175,-0.7361922640417214,-1.487940121227454
2020-06-16,overheat,0.12,50.6,2.44,11.1,2.8402,0.75,0.4206741579399403,-1.3995220054677582,2.4628103248603455,-0.5113259381233256,-1.395756774435991
2020-06-17,overheat,0.12,50.6,2.44,11.1,2.8802,0.74,0.41939102036057196,-1.3960949757816057,2.423273646394588,-0.3385094475804519,-1.403788845770011
2020-06-18,overheat,0.12,50.6,2.44,11.1,2.8527,0.71,0.4181092940105212,-1.3926841309540448,2.3852388046658533,-0.44935822437636236,-1.4508848732978925
2020-06-19,overheat,0.12,50.6,2.44,11.1,2.8752,0.7,0.4168289715046277,-1.3892893296459654,2.348608323861599,-0.35035161161878703,-1.4578049256602594
2020-06-22,overheat,0.12,50.6,2.44,11.1,2.9153,0.71,0.4155500454891955,-1.3859104322427216,2.3132933742152253,-0.1776818513877403,-1.4253614265023384
2020-06-23,overheat,0.12,50.6,2.44,11.1,2.9127,0.72,0.41427250864176735,-1.382547300827068,2.279212808513278,-0.18462207942909672,-1.3937922673879592
2020-06-24,overheat,0.12,50.6,2.44,11.1,2.8614,0.69,0.41299635367088583,-1.3791997991526077,2.2462923267481463,-0.39665360899409574,-1.4410989815940627
2020-06-25,overheat,0.12,50.6,2.44,11.1,2.8614,0.68,0.4117215733158541,-1.3758677926177538,2.214463749241358,-0.3920209132527332,-1.4487565257194086
2020-06-26,overheat,0.12,50.6,2.44,11.1,2.8614,0.64,0.41044816034652437,-1.3731707559315762,2.183664381968512,-0.387358888409223,-1.5149416663454849
2020-06-29,overheat,0.12,50.6,2.44,11.1,2.8504,0.64,0.4091761075630455,-1.370483855826484,2.153836460569603,-0.42925133033769414,-1.502624389131036
2020-06-30,overheat,0.12,50.6,2.44,11.1,2.823,0.66,0.4079054077956546,-1.3678070217158116,2.124926661764897,-0.540595118116489,-1.451384133930187
2020-07-01,overheat,0.12,50.9,2.44,11.1,2.8456,0.69,0.4784861222729803,-1.3651401837002097,2.096885672722549,-0.43952056510631565,-1.3810390099709167
2020-07-02,overheat,0.12,50.9,2.44,11.1,2.8584,0.68,0.4768499954440387,-1.3624832725590388,2.0696678104220916,-0.3802642281125878,-1.390046386443677
2020-07-03,overheat,0.12,50.9,2.44,11.1,2.8974,0.68,0.4752163298706598,-1.3598362197418759,2.0432306842925296,-0.20955681284474878,-1.3789187097947628
2020-07-06,overheat,0.12,50.9,2.44,11.1,2.9959,0.69,0.47358511010085885,-1.3571989573601666,2.0175348964255018,0.21454610609778416,-1.3482750899788598
2020-07-07,overheat,0.12,50.9,2.44,11.1,3.0158,0.65,0.47195632076954447,-1.3545714181789912,1.9925437745131176,0.30254363212761937,-1.4157991753868366
2020-07-08,overheat,0.12,50.9,2.44,11.1,3.0632,0.67,0.47032994659772037,-1.351953535608969,1.9682231333687707,0.5076926881840468,-1.3653386402814345
2020-07-09,overheat,0.12,50.9,2.44,11.1,3.0809,0.62,0.4687059723916769,-1.3493452436982694,1.944541061482573,0.5852857692961128,-1.4524509265981573
2020-07-10,overheat,0.12,50.9,2.48,11.1,3.0305,0.65,0.46708438304220934,-1.3061489531882726,1.9214677295620066,0.3718314122731009,-1.3821218533719033
2020-07-13,overheat,0.12,50.9,2.48,11.1,3.0557,0.64,0.465465163523826,-1.3040520163590046,1.8989752184292077,0.48270784818755336,-1.3910085546407065
2020-07-14,overheat,0.12,50.9,2.48,11.1,3.0057,0.63,0.4638482988939884,-1.3019613136790966,1.8770373640024756,0.27054386605065195,-1.3998483993035273
2020-07-15,overheat,0.12,50.9,2.48,11.1,2.9559,0.64,0.4622337742923343,-1.2998768104438323,1.8556296173920928,0.05970536928976701,-1.3693837776612747
2020-07-16,overheat,0.12,50.9,2.48,11.1,2.9459,0.62,0.4606215749399169,-1.2977984722185563,1.8347289183980664,0.02045845074517779,-1.3979695168783626
2020-07-17,overheat,0.12,50.9,2.48,11.1,2.9507,0.64,0.45901168613845894,-1.2957262648359682,1.8143135809175754,0.04484868107752848,-1.347745436084507
2020-07-20,overheat,0.12,50.9,2.48,11.1,2.9311,0.62,0.4577066238231183,-1.2936601543934418,1.7943631889584115,-0.03653110152986619,-1.3756590517993454
2020-07-21,overheat,0.12,50.9,2.48,11.1,2.9011,0.61,0.45640315514604046,-1.291600107250391,1.774858502116656,-0.16380126074397117,-1.3835057087266343
2020-07-22,overheat,0.12,50.9,2.48,11.1,2.8861,0.6,0.45510127209135937,-1.2895460900256512,1.7557813695164937,-0.22622084436736814,-1.3909165803638877
2020-07-23,overheat,0.12,50.9,2.48,11.1,2.9064,0.59,0.45380096668009356,-1.2874980695949068,1.737114651330476,-0.13525855724239502,-1.3981507475641035
2020-07-24,overheat,0.12,50.9,2.48,11.1,2.8612,0.59,0.45250223096986536,-1.2854560130881412,1.7188421471029378,-0.3289102145617415,-1.3858562097159044
2020-07-27,overheat,0.12,50.9,2.48,11.1,2.8791,0.62,0.4512050570546307,-1.2834198878871226,1.700948530189874,-0.2481226743800148,-1.3157783127399933
2020-07-28,overheat,0.12,50.9,2.48,11.1,2.9214,0.59,0.4499094370644112,-1.2813896616229157,1.683419287707301,-0.062075984242194474,-1.3624935513496985
2020-07-29,overheat,0.12,50.9,2.48,11.1,2.9415,0.58,0.44861536316502676,-1.2784337153666172,1.6665372980811903,0.027236741846077415,-1.3699104455043796
2020-07-30,overheat,0.12,50.9,2.48,11.1,2.9364,0.55,0.44732282755782315,-1.2754900614072597,1.6499855071764964,0.006170043482754192,-1.4155098602591154
2020-07-31,overheat,0.12,50.9,2.48,11.1,2.9664,0.55,0.44603182247940926,-1.2725586032201655,1.633752005657636,0.13780095773845386,-1.4029697827840855
2020-08-03,overheat,0.12,51.1,2.48,11.1,2.9466,0.56,0.49221089340807395,-1.26963924533738,1.6178254746147076,0.05256403844605786,-1.371698442439496
2020-08-04,overheat,0.12,51.1,2.48,11.1,2.9365,0.52,0.49067414006067755,-1.2667318933327785,1.6021951483650068,0.009974103485100833,-1.435758667102538
2020-08-05,overheat,0.12,51.1,2.48,11.1,2.9592,0.55,0.48913966399759234,-1.2638364538074107,1.5868507800883243,0.11011159680695357,-1.3661549739841823
2020-08-06,overheat,0.12,51.1,2.48,11.1,2.9816,0.55,0.4876074521138028,-1.2609528343751144,1.5717826100445214,0.20882498225146354,-1.3543796251920945
2020-08-07,overheat,0.12,51.1,2.48,11.1,2.9918,0.57,0.4860774913760186,-1.2580809436483598,1.5569813361474307,0.2546039873813337,-1.3050636849083208
2020-08-10,overheat,0.12,51.1,2.7,11.1,2.9543,0.59,0.484549768822075,-1.0366473926042938,1.5424380866916179,0.09256200164191634,-1.2564467855734434
2020-08-11,overheat,0.12,51.1,2.7,11.1,2.9544,0.64,0.4830242715603148,-1.0359988902852166,1.528144395048597,0.09496794634813233,-1.1523913943841422
2020-08-12,overheat,0.12,51.1,2.7,10.7,2.962,0.69,0.4815009867689693,-1.0353510110869206,1.1863126668028359,0.12978940794245122,-1.0495752990811706
2020-08-13,overheat,0.12,51.1,2.7,10.7,2.9555,0.71,0.47997990169556837,-1.0347037538199488,1.1767064756860492,0.10307562513743879,-1.0042819646561076
2020-08-14,overheat,0.12,51.1,2.7,10.7,2.9369,0.71,0.47846100365633065,-1.0340571172979987,1.167203815830222,0.023652313864966353,-0.9969691442732079
2020-08-17,overheat,0.12,51.1,2.7,10.7,2.9421,0.69,0.47694428003557715,-1.0334111003379063,1.1578021148221036,0.04801493269761474,-1.0269520540359565
2020-08-18,overheat,0.12,51.1,2.7,10.7,2.9771,0.67,0.47542971828514924,-1.0327657017596414,1.1484988791783066,0.20290046962734337,-1.0565656697421508
2020-08-19,overheat,0.12,51.1,2.7,10.7,2.9921,0.68,0.47371842281662835,-1.0321209203862916,1.1392916910507993,0.2702350940774031,-1.029985453537905
2020-08-20,overheat,0.12,51.1,2.7,10.7,2.9973,0.65,0.4720097627352562,-1.031476755044054,1.1301782050942808,0.29432942398895,-1.078101763285408
2020-08-21,overheat,0.12,51.1,2.7,10.7,2.9823,0.64,0.47030372055794367,-1.0308332045622255,1.12115614548595,0.22971441407005969,-1.0885304495252803
2020-08-24,overheat,0.12,51.1,2.7,10.7,2.9998,0.65,0.4686002789025823,-1.030190267773189,1.1122233030888633,0.30690268796404935,-1.0615126072201833
2020-08-25,overheat,0.12,51.1,2.7,10.7,3.0424,0.69,0.46689942048706234,-1.0295479435124073,1.1033775327506294,0.4934669382906266,-0.9793456434672848
2020-08-26,overheat,0.12,51.1,2.7,10.7,3.0511,0.69,0.4652011281283001,-1.028906230618409,1.0946167507297426,0.5310997218953786,-0.971715578680656
2020-08-27,overheat,0.12,51.1,2.7,10.7,3.0599,0.74,0.4635053847412754,-1.0278018608763,1.0859389322423716,0.5693378161668333,-0.8715540698166387
2020-08-28,overheat,0.12,51.1,2.7,10.7,3.0672,0.74,0.46181217333807956,-1.0266992794956737,1.077342109122827,0.6010367463527541,-0.8645602007180494
2020-08-31,overheat,0.12,51.1,2.7,10.7,3.0177,0.72,0.4601214770269714,-1.0255984806823188,1.0687885946298235,0.3852620835819909,-0.894645670207735
2020-09-01,overheat,0.12,51.0,2.7,10.7,3.0478,0.68,0.4349060960317578,-1.0244994586680163,1.0603123188762946,0.5183638361179624,-0.961772960992022
2020-09-02,overheat,0.12,51.0,2.7,10.7,3.1027,0.66,0.43334168798549494,-1.0234022077103864,1.0519114479196654,0.7592938203080847,-0.9913440631679629
2020-09-03,overheat,0.12,51.0,2.7,10.7,3.1051,0.63,0.4317793283839219,-1.0223067220927415,1.0435841961006798,0.769906629335451,-1.039265270935971
2020-09-04,overheat,0.12,51.0,2.7,10.7,3.1228,0.72,0.4302190041112692,-1.0212129961239367,1.0353288241455147,0.8478155692063133,-0.8637762705987613
2020-09-07,overheat,0.12,51.0,2.7,10.7,3.1454,0.72,0.428660702117837,-1.0201210241382186,1.0271436373490972,0.9458383365462216,-0.8567971402534212
2020-09-08,overheat,0.12,51.0,2.7,10.7,3.123,0.69,0.427104409419399,-1.0190308004950848,1.01902698383523,0.8467555447895729,-0.9058048506141568
2020-09-09,overheat,0.12,51.0,2.7,10.7,3.0805,0.71,0.4255501130966028,-1.017942319579133,1.0109772528893273,0.660722489933722,-0.8612781261001632
2020-09-10,overheat,0.12,51.0,2.38,10.7,3.0833,0.68,0.42399780029437845,-1.3315749937023178,1.0029928733598539,0.6739947793616241,-0.9103960449087212
2020-09-11,overheat,0.12,51.0,2.38,10.7,3.1346,0.67,0.42244745822134966,-1.327106233635712,0.9950723121247477,0.8987464337562046,-0.921792555627438
2020-09-14,overheat,0.12,51.0,2.38,10.4,3.1532,0.68,0.4208990741492589,-1.3226648838231458,0.7414512221119631,0.9799157583906805,-0.8957974258544897
2020-09-15,overheat,0.12,51.0,2.38,10.4,3.1083,0.68,0.41935263541238144,-1.3182506280925765,0.7351507329282214,0.7839687301877462,-0.8886481710230056
2020-09-16,overheat,0.12,51.0,2.38,10.4,3.126,0.69,0.41780812940696066,-1.3138631553466262,0.7288739875288475,0.8621891943472361,-0.8628638741397586
2020-09-17,overheat,0.12,51.0,2.38,10.4,3.1334,0.69,0.41655735098380714,-1.309502159457817,0.7226202122286459,0.8949481528423001,-0.8559660173948567
2020-09-18,overheat,0.12,51.0,2.38,10.4,3.1162,0.7,0.41530791284916,-1.3051673391664453,0.7163886386196134,0.8201109664888457,-0.8304919904490555
2020-09-21,overheat,0.12,51.0,2.38,10.4,3.0999,0.68,0.4140598081537314,-1.3008583979810076,0.7101785030588899,0.7496274974147461,-0.8614137828147668
2020-09-22,overheat,0.12,51.0,2.38,10.4,3.0863,0.68,0.4128130300767158,-1.2965750440811146,0.7039890461566671,0.6912994045585505,-0.8547752461873755
2020-09-23,overheat,0.12,51.0,2.38,10.4,3.089,0.68,0.41156757182558334,-1.2923169902228069,0.6978195122630831,0.7046225312264733,-0.8480730157072845
2020-09-24,overheat,0.12,51.0,2.38,10.4,3.084,0.67,0.4103234266358667,-1.288083953646218,0.6916691489532263,0.6831806921891366,-0.8601341465890172
2020-09-25,overheat,0.12,51.0,2.38,10.4,3.1295,0.66,0.4090805877709673,-1.283875655985495,0.6855372065092861,0.8830598877304614,-0.8719920070913563
2020-09-28,overheat,0.12,51.0,2.38,10.4,3.1092,0.67,0.4078390485219387,-1.2783365274724403,0.6794229373988667,0.7942043184545513,-0.8463017637221442
2020-09-29,overheat,0.12,51.0,2.38,10.4,3.1292,0.66,0.40659880220729416,-1.2728388838041425,0.673325595748499,0.8832113541481291,-0.8581363222269566
2020-09-30,overheat,0.12,51.0,2.38,10.4,3.1482,0.69,0.40535984217280807,-1.2673821296871635,0.6674209600237934,0.9675251541698617,-0.7949496777441533
2020-10-01,overheat,0.12,51.5,2.38,10.4,3.1482,0.68,0.5208966633236698,-1.2619656816469542,0.6615333740093067,0.9681698408662311,-0.8071109121895652
2020-10-02,overheat,0.12,51.5,2.38,10.4,3.1482,0.7,0.5190492308734842,-1.2565889677259614,0.6556621913632559,0.9689039293811542,-0.7627860214886488
2020-10-05,overheat,0.12,51.5,2.38,10.4,3.1482,0.78,0.5172051114854836,-1.2512514271911181,0.649806768026884,0.9692027926562087,-0.6053065930985946
2020-10-06,overheat,0.12,51.5,2.38,10.4,3.1482,0.76,0.5153642826499717,-1.245952510250378,0.6439664618343901,0.9705813494084125,-0.637244882631378
2020-10-07,overheat,0.12,51.5,2.38,10.4,3.1482,0.81,0.5135267220042716,-1.2406916777779577,0.6381406321204427,0.973214158331698,-0.5362279773464237
2020-10-08,overheat,0.12,51.5,2.38,10.4,3.1482,0.78,0.5116924073312007,-1.2354684010479782,0.6323286393246494,0.9758579828204432,-0.5875592680840738
2020-10-09,overheat,0.12,51.5,2.38,10.4,3.1873,0.79,0.5098613165575939,-1.2302821614761987,0.6265298445922952,1.1500964668611902,-0.5625417314647357
2020-10-12,overheat,0.12,51.5,1.72,10.9,3.1861,0.79,0.5080334277528136,-1.840459833266043,1.042205310402804,1.1461943966997568,-0.5566715862406142
2020-10-13,overheat,0.12,51.5,1.72,10.9,3.195,0.74,0.5062087191272974,-1.8247084814391596,1.0339848121177158,1.1875422808534524,-0.6467975046303933
2020-10-14,overheat,0.12,51.5,1.72,10.9,3.215,0.73,0.5043871690311169,-1.8092477341389948,1.0258342406911711,1.2802322790704037,-0.6599171380666576
2020-10-15,overheat,0.12,51.5,1.72,10.9,3.23,0.74,0.5025687559525349,-1.7940680570037681,1.0177519656499918,1.350877524076667,-0.6343943119582148
2020-10-16,overheat,0.12,51.5,1.72,10.9,3.2202,0.76,0.5007534585166113,-1.7791603485732257,1.0097363974730607,1.3120925476618577,-0.589483353111846
2020-10-19,overheat,0.12,51.5,1.72,10.9,3.2005,0.78,0.49894125548379115,-1.7645159152682173,1.0017859860291696,1.2283471011317042,-0.5447216304364992
2020-10-20,overheat,0.12,51.5,1.72,10.9,3.1955,0.81,0.49665976190628264,-1.750126448117101,0.9938992190795493,1.2097850318470822,-0.48033213975043126
2020-10-21,overheat,0.12,51.5,1.72,10.9,3.1855,0.83,0.4943826915404374,-1.7359840010865566,0.986074620841733,1.1701260425918854,-0.4352657658262992
2020-10-22,overheat,0.12,51.5,1.72,10.9,3.1707,0.87,0.4921100047071881,-1.7220809708876479,0.9783107506115583,1.1067585906499693,-0.350442477962079
2020-10-23,overheat,0.12,51.5,1.72,10.9,3.1957,0.85,0.4898416620129526,-1.7084100781398037,0.9706062014403138,1.2222794694949852,-0.384129316954257
2020-10-26,overheat,0.12,51.5,1.72,10.9,3.1934,0.81,0.4875776243459168,-1.6949643497860405,0.9629595988642362,1.215780867751226,-0.457478415671452
2020-10-27,overheat,0.12,51.5,1.72,10.9,3.1609,0.79,0.48531785287237283,-1.6817371026623125,0.9553695996836568,1.0738542648887188,-0.49129986084053
2020-10-28,overheat,0.12,51.5,1.72,10.9,3.181,0.79,0.4830623090331038,-1.665293729124235,0.9478348907892912,1.167997626529393,-0.485124940609106
2020-10-29,overheat,0.12,51.5,1.72,10.9,3.186,0.85,0.48081095453981376,-1.6491646517908196,0.9403541880333307,1.19396368641977,-0.3573471934632143
2020-10-30,overheat,0.12,51.5,1.72,10.9,3.181,0.88,0.4785637513716052,-1.6333387676295088,0.9329262351430374,1.1737744094401898,-0.2898853733982931
2020-11-02,overheat,0.12,51.4,1.72,10.9,3.1785,0.87,0.45321510002640436,-1.617805510809651,0.9255498026747971,1.1659599961809657,-0.3042244686312451
2020-11-03,overheat,0.12,51.4,1.72,10.9,3.1762,0.9,0.4510976219378876,-1.602554819542128,0.9182236870065562,1.1581498105328054,-0.23609831050098765
2020-11-04,overheat,0.12,51.4,1.72,10.9,3.1687,0.78,0.4489836152903628,-1.5875771053882062,0.9109467093668111,1.1251728684075746,-0.47853072878948993
2020-11-05,overheat,0.12,51.4,1.72,10.9,3.1912,0.79,0.44687304898537933,-1.5728632248230292,0.9037177148983409,1.227327861397301,-0.45166279231047246
2020-11-06,overheat,0.12,51.4,1.72,10.9,3.2063,0.83,0.4447658921181511,-1.5584044528604077,0.896535571754987,1.2948821895879903,-0.3621034883848067
2020-11-09,overheat,0.12,51.4,1.72,10.9,3.2363,0.96,0.44266211397510724,-1.5441924585644506,0.889399170229912,1.4287767875128972,-0.08270356879925689
2020-11-10,overheat,0.12,51.4,0.5,10.9,3.2241,0.98,0.44056168403149815,-2.5342683356342652,0.8823074219138132,1.3706717821838148,-0.03403305063099547
2020-11-11,overheat,0.12,51.4,0.5,10.9,3.2391,0.98,0.4384645719489949,-2.4920904265520107,0.8752592588816848,1.4363202599718958,-0.02760788211823176
2020-11-12,overheat,0.12,51.4,0.5,10.5,3.2614,0.88,0.43637074757334104,-2.4515915003088202,0.5231078856053551,1.5326748262594636,-0.2349068672406037
2020-11-13,overheat,0.12,51.4,0.5,10.5,3.2715,0.89,0.43428018093202103,-2.412657901162805,0.5173480136987025,1.572827022390363,-0.20711538874915367
2020-11-16,overheat,0.12,51.4,0.5,10.5,3.2741,0.91,0.43219284223195586,-2.3751864793765236,0.5115864948581568,1.57849550664538,-0.15751574707924482
2020-11-17,overheat,0.12,51.4,0.5,10.5,3.2866,0.87,0.4301087018572255,-2.3390833725836417,0.5058225245634093,1.627957604638494,-0.23784627582295292
2020-11-18,overheat,0.12,51.4,0.5,10.5,3.324,0.88,0.4288698917853984,-2.3042629556929075,0.5000552842944992,1.7885586194722642,-0.20923114110742733
2020-11-19,overheat,0.12,51.4,0.5,10.5,3.3487,0.86,0.4276324414295667,-2.2706469324477627,0.4942839405761842,1.8875300668867852,-0.2469681209072792
2020-11-20,overheat,0.12,51.4,0.5,10.5,3.31,0.83,0.42639634405258375,-2.2381635465898566,0.4885076439742594,1.7063914478160163,-0.3068409234489321
2020-11-23,overheat,0.12,51.4,0.5,10.5,3.265,0.86,0.42516159294574013,-2.2067468944440005,0.4827255280401658,1.5013504027287992,-0.23346975548290477
2020-11-24,overheat,0.12,51.4,0.5,10.5,3.29,0.88,0.423928181428552,-2.176336323859383,0.476936708199878,1.606031728007911,-0.18159374143912657
2020-11-25,overheat,0.12,51.4,0.5,10.5,3.2675,0.88,0.4226961028485693,-2.146875906966907,0.471140280582762,1.5021969935784705,-0.1744302733769542
2020-11-26,overheat,0.12,51.4,0.5,10.5,3.285,0.88,0.4214653505811688,-2.118700540162543,0.4653353207857371,1.573759228278055,-0.1670582638449358
2020-11-27,overheat,0.12,51.4,0.5,10.5,3.3,0.84,0.42023591802935056,-2.091358602016082,0.45952088256761753,1.6326622477836708,-0.2518688349822859
2020-11-30,overheat,0.12,51.4,0.5,10.5,3.25,0.84,0.4190077986235486,-2.064807152529547,0.4534799362518102,1.4086006477318564,-0.24449975623862388
2020-12-01,overheat,0.12,52.1,0.5,10.5,3.2725,0.92,0.5782878918762181,-2.0390062927693045,0.4474219250024471,1.5027788923550727,-0.050243340591758404
2020-12-02,overheat,0.12,52.1,0.5,10.5,3.2925,0.95,0.5761905536894647,-2.0139188929475673,0.44134551637809666,1.584572838828665,0.029282330763588466
2020-12-03,overheat,0.12,52.1,0.5,10.5,3.2851,0.92,0.5740977932048703,-1.989510349674333,0.43524933089215734,1.548273902616485,-0.033105821046033705
2020-12-04,overheat,0.12,52.1,0.5,10.5,3.2651,0.97,0.5720095768612342,-1.965748368750837,0.4291319387382537,1.4583433394915781,0.09688497509055437
2020-12-07,overheat,0.12,52.1,0.5,10.5,3.2701,0.94,0.5699258713549016,-1.9426027703869082,0.4229918562610098,1.4772127454308603,0.03397142122498204
2020-12-08,overheat,0.12,52.1,0.5,10.5,3.2551,0.92,0.5678466436368061,-1.920045314155767,0.4168275421470046,1.4083577694452385,-0.005418454075670855
2020-12-09,overheat,0.12,52.1,0.5,10.5,3.2726,0.95,0.5657718609095775,-1.8980495413645837,0.41063739330782884,1.4791760844177992,0.07971878731307695
2020-12-10,overheat,0.12,52.1,-0.5,10.5,3.2601,0.92,0.5637014906246588,-2.5501211326877176,0.40441974042392004,1.4200165576954769,0.014242628239251778
2020-12-11,overheat,0.12,52.1,-0.5,10.5,3.2951,0.9,0.5616355004794878,-2.5082836503618293,0.39817284311398554,1.5639132135113554,-0.026906866594556753
2020-12-14,overheat,0.12,52.1,-0.5,10.7,3.2851,0.9,0.5595738584146912,-2.468105260547519,0.5819415444274894,1.5127315366338991,-0.016897522776010008
2020-12-15,overheat,0.12,52.1,-0.5,10.7,3.2777,0.92,0.5575165326113298,-2.4294746429952516,0.575854288062192,1.4740424876718408,0.045899395640817214
2020-12-16,overheat,0.12,52.1,-0.5,10.7,3.2752,0.92,0.5554634914881781,-2.3922906959962473,0.5697673318078347,1.4567893087287507,0.05699216023645146
2020-12-17,overheat,0.12,52.1,-0.5,10.7,3.2802,0.94,0.5534147036990331,-2.356461359778742,0.5636796637634884,1.4715165662832044,0.12298064718238304
2020-12-18,overheat,0.12,52.1,-0.5,10.7,3.2902,0.95,0.5513701381300554,-2.321902601488723,0.5575902504287711,1.5068828567527333,0.16329066216043076
2020-12-21,overheat,0.12,52.1,-0.5,10.7,3.2652,0.95,0.5493297638971546,-2.288537536160006,0.5514980349988471,1.3955215939760015,0.17616173544589303
2020-12-22,overheat,0.12,52.1,-0.5,10.7,3.2278,0.93,0.547293550343396,-2.2562956626464072,0.5454019355508649,1.2336748411332088,0.1313759170757458
2020-12-23,overheat,0.12,52.1,-0.5,10.7,3.2153,0.96,0.5452614670364596,-2.2251121971540564,0.539300843112115,1.17781226751129,0.22965598099104143
2020-12-24,overheat,0.12,52.1,-0.5,10.7,3.2303,0.94,0.5432334837660979,-2.194927489969465,0.5331936195991316,1.237657125979428,0.18486514000646453
2020-12-25,overheat,0.12,52.1,-0.5,10.7,3.1878,0.94,0.5412095705416583,-2.165686513378098,0.5270790956158973,1.056485681163791,0.1990842398518496
2020-12-28,overheat,0.12,52.1,-0.5,10.7,3.1629,0.94,0.5391896975896203,-2.137338410724253,0.5209560680982729,0.950139192165482,0.21350199597192882
2020-12-29,overheat,0.12,52.1,-0.5,10.7,3.1554,0.94,0.5371738353511634,-2.10976526232708,0.514823297790365,0.9164434478191744,0.22811416903323983
2020-12-30,overheat,0.12,52.1,-0.5,10.7,3.1204,0.93,0.5351619544797818,-2.0829971907952283,0.5088236742645227,0.7681632241193719,0.21244417447323222
2020-12-31,overheat,0.12,52.1,-0.5,10.7,3.1429,0.93,0.5331540258388962,-2.0569934008981132,0.5028160460085115,0.8616359278410037,0.22771064857879114
2021-01-01,overheat,0.12,51.9,-0.5,10.7,3.1429,0.93,0.48590991012530205,-2.031715946625701,0.4967993107429998,0.8601736678548874,0.2429911873066939
2021-01-04,overheat,0.12,51.9,-0.5,10.7,3.178,0.93,0.4841586539739982,-2.0071294801555024,0.49077233557895333,1.0050633180792772,0.25944102295602606
2021-01-05,overheat,0.12,51.9,-0.5,10.7,3.1305,0.96,0.48241020475914403,-1.9832010273757636,0.48473395486969295,0.8044221165376128,0.37911666918601916
2021-01-06,neutral,0.14,51.9,-0.5,10.7,3.1256,1.04,0.48066454366111966,-1.9598997867068304,0.47868296791335235,0.7826356911810317,0.6770839327508289
2021-01-07,stagflation,0.06,51.9,-0.5,10.7,3.1256,1.08,0.4789216519726895,-1.9371969484155267,0.47261813649190304,0.7804008232104005,0.8427618721713067
2021-01-08,neutral,0.14,51.9,-0.5,10.7,3.1456,1.13,0.4771815110978999,-1.9150655320001797,0.46653818223126414,0.8611990006161652,1.050035645315244
2021-01-11,stagflation,0.06,51.9,0.2,10.7,3.1632,1.15,0.47544410255097147,-1.494338934749041,0.46044178376555234,0.9305008666735936,1.1526982704959126
2021-01-12,neutral,0.14,51.9,0.2,10.1,3.1457,1.15,0.4737094079552109,-1.4808350134977246,-0.1906169518446771,0.8536995868986511,1.181700653439633
2021-01-13,stagflation,0.06,51.9,0.2,10.1,3.1157,1.1,0.4719774090419349,-1.4675475263550484,-0.19774729318325598,0.7258152030778923,1.016702985948995
2021-01-14,neutral,0.14,51.9,0.2,10.1,3.1059,1.15,0.4702480876493972,-1.454469828374164,-0.20497478328980084,0.6825316184972664,1.2355496632146163
2021-01-15,stagflation,0.06,51.9,0.2,10.1,3.1508,1.11,0.46852142572174016,-1.4415955545087438,-0.21230294920894505,0.8656901962511482,1.105063210212776
2021-01-18,neutral,0.14,51.9,0.2,10.1,3.1658,1.11,0.46679740530795244,-1.4289186046596623,-0.21973549317970717,0.9237223540248567,1.128807741572207
2021-01-19,stagflation,0.06,51.9,0.2,10.1,3.1609,1.1,0.4650760085608201,-1.4164331296966493,-0.2272763042620568,0.8992347235844101,1.1092625138056467
2021-01-20,neutral,0.14,51.9,0.2,10.1,3.161,1.1,0.4631730952223317,-1.4041335183812482,-0.23492947092441538,0.8931118822426316,1.1325670976351807
2021-01-21,stagflation,0.06,51.9,0.2,10.1,3.1335,1.12,0.4612732331440597,-1.3920143851237718,-0.24269929468780024,0.773948152922462,1.2451832973633958
2021-01-22,neutral,0.14,51.9,0.2,10.1,3.1185,1.1,0.459376399007207,-1.3800705585127462,-0.25059030493347884,0.7069308620091868,1.197209900217972
2021-01-25,stagflation,0.06,51.9,0.2,10.1,3.1323,1.05,0.4574825696343779,-1.3682970705605617,-0.25860727499357816,0.7586082256484504,1.0173575632594172
2021-01-26,neutral,0.14,51.9,0.2,10.1,3.1585,1.05,0.4555917219880229,-1.3566891466137792,-0.2667552396587283,0.8603658446691189,1.0487871608009243
2021-01-27,stagflation,0.06,51.9,0.2,10.1,3.1636,1.04,0.4537038331689081,-1.3469005460294514,-0.27503951425304257,0.8747050338066308,1.034313083769511
2021-01-28,neutral,0.14,51.9,0.2,10.1,3.1961,1.07,0.45181888041459156,-1.3372709141418677,-0.28346571544562704,1.001320595984912,1.2081789202054187
2021-01-29,stagflation,0.06,51.9,0.2,10.1,3.1786,1.11,0.44993684109793475,-1.3277978079577937,-0.2943104306037056,0.9224629423862086,1.4405783280264621
2021-02-01,neutral,0.14,51.3,0.2,10.1,3.1712,1.09,0.31346325347842446,-1.318478959535435,-0.3054320156341179,0.8854344684255574,1.390922093371822
2021-02-02,stagflation,0.06,51.3,0.2,10.1,3.1862,1.12,0.31223998449757073,-1.3093122743682115,-0.3168468505070431,0.9404260692078803,1.587848105510568
2021-02-03,recovery,0.2,51.3,0.2,10.1,3.2112,1.15,0.311017623930511,-1.3002958303603993,-0.3285727090923156,1.035763190810627,1.7941385364805043
2021-02-04,recovery,0.2,51.3,0.2,10.1,3.2347,1.15,0.3097961658925924,-1.291427877405633,-0.3406289175835228,1.1235068285348506,1.8461204748066051
2021-02-05,recovery,0.2,51.3,0.2,10.1,3.2164,1.19,0.3085756045171475,-1.282706837583833,-0.35303653561217285,1.0411930981048358,2.11737107709082
2021-02-08,recovery,0.2,51.3,0.2,10.1,3.237,1.19,0.3073559339553389,-1.2741313059970445,-0.3658185640072108,1.1169474664266077,2.1719119250824868
2021-02-09,recovery,0.2,51.3,0.2,10.1,3.2303,1.18,0.3061371483760048,-1.2657000522699142,-0.3790001839741677,1.0814329036196264,2.1616981374023
2021-02-10,recovery,0.2,51.3,-0.3,10.1,3.2449,1.15,0.30491924196552134,-1.5441837822528446,-0.39260903348501636,1.1317130771748969,2.024923139078109
2021-02-11,recovery,0.2,51.3,-0.3,10.1,3.2449,1.16,0.3037022089276434,-1.533313785109553,-0.40667552793980727,1.122832296711545,2.1074432084884824
2021-02-12,recovery,0.2,51.3,-0.3,9.4,3.2449,1.2,0.3024860434833607,-1.522678366685729,-1.3419849421713939,1.1139288842293031,2.361925546496788
2021-02-15,recovery,0.2,51.3,-0.3,9.4,3.2449,1.2,0.30127073987076297,-1.5122743669005942,-1.361702507155146,1.105042351044416,2.3790200033656514
2021-02-16,recovery,0.2,51.3,-0.3,9.4,3.2449,1.3,0.30005629234487347,-1.5020989614244316,-1.3820510122322178,1.0962269549879375,2.935074645266085
2021-02-17,recovery,0.2,51.3,-0.3,9.4,3.2449,1.29,0.29216306125637687,-1.4921496605805793,-1.4030675359313578,1.0874921519250336,2.843400243113784
2021-02-18,recovery,0.2,51.3,-0.3,9.4,3.2831,1.29,0.284121886225364,-1.482424309726885,-1.4247923017119009,1.2312377464398299,2.801592339085141
2021-02-19,recovery,0.2,51.3,-0.3,9.4,3.2578,1.34,0.27591900852715573,-1.4729210911617878,-1.4472690305410099,1.120601412928177,3.031854512680293
2021-02-22,recovery,0.2,51.3,-0.3,9.4,3.2736,1.37,0.26753874545632395,-1.4636385276151327,-1.4705453430881956,1.1749060727165066,3.1298991616745426
2021-02-23,recovery,0.2,51.3,-0.3,9.4,3.2635,1.37,0.25896308928939615,-1.4545754874000087,-1.4946732200129824,1.1257988461118138,3.0580017034457105
2021-02-24,recovery,0.2,51.3,-0.3,9.4,3.2627,1.38,0.2501711928482491,-1.4457311913196906,-1.5197095305378119,1.1157648974529402,3.0483957345620385
2021-02-25,recovery,0.2,51.3,-0.3,9.4,3.2723,1.54,0.24113870003427507,-1.4362570662913101,-1.5457166416201813,1.146344723977133,3.771932814426401
2021-02-26,recovery,0.2,51.3,-0.3,9.4,3.2798,1.44,0.23183686042859342,-1.426985715662118,-1.572763122674428,1.1684229654247775,3.176157302951313
2021-03-01,recovery,0.2,50.6,-0.3,9.4,3.2475,1.45,0.02281555915433206,-1.4179157489946421,-1.5878044663214586,1.029268052854474,3.151557728973472
2021-03-02,recovery,0.2,50.6,-0.3,9.4,3.2474,1.42,0.006126851220769446,-1.4090460756729895,-1.6031740307093663,1.0209495864248666,2.943134510344906
2021-03-03,recovery,0.2,50.6,-0.3,9.4,3.2553,1.47,-0.011903013206210736,-1.4003759108218174,-1.6188847238235577,1.0451408369854385,3.1119172347307864
2021-03-04,recovery,0.2,50.6,-0.3,9.4,3.2655,1.54,-0.03156411122456553,-1.3919047827820683,-1.634950179760395,1.078329231885124,3.3646035424588363
2021-03-05,recovery,0.2,50.6,-0.3,9.4,3.2457,1.56,-0.053248077396733096,-1.3836325422557234,-1.6513848122391481,0.9895333164031369,3.390133645738232
2021-03-08,recovery,0.2,50.6,-0.3,9.4,3.2404,1.59,-0.07750033254138432,-1.3755593732517257,-1.6682038730199666,0.9601964847000599,3.4478148828877635
2021-03-09,recovery,0.2,50.6,-0.3,9.4,3.2478,1.55,-0.1051099321659286,-1.3676858059877495,-1.6854235157689712,0.9828815912884133,3.190358736986611
2021-03-10,recovery,0.2,50.6,-0.2,9.4,3.2353,1.53,-0.13727424262056842,-1.29942438811917,-1.7030608659813027,0.9246214574054448,3.0317354800199365
2021-03-11,recovery,0.2,50.6,-0.2,9.4,3.2506,1.54,-0.17592610729014263,-1.2923494260519892,-1.7211340976536733,0.9803996925971423,3.0071593130882044
2021-03-12,recovery,0.2,50.6,-0.2,10.1,3.2613,1.64,-0.2244568952988416,-1.2854605941270747,-0.6179586000716512,1.017234457635871,3.34304009249758
2021-03-15,recovery,0.2,50.6,-0.2,10.1,3.274,1.62,-0.2895701780127008,-1.2787602519596908,-0.6353397674771624,1.0627409456341996,3.180401860894642
2021-03-16,recovery,0.2,50.6,-0.2,10.1,3.2614,1.62,-0.3872326560510353,-1.272251183957038,-0.6534164522711641,1.0034246428664189,3.1056563562972137
2021-03-17,recovery,0.2,50.6,-0.2,10.1,3.2564,1.63,-0.5711426799671372,-1.2659366297101855,-0.6722449642223697,0.9757148365212015,3.0732054413825143
2021-03-18,recovery,0.2,50.6,-0.2,10.1,3.2592,1.71,-1.3695212757008446,-1.2598203183997811,-0.6918882826892027,0.9809259766795813,3.299499107591228
2021-03-19,recovery,0.2,50.6,-0.2,10.1,3.2364,1.74,-1.358892863680368,-1.253906507746062,-0.7124171152544755,0.8791949140958494,3.3268672864805766
2021-03-22,recovery,0.2,50.6,-0.2,10.1,3.2309,1.69,-1.3484234158087955,-1.2482000281220047,-0.7339111699175918,0.8498485258326657,3.0680265901612995
2021-03-23,recovery,0.2,50.6,-0.2,10.1,3.2105,1.63,-1.3381094915501768,-1.242706332553299,-0.756460693793361,0.7569410999383805,2.7913970297276878
2021-03-24,recovery,0.2,50.6,-0.2,10.1,3.193,1.62,-1.3279478125708832,-1.2374315534536806,-0.7801683470328887,0.6759896465418844,2.7035584458642026
2021-03-25,recovery,0.2,50.6,-0.2,10.1,3.1882,1.63,-1.3179352575998546,-1.2323825670934918,-0.8051515019942896,0.6498676747175394,2.6882017342751405
2021-03-26,recovery,0.2,50.6,-0.2,10.1,3.1985,1.67,-1.3080688577431052,-1.2275670669785899,-0.8315450868236962,0.6898021161588931,2.7742430577420425
2021-03-29,recovery,0.2,50.6,-0.2,10.1,3.1962,1.73,-1.29834579223622,-1.2229936475328445,-0.859505132914157,0.6743881762604911,2.92008829517413
2021-03-30,recovery,0.2,50.6,-0.2,10.1,3.206,1.73,-1.2887633846218454,-1.215043488013878,-0.8892132422126429,0.712639960896175,2.860021402797779
2021-03-31,recovery,0.2,50.6,-0.2,10.1,3.1887,1.74,-1.2793190993411327,-1.207225078373497,-0.8892132422126429,0.6294146791188362,2.834936563137254
2021-04-01,recovery,0.2,51.9,-0.2,10.1,3.196,1.69,1.3261194862802965,-1.199537992823648,-0.8892132422126429,0.6569145964192366,2.620785506951826
2021-04-02,recovery,0.2,51.9,-0.2,10.1,3.2013,1.72,1.3284296357426684,-1.191981982418532,-0.8892132422126464,0.6758627308068716,2.6699518157037847
2021-04-05,recovery,0.2,51.9,-0.2,10.1,3.2013,1.73,1.330747652428728,-1.184556981216378,-0.8892132422126464,0.6709049536564972,2.6542741867831174
2021-04-06,recovery,0.2,51.9,-0.2,10.1,3.2087,1.67,1.3330735858436014,-1.1772631134009364,-0.8892132422126429,0.7002696702123364,2.423830350891311
2021-04-07,recovery,0.2,51.9,-0.2,10.1,3.2215,1.68,1.335407485931346,-1.1701007014509883,-0.8892132422126429,0.7552316344256232,2.417156992458102
2021-04-08,recovery,0.2,51.9,-0.2,10.1,3.2221,1.64,1.3377494030799724,-1.1630702754591806,-0.8892132422126429,0.7530860869967096,2.2602321437893615
2021-04-09,recovery,0.2,51.9,-0.2,10.1,3.2121,1.67,1.3400993881265348,-1.1561725837164076,-0.8892132422126464,0.7003944211364507,2.3187200150591396
2021-04-12,recovery,0.2,51.9,0.4,9.4,3.1948,1.69,1.3424574923623684,-0.7383244687432816,-2.269062959597223,0.6118118133480642,2.3449718838013145
2021-04-13,recovery,0.2,51.9,0.4,9.4,3.1626,1.64,1.3448237675382526,-0.7324408750025441,-2.2440669491827823,0.4476841182957779,2.163777564515372
2021-04-14,recovery,0.2,51.9,0.4,9.4,3.1651,1.64,1.3471982658697956,-0.726595695335276,-2.2197244523624553,0.45406714211614196,2.1349522440403774
2021-04-15,recovery,0.2,51.9,0.4,9.4,3.1728,1.56,1.3495810400428352,-0.7207892345062449,-2.1960060827849763,0.48735583815647093,1.8738911861381629
2021-04-16,recovery,0.2,51.9,0.4,9.4,3.1631,1.59,1.3519721432188467,-0.7150218898254765,-2.1728842767405467,0.43157200810939333,1.94035848251177
2021-04-19,recovery,0.2,51.9,0.4,9.4,3.1559,1.61,1.3543716290406422,-0.7092941597776597,-2.150333150085928,0.38732331078942606,1.975669776065033
2021-04-20,recovery,0.2,51.9,0.4,9.4,3.1554,1.58,1.342727214653263,-0.7036066537889567,-2.1283283686716405,0.37793665025773343,1.8661214770450123
2021-04-21,recovery,0.2,51.9,0.4,9.4,3.153,1.57,1.331240663965359,-0.6979601032982679,-2.106847030790099,0.3580303261287795,1.8167905254437544
2021-04-22,recovery,0.2,51.9,0.4,9.4,3.1614,1.57,1.3199075591083902,-0.6923553743287698,-2.0858675603480346,0.39776228304568256,1.7970709422648632
2021-04-23,recovery,0.2,51.9,0.4,9.4,3.1719,1.58,1.3087236449779776,-0.6867934817899793,-2.0653696096253094,0.45055277833641943,1.8058933863297855
2021-04-26,recovery,0.2,51.9,0.4,9.4,3.2024,1.58,1.297684821410179,-0.6812756057819789,-2.045333970619247,0.6191129282185287,1.7866410129952868
2021-04-27,recovery,0.2,51.9,0.4,9.4,3.2078,1.63,1.2867871358094605,-0.6758031102233224,-2.025742494092472,0.6459659228047026,1.9076322137297976
2021-04-28,recovery,0.2,51.9,0.4,9.4,3.1979,1.63,1.2760267761984208,-0.66959055439861,-2.006578015545054,0.5828157853085086,1.8855455111360024
2021-04-29,recovery,0.2,51.9,0.4,9.4,3.1872,1.65,1.2654000646604109,-0.6633919242975195,-1.9831914766475813,0.5139040560896297,1.9194695474609638
2021-04-30,recovery,0.2,51.9,0.4,9.4,3.164,1.65,1.254903451149248,-0.6572063726460148,-1.960413723742684,0.3681175344894997,1.8976396475364714
2021-05-03,recovery,0.2,51.1,0.4,9.4,3.164,1.63,-0.3492140518890709,-0.6510330475446527,-1.9382173689932631,0.3612045284793004,1.8216751976067995
2021-05-04,recovery,0.2,51.1,0.4,9.4,3.164,1.61,-0.3521502596781324,-0.6448710916107572,-1.9165767443545618,0.35418918668571076,1.7475241052336812
2021-05-05,recovery,0.2,51.1,0.4,9.4,3.164,1.59,-0.3550985782793443,-0.6387196410884043,-1.8954677659348838,0.3472185306787034,1.6747042954269125
2021-05-06,recovery,0.2,51.1,0.4,9.4,3.1507,1.58,-0.3580591516038048,-0.6325778249230412,-1.8748678112762762,0.25606312718753815,1.6307095094369368
2021-05-07,recovery,0.2,51.1,0.4,9.4,3.1589,1.6,-0.36103212570573995,-0.6264447637972905,-1.8547556081281829,0.30059929685249914,1.6687090101291246
2021-05-10,recovery,0.2,51.1,0.9,9.4,3.146,1.63,-0.3640176488256257,-0.23246452806450899,-1.835111133466007,0.2088553710739761,1.7325948473204207
2021-05-11,recovery,0.2,51.1,0.9,9.4,3.138,1.64,-0.36701587143466025,-0.2262346860725086,-1.8159155216607858,0.14610619497696195,1.741517635263322
2021-05-12,recovery,0.2,51.1,0.9,8.1,3.131,1.69,-0.37002694627997357,-0.2199570259677785,-3.9347379119943415,0.08896616322292294,1.856388999208564
2021-05-13,recovery,0.2,51.1,0.9,8.1,3.1366,1.66,-0.37305102843125126,-0.21362945347683562,-3.808992870986299,0.11791048833441649,1.7565584365319677
2021-05-14,recovery,0.2,51.1,0.9,8.1,3.1422,1.63,-0.3760882753284479,-0.20724977753851545,-3.69375316647182,0.1477420409909833,1.659157120595974
2021-05-17,recovery,0.2,51.1,0.9,8.1,3.1524,1.64,-0.37913884683055243,-0.2008157037451048,-3.5876117578243867,0.21026853248711402,1.6688824267357967
2021-05-18,recovery,0.2,51.1,0.9,8.1,3.1457,1.64,-0.38220290526587286,-0.19432482723753017,-3.48941253715404,0.15306038232653713,1.6524418592126862
2021-05-19,recovery,0.2,51.1,0.9,8.1,3.1298,1.68,-0.3876635947627982,-0.187774624999278,-3.3981955433556252,0.02714494713881652,1.7404589083486313
2021-05-20,recovery,0.2,51.1,0.9,8.1,3.1001,1.63,-0.3931762121661562,-0.18116244748715396,-3.3131561244649537,-0.2026248816936071,1.5927314785036948
2021-05-21,recovery,0.2,51.1,0.9,8.1,3.0876,1.63,-0.3987419710552326,-0.1744855095294684,-3.23361403621097,-0.3081838239665792,1.5772705656255248
2021-05-24,recovery,0.2,51.1,0.9,8.1,3.085,1.61,-0.4043621236696065,-0.16774088041369375,-3.1589897400280758,-0.3387355152253298,1.5105201261386594
2021-05-25,recovery,0.2,51.1,0.9,8.1,3.085,1.56,-0.41003796254028635,-0.1609254730758666,-3.0887859983220207,-0.3490442561160042,1.3681879178855347
2021-05-26,recovery,0.2,51.1,0.9,8.1,3.06,1.58,-0.4157708222055715,-0.15403603229281068,-3.0225734221370586,-0.5549025135102003,1.407898406757339
2021-05-27,recovery,0.2,51.1,0.9,8.1,3.0725,1.61,-0.4215620810176874,-0.14706912176543285,-2.959979005581795,-0.47213071585857747,1.4721897471379042
2021-05-28,recovery,0.2,51.1,0.9,8.1,3.0825,1.58,-0.4274131630453053,-0.1422869857397889,-2.900676943774191,-0.40649539771328,1.382358032822321
2021-05-31,recovery,0.2,51.1,0.9,8.1,3.045,1.58,-0.4333255400782849,-0.13748434921901992,-2.844381215472733,-0.7250301803708832,1.3704660364997698
2021-06-01,recovery,0.2,51.0,0.9,8.1,3.04,1.62,-0.6502360682060068,-0.13266059460697568,-2.790839543008549,-0.7897747981150651,1.4600827403489678
2021-06-02,recovery,0.2,51.0,0.9,8.1,3.065,1.59,-0.6559893271275015,-0.12781508886886633,-2.7398284370670143,-0.6024072603691507,1.3710408424848661
2021-06-03,recovery,0.2,51.0,0.9,8.1,3.055,1.63,-0.6618013261557472,-0.12294718290832245,-2.6911491032651607,-0.7012997585419662,1.4600657582577212
2021-06-04,recovery,0.2,51.0,0.9,8.1,3.0925,1.56,-0.6676733420049281,-0.11805621091544637,-2.6446240387757975,-0.3944784123531728,1.2705847106459993
2021-06-07,recovery,0.2,51.0,0.9,8.1,3.11,1.57,-0.673606690289787,-0.11314148968419276,-2.600094185575865,-0.2566569818103642,1.2851757925884677
2021-06-08,recovery,0.2,51.0,0.9,8.1,3.11,1.53,-0.6796027270787371,-0.10820231789730551,-2.557416535809024,-0.2674957283439671,1.1738141529622348
2021-06-09,recovery,0.2,51.0,0.9,8.1,3.1051,1.5,-0.6856628505234829,-0.10323797537691454,-2.5164621067627087,-0.3193406216080774,1.0888218651123944
2021-06-10,recovery,0.2,51.0,1.3,8.1,3.1,1.45,-0.6917885025698997,0.24734946287608872,-2.477114219859433,-0.37375653427443656,0.9542629505821036
2021-06-11,recovery,0.2,51.0,1.3,8.1,3.1276,1.47,-0.6979811707549275,0.25201295254913497,-2.439267031142115,-0.1398157153909901,0.9970995288358415
2021-06-14,recovery,0.2,51.0,1.3,8.3,3.1276,1.51,-0.7042423900945685,0.25671022449728964,-2.1751288291649464,-0.15126064663283548,1.0899173554592358
2021-06-15,recovery,0.2,51.0,1.3,8.3,3.1176,1.51,-0.7105737450687498,0.26144198268442304,-2.1472890340868553,-0.25497840862395477,1.0813311261383267
2021-06-16,recovery,0.2,51.0,1.3,8.3,3.1301,1.57,-0.7169768717086619,0.2662089499847127,-2.12027714680992,-0.152104982243859,1.2237070386710174
2021-06-17,recovery,0.2,51.0,1.3,8.3,3.1401,1.52,-0.7234534597931465,0.27101186886704937,-2.0940511607473793,-0.071520739112625,1.0881727855008663
2021-06-18,recovery,0.2,51.0,1.3,8.3,3.1202,1.45,-0.7248702715472938,0.2758515021099172,-2.0685720312760947,-0.27649665977678534,0.9033159527549004
2021-06-21,recovery,0.2,51.0,1.3,8.3,3.0953,1.5,-0.7262901458596114,0.28072863354837396,-2.043803413407097,-0.5356249655743499,1.0220956601032656
2021-06-22,recovery,0.2,51.0,1.3,8.3,3.0877,1.48,-0.7277130973689303,0.2856440688548569,-2.019711427402416,-0.6253092200130254,0.9636397364316044
2021-06-23,recovery,0.2,51.0,1.3,8.3,3.0853,1.5,-0.7291391408094022,0.29059863635564676,-1.9962644488890935,-0.6553524484159475,1.0064189012313205
2021-06-24,recovery,0.2,51.0,1.3,8.3,3.0828,1.49,-0.7305682910112953,0.2955931878849398,-1.973432920503789,-0.6849204112997151,0.9732973827175189
2021-06-25,recovery,0.2,51.0,1.3,8.3,3.0827,1.54,-0.7320005629018779,0.3006285996786018,-1.9511891825087901,-0.687122467990931,1.091711859839226
2021-06-28,recovery,0.2,51.0,1.3,8.3,3.0903,1.49,-0.733435971506169,0.30570577330980814,-1.9295073201651638,-0.6112734593023598,0.9570567290654682
2021-06-29,recovery,0.2,51.0,1.3,8.3,3.0853,1.49,-0.7348745319477757,0.31102995467352146,-1.908363025942324,-0.665089285828889,0.9495128415551772
2021-06-30,recovery,0.2,51.0,1.3,8.3,3.0778,1.45,-0.7363162594498192,0.31640210569947674,-1.887733474893103,-0.7420785428780924,0.840708818494644
2021-07-01,recovery,0.2,50.9,1.3,8.3,3.0878,1.48,-0.9598725213550664,0.32182335841205356,-1.8675972117374,-0.6468176596255493,0.9100086397531874
2021-07-02,recovery,0.2,50.9,1.3,8.3,3.0803,1.44,-0.9598725213550664,0.3272948806257617,-1.847934048380744,-0.73266977043337,0.8010951008083568
2021-07-05,recovery,0.2,50.9,1.3,8.3,3.0754,1.44,-0.9598725213550664,0.3328178774526313,-1.8287249707516786,-0.7938595342991716,0.7944455519535603
2021-07-06,recovery,0.2,50.9,1.3,8.3,3.0854,1.37,-0.9598725213550664,0.3383935928880608,-1.809952053977964,-0.7020908999382448,0.6088953830100005
2021-07-07,recovery,0.2,50.9,1.3,8.3,3.0554,1.33,-0.9598725213550664,0.3440233114800076,-1.7915983850388497,-1.0262135090516227,0.5002684538285117
2021-07-08,recession,0.1,50.9,1.3,8.3,2.983,1.3,-0.9598725213550664,0.34970836008677186,-1.7736479921326564,-1.7984117385749154,0.4172102868008048
2021-07-09,recession,0.1,50.9,1.3,8.3,3.0105,1.37,-0.9598725213550664,0.3554501097289978,-1.7560857800872058,-1.5319382316634436,0.5923771606809837
2021-07-12,recession,0.1,50.9,1.1,8.6,2.9431,1.38,-0.9598725213550664,0.17498178756059424,-1.4247121549591888,-2.2586352750165477,0.6122650561495349
2021-07-13,recession,0.1,50.9,1.1,8.6,2.9256,1.42,-0.9598725213550664,0.18087145892368528,-1.4128117797563322,-2.467043445349718,0.7101606964335223
2021-07-14,recession,0.1,50.9,1.1,8.6,2.9356,1.37,-0.9598725213550664,0.18681994502760085,-1.4010913313403333,-2.3772944760063184,0.5735113658919777
2021-07-15,recession,0.1,50.9,1.1,8.6,2.9557,1.31,-0.9598725213550664,0.19282893414054292,-1.3895460184838182,-2.1687353085670096,0.4103432728080551
2021-07-16,recession,0.1,50.9,1.1,8.6,2.9432,1.31,-0.9598725213550664,0.19890017838265342,-1.3781712485358197,-2.304978888851071,0.4044374654454149
2021-07-19,recession,0.1,50.9,1.1,8.6,2.9483,1.19,-0.9598725213550664,0.205035496973268,-1.366962618368993,-2.252772259302199,0.08088450327446962
2021-07-20,recession,0.1,50.9,1.1,8.6,2.9258,1.23,-0.9598725213550664,0.21123677968262586,-1.3559159059149173,-2.485820048526379,0.18095321500559183
2021-07-21,recession,0.1,50.9,1.1,8.6,2.9184,1.3,-0.9568455810909413,0.21750599050348784,-1.345027062249763,-2.557278837024923,0.361888280682521
2021-07-22,recession,0.1,50.9,1.1,8.6,2.9284,1.27,-0.9538311709464694,0.22384517155949132,-1.3342922041957719,-2.44685994340642,0.2749739641118386
2021-07-23,recession,0.1,50.9,1.1,8.6,2.9134,1.3,-0.9508291803405124,0.23025644726857156,-1.323707607407083,-2.5947588420075878,0.34982026187345494
2021-07-26,recession,0.1,50.9,1.1,8.6,2.8711,1.29,-0.9478395000092391,0.2367420287814389,-1.3132696999112445,-3.0097639913775125,0.3164401420135111
2021-07-27,recession,0.1,50.9,1.1,8.6,2.911,1.25,-0.9448620219856297,0.24330421871694044,-1.3029750560802176,-2.5637709863239944,0.20095393302966663
2021-07-28,recession,0.1,50.9,1.1,8.6,2.9312,1.26,-0.9418966395795253,0.2511841667499104,-1.2928203910071776,-2.3447653563406607,0.22223787682940455
2021-07-29,recession,0.1,50.9,1.1,8.6,2.884,1.28,-0.9389432473579098,0.2591896212725929,-1.2828025552674953,-2.817936369327828,0.27157340432185545
2021-07-30,recession,0.1,50.9,1.1,8.6,2.8363,1.24,-0.9360017411255652,0.2673255875419389,-1.2721033278221041,-3.2658605254759534,0.1552685230212542
2021-08-02,recession,0.1,50.4,1.1,8.6,2.8212,1.2,-2.020489903969424,0.27559734903456606,-1.261536327744247,-3.365719858035849,0.038758913247068386
2021-08-03,recession,0.1,50.4,1.1,8.6,2.8337,1.19,-1.9991598888955247,0.2840104880364764,-1.2510980595322019,-3.198658984945277,0.00555664026644524
2021-08-04,recession,0.1,50.4,1.1,8.6,2.8338,1.19,-1.9783331116778933,0.2925709081346547,-1.2407851474109646,-3.157282740553139,0.0
2021-08-05,recession,0.1,50.4,1.1,8.6,2.7988,1.23,-1.9579887497655006,0.30128485882241596,-1.230594329938308,-3.434841091677048,0.1066669807611617
2021-08-06,recession,0.1,50.4,1.1,8.6,2.8139,1.31,-1.9381071692679877,0.31015896245813673,-1.2205224549026332,-3.2272709788009175,0.3267915923844659
2021-08-09,recession,0.1,50.4,1.1,8.6,2.8615,1.33,-1.9186698388991545,0.3192002438489612,-1.2105664744941447,-2.735850796561539,0.3775360705922569
2021-08-10,recession,0.1,50.4,1.0,8.6,2.8766,1.36,-1.8996592514212869,0.22319123965376378,-1.2007234407321663,-2.5673292958634826,0.45694716547922953
2021-08-11,recession,0.1,50.4,1.0,8.6,2.8841,1.35,-1.8810588518297193,0.2321980687343571,-1.190990501132651,-2.4716527514469138,0.42234000249997256
2021-08-12,recession,0.1,50.4,1.0,8.3,2.8566,1.36,-1.8628529716039568,0.24138197458372318,-1.4918757118876549,-2.68701998401902,0.4452044124723369
2021-08-13,recession,0.1,50.4,1.0,8.3,2.8792,1.29,-1.8450267684286534,0.2507515353040565,-1.4784904691676568,-2.446740325576796,0.23737010735908126
2021-08-16,recession,0.1,50.4,1.0,8.3,2.8943,1.26,-1.8275661708545983,0.2603159164370372,-1.4653193559876774,-2.2819468566127994,0.14497466632422032
2021-08-17,recession,0.1,50.4,1.0,8.3,2.8819,1.26,-1.8104578274274645,0.27008492463192996,-1.4523558654077648,-2.362923125011915,0.13948984974101905
2021-08-18,recession,0.1,50.4,1.0,8.3,2.8494,1.27,-1.7936890598646267,0.2800690674617329,-1.4395937642926684,-2.617812604764275,0.16297927712579924
2021-08-19,recession,0.1,50.4,1.0,8.3,2.8395,1.24,-1.778716628750735,0.29027962024032056,-1.4270270788198158,-2.663430028193473,0.06885693988680053
2021-08-20,recession,0.1,50.4,1.0,8.3,2.852,1.26,-1.7640096387634676,0.3007287008333321,-1.4146500809302232,-2.5139899669625896,0.12141384431134296
2021-08-23,recession,0.1,50.4,1.0,8.3,2.8672,1.25,-1.7495596784441352,0.3114293536219331,-1.4024572756516995,-2.349063735635703,0.08502570997138818
2021-08-24,recession,0.1,50.4,1.0,8.3,2.8522,1.29,-1.7353587052076807,0.32239564397735065,-1.3904433892297452,-2.438364505063371,0.19835908724733733
2021-08-25,recession,0.1,50.4,1.0,8.3,2.8547,1.35,-1.7213990247377609,0.3336427648424139,-1.378603358007035,-2.3801688953749776,0.37206117376892894
2021-08-26,recession,0.1,50.4,1.0,8.3,2.8848,1.34,-1.7076732717727716,0.3451871573032907,-1.3669323179975617,-2.1029697151407603,0.3359214726809045
2021-08-27,recession,0.1,50.4,1.0,8.3,2.8698,1.31,-1.6941743921730525,0.3570466473815481,-1.3554255951058363,-2.19930590544793,0.2392453798249418
2021-08-30,recession,0.1,50.4,1.0,8.3,2.8505,1.29,-1.6808956261696544,0.3664505869258638,-1.3440786959458,-2.3249458710606774,0.17213859169654602
2021-08-31,recession,0.1,50.4,1.0,8.3,2.845,1.3,-1.6678304927034242,0.3760441083923367,-1.332887299217842,-2.3342820894386263,0.1961838059210094
2021-09-01,recession,0.1,50.1,1.0,8.3,2.8226,1.31,-2.2180883377816523,0.38583595305446056,-1.3214872585949209,-2.472297233338851,0.22048240297945185
2021-09-02,recession,0.1,50.1,1.0,8.3,2.8301,1.29,-2.1910325965936592,0.39583543541412536,-1.3102375353507156,-2.377195355049091,0.15213833235324323
2021-09-03,recession,0.1,50.1,1.0,8.3,2.8327,1.33,-2.1647430600325426,0.406052493099311,-1.299133969741722,-2.3223444343863036,0.27007149837108396
2021-09-06,recession,0.1,50.1,1.0,8.3,2.8354,1.33,-2.1391822247987244,0.41649774219821606,-1.2881725518735694,-2.2686196967518337,0.26368175998948956
2021-09-07,recession,0.1,50.1,1.0,8.3,2.8604,1.38,-2.114315114003869,0.427182538745887,-1.2773494145978486,-2.0521923440439713,0.4146704132974558
2021-09-08,recession,0.1,50.1,1.0,8.3,2.8705,1.35,-2.0901090620445335,0.43811904719068684,-1.2666608268112578,-1.953816962656019,0.3134133860734263
2021-09-09,recession,0.1,50.1,1.0,8.3,2.873,1.3,-2.0665335214668077,0.4493203167992228,-1.256103187130278,-1.9148493095946353,0.1475173913792128
2021-09-10,recession,0.1,50.1,0.8,8.3,2.8656,1.35,-2.0435598892123155,0.2013074175559165,-1.245673017916522,-1.9489051915134037,0.30108694909245376
2021-09-13,recession,0.1,50.1,0.8,8.2,2.8908,1.33,-2.0211613499871723,0.2116353693952256,-1.3348980987073615,-1.7459353586306463,0.22980619840744418
2021-09-14,recession,0.1,50.1,0.8,8.2,2.8858,1.28,-1.999312734793977,0.22221764502259755,-1.323504614037438,-1.7645813850059326,0.05996765529319695
2021-09-15,recession,0.1,50.1,0.8,8.2,2.9009,1.31,-1.9779903929208627,0.23306946108899326,-1.3122617948987754,-1.639052181227543,0.15091727310172617
2021-09-16,recession,0.1,50.1,0.8,8.2,2.8885,1.34,-1.9571720759002125,0.24420734025414798,-1.3011654825004737,-1.712338691265208,0.24279683310487657
2021-09-17,recession,0.1,50.1,0.8,8.2,2.8785,1.37,-1.9368368321354228,0.2556492613103394,-1.290211668246522,-1.7660220158564714,0.3358838038523778
2021-09-20,recession,0.1,50.1,0.8,8.2,2.8717,1.31,-1.9139551029814998,0.2674148310736193,-1.2793964866291685,-1.7955077838734825,0.12778030066054566
2021-09-21,recession,0.1,50.1,0.8,8.2,2.8717,1.33,-1.8916454931236122,0.27952548188706294,-1.2687162085256067,-1.7764576673870986,0.18817916573371826
2021-09-22,recession,0.1,50.1,0.8,8.2,2.8639,1.32,-1.869882377899671,0.29200469938771817,-1.2581672348709994,-1.8120058420317053,0.1477608751573107
2021-09-23,recession,0.1,50.1,0.8,8.2,2.8565,1.41,-1.8486417053545745,0.30487828619392493,-1.2477460906830726,-1.8435804148239832,0.44902769517933766
2021-09-24,recession,0.1,50.1,0.8,8.2,2.8719,1.47,-1.8279008737589058,0.3181746684283956,-1.2374494194152459,-1.717760743605534,0.6490419305197168
2021-09-27,recession,0.1,50.1,0.8,8.2,2.8825,1.48,-1.8076386205949102,0.3319252535787946,-1.2272739776170694,-1.6279202855818,0.6774276606612692
2021-09-28,recession,0.1,50.1,0.8,8.2,2.8769,1.54,-1.787834921761203,0.3461648502099002,-1.217216629882258,-1.649957837700686,0.879085871765857
2021-09-29,recession,0.1,50.1,0.8,8.2,2.8646,1.55,-1.7684708999019612,0.35370944369673596,-1.2082012398738746,-1.716669106528782,0.9074053329176314
2021-09-30,recession,0.1,50.1,0.8,8.2,2.8776,1.52,-1.7495287408997118,0.36136575365502155,-1.1993001049117027,-1.6113158523204998,0.7965183881542597
2021-10-01,recession,0.1,49.6,0.8,8.2,2.8776,1.48,-2.5241629654051203,0.3691377111172396,-1.1905112252781969,-1.5955276908605496,0.6497778854232934
2021-10-04,recession,0.1,49.6,0.8,8.2,2.8776,1.49,-2.4823123461292527,0.3770294404111884,-1.1818327009380607,-1.5801092574797546,0.6793840395686931
2021-10-05,recession,0.1,49.6,0.8,8.2,2.8776,1.54,-2.442118709877042,0.38504527175300113,-1.1732627299220493,-1.5649065057390132,0.8520165682658628
2021-10-06,recession,0.1,49.6,0.8,8.2,2.8776,1.53,-2.403470422964349,0.39318975486151914,-1.1647996069740254,-1.5499336859214992,0.8100750787136103
2021-10-07,recession,0.1,49.6,0.8,8.2,2.8776,1.58,-2.366266122820392,0.40146767369366454,-1.1564417224623533,-1.5352282449796144,0.9841591015045675
2021-10-08,recession,0.1,49.6,0.8,8.2,2.9131,1.61,-2.330413531979958,0.4098840624118574,-1.1481875615584134,-1.2865563812741763,1.0858547733723989
2021-10-11,recession,0.1,49.6,0.7,8.2,2.958,1.61,-2.295828435379647,0.25974939882562137,-1.1400357036865234,-0.9793805618839886,1.0782596715355364
2021-10-12,recession,0.1,49.6,0.7,8.3,2.9657,1.59,-2.2624337950227593,0.26807726174749075,-1.032140525015072,-0.9210314983439798,0.998241624833128
2021-10-13,recession,0.1,49.6,0.7,8.3,2.9578,1.56,-2.230158980717919,0.27654909843970943,-1.0247737625214153,-0.9663355148810077,0.8820594205340438
2021-10-14,recession,0.1,49.6,0.7,8.3,2.9581,1.52,-2.1989390993178115,0.2851710086984907,-1.0174838789519964,-0.9575055764227836,0.7286917996219071
2021-10-15,recession,0.1,49.6,0.7,8.3,2.9683,1.59,-2.1687144078852993,0.29394945506501974,-1.010270105099983,-0.8831973258776764,0.9826540410870186
2021-10-18,recession,0.1,49.6,0.7,8.3,3.0426,1.59,-2.1394297986469906,0.30289129153057076,-1.0031317426290276,-0.3861511020768337,0.9760463540889461
2021-10-19,recession,0.1,49.6,0.7,8.3,3.0102,1.65,-2.1110343455770955,0.3120037950805254,-0.9960681655279352,-0.596790408638141,1.193110899527452
2021-10-20,recession,0.1,49.6,0.7,8.3,2.9978,1.65,-2.0833960625698347,0.3212947004162651,-0.9890788218484572,-0.674139830167874,1.1853533974681096
2021-10-21,recession,0.1,49.6,0.7,8.3,2.9702,1.68,-2.0565600333052845,0.3307722382415703,-0.9821632357478043,-0.8511688976845443,1.2896343888024344
2021-10-22,recession,0.1,49.6,0.7,8.3,2.9953,1.66,-2.030485346222496,0.34044517755558124,-0.9753210098604898,-0.6797755181081628,1.2081129209357873
2021-10-25,recession,0.1,49.6,0.7,8.3,2.9879,1.64,-2.005133949816645,0.35032287245898314,-0.9685518280275084,-0.723286018162411,1.126319534062287
2021-10-26,recession,0.1,49.6,0.7,8.3,2.978,1.63,-1.9804703998341386,0.3604153140555988,-0.9618554584146295,-0.7827616352784841,1.0818182346496634
2021-10-27,recession,0.1,49.6,0.7,8.3,2.9781,1.54,-1.9564616332725528,0.3707331881201559,-0.9552317570559922,-0.7757153545093013,0.728816557532108
2021-10-28,recession,0.1,49.6,0.7,8.3,2.9682,1.57,-1.9330767658884638,0.36924164580079444,-0.9486806718639872,-0.8346822967535763,0.8380022194747972
2021-10-29,recession,0.1,49.6,0.7,8.3,2.9732,1.55,-1.9102869103751339,0.3677516552654311,-0.942202247152132,-0.794997776358813,0.7540416925623701
2021-11-01,recession,0.1,49.2,0.7,8.3,2.9435,1.58,-2.411701891225756,0.3662632056581127,-0.9349293076104532,-0.9842339050195057,0.8645219143231082
2021-11-02,recession,0.1,49.2,0.7,8.3,2.9259,1.56,-2.3741501213769944,0.3647762861679298,-0.9277099576940199,-1.0924734273056738,0.7802720734033989
2021-11-03,recession,0.1,49.2,0.7,8.3,2.9385,1.6,-2.3379719725158536,0.3632908860285919,-0.9205431345667878,-1.000923271435618,0.9309921773297605
2021-11-04,recession,0.1,49.2,0.7,8.3,2.9261,1.53,-2.303081315897573,0.3618069945180069,-0.9134278054918697,-1.0750789929284115,0.6486841267865667
2021-11-05,recession,0.1,49.2,0.7,8.3,2.8911,1.45,-2.2693994086054743,0.36032460095786284,-0.9063629673057441,-1.298659369718058,0.32402910788170514
2021-11-08,recession,0.1,49.2,0.7,8.3,2.9013,1.51,-2.2368540971053497,0.3588436947132142,-0.8993476459529514,-1.2227058022375163,0.5582950695644918
2021-11-09,recession,0.1,49.2,0.7,8.3,2.8988,1.46,-2.205379123384997,0.3573642651920697,-0.8923808960822982,-1.2304142846794883,0.34968565113890077
2021-11-10,recession,0.1,49.2,1.5,8.3,2.9139,1.56,-2.1749135184138995,1.738740979296156,-0.8854618007059183,-1.1204820578791275,0.7515512688902748
2021-11-11,recession,0.1,49.2,1.5,8.3,2.9365,1.56,-2.145401070220999,1.7215480822356264,-0.8785894709230023,-0.9616365369861595,0.7458839643900951
2021-11-12,recession,0.1,49.2,1.5,8.7,2.9391,1.58,-2.116789855974315,1.704697447776001,-0.4398262316181288,-0.9367674140983041,0.8230588434660021
2021-11-15,recession,0.1,49.2,1.5,8.7,2.9269,1.63,-2.08903182915224,1.6881766444532538,-0.4339011619489998,-1.011097610843514,1.0258264017932008
2021-11-16,recession,0.1,49.2,1.5,8.7,2.9244,1.63,-2.0620824542978022,1.6719738610438781,-0.42795963426789835,-1.020394170803324,1.0213071089903092
2021-11-17,recession,0.1,49.2,1.5,8.7,2.9295,1.6,-2.0359003830041362,1.656077867149159,-0.4220004480270902,-0.9782109902607119,0.889898633573623
2021-11-18,recession,0.1,49.2,1.5,8.7,2.9146,1.59,-2.0139776593146355,1.6404779768006215,-0.4160223637377851,-1.0707244255046755,0.8415211333733846
2021-11-19,recession,0.1,49.2,1.5,8.7,2.9302,1.54,-1.9926366582436368,1.625164014816548,-0.4100241004450376,-0.9579002983812066,0.6206241502471497
2021-11-22,recession,0.1,49.2,1.5,8.7,2.8876,1.63,-1.971853205209377,1.610126285666928,-0.4040043330233097,-1.2376983255333323,1.0043654749738171
2021-11-23,recession,0.1,49.2,1.5,8.7,2.8875,1.67,-1.9516046452041476,1.5953555446285943,-0.39796168927646236,-1.2288179930768557,1.1714742521015167
2021-11-24,recession,0.1,49.2,1.5,8.7,2.86,1.64,-1.9318697295653258,1.5808429710339262,-0.39189474682424713,-1.4044199451887756,1.0344041646106703
2021-11-25,recession,0.1,49.2,1.5,8.7,2.855,1.64,-1.9126285133693681,1.566580143435719,-0.38580202975537786,-1.4264742302544933,1.029079155373054
2021-11-26,recession,0.1,49.2,1.5,8.7,2.82,1.48,-1.8938622623251329,1.5525590165279648,-0.37968200502521865,-1.6494947579828123,0.3132563909698124
2021-11-29,recession,0.1,49.2,1.5,8.7,2.825,1.52,-1.875553368181261,1.5412966578273548,-0.3735330785735829,-1.6013532745597998,0.48576783958191666
2021-11-30,recession,0.1,49.2,1.5,8.7,2.825,1.43,-1.8576852717811425,1.5302697420198472,-0.3673535911354724,-1.588647528232714,0.07125812654018533
2021-12-01,recession,0.1,50.1,1.5,8.7,2.8401,1.43,-0.8040946533698885,1.5194745054851793,-0.360835695501127,-1.474932040095466,0.0623613956361455
2021-12-02,recession,0.1,50.1,1.5,8.7,2.8601,1.44,-0.7975636548425913,1.5089075116600899,-0.3542715666136131,-1.3294805641451906,0.09998738187396529
2021-12-03,recession,0.1,50.1,1.5,8.7,2.8701,1.35,-0.791066113197381,1.498565647115027,-0.34765848240046665,-1.252407403336552,-0.33064356768055675
2021-12-06,recession,0.1,50.1,1.5,8.7,2.8176,1.43,-0.7846012794059387,1.4884461189717892,-0.340993564430771,-1.5955710471290723,0.037182359319472474
2021-12-07,recession,0.1,50.1,1.5,8.7,2.8451,1.48,-0.7781684216167772,1.4785464536779758,-0.3342737641738112,-1.3988407336628175,0.26767101535900284
2021-12-08,recession,0.1,50.1,1.5,8.7,2.8551,1.52,-0.771766825131355,1.468864497166192,-0.3274958477538701,-1.320853335717155,0.45352758625750633
2021-12-09,recession,0.1,50.1,1.5,8.7,2.8526,1.49,-0.7653957924375068,1.4593984164387075,-0.3206563789982483,-1.3269493291644463,0.3006100504088125
2021-12-10,recession,0.1,50.1,2.3,8.7,2.8426,1.48,-0.7590546433042388,2.7426553006428187,-0.31375170054325885,-1.383106735222037,0.24395352009479135
2021-12-13,recession,0.1,50.1,2.3,8.5,2.8552,1.42,-0.7527427149429231,2.7029752616203244,-0.5533418768146339,-1.2872574827440586,-0.06396626996149479
2021-12-14,recession,0.1,50.1,2.3,8.5,2.8477,1.44,-0.7464593622405437,2.6649403924730035,-0.5473903021561765,-1.32678421139829,0.026833728242120672
2021-12-15,recession,0.1,50.1,2.3,8.5,2.8502,1.47,-0.7402039580714578,2.628448455173806,-0.5414412408466457,-1.2987486147741187,0.17083478919222703
2021-12-16,recession,0.1,50.1,2.3,8.5,2.8577,1.44,-0.7339758936951011,2.5934065183552533,-0.5354941769023057,-1.2377187836106105,0.006212298963201454
2021-12-17,recession,0.1,50.1,2.3,8.5,2.8512,1.41,-0.7277745792480521,2.5597299324580014,-0.5295486284906479,-1.2709594638006925,-0.16257745626853412
2021-12-20,recession,0.1,50.1,2.3,8.5,2.8533,1.43,-0.7215994443399638,2.5273414422271925,-0.5236041542411158,-1.246406286187454,-0.06821932671104636
2021-12-21,recession,0.1,50.1,2.3,8.5,2.8508,1.48,-0.7152784703870946,2.4961704155358246,-0.5176603607763974,-1.2526809570481188,0.19158447340980786
2021-12-22,recession,0.1,50.1,2.3,8.5,2.8303,1.46,-0.7089779084743468,2.4661521711628667,-0.5117169117125183,-1.3779306034121774,0.07215217539471248
2021-12-23,recession,0.1,50.1,2.3,8.5,2.8143,1.5,-0.7026969440895354,2.4372273911031668,-0.5057735384327364,-1.4712531072056398,0.28616489107458415
2021-12-24,recession,0.1,50.1,2.3,8.5,2.8203,1.5,-0.6964347648501533,2.4093416053830348,-0.49983005301191763,-1.4185092577589509,0.2788232190817053
2021-12-27,recession,0.1,50.1,2.3,8.5,2.8128,1.48,-0.69019055989763,2.382444739313257,-0.49388636375873796,-1.4549418597705528,0.15750424107905273
2021-12-28,recession,0.1,50.1,2.3,8.5,2.8004,1.49,-0.6839635192853333,2.356490714718512,-0.487942493958407,-1.5225101714300113,0.20807868985219094
2021-12-29,recession,0.1,50.1,2.3,8.5,2.7854,1.55,-0.6777528333590072,2.321771927377751,-0.48199860454662313,-1.6056054737031682,0.5484667311997636
2021-12-30,recession,0.1,50.1,2.3,8.5,2.7654,1.52,-0.6715576921288049,2.288255373117335,-0.4758372260544543,-1.7188085243663611,0.3679466609860613
2021-12-31,recession,0.1,50.1,2.3,8.5,2.7754,1.52,-0.6653772846315801,2.255869777307462,-0.46965798337895803,-1.6368469679228164,0.36127313570330843
2022-01-03,recession,0.1,50.3,2.3,8.5,2.7754,1.63,-0.4040877787465812,2.2245496633170148,-0.46345935951089806,-1.6205934305171192,1.0028848148888736
2022-01-04,recession,0.1,50.3,2.3,8.5,2.7855,1.66,-0.39798690938162645,2.1942347590799964,-0.45723977680349726,-1.5404804719867318,1.1745030077677112
2022-01-05,recession,0.1,50.3,2.3,8.5,2.8045,1.71,-0.3918599492416019,2.1648694763180503,-0.4509975922803665,-1.4054029622639088,1.4648024254334626
2022-01-06,recession,0.1,50.3,2.3,8.5,2.8205,1.73,-0.3857053157944851,2.1364024521314127,-0.44473109252459225,-1.291423716007789,1.5767981969837706
2022-01-07,recession,0.1,50.3,2.3,8.5,2.8181,1.76,-0.3795213620212215,2.1087861443161153,-0.4384384881015426,-1.29582166528393,1.747853024475701
2022-01-10,recession,0.1,50.3,1.5,8.5,2.8056,1.78,-0.37330637189032795,0.9537545910304486,-0.4321179074615954,-1.3640091272697537,1.8565493057576787
2022-01-11,recession,0.1,50.3,1.5,8.5,2.7957,1.75,-0.36705855545858806,0.9462307611922525,-0.4257673902616365,-1.4146140356505816,1.6673752758165554
2022-01-12,recession,0.1,50.3,1.5,9.0,2.7957,1.74,-0.3607760435596158,0.9387605061647978,0.3304142459811089,-1.4020600804023426,1.6033714997743287
2022-01-13,recession,0.1,50.3,1.5,9.0,2.7858,1.7,-0.35445688203705056,0.9313425701841676,0.3396002693750861,-1.4518421110813613,1.3564245748815345
2022-01-14,recession,0.1,50.3,1.5,9.0,2.7935,1.78,-0.34809902547418103,0.9239757237323065,0.348966829323523,-1.39076926366723,1.8484252913776662
2022-01-17,recession,0.1,50.3,1.5,9.0,2.786,1.78,-0.3417003303656111,0.9166587625178518,0.35852216681485405,-1.425946791737919,1.8430922426769685
2022-01-18,recession,0.1,50.3,1.5,9.0,2.7415,1.87,-0.33525854766951185,0.9093905064915706,0.3682750567110902,-1.6903007250327478,2.388860443487372
2022-01-19,recession,0.1,50.3,1.5,9.0,2.7314,1.83,-0.3304660003886102,0.9021697988945317,0.3782348536857234,-1.7359745852021835,2.1269372420432466
2022-01-20,recession,0.1,50.3,1.5,9.0,2.7271,1.83,-0.3256659397509427,0.894995505337214,0.3884115431085793,-1.7451807300719298,2.1136762936220066
2022-01-21,recession,0.1,50.3,1.5,9.0,2.71,1.75,-0.3208579019544983,0.8878665129078406,0.3988157975216244,-1.8332515753207814,1.6005149779309167
2022-01-24,recession,0.1,50.3,1.5,9.0,2.6751,1.75,-0.3160414156914087,0.8807817293083092,0.40945903944852524,-2.0283517824160184,1.5929200986473502
2022-01-25,recession,0.1,50.3,1.5,9.0,2.6979,1.78,-0.3112160018128652,0.8737400820161391,0.42035351139731275,-1.867651166358404,1.7719603879465233
2022-01-26,recession,0.1,50.3,1.5,9.0,2.7146,1.85,-0.30638117298143097,0.8667405174709423,0.4315123540530188,-1.7483826439930135,2.1982655548768952
2022-01-27,recession,0.1,50.3,1.5,9.0,2.7348,1.81,-0.301536433309714,0.8597820002839716,0.44294969382036786,-1.6098685621649953,1.9296553508703558
2022-01-28,recession,0.1,50.3,1.5,9.0,2.7021,1.78,-0.2966812779849943,0.8533866597778995,0.4546807410707417,-1.7949828142175408,1.7300668990953119
2022-01-31,recession,0.1,50.3,1.5,9.0,2.6997,1.79,-0.29181519287889013,0.8470418438651044,0.46672190067940844,-1.7934234814918537,1.7848207460656935
2022-02-01,recession,0.1,50.1,1.5,9.0,2.6997,1.81,-0.5647448541475437,0.8407473514379522,0.47042645078578516,-1.7774715645387347,1.8995758827612323
2022-02-02,recession,0.1,50.1,1.5,9.0,2.6997,1.78,-0.5591301266440796,0.8345030439991035,0.47415288474139755,-1.7618817776513978,1.6958530013951714
2022-02-03,recession,0.1,50.1,1.5,9.0,2.6997,1.82,-0.5535212537221899,0.8283088491654403,0.4779015200338486,-1.7466431258202793,1.933767199857705
2022-02-04,recession,0.1,50.1,1.5,9.0,2.6997,1.93,-0.5479176087705383,0.8221647646053171,0.4816726803294505,-1.7317452545542227,2.6004841968270322
2022-02-07,recession,0.1,50.1,1.5,9.0,2.7256,1.92,-0.5423185606830555,0.8160708624585918,0.48546669563235434,-1.562827540487598,2.5000647329436068
2022-02-08,recession,0.1,50.1,1.5,9.0,2.7227,1.96,-0.5367234733861025,0.8100272942959278,0.48928390244873593,-1.5689006783947037,2.7043000704568225
2022-02-09,recession,0.1,50.1,1.5,9.0,2.7328,1.94,-0.5311317053513072,0.8040342966820265,0.4931246439561674,-1.4969499161091089,2.5369514626833687
2022-02-10,recession,0.1,50.1,0.9,9.0,2.7328,2.03,-0.5255426090925636,-0.10779013776977547,0.49698927017848094,-1.4867053818690588,3.0254362150972276
2022-02-11,recession,0.1,50.1,0.9,9.0,2.7891,1.92,-0.5199555306466754,-0.11587860354004693,0.5008781381662244,-1.1329956764342421,2.323052857147849
2022-02-14,recession,0.1,50.1,0.9,9.8,2.8018,1.98,-0.5143698090357988,-0.12410305527005926,1.8697431228438435,-1.0479454576978373,2.636093811945291
2022-02-15,recession,0.1,50.1,0.9,9.8,2.7968,2.05,-0.5087847757107259,-0.13246975136100905,1.8592750200457582,-1.0725398625805957,2.9842928466930907
2022-02-16,recession,0.1,50.1,0.9,9.8,2.7892,2.03,-0.5057412039897715,-0.1409853492429948,1.8489384802128652,-1.112592830706467,2.810331945605578
2022-02-17,recession,0.1,50.1,0.9,9.8,2.7799,1.97,-0.5027043596140388,-0.14965693951670747,1.8387305882384792,-1.1632407764570336,2.426707833506492
2022-02-18,recession,0.1,50.1,0.9,9.8,2.7975,1.92,-0.4996741543430168,-0.1584920837548994,1.8286485189555401,-1.045976613417873,2.114308316101739
2022-02-21,recession,0.1,50.1,0.9,9.8,2.83,1.92,-0.4966505006420691,-0.16749885643851067,1.8186895335915199,-0.8349549114306327,2.0873935283054457
2022-02-22,recession,0.1,50.1,0.9,9.8,2.82,1.94,-0.49363331166912994,-0.1766858915750668,1.8088509763928784,-0.8921096583234097,2.1698480499844934
2022-02-23,recession,0.1,50.1,0.9,9.8,2.79,1.99,-0.4906225012617973,-0.18606243463258734,1.7991302714093962,-1.0764888940238864,2.409161011678637
2022-02-24,recession,0.1,50.1,0.9,9.8,2.7875,1.96,-0.48761798392446215,-0.19563840052342024,1.789524919429673,-1.0857535057080536,2.214387100427873
2022-02-25,recession,0.1,50.1,0.9,9.8,2.775,1.97,-0.48461967481568446,-0.2044767316428105,1.7800324950593556,-1.1588174422062536,2.236367466254334
2022-02-28,recession,0.1,50.1,0.9,9.8,2.775,1.83,-0.4816274897357982,-0.213484903126214,1.7706506439342986,-1.152042302530199,1.4742765879961457
2022-03-01,recession,0.1,50.2,0.9,9.8,2.8025,1.72,-0.33737919590929455,-0.22267112184844892,1.7797168291048087,-0.9677777960163804,0.8852451840285556
2022-03-02,recession,0.1,50.2,0.9,9.8,2.8175,1.86,-0.3350865469507456,-0.23204415368723402,1.7888919390794566,-0.8644620659814408,1.6174305847579853
2022-03-03,recession,0.1,50.2,0.9,9.8,2.83,1.86,-0.3327961409074093,-0.24161337437809646,1.7981782986201031,-0.776629120705884,1.6044468424636378
2022-03-04,recession,0.1,50.2,0.9,9.8,2.8125,1.74,-0.33050794135082323,-0.25138882617095604,1.807578302893579,-0.8870199782223792,0.9680498822491354
2022-03-07,recession,0.1,50.2,0.9,9.8,2.8126,1.78,-0.3282219119780583,-0.26138128109001524,1.817094420243162,-0.8809260112425357,1.1754021907591683
2022-03-08,recession,0.1,50.2,0.9,9.8,2.8276,1.86,-0.32593801660880667,-0.271602311729457,1.826729195094784,-0.7742944554830686,1.5882446329418485
2022-03-09,recession,0.1,50.2,0.9,9.8,2.8426,1.94,-0.32365621918253973,-0.2820643706730944,1.836485251005631,-0.6669020590041582,1.9881895038144584
2022-03-10,recession,0.1,50.2,0.9,9.8,2.8502,1.98,-0.3213764837555825,-0.2927808798119154,1.8463652938635853,-0.6090741091625779,2.168969952500623
2022-03-11,recession,0.1,50.2,0.9,9.8,2.7902,2.0,-0.31909877449830687,-0.3037663310561243,1.8563721152463584,-1.0134312317609893,2.2418517778832268
2022-03-14,recession,0.1,50.2,0.9,9.2,2.7677,2.14,-0.31682305569229197,-0.3150364002061462,0.8430608107249045,-1.1605937173431298,2.8968585938480556
2022-03-15,recession,0.1,50.2,0.9,9.2,2.8177,2.15,-0.3145492917274902,-0.32660807607065445,0.857930283180722,-0.8092365740382886,2.889684242120952
2022-03-16,recession,0.1,50.2,0.9,9.2,2.7952,2.19,-0.31227744709951055,-0.33849980731236506,0.8732354640419138,-0.958966418764416,3.0253026363305593
2022-03-17,recession,0.1,50.2,0.9,9.2,2.7876,2.2,-0.31000748640671594,-0.35073166998088495,0.8890012219251233,-1.0057016496792004,3.012430297073399
2022-03-18,recession,0.1,50.2,0.9,9.2,2.7927,2.14,-0.30773937434753706,-0.3633255592781067,0.9052544757233337,-0.963452844848749,2.682894531412188
2022-03-21,recession,0.1,50.2,0.9,9.2,2.8127,2.32,-0.30079221638852427,-0.37630540982304955,0.9220244183955858,-0.81654063504046,3.436342829824069
2022-03-22,recession,0.1,50.2,0.9,9.2,2.8302,2.38,-0.2937730131583827,-0.3896974495757913,0.9393427714277416,-0.6866410258832425,3.6059165060743186
2022-03-23,recession,0.1,50.2,0.9,9.2,2.8302,2.32,-0.28667747918168957,-0.4035304936908372,0.9572440750659156,-0.6807623478614879,3.2583889865878093
2022-03-24,recession,0.1,50.2,0.9,9.2,2.8052,2.34,-0.2795010278807363,-0.41783628596032457,0.975766020430332,-0.854675622793849,3.2637453881450407
2022-03-25,recession,0.1,50.2,0.9,9.2,2.7972,2.48,-0.2722387409645706,-0.43264989725785113,0.9949498308535603,-0.9073354139745442,3.7432546155231026
2022-03-28,recession,0.1,50.2,0.9,9.2,2.7903,2.46,-0.2648853338799644,-0.448010192612151,1.0148407013159826,-0.9525852159034898,3.553324202967374
2022-03-29,recession,0.1,50.2,0.9,9.2,2.7853,2.41,-0.2574351167021405,-0.46396038137095597,1.0354883067506957,-0.9840751044519314,3.266726645135363
2022-03-30,recession,0.1,50.2,0.9,9.2,2.7703,2.35,-0.24988194972492417,-0.4701419840015005,1.0390581487226573,-1.0891749094809586,2.964872734937088
2022-03-31,recession,0.1,50.2,0.9,9.2,2.7878,2.32,-0.24221919286659738,-0.4763932486402811,1.0426483484333418,-0.9525262378046558,2.792569715884528
2022-04-01,recession,0.1,49.5,0.9,9.2,2.7743,2.39,-1.3225353981624892,-0.4827159785992609,1.046259130556937,-1.0469722383546196,2.9955678843995375
2022-04-04,recession,0.1,49.5,0.9,9.2,2.7714,2.42,-1.3187161951963882,-0.48911204204976,1.04989072325819,-1.0625075176956371,3.038507406276804
2022-04-05,recession,0.1,49.5,0.9,9.2,2.7714,2.54,-1.3152297105984694,-0.4955833750976376,1.0535433582628608,-1.05604821536942,3.3891477810167143
2022-04-06,recession,0.1,49.5,0.9,9.2,2.7604,2.61,-1.312092359265777,-0.5021319850391154,1.0572172709298773,-1.1326821696685347,3.536542336570411
2022-04-07,recession,0.1,49.5,0.9,9.2,2.7394,2.66,-1.309322500548184,-0.5087599538099481,1.0609127003253387,-1.2851891487450295,3.6009244095166792
2022-04-08,recession,0.1,49.5,0.9,9.2,2.7529,2.72,-1.3069406871807758,-0.5154694416416925,1.0646298892983266,-1.1747642456425331,3.687234251363016
2022-04-11,recession,0.1,49.5,1.5,9.2,2.768,2.79,-1.304969955911406,0.7946327254989427,1.0683690845586529,-1.0524674422949094,3.791450062036641
2022-04-12,recession,0.1,49.5,1.5,9.7,2.7705,2.72,-1.303436168163295,0.7882330598312665,2.058151127447927,-1.0275095882832177,3.463363207344945
2022-04-13,recession,0.1,49.5,1.5,9.7,2.7631,2.7,-1.3023684110582179,0.7818677604783534,2.047221822393562,-1.0808966722350482,3.3109819033213737
2022-04-14,recession,0.1,49.5,1.5,9.7,2.7656,2.83,-1.3017994716636516,0.7755362340857738,2.036429426289569,-1.0575087427889642,3.601809637204304
2022-04-15,recession,0.1,49.5,1.5,9.7,2.7578,2.83,-1.3017664005933964,0.7692379126386881,2.0257709546320655,-1.1153533578723016,3.4985253192900547
2022-04-18,recession,0.1,49.5,1.5,9.7,2.8107,2.85,-1.3023111853267164,0.7629722542353752,2.0152435135494797,-0.6870271018153487,3.457609348062454
2022-04-19,recession,0.1,49.5,1.5,9.7,2.8208,2.93,-1.303481559150545,0.7567387439951083,2.004844296287474,-0.5996567310043603,3.5774847397753065
2022-04-20,recession,0.1,49.5,1.5,9.7,2.833,2.85,-1.2940299293511444,0.7505368951140319,1.994570579859163,-0.4940734776573836,3.2680942579710837
2022-04-21,recession,0.1,49.5,1.5,9.7,2.8259,2.9,-1.284719472883049,0.7443662500845482,1.9844197218516106,-0.5465763721640687,3.315620438136456
2022-04-22,recession,0.1,49.5,1.5,9.7,2.8409,2.9,-1.275547973743343,0.7382263820959193,1.9743891573799859,-0.4154947504275291,3.2322206504675006
2022-04-25,recession,0.1,49.5,1.5,9.7,2.816,2.81,-1.2665133600735505,0.732116896636273,1.9644763961813658,-0.6186586332206792,2.9322344263609654
2022-04-26,recession,0.1,49.5,1.5,9.7,2.826,2.77,-1.2576137027104406,0.726037433319059,1.9546790198407713,-0.5281008663361102,2.773808784784954
2022-04-27,recession,0.1,49.5,1.5,9.7,2.8411,2.82,-1.2488472141914535,0.7204024016318443,1.9449946791422454,-0.392422117588276,2.841607677259414
2022-04-28,recession,0.1,49.5,1.5,9.7,2.8486,2.85,-1.240212248222338,0.7147909755042042,1.9354210915384908,-0.32076500389467655,2.8566941673997577
2022-04-29,recession,0.1,49.5,1.5,9.7,2.8386,2.89,-1.2317072996186167,0.7092026223716933,1.9138964910936185,-0.40131354139564557,2.8934109784522906
2022-05-02,recession,0.1,47.4,1.5,9.7,2.8386,2.99,-4.790692036291443,0.703636816365361,1.892899240307358,-0.39470062673160544,3.0626809182022714
2022-05-03,recession,0.1,47.4,1.5,9.7,2.8386,2.97,-4.584548148201772,0.6980930380641873,1.872406999771026,-0.38801923692817586,2.9502062402021343
2022-05-04,recession,0.1,47.4,1.5,9.7,2.8386,2.93,-4.401807469553224,0.6925707742526355,1.8523987596220668,-0.3812575313113805,2.800483715261315
2022-05-05,recession,0.1,47.4,1.5,9.7,2.8282,3.05,-4.238317776079657,0.6870695176830571,1.832854740490839,-0.4694070332719837,3.0064160357308505
2022-05-06,recession,0.1,47.4,1.5,9.7,2.8273,3.12,-4.090891476686253,0.6815887668427049,1.813756303395989,-0.4714453082112882,3.090046922228022
2022-05-09,recession,0.1,47.4,1.5,9.7,2.8154,3.05,-3.9570352775821247,0.6761280257250836,1.795085867651917,-0.5757587232411725,2.8749579393154203
2022-05-10,recession,0.1,47.4,2.1,9.7,2.8089,2.99,-3.834767043098033,2.0427147743009013,1.776826835963457,-0.6305346706846127,2.6935903388219353
2022-05-11,recession,0.1,47.4,2.1,9.7,2.824,2.91,-3.7224884486678746,2.0172454987127026,1.758963525979669,-0.482295530953354,2.48104218797369
2022-05-12,recession,0.1,47.4,2.1,10.5,2.8055,2.84,-3.61889438903952,1.992471199392205,3.1500074689093576,-0.6516984892652309,2.2987060500673264
2022-05-13,recession,0.1,47.4,2.1,10.5,2.814,2.93,-3.5229072270804758,1.968358408806453,3.0812098281345133,-0.5644919231180759,2.4460217816781564
2022-05-16,recession,0.1,47.4,2.1,10.5,2.8216,2.88,-3.4336282139951533,1.944875872003837,3.0162708335027295,-0.4853506182189005,2.307923267871773
2022-05-17,recession,0.1,47.4,2.1,10.5,2.8178,2.98,-3.3503010203230272,1.9219943614909978,2.95483517987612,-0.5159441717503664,2.4704407655749496
2022-05-18,recession,0.1,47.4,2.1,10.5,2.7801,2.89,-3.2722839635867667,1.899686510711878,2.8965919103231554,-0.87660953902089,2.2558440208393398
2022-05-19,recession,0.1,47.4,2.1,10.5,2.7774,2.84,-3.1974131604741953,1.8779266639583188,2.841267539953562,-0.8963768403275084,2.1272465136134753
2022-05-20,recession,0.1,47.4,2.1,10.5,2.79,2.78,-3.126987123425038,1.8566907408287805,2.7886204401568246,-0.7667526487192705,1.9839456402033688
2022-05-23,recession,0.1,47.4,2.1,10.5,2.7675,2.86,-3.0605751408623147,1.835956113596642,2.7384362189453917,-0.9827019190335669,2.1125389600901046
2022-05-24,recession,0.1,47.4,2.1,10.5,2.765,2.76,-2.99780298653923,1.8157014960589088,2.690523895064888,-1.0027808799624494,1.8956883573858694
2022-05-25,recession,0.1,47.4,2.1,10.5,2.7575,2.75,-2.938343735049074,1.7959068426157443,2.6447127095292795,-1.0744068242132754,1.8550362398554596
2022-05-26,recession,0.1,47.4,2.1,10.5,2.71,2.75,-2.8819103399487633,1.7765532564856412,2.600849452731577,-1.5506118331568919,1.8341526597462556
2022-05-27,recession,0.1,47.4,2.1,10.5,2.6974,2.74,-2.8282495881151224,1.7576229060941804,2.5587962113944696,-1.6738275378352103,1.7951123522447618
2022-05-30,recession,0.1,47.4,2.1,10.5,2.7225,2.74,-2.777137138510482,1.740229163606307,2.518428459571532,-1.4124914251304075,1.7756168719806604
2022-05-31,recession,0.1,47.4,2.1,10.5,2.7426,2.85,-2.728373422690741,1.7231853357833353,2.4796334332728693,-1.204043352210516,1.9589504739464727
2022-06-01,recession,0.1,49.6,2.1,10.5,2.7551,2.94,-0.2853516038288372,1.7064786315065459,2.4404904591102996,-1.072468691986444,2.0993316100514607
2022-06-02,recession,0.1,49.6,2.1,10.5,2.7601,2.92,-0.2800389787827147,1.6900969025176387,2.4028269489029404,-1.0180358062894697,2.0359891606537857
2022-06-03,recession,0.1,49.6,2.1,10.5,2.7601,2.96,-0.2747067291310805,1.6740286022844582,2.3665479002834227,-1.018229242312684,2.082080281037747
2022-06-06,recession,0.1,49.6,2.1,10.5,2.7776,3.04,-0.26935401690463573,1.6582627480412013,2.3315666660002923,-0.8263463852341689,2.1970269324211005
2022-06-07,recession,0.1,49.6,2.1,10.5,2.7576,2.98,-0.2639799810279636,1.6427888857173711,2.29780403116269,-1.0500005882305803,2.0616006459065597
2022-06-08,recession,0.1,49.6,2.1,10.5,2.7661,3.03,-0.2585837361845703,1.6275970574990226,2.2651874121634292,-0.9519814120682808,2.1226555611605167
2022-06-09,recession,0.1,49.6,2.1,10.5,2.7576,3.04,-0.2531643716196779,1.612677771791785,2.2336501587557223,-1.0481893374045006,2.112082143919451
2022-06-10,recession,0.1,49.6,2.1,10.5,2.7526,3.15,-0.2477209498765781,1.5980219753781166,2.2031309439392155,-1.105390904211688,2.272734433249144
2022-06-13,recession,0.1,49.6,2.1,11.1,2.7652,3.43,-0.24225250546168473,1.5836210275816975,2.986191308481104,-0.9551987251739888,2.710702690725355
2022-06-14,recession,0.1,49.6,2.1,11.1,2.7702,3.49,-0.23675804343361687,1.569466676270023,2.9243171998140025,-0.8937220822234418,2.7595588151010344
2022-06-15,recession,0.1,49.6,2.1,11.1,2.7827,3.33,-0.23123653791067372,1.5555510355424818,2.865671152413861,-0.7397640076668665,2.4473358693584593
2022-06-16,recession,0.1,49.6,2.1,11.1,2.7728,3.28,-0.2256869304909423,1.5418665649656584,2.809973932731544,-0.8610233505425883,2.3276763915774716
2022-06-17,recession,0.1,49.6,2.1,11.1,2.7752,3.25,-0.2201081285787941,1.528406050230515,2.7569790876807154,-0.8294384268396526,2.245225052146303
2022-06-20,recession,0.1,49.6,2.1,11.1,2.7853,3.25,-0.21482556583238027,1.5151625851177046,2.706468152546732,-0.6986231488266422,2.213652155900371
2022-06-21,recession,0.1,49.6,2.1,11.1,2.7853,3.31,-0.2095185935578982,1.50212955466763,2.6582466886499536,-0.6966055874009078,2.2780950907163176
2022-06-22,recession,0.1,49.6,2.1,11.1,2.7773,3.16,-0.20418631787089164,1.489300619461186,2.6121409861020517,-0.8021343381865227,2.0100705420555953
2022-06-23,recession,0.1,49.6,2.1,11.1,2.7803,3.09,-0.19882781842877797,1.4766697009255063,2.567995303587694,-0.7617729915951859,1.8760783740661569
2022-06-24,recession,0.1,49.6,2.1,11.1,2.7978,3.13,-0.19344214715962074,1.464230967586555,2.5256695447448907,-0.5151066352499429,1.9177323817914373
2022-06-27,recession,0.1,49.6,2.1,11.1,2.8329,3.2,-0.18802832691986524,1.4519788221972307,2.485037291785394,-0.012719953835765185,2.004673013078882
2022-06-28,recession,0.1,49.6,2.1,11.1,2.8414,3.2,-0.18258535007623594,1.4399078896757664,2.445984133191003,0.11903410711690189,1.9806150873012673
2022-06-29,recession,0.1,49.6,2.1,11.1,2.8294,3.1,-0.17711217700643736,1.4271160772763571,2.4072139287090817,-0.04732230377259017,1.8038626928436317
2022-06-30,recession,0.1,49.6,2.1,11.1,2.8205,2.98,-0.1716077345130398,1.414516064234121,2.369895651462247,-0.17056328256365824,1.6006666818501332
2022-07-01,recession,0.1,50.2,2.1,11.1,2.8255,2.88,0.5502528738548514,1.4021021343281028,2.333936331282075,-0.0920971047896086,1.4321898875168375
2022-07-04,recession,0.1,50.2,2.1,11.1,2.8445,2.88,0.5553881015436603,1.3898687992100933,2.299251137101539,0.1924769907769118,1.4196430762125705
2022-07-05,recession,0.1,50.2,2.1,11.1,2.8333,2.82,0.5605692732587112,1.3778107866520841,2.2657624814768225,0.03477483922626129,1.3155540695988335
2022-07-06,recession,0.1,50.2,2.1,11.1,2.8356,2.93,0.5657973114457066,1.365923029523479,2.2333992427335034,0.07574517122105222,1.4728935787803543
2022-07-07,recession,0.1,50.2,2.1,11.1,2.8356,3.01,0.571073164215637,1.354200655444961,2.2020960868960304,0.08138088917272338,1.5818029658154216
2022-07-08,recession,0.1,50.2,2.1,11.1,2.8384,3.09,0.57639780628307,1.342638977070305,2.171792874611379,0.12826008385824242,1.6881941106448717
2022-07-11,recession,0.1,50.2,2.5,11.1,2.8266,2.99,0.5817722399468577,2.058548951072482,2.14243414075119,-0.042268872094715984,1.5208251461504567
2022-07-12,recession,0.1,50.2,2.5,11.4,2.8117,2.96,0.5871974961154206,2.032423805226605,2.434775708035126,-0.26069929946997933,1.461836431962781
2022-07-13,recession,0.1,50.2,2.5,11.4,2.8067,2.91,0.5926746353792015,2.007024472744933,2.3965285613034197,-0.3323394346999045,1.3736307699630703
2022-07-14,recession,0.1,50.2,2.5,11.4,2.7907,2.96,0.5982047491327952,1.9823153397171942,2.3596997919649096,-0.5676113202584061,1.4375347699711694
2022-07-15,recession,0.1,50.2,2.5,11.4,2.7857,2.93,0.603788960749413,1.9582631880356571,2.3241994324797464,-0.6369839313639443,1.380099279436329
2022-07-18,recession,0.1,50.2,2.5,11.4,2.7837,2.96,0.6094284268108281,1.934836991406001,2.289945320163739,-0.6616652731520895,1.413598884026341
2022-07-19,recession,0.1,50.2,2.5,11.4,2.7859,3.01,0.6151243383956536,1.9120077322070728,2.256862246099135,-0.6247812878981425,1.4767657306507107
2022-07-20,recession,0.1,50.2,2.5,11.4,2.771,3.04,0.6165702780585054,1.8897482367256753,2.2248812148729953,-0.846491425522769,1.5092235926647242
2022-07-21,recession,0.1,50.2,2.5,11.4,2.7635,2.91,0.6180193016243114,1.8680330266253082,2.193938798474846,-0.9541150666109068,1.3016905318580934
2022-07-22,recession,0.1,50.2,2.5,11.4,2.787,2.77,0.6194714247343835,1.8468381847906397,2.1639765705132796,-0.5957080202883253,1.0810483925653454
2022-07-25,recession,0.1,50.2,2.5,11.4,2.779,2.81,0.6209266631356005,1.8261412339307532,2.134940609207163,-0.7148720075586475,1.132928952498386
2022-07-26,recession,0.1,50.2,2.5,11.4,2.77,2.81,0.6223850326813752,1.8059210265305645,2.1067810594807503,-0.8469304752596607,1.1239979339211494
2022-07-27,recession,0.1,50.2,2.5,11.4,2.7701,2.78,0.6238465493325963,1.7861576449167937,2.079451746028293,-0.839247706470202,1.0699386543656983
2022-07-28,recession,0.1,50.2,2.5,11.4,2.785,2.68,0.6253112291585802,1.766976291410541,2.0529098304790048,-0.6096301805055825,0.9106737613485641
2022-07-29,recession,0.1,50.2,2.5,11.4,2.756,2.67,0.6267790883380783,1.748210846661773,2.0271155068400746,-1.0382957883645165,0.8882993988303409
2022-08-01,recession,0.1,49.0,2.5,11.4,2.7292,2.6,-0.874112252520156,1.7298448552356778,2.0028580238265254,-1.4290189486680775,0.775238291226452
2022-08-02,recession,0.1,49.0,2.5,11.4,2.7314,2.75,-0.8671858754581202,1.711862753708894,1.9792453955863827,-1.3837584719738845,0.9959882120556298
2022-08-03,recession,0.1,49.0,2.5,11.4,2.7218,2.73,-0.8603007342634504,1.6942498091499631,1.9562477670453917,-1.5135870169723868,0.957953517556642
2022-08-04,recession,0.1,49.0,2.5,11.4,2.7192,2.68,-0.85345584560905,1.6769920627115438,1.933837198728794,-1.5378184172910194,0.8745346957625014
2022-08-05,recession,0.1,49.0,2.5,11.4,2.7339,2.83,-0.8466502431113997,1.6600762778395797,1.9119875118233811,-1.3081440341964548,1.0955938315307203
2022-08-08,recession,0.1,49.0,2.5,11.4,2.7409,2.77,-0.8398829766478536,1.6434898926590806,1.8906741483327034,-1.1952161947354518,0.9959993610179184
2022-08-09,recession,0.1,49.0,2.5,11.4,2.74,2.8,-0.8331531116927011,1.6272209761439769,1.8698740446188695,-1.1989784633948901,1.034051599463742
2022-08-10,recession,0.1,49.0,2.7,11.4,2.7366,2.78,-0.8264597286706433,1.9306291539689695,1.8495655168435783,-1.2388346703896893,0.9956467503284925
2022-08-11,recession,0.1,49.0,2.7,11.4,2.7317,2.87,-0.8198019223269982,1.908264484692425,1.829728157008584,-1.3000998182522305,1.125433242172572
2022-08-12,recession,0.1,49.0,2.7,12.0,2.7347,2.84,-0.8131788011133531,1.8864518330008384,2.352416300227636,-1.2458112691334666,1.0708360777535788
2022-08-15,recession,0.1,49.0,2.7,12.0,2.6582,2.79,-0.8065894865877798,1.8651669304214482,2.318775092819761,-2.3315414654650914,0.98603635889324
2022-08-16,recession,0.1,49.0,2.7,12.0,2.6346,2.82,-0.8000331128287548,1.8443869762308827,2.286279583486969,-2.6263885165079683,1.0243828996444284
2022-08-17,recession,0.1,49.0,2.7,12.0,2.6124,2.89,-0.7935088258615938,1.8240905249845962,2.2548635493868123,-2.8830108189392387,1.1239127233801316
2022-08-18,recession,0.1,49.0,2.7,12.0,2.58,2.88,-0.7870157830968679,1.804257384418347,2.2244660466011514,-3.254588392397457,1.100017207561809
2022-08-19,recession,0.1,49.0,2.7,12.0,2.5875,2.98,-0.7811166559847448,1.7848685226095784,2.19503088145311,-3.0782647924803133,1.2451378764773642
2022-08-22,recession,0.1,49.0,2.7,12.0,2.5925,3.03,-0.7752471717179865,1.76590598342199,2.166506145238929,-2.945618239236949,1.3123190392432862
2022-08-23,recession,0.1,49.0,2.7,12.0,2.6075,3.05,-0.7694067159562351,1.7473528093736153,2.1388438035766733,-2.6946437017355063,1.3326553226927205
2022-08-24,recession,0.1,49.0,2.7,12.0,2.61,3.11,-0.7635946840056572,1.7291929711701275,2.1119993329532063,-2.6141416799121995,1.4140344566391352
2022-08-25,recession,0.1,49.0,2.7,12.0,2.639,3.03,-0.7578104805032794,1.7114113032331162,2.08593139819037,-2.207873287410312,1.279903060578517
2022-08-26,recession,0.1,49.0,2.7,12.0,2.643,3.04,-0.7520535191097552,1.6939934446297304,2.060601565496198,-2.128006385523884,1.2852493362659303
2022-08-29,recession,0.1,49.0,2.7,12.0,2.6225,3.12,-0.7463232222101984,1.6769257848769257,2.0359740465540663,-2.3523641358693865,1.3980648231490587
2022-08-30,recession,0.1,49.0,2.7,12.0,2.613,3.11,-0.7406190206227198,1.6611337229790182,2.0120154697605654,-2.432411928539665,1.3715473169901966
2022-08-31,recession,0.1,49.0,2.7,12.0,2.6225,3.15,-0.7349403533143332,1.6456495068979007,1.9891389732234261,-2.281669091682959,1.4220148665183925
2022-09-01,recession,0.1,49.4,2.7,12.0,2.6125,3.26,-0.22833969584900177,1.6304628683344538,1.9668577475493938,-2.3691043373513123,1.5791451454040084
2022-09-02,recession,0.1,49.4,2.7,12.0,2.6226,3.2,-0.22501137994699194,1.6155640452486757,1.9451456210864497,-2.2160623764586482,1.4743829809592957
2022-09-05,recession,0.1,49.4,2.7,12.0,2.618,3.2,-0.2216809067037859,1.6009437519718217,1.9239780553290748,-2.2406348761189783,1.462462939979131
2022-09-06,recession,0.1,49.4,2.7,12.0,2.614,3.33,-0.21834814878252445,1.5865931515579776,1.9033320182413018,-2.2564624842502354,1.6486619674853198
2022-09-07,recession,0.1,49.4,2.7,12.0,2.6215,3.27,-0.2150129780069362,1.5725038301867666,1.8831858695265733,-2.138198025203233,1.5433316622664184
2022-09-08,recession,0.1,49.4,2.7,12.0,2.6256,3.29,-0.21167526533216088,1.5586677734474923,1.8635192565427685,-2.063136449620759,1.5611427850416844
2022-09-09,recession,0.1,49.4,2.7,12.0,2.635,3.33,-0.20833488081511733,1.5450773443515984,1.8443130197222852,-1.9295718808607334,1.6092020822337172
2022-09-12,recession,0.1,49.4,2.5,12.2,2.635,3.37,-0.2049916935842271,1.2367618946537862,1.9852658135715497,-1.9069448404676612,1.655772843516544
2022-09-13,recession,0.1,49.4,2.5,12.2,2.6427,3.42,-0.2016455718087367,1.22715480087941,1.9634083849777746,-1.797883760536392,1.7161220356259552
2022-09-14,recession,0.1,49.4,2.5,12.2,2.6625,3.41,-0.19829638266739386,1.217664833015062,1.9421070647876337,-1.5546219646377115,1.6847744716293727
2022-09-15,recession,0.1,49.4,2.5,12.2,2.6625,3.45,-0.19494399231654871,1.2082894285561236,1.9213383233839763,-1.5400539908832325,1.7287716389995123
2022-09-16,recession,0.1,49.4,2.5,12.2,2.673,3.45,-0.19158826585775016,1.1990261225262637,1.9010800671906731,-1.4069690423500436,1.7118626648768869
2022-09-19,recession,0.1,49.4,2.5,12.2,2.675,3.49,-0.18822906730459052,1.1898725442755191,1.8813115309332322,-1.3720959379237612,1.7551583325540674
2022-09-20,recession,0.1,49.4,2.5,12.2,2.664,3.57,-0.18720830919389272,1.180826414500944,1.8620131798123465,-1.484086045672428,1.8571202088209673
2022-09-21,recession,0.1,49.4,2.5,12.2,2.6451,3.51,-0.18618786739985888,1.1718855424813226,1.8431666205419286,-1.6822647859460256,1.7494219766361387
2022-09-22,recession,0.1,49.4,2.5,12.2,2.6501,3.7,-0.18516773868951197,1.163047823518443,1.8247545203301014,-1.6098487340658594,2.0121121662264616
2022-09-23,recession,0.1,49.4,2.5,12.2,2.6802,3.69,-0.18414791983392284,1.1543112365783916,1.8067605329913867,-1.2590134780025632,1.9748219638195794
2022-09-26,recession,0.1,49.4,2.5,12.2,2.7154,3.88,-0.18312840760816762,1.145673842127273,1.789169231473605,-0.8546631775086052,2.2281660874530025
2022-09-27,recession,0.1,49.4,2.5,12.2,2.7051,3.97,-0.18210919879123996,1.137133780156672,1.7719660461659528,-0.9635676415100836,2.3278800354243376
2022-09-28,recession,0.1,49.4,2.5,12.2,2.7401,3.72,-0.1810902901660629,1.129119780103869,1.7551372084269075,-0.5613668185978803,1.9390104601513622
2022-09-29,recession,0.1,49.4,2.5,12.2,2.7501,3.76,-0.18007167851936504,1.121205118849724,1.738260164684644,-0.4410920358867509,1.974729510090208
2022-09-30,recession,0.1,49.4,2.5,12.2,2.7601,3.83,-0.17905336064169264,1.1133886933775685,1.7217379935492725,-0.319625752425518,2.0520181095115744
2022-10-03,recession,0.1,50.1,2.5,12.2,2.7601,3.67,0.7074422634994237,1.105669495949718,1.7055583935263179,-0.3129163728170245,1.8026981677612313
2022-10-04,recession,0.1,50.1,2.5,12.2,2.7601,3.62,0.7042307609875497,1.0980466151711372,1.689709707302193,-0.30597630711172125,1.713844882741533
2022-10-05,recession,0.1,50.1,2.5,12.2,2.7601,3.76,0.7010306830009925,1.0905192373995056,1.6741808820014898,-0.29821728551419185,1.894254700495346
2022-10-06,recession,0.1,50.1,2.5,12.2,2.7601,3.83,0.6978419112260991,1.083086648522711,1.6589614325870758,-0.2905407892893054,1.971459959153004
2022-10-07,recession,0.1,50.1,2.5,12.2,2.7601,3.89,0.6946643287403577,1.0757482361280712,1.6440414081264902,-0.2828781113436567,2.032364132962707
2022-10-10,recession,0.1,50.1,2.8,12.2,2.7402,3.89,0.6914978199891798,1.5277665106829887,1.6294113606767575,-0.5220718703924915,2.0084000701592166
2022-10-11,recession,0.1,50.1,2.8,12.2,2.7426,3.93,0.6883422707631387,1.5168791695199715,1.6150623165652884,-0.486391319764456,2.0399968516152267
2022-10-12,recession,0.1,50.1,2.8,12.1,2.7352,3.91,0.6851975681755682,1.5062179640895197,1.5256471683343231,-0.5746105941056237,1.9889386612583762
2022-10-13,recession,0.1,50.1,2.8,12.1,2.7252,3.97,0.6820636006406839,1.4957796159647223,1.512932634347488,-0.6979492424797796,2.0478089967830666
2022-10-14,recession,0.1,50.1,2.8,12.1,2.6977,4.0,0.6789402578520292,1.485561158825513,1.5004383990727186,-1.0510964620040142,2.0651150752313376
2022-10-17,recession,0.1,50.1,2.8,12.1,2.7002,4.02,0.6758274307614308,1.4755599363360288,1.4881586398625326,-1.0150455249348438,2.0681372317708444
2022-10-18,recession,0.1,50.1,2.8,12.1,2.7002,4.01,0.6727250115582695,1.4657736013282405,1.4760878113694234,-1.0123925105348046,2.031182142983061
2022-10-19,recession,0.1,50.1,2.8,12.1,2.7052,4.14,0.6679209932481542,1.4562001163220906,1.4642206330990277,-0.9407128712018882,2.1804597674266923
2022-10-20,recession,0.1,50.1,2.8,12.1,2.7175,4.24,0.6631350482388103,1.4468377554247114,1.4525520778989343,-0.7691387439371524,2.2850222310781154
2022-10-21,recession,0.1,50.1,2.8,12.1,2.7278,4.21,0.6583668409144574,1.4376851076645658,1.4410773613246786,-0.6236087430886597,2.2158599193901187
2022-10-24,recession,0.1,50.1,2.8,12.1,2.7153,4.25,0.6536160397927052,1.4287410818308033,1.4297919318305337,-0.789546028125637,2.2403652418795255
2022-10-25,recession,0.1,50.1,2.8,12.1,2.7278,4.1,0.6488823174074151,1.4200049129039343,1.4186914617381066,-0.6107007459250882,2.0197582182462765
2022-10-26,recession,0.1,50.1,2.8,12.1,2.7025,4.04,0.6441653501941778,1.411476170181528,1.4077718389409217,-0.9554467488727788,1.9205554576072834
2022-10-27,recession,0.1,50.1,2.8,12.1,2.6953,3.96,0.6394648183782243,1.4031547672222164,1.397029159307901,-1.048995209779534,1.798382586789136
2022-10-28,recession,0.1,50.1,2.8,12.1,2.6653,4.02,0.6347804058645873,1.3907706400595865,1.386459719753044,-1.4610364916435254,1.858230307094914
2022-10-31,recession,0.1,50.1,2.8,12.1,2.6433,4.1,0.6301118001306567,1.3785648519438785,1.3760600119429258,-1.762703222056338,1.9421692010474814
2022-11-01,recession,0.1,49.2,2.8,12.1,2.6629,4.07,-0.49693359631754286,1.3665321865371156,1.3647353599811096,-1.4811987595579188,1.8835281780480582
2022-11-02,recession,0.1,49.2,2.8,12.1,2.6854,4.1,-0.49693359631755174,1.3546676292406423,1.35357229838249,-1.1562299962334581,1.9021939361304283
2022-11-03,recession,0.1,49.2,2.8,12.1,2.6776,4.14,-0.49693359631754286,1.3429663570294064,1.3425666652577117,-1.2631974693699806,1.932976813966045
2022-11-04,recession,0.1,49.2,2.8,12.1,2.7023,4.17,-0.49693359631755174,1.3314237289009203,1.3317144642665415,-0.902012521479334,1.9505413794430329
2022-11-07,recession,0.1,49.2,2.8,12.1,2.7003,4.22,-0.49693359631754286,1.320035276895231,1.3210118573970409,-0.9261905786513204,1.9927345224395292
2022-11-08,recession,0.1,49.2,2.8,12.1,2.6853,4.14,-0.49693359631754286,1.3087966976457697,1.3104551581999917,-1.1434781640057383,1.8718242906732094
2022-11-09,recession,0.1,49.2,2.8,12.1,2.6953,4.12,-0.49693359631755174,1.2977038444241782,1.3000408254507818,-0.9885610314247995,1.8278998283621306
2022-11-10,recession,0.1,49.2,2.1,12.1,2.7028,3.82,-0.49693359631754286,0.2046440525790875,1.289765457213375,-0.8705265537766192,1.4349240479924046
2022-11-11,recession,0.1,49.2,2.1,12.1,2.7354,3.82,-0.49693359631755174,0.20113281028192775,1.279625785283167,-0.3752809063102143,1.4232194963221918
2022-11-14,stagflation,0.06,49.2,2.1,11.8,2.8354,3.88,-0.49693359631754286,0.19761756403455194,1.0429843625910948,1.1350683322463173,1.4868007725021195
2022-11-15,neutral,0.14,49.2,2.1,11.8,2.8155,3.8,-0.49693359631754286,0.19409815373740166,1.0350069024262236,0.8350956690668682,1.3752233163624619
2022-11-16,stagflation,0.06,49.2,2.1,11.8,2.8329,3.67,-0.49693359631755174,0.19057441780132356,1.0271009237793076,1.0968381821118673,1.2015802843519905
2022-11-17,neutral,0.14,49.2,2.1,11.8,2.8026,3.77,-0.49693359631754286,0.18704619310098336,1.019264987566256,0.6415456542012768,1.3194060288677072
2022-11-18,stagflation,0.06,49.2,2.1,11.8,2.825,3.82,-0.49261345513845645,0.18351331492724723,1.0114976997655654,0.9818925998938618,1.373390583796501
2022-11-21,neutral,0.14,49.2,2.1,11.8,2.818,3.83,-0.4883005067242742,0.17997561693850847,1.0037977103121543,0.8812210814210352,1.3764559077922387
2022-11-22,stagflation,0.06,49.2,2.1,11.8,2.8276,3.76,-0.4839945063621171,0.1764329311109137,0.9961637120765529,1.0330127891788745,1.2788717935232106
2022-11-23,neutral,0.14,49.2,2.1,11.8,2.7975,3.71,-0.4796952101079391,0.1728850876874498,0.9885944399284421,0.5764950759769475,1.2067414850435552
2022-11-24,stagflation,0.06,49.2,2.1,11.8,2.795,3.71,-0.4754023747159426,0.16933191512585696,0.9810886698838301,0.5429545352613178,1.1985486898477062
2022-11-25,neutral,0.14,49.2,2.1,11.8,2.83,3.68,-0.47111575756813195,0.1657732400453143,0.973645218335689,1.0813947092632539,1.1518761486972877
2022-11-28,stagflation,0.06,49.2,2.1,11.8,2.86,3.69,-0.4668351166038744,0.16220888717186543,0.9662629413680699,1.5392215996984466,1.156959268616383
2022-11-29,neutral,0.14,49.2,2.1,11.8,2.88,3.75,-0.4625602102494665,0.16352742151323438,0.9589407341543006,1.8364395636696087,1.226535745935226
2022-11-30,stagflation,0.06,49.2,2.1,11.8,2.885,3.68,-0.45829079734769884,0.1648473072790139,0.9519737798776334,1.905066142000727,1.1283805728423073
2022-12-01,neutral,0.14,48.0,2.1,11.8,2.86,3.53,-1.942778608028458,0.1661685533609026,0.9450702470820731,1.522710374872917,0.9262160516957757
2022-12-02,stagflation,0.06,48.0,2.1,11.8,2.8676,3.51,-1.919847882624836,0.16749116869259945,0.9382295449120636,1.6344684992918672,0.8936037635046913
2022-12-05,neutral,0.14,48.0,2.1,11.8,2.8902,3.6,-1.897492203133952,0.16881516225016654,0.9314511413835698,1.9684454660852553,1.005637650404811
2022-12-06,stagflation,0.06,48.0,2.1,11.8,2.9152,3.51,-1.875685794151827,0.17014054305240012,0.924734565085803,2.3257032439389205,0.880450750005885
2022-12-07,neutral,0.14,48.0,2.1,11.8,2.8702,3.42,-1.8544044648316635,0.17146732016119848,0.9180794071486674,1.6471144296327855,0.7546762287203285
2022-12-08,stagflation,0.06,48.0,2.1,11.8,2.8853,3.48,-1.8336254853285612,0.17279550268193802,0.9114853234993003,1.8650465244956385,0.828923971283291
2022-12-09,neutral,0.14,48.0,2.1,11.8,2.8903,3.57,-1.813327474827594,0.17412509976385235,0.904952037434269,1.9259211778733791,0.9439475345148206
2022-12-12,stagflation,0.06,48.0,1.6,12.4,2.8902,3.61,-1.7934902998924562,-0.6133577638169587,1.3775044891508377,1.9083561126864683,0.991702040423303
2022-12-13,neutral,0.14,48.0,1.6,12.4,2.8952,3.51,-1.7740949820283802,-0.60880577505855,1.3684441801614882,1.9654528894349101,0.8495798348214882
2022-12-14,stagflation,0.06,48.0,1.6,12.4,2.8655,3.49,-1.7551236134875952,-0.6042678384314389,1.3595610517138454,1.5214017318481992,0.8163076066667525
2022-12-15,neutral,0.14,48.0,1.6,12.4,2.8829,3.44,-1.7365592804619143,-0.5997436710190885,1.3508539206636854,1.7610742615041435,0.7415855848416066
2022-12-16,stagflation,0.06,48.0,1.6,12.4,2.8856,3.48,-1.7183859929079714,-0.5952329926907381,1.342321849928577,1.7835090602389252,0.7910176806996384
2022-12-19,neutral,0.14,48.0,1.6,12.4,2.8632,3.57,-1.7005886203382958,-0.5907355260142182,1.3339641536863525,1.4482064604142393,0.9105201184151561
2022-12-20,stagflation,0.06,48.0,1.6,12.4,2.8732,3.69,-1.6831528329873762,-0.5862509961702481,1.3257804038046896,1.578657734403015,1.0725660389675662
2022-12-21,neutral,0.14,48.0,1.6,12.4,2.8606,3.68,-1.6664999491060535,-0.581779130868163,1.3177704375929724,1.3881645342693025,1.0517609041418983
2022-12-22,stagflation,0.06,48.0,1.6,12.4,2.8503,3.67,-1.6501721840509227,-0.5773196602629979,1.3099343669829504,1.2340921616547478,1.0308878841849725
2022-12-23,neutral,0.14,48.0,1.6,12.4,2.8251,3.75,-1.6341579811352436,-0.5728723168738841,1.3022725892619993,0.8738578932355169,1.1372993401114377
2022-12-26,stagflation,0.06,48.0,1.6,12.4,2.8378,3.75,-1.6184463544415169,-0.568436835503689,1.2947857995024998,1.0523567700697438,1.1298932562970878
2022-12-27,neutral,0.14,48.0,1.6,12.4,2.8657,3.84,-1.6030268532653678,-0.5640129531598435,1.287475004853413,1.4414018870093908,1.2505633983818438
2022-12-28,stagflation,0.06,48.0,1.6,12.4,2.8503,3.88,-1.5878895292518505,-0.5648692900562972,1.28034154088595,1.2181695052241026,1.2993045767826648
2022-12-29,neutral,0.14,48.0,1.6,12.4,2.8376,3.83,-1.5730249059875758,-0.5657266387326101,1.2733870902151394,1.0346900553100593,1.219420587127987
2022-12-30,stagflation,0.06,48.0,1.6,12.4,2.8353,3.88,-1.5584239508356135,-0.5665850022514279,1.2644054103742939,0.9984537135581856,1.2835521690475458
2023-01-02,neutral,0.14,47.0,1.6,12.4,2.8353,3.88,-2.645078069271577,-0.5674443836873163,1.255558499819195,0.9939014641452322,1.2758910250156235
2023-01-03,stagflation,0.06,47.0,1.6,12.4,2.8228,3.79,-2.6003431674567907,-0.5683047861268181,1.2468446332310292,0.815856144054025,1.1375743319212919
2023-01-04,neutral,0.14,47.0,1.6,12.4,2.8103,3.69,-2.5574738667525763,-0.5691662126685185,1.2382622275510777,0.6386776626033054,0.9848762848031168
2023-01-05,stagflation,0.06,47.0,1.6,12.4,2.8304,3.71,-2.516339779539443,-0.5700286664231075,1.2298098421633157,0.914285507560815,1.007224899051192
2023-01-06,neutral,0.14,47.0,1.6,12.4,2.8328,3.55,-2.4768229946225104,-0.5708921505134408,1.2214861795792158,0.9410096079009792,0.7653180571205291
2023-01-09,stagflation,0.06,47.0,1.6,12.4,2.8428,3.53,-2.4388165824212966,-0.571756668074607,1.21329008664541,1.0725873381637974,0.7295860235065111
2023-01-10,neutral,0.14,47.0,1.8,12.4,2.8602,3.61,-2.4022233135785096,-0.2565231416807345,1.2052205562992753,1.30433117935845,0.8427424269547643
2023-01-11,stagflation,0.06,47.0,1.8,12.4,2.8603,3.54,-2.3669545558789955,-0.2586574990198899,1.1972767299021634,1.2953448846291853,0.7320344917633096
2023-01-12,neutral,0.14,47.0,1.8,11.8,2.8778,3.43,-2.3329293208719535,-0.26079705460444524,0.673928928641573,1.5248872397132578,0.5601399394885448
2023-01-13,stagflation,0.06,47.0,1.8,11.8,2.901,3.49,-2.3000734367583653,-0.26294185545942983,0.6678219534382014,1.8265815314276248,0.645169753415577
2023-01-16,neutral,0.14,47.0,1.8,11.8,2.9167,3.49,-2.2683188282415716,-0.26509194906989575,0.6617315922979868,2.0177303368262827,0.6392015474198732
2023-01-17,stagflation,0.06,47.0,1.8,11.8,2.9017,3.53,-2.237602887366387,-0.2672473833874211,0.6556571889452909,1.7927354566299607,0.6948619241267436
2023-01-18,neutral,0.14,47.0,1.8,11.8,2.9222,3.37,-2.207867922063615,-0.26940820683672084,0.6495980958074891,2.046783604314108,0.4408708198321553
2023-01-19,stagflation,0.06,47.0,1.8,11.8,2.9145,3.39,-2.178121179785293,-0.27157446832237386,0.6435536744096327,1.9202036395710607,0.46579799597984056
2023-01-20,neutral,0.14,47.0,1.8,11.8,2.9331,3.48,-2.1492935451098707,-0.2737462172356563,0.6375232958739028,2.1425384895521753,0.6013541530294986
2023-01-23,stagflation,0.06,47.0,1.8,11.8,2.9331,3.52,-2.121335953026804,-0.2759235034614962,0.6315063415385196,2.115068201469074,0.6589029924819774
2023-01-24,neutral,0.14,47.0,1.8,11.8,2.9331,3.46,-2.094202942867383,-0.27810637738554234,0.6255022037130282,2.0884002519887037,0.5570673606138845
2023-01-25,stagflation,0.06,47.0,1.8,11.8,2.9331,3.46,-2.06785232451447,-0.28029488990135715,0.6195102865897508,2.061540416222399,0.5509816334087128
2023-01-26,neutral,0.14,47.0,1.8,11.8,2.9331,3.49,-2.042244881679993,-0.28248909241773046,0.6135300073345777,2.0355018301253747,0.5934480729896854
2023-01-27,stagflation,0.06,47.0,1.8,11.8,2.9331,3.52,-2.017344107480201,-0.2846890368661173,0.6075607973840568,2.0100365060266907,0.6363101911743613
2023-01-30,neutral,0.14,47.0,1.8,11.8,2.9133,3.55,-1.9931159682335768,-0.2921431160913342,0.6016021039805727,1.7360386178388674,0.6793967849074459
2023-01-31,stagflation,0.06,47.0,1.8,11.8,2.8977,3.52,-1.9695286919884722,-0.2997061221119964,0.5956533919828129,1.5233547278728767,0.6240673159721375
2023-02-01,neutral,0.14,50.1,1.8,11.8,2.9101,3.39,0.9461351590280082,-0.3073819842287336,0.5897316446961862,1.667141848203558,0.4018904523860056
2023-02-02,stagflation,0.06,50.1,1.8,11.8,2.897,3.4,0.9461351590280015,-0.3151748287031742,0.5838157948484878,1.489244197921738,0.41230907183085785
2023-02-03,neutral,0.14,50.1,1.8,11.8,2.8943,3.53,0.9461351590280015,-0.3230889918749003,0.5779050589389285,1.4438218297699266,0.6250440101892949
2023-02-06,stagflation,0.06,50.1,1.8,11.8,2.9017,3.63,0.9461351590280015,-0.3311290343664435,0.5719986449650484,1.5237855689264113,0.7887042894691482
2023-02-07,neutral,0.14,50.1,1.8,11.8,2.8964,3.67,0.9461351590280015,-0.33929975648493327,0.5660957516203516,1.446490657883374,0.8515907416905651
2023-02-08,stagflation,0.06,50.1,1.8,11.8,2.8973,3.63,0.9461351590280082,-0.3476062149417676,0.5601955674581002,1.4493738417320134,0.7775187079173872
2023-02-09,neutral,0.14,50.1,1.8,11.8,2.8912,3.67,0.9461351590280015,-0.3560537410261387,0.5542972700184924,1.3655181007956707,0.8415634268705913
2023-02-10,stagflation,0.06,50.1,2.1,11.8,2.9003,3.74,0.9461351590280015,0.14766083414003442,0.548400024916243,1.4665966202147054,0.958356833079972
2023-02-13,neutral,0.14,50.1,2.1,12.6,2.8943,3.72,0.9461351590280015,0.14051882361505735,1.3080883897422797,1.3820036462929723,0.9180688627464164
2023-02-14,stagflation,0.06,50.1,2.1,12.6,2.8914,3.77,0.9461351590280015,0.13328769956568198,1.2980199845473077,1.3358867230285054,1.001631102712004
2023-02-15,neutral,0.14,50.1,2.1,12.6,2.8918,3.81,0.9461351590280082,0.1259630916578777,1.2880903942930182,1.3303959961464753,1.0696701399372242
2023-02-16,stagflation,0.06,50.1,2.1,12.6,2.8907,3.86,0.9468608973319762,0.11854035617929436,1.278296696096374,1.3083400636127258,1.1584916736186541
2023-02-17,neutral,0.14,50.1,2.1,12.6,2.892,3.82,0.9475874406682552,0.11101455233861106,1.2686360972157946,1.3164371053655353,1.0822829517894816
2023-02-20,stagflation,0.06,50.1,2.1,12.6,2.917,3.82,0.9483147908417291,0.10338041598875297,1.2591059311649246,1.6081915768860162,1.0793879723231616
2023-02-21,neutral,0.14,50.1,2.1,12.6,2.919,3.95,0.9490429496629293,0.09563233043357755,1.249703654163973,1.6190754848215652,1.3217171114707855
2023-02-22,stagflation,0.06,50.1,2.1,12.6,2.9175,3.93,0.949771918948016,0.08776429392434307,1.2404268419183853,1.5883445612976232,1.2835904514175391
2023-02-23,neutral,0.14,50.1,2.1,12.6,2.922,3.88,0.9505017005187955,0.07976988338946774,1.2312731867161826,1.6298119240043447,1.186477251144975
2023-02-24,stagflation,0.06,50.1,2.1,12.6,2.9126,3.95,0.9512322962028026,0.07164221386649076,1.2222404948371037,1.5091420870895391,1.3193222334093215
2023-02-27,neutral,0.14,50.1,2.1,12.6,2.9117,3.92,0.9519637078332502,0.06337389301649828,1.2133266842684378,1.4906803710162873,1.2579354793023032
2023-02-28,stagflation,0.06,50.1,2.1,12.6,2.9017,3.92,0.9526959372491138,0.05495696999534374,1.2045297827239894,1.3621899348316124,1.2551366178634795
2023-03-01,neutral,0.14,52.6,2.1,12.6,2.8977,4.01,3.2400015595426477,0.046382877829047764,1.1986540062885087,1.3046742355602943,1.4288231747130196
2023-03-02,stagflation,0.06,52.6,2.1,12.6,2.9111,4.08,3.1720786127452834,0.03764236828796967,1.1929630757930423,1.451813616199703,1.5627716365544013
2023-03-03,neutral,0.14,52.6,2.1,12.6,2.9026,3.97,3.1078245543706124,0.028725438069620208,1.1874617771091942,1.3426320107235201,1.3356040567828766
2023-03-06,stagflation,0.06,52.6,2.1,12.6,2.8826,3.98,3.0469128545938102,0.019621244875803318,1.1821554864998864,1.1026063000639503,1.3504799047274494
2023-03-07,neutral,0.14,52.6,2.1,12.6,2.8726,3.97,2.989056360491953,0.010318011696251739,1.1770502263042868,0.9808477541157344,1.326055059859407
2023-03-08,stagflation,0.06,52.6,2.1,12.6,2.8828,3.98,2.9340013883711262,0.0008029172758390437,1.1721527282089035,1.0934621578193475,1.3398457035264622
2023-03-09,neutral,0.14,52.6,2.1,12.6,2.8752,3.93,2.881522864903618,-0.00893802967045621,1.1674705052775913,1.001913286046266,1.2295091346672637
2023-03-10,overheat,0.12,52.6,1.0,12.6,2.8627,3.7,2.831420303846755,-2.26650948067462,1.1630119341304523,0.8551570856431724,0.7456244988698643
2023-03-13,overheat,0.12,52.6,1.0,12.9,2.8703,3.55,2.7835144536258216,-2.271727612194657,1.4669158459258063,0.9383020647924943,0.4246986128387387
2023-03-14,overheat,0.12,52.6,1.0,12.9,2.8652,3.64,2.7376444874334003,-2.2769762055701177,1.4620064620862319,0.8751044577521606,0.6089650905625972
2023-03-15,overheat,0.12,52.6,1.0,12.9,2.8652,3.51,2.6936656350246517,-2.2822555695201943,1.4574509302055947,0.8703637723490101,0.325816650605213
2023-03-16,overheat,0.12,52.6,1.0,12.9,2.8552,3.56,2.651447176410195,-2.2875660171787375,1.453262828634479,0.7514613613340786,0.4265503926608275
2023-03-17,overheat,0.12,52.6,1.0,12.9,2.8602,3.39,2.610870733835827,-2.292907866175889,1.4494574024017772,0.8037773651622696,0.050969383530831656
2023-03-20,overheat,0.12,52.6,1.0,12.9,2.8504,3.47,2.571828811001801,-2.2982814387215424,1.4460517535271882,0.6879681729409567,0.21773320198399182
2023-03-21,overheat,0.12,52.6,1.0,12.9,2.8604,3.59,2.529674272693914,-2.30368706169074,1.4430650613728242,0.7975880341459789,0.47592469739660037
2023-03-22,overheat,0.12,52.6,1.0,12.9,2.8577,3.48,2.4891905335120743,-2.309125066710998,1.4405188385591483,0.7619830641586739,0.22400323914963724
2023-03-23,overheat,0.12,52.6,1.0,12.9,2.8652,3.38,2.4502653717961413,-2.314595790251652,1.4384372291873153,0.8422940331088402,-0.007891046106535482
2023-03-24,overheat,0.12,52.6,1.0,12.9,2.8676,3.38,2.4127968655394896,-2.3200995737152654,1.436847357638102,0.8637454285437655,-0.014886943394307342
2023-03-27,overheat,0.12,52.6,1.0,12.9,2.8551,3.53,2.376692206158695,-2.3256367635311492,1.43577973814785,0.7158623904839277,0.3199958995828467
2023-03-28,overheat,0.12,52.6,1.0,12.9,2.8556,3.55,2.3418666751841606,-2.3312077112510705,1.4352687578172552,0.7164671734664996,0.3597800850604914
2023-03-29,overheat,0.12,52.6,1.0,12.9,2.8532,3.57,2.308242758061772,-2.3096664630884973,1.4353532488532772,0.6847629393711806,0.40000166737617215
2023-03-30,overheat,0.12,52.6,1.0,12.9,2.8603,3.55,2.275749373862085,-2.288608893872307,1.4296926533024854,0.7606875143479457,0.34794315476121407
2023-03-31,overheat,0.12,52.6,1.0,12.9,2.8528,3.48,2.2443212033903315,-2.2680163888314944,1.4243362841962612,0.6709743936299916,0.17968152914628335
2023-04-03,overheat,0.12,51.9,1.0,12.9,2.8604,3.43,1.7459765821323792,-2.247871324190324,1.419293650659451,0.7523042749656271,0.05800698448835929
2023-04-04,overheat,0.12,51.9,1.0,12.9,2.8584,3.35,1.7290779475454785,-2.228157000243854,1.4145754590920945,0.7245695049194888,-0.13409976346854105
2023-04-05,overheat,0.12,51.9,1.0,12.9,2.8584,3.3,1.7125115089894885,-2.2088575798796626,1.4101937367804838,0.7217194072844274,-0.25630114290808287
2023-04-06,overheat,0.12,51.9,1.0,12.9,2.8605,3.3,1.6962653992252619,-2.1899580320294207,1.4061619739325673,0.7430276687798516,-0.260379482741187
2023-04-07,overheat,0.12,51.9,1.0,12.9,2.8464,3.39,1.680328334266147,-2.1714440795896532,1.4024952872676537,0.5827029519768561,-0.053497176276974936
2023-04-10,overheat,0.12,51.9,0.7,12.9,2.8455,3.41,1.6646895768738235,-2.727007860888768,1.3992106089302272,0.5714098317793942,-0.011013422257264214
2023-04-11,overheat,0.12,51.9,0.7,12.9,2.8203,3.43,1.6493389028106304,-2.688385758069442,1.396326905288896,0.2875019025992507,0.03153409556053703
2023-04-12,overheat,0.12,51.9,0.7,12.7,2.8158,3.41,1.6342665696055185,-2.651138059660957,1.1453301042288453,0.23661020538417765,-0.0218061487425688
2023-04-13,overheat,0.12,51.9,0.7,12.7,2.8277,3.45,1.6194632876152664,-2.6151824878793293,1.1432689674964547,0.3711292533236959,0.0676401833005682
2023-04-14,overheat,0.12,51.9,0.7,12.7,2.8281,3.52,1.6049201931839696,-2.5804435182468928,1.141580833261831,0.3763363027525579,0.22996182773498947
2023-04-17,overheat,0.12,51.9,0.7,12.7,2.8432,3.6,1.5906288237233344,-2.5468516823517304,1.140292707463806,0.5474981284804827,0.41709287490708497
2023-04-18,overheat,0.12,51.9,0.7,12.7,2.8319,3.58,1.576581094553151,-2.514342956666502,1.139435095273248,0.4199901361901982,0.3632234671537144
2023-04-19,overheat,0.12,51.9,0.7,12.7,2.8333,3.6,1.5628685418905524,-2.4828582251447626,1.1390425569461768,0.4361208289034751,0.40667735126669974
2023-04-20,overheat,0.12,51.9,0.7,12.7,2.8332,3.54,1.5494021427000282,-2.452342805292282,1.1391543756859632,0.43528088033645285,0.2559102144146823
2023-04-21,overheat,0.12,51.9,0.7,12.7,2.8258,3.57,1.5361747591526982,-2.422746029036284,1.1398153649663045,0.35217585476546565,0.3237522887075821
2023-04-24,overheat,0.12,51.9,0.7,12.7,2.8176,3.52,1.523179590894621,-2.394020871056271,1.1410768508075466,0.25984702111194014,0.19732553908773495
2023-04-25,overheat,0.12,51.9,0.7,12.7,2.8157,3.4,1.5104101579354035,-2.3661236183507444,1.1429978753108938,0.23889023140684185,-0.09931672159163848
2023-04-26,overheat,0.12,51.9,0.7,12.7,2.8058,3.43,1.4978602847777538,-2.339013575737995,1.1456466824485725,0.1272035801938791,-0.029528127295944163
2023-04-27,overheat,0.12,51.9,0.7,12.7,2.7852,3.53,1.485524085698446,-2.304560845708981,1.149102567305541,-0.10506977816825874,0.21129245601930044
2023-04-28,overheat,0.12,51.9,0.7,12.7,2.7788,3.44,1.4733959510994497,-2.271289991078893,1.1534581980785545,-0.1755612841049558,-0.015487858952187638
2023-05-01,neutral,0.14,49.2,0.7,12.7,2.7788,3.59,-0.25552667261384676,-2.2391312309677573,1.147989661561346,-0.17435595083619998,0.34917765221907443
2023-05-02,stagflation,0.06,49.2,0.7,12.7,2.7788,3.44,-0.2611063384122557,-2.208020427358009,1.1427015824699598,-0.1727806008680936,-0.02805103669412534
2023-05-03,neutral,0.14,49.2,0.7,12.7,2.7788,3.38,-0.2667389001973288,-2.177898510450075,1.1375995646398234,-0.170879737479277,-0.18306124659399553
2023-05-04,stagflation,0.06,49.2,0.7,12.7,2.7613,3.37,-0.27242571412847655,-2.148710974010211,1.13268986663457,-0.36658415959861296,-0.21249479149523273
2023-05-05,neutral,0.14,49.2,0.7,12.7,2.7338,3.44,-0.2781681827075701,-2.1204074308493195,1.1279794683966915,-0.6754771567202265,-0.0427299821292934
2023-05-08,stagflation,0.06,49.2,0.7,12.7,2.7484,3.52,-0.2839677568952796,-2.092941220141002,1.1234761472420576,-0.5086779816985812,0.15248085443360954
2023-05-09,neutral,0.14,49.2,0.7,12.7,2.7383,3.53,-0.28982593834699727,-2.066269059579331,1.1191885647168283,-0.6201577018131048,0.17124095198772
2023-05-10,stagflation,0.06,49.2,0.1,12.7,2.721,3.43,-0.29574428177635914,-2.9528601780682804,1.1151263661291997,-0.8127239998109764,-0.08921770831571116
2023-05-11,neutral,0.14,49.2,0.1,12.7,2.701,3.39,-0.3017243974551488,-2.891073994991461,1.1113002949276456,-1.0337027481829009,-0.19907967419302156
2023-05-12,stagflation,0.06,49.2,0.1,12.4,2.7058,3.46,-0.3077679538589665,-2.8325110148538593,0.6229722536414335,-0.9757349258738404,-0.026507269310438304
2023-05-15,neutral,0.14,49.2,0.1,12.4,2.719,3.5,-0.3138766804688802,-2.776891375913189,0.6178198091738769,-0.8278910138982339,0.06983712152148015
2023-05-16,stagflation,0.06,49.2,0.1,12.4,2.7129,3.54,-0.3200523707401056,-2.7239681645743237,0.6127283133243625,-0.897865301893626,0.16706653791343812
2023-05-17,neutral,0.14,49.2,0.1,12.4,2.721,3.57,-0.32629688524960454,-2.673522584308146,0.607702144299123,-0.806511133423098,0.23897476193019124
2023-05-18,stagflation,0.06,49.2,0.1,12.4,2.7184,3.65,-0.33261215503558095,-2.62535996348987,0.6027463203605502,-0.8340830817450063,0.4445503806034015
2023-05-19,neutral,0.14,49.2,0.1,12.4,2.7151,3.7,-0.3314680361553877,-2.5793064352074455,0.5978666018931341,-0.8684352089895228,0.5715298885610698
2023-05-22,stagflation,0.06,49.2,0.1,12.4,2.7132,3.72,-0.3303247993760704,-2.535206159294549,0.5930696135085328,-0.8865402157328092,0.6187962656899452
2023-05-23,neutral,0.14,49.2,0.1,12.4,2.6962,3.7,-0.3291824397693455,-2.492918984920193,0.5883629908996562,-1.0723691093896792,0.5592450575626977
2023-05-24,stagflation,0.06,49.2,0.1,12.4,2.7037,3.73,-0.3280409524225179,-2.452318473450491,0.5837555584628904,-0.9831912994068154,0.6339041710911333
2023-05-25,neutral,0.14,49.2,0.1,12.4,2.7065,3.83,-0.32690033243831296,-2.4132902177227127,0.5792575454415181,-0.9481745178363096,0.8962605412767046
2023-05-26,stagflation,0.06,49.2,0.1,12.4,2.7205,3.8,-0.325760574934806,-2.375730406588736,0.5748808506615731,-0.7889604530934012,0.8085308084907767
2023-05-29,neutral,0.14,49.2,0.1,12.4,2.695,3.8,-0.3246216750452798,-2.3395445935057744,0.5706393690616922,-1.0684877166998763,0.8018417169443939
2023-05-30,stagflation,0.06,49.2,0.1,12.4,2.7,3.69,-0.32348362791810714,-2.304646635746527,0.5665493974906208,-1.008811932134883,0.49855612702425806
2023-05-31,neutral,0.14,49.2,0.1,12.4,2.685,3.64,-0.32234642871668184,-2.2709577769658744,0.560494440110863,-1.1689621765482152,0.3605260594333843
2023-06-01,stagflation,0.06,48.8,0.1,12.4,2.6825,3.61,-0.5898908428676382,-2.2384058507682543,0.5544385887353217,-1.1895565208578573,0.27778306495522004
2023-06-02,neutral,0.14,48.8,0.1,12.4,2.6951,3.69,-0.5873460004087712,-2.2069245868492513,0.548380880326496,-1.0441531482344504,0.490956777599142
2023-06-05,stagflation,0.06,48.8,0.1,12.4,2.6926,3.69,-0.584807603870133,-2.176453004449394,0.5423203354625633,-1.0658642922173291,0.48668798702550625
2023-06-06,neutral,0.14,48.8,0.1,12.4,2.6826,3.7,-0.5822755955830582,-2.1469348804203343,0.5362559574587352,-1.168736298770765,0.5092274682060333
2023-06-07,stagflation,0.06,48.8,0.1,12.4,2.6827,3.79,-0.5797499183932239,-2.118318281288929,0.5301867315077036,-1.1600387089477207,0.7477097112266682
2023-06-08,neutral,0.14,48.8,0.1,12.4,2.6822,3.73,-0.5772305156535347,-2.0905551504102275,0.5241116238516967,-1.157919162421864,0.5802504092272504
2023-06-09,stagflation,0.06,48.8,0.1,12.4,2.6703,3.75,-0.5747173312171932,-2.0636009427017354,0.5180295810022985,-1.2790388498371268,0.6288723106103667
2023-06-12,recovery,0.2,48.8,0.2,11.6,2.6704,3.73,-0.5722103094308038,-1.9206744740007735,-1.1463404488379023,-1.2691137180217187,0.5687919559989048
2023-06-13,recovery,0.2,48.8,0.2,11.6,2.6227,3.84,-0.569709395127629,-1.898311044671376,-1.1585021851153985,-1.7678951878400178,0.8613781215620805
2023-06-14,recovery,0.2,48.8,0.2,11.6,2.6178,3.83,-0.567214533620948,-1.8764969974501189,-1.170913511370724,-1.8006234879414011,0.8274657170614741
2023-06-15,recovery,0.2,48.8,0.2,11.6,2.6482,3.72,-0.5647256706974675,-1.8552081321294844,-1.1835840130461672,-1.461430015005903,0.522509849917118
2023-06-16,recovery,0.2,48.8,0.2,11.6,2.6626,3.77,-0.5622427526108982,-1.834421709891337,-1.1965238024128109,-1.296817352886826,0.652934877515952
2023-06-19,recovery,0.2,48.8,0.2,11.6,2.6876,3.77,-0.5597657260755793,-1.8141163412991819,-1.2097435565441534,-1.0232186954156075,0.646768744081042
2023-06-20,recovery,0.2,48.8,0.2,11.6,2.6751,3.74,-0.5558610967783998,-1.7942718846139873,-1.2232545586955064,-1.147124644863192,0.5583394504629954
2023-06-21,recovery,0.2,48.8,0.2,11.6,2.6701,3.72,-0.5519667856515196,-1.774869353326848,-1.2370687434565848,-1.190417081036547,0.49697178681679555
2023-06-22,recovery,0.2,48.8,0.2,11.6,2.6701,3.8,-0.5480826121941687,-1.7558908319364632,-1.2511987460911598,-1.1809385157225298,0.7133940345835725
2023-06-23,recovery,0.2,48.8,0.2,11.6,2.6701,3.74,-0.5442083975151717,-1.7373193991158613,-1.265657956530881,-1.1715295778261774,0.5394613086933149
2023-06-26,recovery,0.2,48.8,0.2,11.6,2.6677,3.72,-0.5403439642911154,-1.7191390575136511,-1.2804605785517782,-1.1872141407768433,0.47726777490146105
2023-06-27,recovery,0.2,48.8,0.2,11.6,2.6676,3.77,-0.5364891367252075,-1.7013346695226879,-1.2956216947323345,-1.1787232654530777,0.6124654498078171
2023-06-28,recovery,0.2,48.8,0.2,11.6,2.6651,3.71,-0.5326437405067608,-1.684038989738297,-1.3111573378733192,-1.195371238477659,0.436553955180242
2023-06-29,recovery,0.2,48.8,0.2,11.6,2.6526,3.85,-0.528807602771302,-1.667087936012852,-1.3166566055455917,-1.3153192201767165,0.8284430419368306
2023-06-30,recovery,0.2,48.8,0.2,11.6,2.6351,3.81,-0.5249805520613071,-1.650468849965567,-1.322201763519764,-1.4844497695586194,0.7081360795867507
2023-07-03,recovery,0.2,49.0,0.2,11.6,2.6402,3.86,-0.3882499699290881,-1.6341697110764315,-1.327793518075707,-1.4195606276017285,0.8454987422510779
2023-07-04,recovery,0.2,49.0,0.2,11.6,2.6477,3.86,-0.38508703570925124,-1.6181790957903244,-1.3334325908808313,-1.3315691973714774,0.8393681034183855
2023-07-05,recovery,0.2,49.0,0.2,11.6,2.6402,3.95,-0.38192769733814275,-1.6024861397872447,-1.3391197194253892,-1.3975445940762081,1.0935721819385313
2023-07-06,recovery,0.2,49.0,0.2,11.6,2.6392,4.05,-0.37877185976048716,-1.587080503133034,-1.344855657472979,-1.3963855533270773,1.3753110677775275
2023-07-07,recovery,0.2,49.0,0.2,11.6,2.6403,4.06,-0.3756194282068989,-1.5719523380543,-1.350641175526791,-1.3746093991860506,1.3941884650202976
2023-07-10,recovery,0.2,49.0,0.0,11.6,2.6403,4.01,-0.37247030817965504,-1.7688999050461092,-1.3564770613123702,-1.3645558812139387,1.2411150397110302
2023-07-11,recovery,0.2,49.0,0.0,11.6,2.6353,3.99,-0.3693244054384886,-1.7503809591820298,-1.3623641202774908,-1.4036895391474358,1.1785743005894216
2023-07-12,recovery,0.2,49.0,0.0,11.3,2.6378,3.86,-0.36618162598643683,-1.7322552618023856,-2.059776941413296,-1.3676014098685294,0.7885980687621243
2023-07-13,recovery,0.2,49.0,0.0,11.3,2.6413,3.76,-0.3630418760557805,-1.7145076921054758,-2.055137883154439,-1.3225435388127547,0.48332452962216693
2023-07-14,recovery,0.2,49.0,0.0,11.3,2.6444,3.83,-0.35990506209398,-1.697123931760662,-2.0505239211655293,-1.282176031582246,0.6902829350521336
2023-07-17,recovery,0.2,49.0,0.0,11.3,2.6364,3.81,-0.35677109074967495,-1.6800904109446593,-2.045934818928819,-1.3514119383675067,0.624983765483038
2023-07-18,recovery,0.2,49.0,0.0,11.3,2.6234,3.8,-0.353639868858717,-1.6633942587631407,-2.0413703430479018,-1.4694746435274293,0.5897039217771141
2023-07-19,recovery,0.2,49.0,0.0,11.3,2.6233,3.75,-0.353639868858717,-1.6470232576429729,-2.036830263194865,-1.4605392524471703,0.42603470653626513
2023-07-20,recovery,0.2,49.0,0.0,11.3,2.6214,3.85,-0.353639868858717,-1.630965801325081,-2.032314352058537,-1.4690821588759835,0.7453123629099359
2023-07-21,recovery,0.2,49.0,0.0,11.3,2.6079,3.84,-0.353639868858717,-1.615210856127207,-2.0278223852937334,-1.5902323909439122,0.7096769623617619
2023-07-24,recovery,0.2,49.0,0.0,11.3,2.5934,3.86,-0.353639868858717,-1.5997479251804492,-2.023354141471648,-1.7181250315139895,0.7752327272200107
2023-07-25,recovery,0.2,49.0,0.0,11.3,2.663,3.91,-0.353639868858717,-1.5845670153740548,-2.018909402031154,-1.0347439865311838,0.942557602011214
2023-07-26,recovery,0.2,49.0,0.0,11.3,2.643,3.86,-0.353639868858717,-1.5696586067699678,-2.0144879512311533,-1.222131557945709,0.768774653326868
2023-07-27,recovery,0.2,49.0,0.0,11.3,2.6395,4.01,-0.353639868858717,-1.5550136242726278,-2.010089576103896,-1.24851480815408,1.2941720547568007
2023-07-28,recovery,0.2,49.0,0.0,11.3,2.6533,3.96,-0.353639868858717,-1.5412146272077418,-2.005714066409176,-1.1092600379863553,1.1188789140168887
2023-07-31,recovery,0.2,49.0,0.0,11.3,2.6597,3.97,-0.353639868858717,-1.5276545660959553,-2.001361214589554,-1.0427010079454153,1.154484880893829
2023-08-01,recovery,0.2,49.3,0.0,11.3,2.6607,4.05,-0.153903020374655,-1.5143262583639598,-1.979959498148696,-1.0282659863255763,1.448809916311433
2023-08-02,recovery,0.2,49.3,0.0,11.3,2.6525,4.08,-0.1547305589558496,-1.5012228461226047,-1.9590651998881117,-1.1066465816378315,1.5660387333252472
2023-08-03,recovery,0.2,49.3,0.0,11.3,2.6435,4.2,-0.15555853998880814,-1.488337779039985,-1.938657166646963,-1.1940216176647473,2.0215995344796234
2023-08-04,recovery,0.2,49.3,0.0,11.3,2.6469,4.05,-0.15638696549465508,-1.4756647984006206,-1.9187154612613901,-1.1646812784197897,1.452566240000108
2023-08-07,recovery,0.2,49.3,0.0,11.3,2.6462,4.09,-0.15721583749964774,-1.4631979222614977,-1.8992212739109318,-1.178433200621361,1.6107430164135876
2023-08-08,recovery,0.2,49.3,0.0,11.3,2.6454,4.02,-0.158045158035167,-1.4509314316239106,-1.8801568412456815,-1.1923033027518086,1.33595029332197
2023-08-09,recovery,0.2,49.3,0.0,11.3,2.6461,4.0,-0.15887492913777937,-1.4388598575474165,-1.8615053724995598,-1.191150637981286,1.2544575539016278
2023-08-10,recovery,0.2,49.3,-0.3,11.3,2.6475,4.09,-0.15970515284925188,-1.7260264109626091,-1.8432509818869882,-1.1815878764704584,1.6108572056576538
2023-08-11,recovery,0.2,49.3,-0.3,11.3,2.6381,4.16,-0.16053583121656692,-1.7097746693358429,-1.8253786266607712,-1.2763334311840693,1.8838467968746007
2023-08-14,recovery,0.2,49.3,-0.3,10.7,2.6212,4.19,-0.16136696629198477,-1.6938566042798642,-3.0431007920722037,-1.439395000429592,1.9999560315230125
2023-08-15,recovery,0.2,49.3,-0.3,10.7,2.5759,4.21,-0.1621985601330351,-1.67826103308888,-2.9785259078565782,-1.8713648635251452,2.0749438263437106
2023-08-16,recovery,0.2,49.3,-0.3,10.7,2.5649,4.28,-0.16303061480257994,-1.6629773492083222,-2.9174050906698565,-1.9686329735254404,2.344326178238937
2023-08-17,recovery,0.2,49.3,-0.3,10.7,2.5678,4.3,-0.16386313236882893,-1.6479954878838758,-2.8594321048802045,-1.9330193003120562,2.408181073910255
2023-08-18,recovery,0.2,49.3,-0.3,10.7,2.5639,4.26,-0.1646961149053552,-1.6333058944838432,-2.8043375079148545,-1.960988199107169,2.227644549912469
2023-08-21,recovery,0.2,49.3,-0.3,10.7,2.5403,4.34,-0.16442429145071824,-1.6188994952670328,-2.7518831489881577,-2.174199504485603,2.524096873919261
2023-08-22,recovery,0.2,49.3,-0.3,10.7,2.5564,4.34,-0.16415249889073724,-1.6047676703916343,-2.701857641340603,-2.008991863348966,2.4969958081103067
2023-08-23,recovery,0.2,49.3,-0.3,10.7,2.5535,4.19,-0.16388073716200688,-1.590902228981273,-2.6540726106802697,-2.0256341822135413,1.8744844175458952
2023-08-24,recovery,0.2,49.3,-0.3,10.7,2.5543,4.23,-0.1636090062011408,-1.5772953860829235,-2.608359567273645,-2.007953030408,2.0173787757322144
2023-08-25,recovery,0.2,49.3,-0.3,10.7,2.5702,4.25,-0.16333730594477613,-1.563939741367896,-2.564567282719207,-1.8499752763597175,2.079710769791637
2023-08-28,recovery,0.2,49.3,-0.3,10.7,2.5837,4.2,-0.16306563632960214,-1.550828259441952,-2.522559577880924,-1.7170842359190113,1.8613626182178011
2023-08-29,recovery,0.2,49.3,-0.3,10.7,2.57,4.12,-0.16279399729231728,-1.5379542516438978,-2.4822134479056235,-1.8365783466449221,1.5252090206000315
2023-08-30,recovery,0.2,49.3,-0.3,10.7,2.56,4.12,-0.1625223887696814,-1.5244849303023664,-2.4421130267651168,-1.918992555664908,1.5132052477941134
2023-08-31,recovery,0.2,49.3,-0.3,10.7,2.5575,4.09,-0.16225081069847289,-1.5112453790612006,-2.4035513871842555,-1.9297465114571124,1.3800898963614094
2023-09-01,recovery,0.2,49.7,-0.3,10.7,2.585,4.18,0.10506363537415672,-1.4982288557229704,-2.3664277976422126,-1.6654579947292312,1.7296468961497342
2023-09-04,recovery,0.2,49.7,-0.3,10.7,2.6124,4.18,0.10426533933962555,-1.485428920654543,-2.3306505377754956,-1.407261049412838,1.712984108204768
2023-09-05,recovery,0.2,49.7,-0.3,10.7,2.615,4.27,0.10346711472141655,-1.4728394212510818,-2.296135885901994,-1.3778843915224195,2.052577301629525
2023-09-06,recovery,0.2,49.7,-0.3,10.7,2.6375,4.3,0.10266895998759772,-1.4604544774704196,-2.262807242290573,-1.1678558153301177,2.14536860795976
2023-09-07,recovery,0.2,49.7,-0.3,10.7,2.635,4.27,0.10187087360665587,-1.4482684683594356,-2.230594367170637,-1.188440121850014,2.0006458179141813
2023-09-08,recovery,0.2,49.7,-0.3,10.7,2.6375,4.26,0.10107285404751537,-1.4362760195012165,-2.1994327161403016,-1.1648480590855852,1.9384624252967617
2023-09-11,recovery,0.2,49.7,0.1,10.7,2.63,4.29,0.10027489977946144,-1.0362386062534104,-2.1692628585878886,-1.231909662057335,2.0309001758952028
2023-09-12,recovery,0.2,49.7,0.1,10.6,2.623,4.27,0.09947700927218264,-1.0283025945930355,-2.2970103618270343,-1.291228745605981,1.9295067860305908
2023-09-13,recovery,0.2,49.7,0.1,10.6,2.615,4.25,0.09867918099571818,-1.0204366737626371,-2.2635930841360192,-1.356302419390054,1.8342907361918217
2023-09-14,recovery,0.2,49.7,0.1,10.6,2.6075,4.29,0.09788141342045743,-1.0126394254997024,-2.231296769859566,-1.416262710827927,1.9705282176731709
2023-09-15,recovery,0.2,49.7,0.1,10.6,2.64,4.33,0.09708370501713964,-1.0049094751430085,-2.200056438218917,-1.1146173971486724,2.096112510638907
2023-09-18,recovery,0.2,49.7,0.1,10.6,2.65,4.32,0.09628605425680584,-0.9972454905492509,-2.169812267065854,-1.0182651266037648,2.032681510976189
2023-09-19,recovery,0.2,49.7,0.1,10.6,2.6625,4.37,0.09548845961081759,-0.9896461810912167,-2.1405090768418185,-0.9002058757661734,2.1918115864195253
2023-09-20,recovery,0.2,49.7,0.1,10.6,2.665,4.35,0.09657613559909356,-0.9821102967364693,-2.1120958763035733,-0.8728824690257143,2.0893578280339264
2023-09-21,recovery,0.2,49.7,0.1,10.6,2.6576,4.49,0.09766446354477096,-0.9746366272058922,-2.0845254614603332,-0.9343198754818655,2.5623229737862707
2023-09-22,recovery,0.2,49.7,0.1,10.6,2.6776,4.44,0.09875344793169784,-0.9672240012117721,-2.0577540605062996,-0.7504600697553646,2.3436048834392
2023-09-25,recovery,0.2,49.7,0.1,10.6,2.6976,4.55,0.09984309325726232,-0.9598712857754969,-2.0317410186388805,-0.5679999685551788,2.6911183510417276
2023-09-26,recovery,0.2,49.7,0.1,10.6,2.6951,4.56,0.10093340403253272,-0.9525773856253102,-2.0064485175709397,-0.5877437264861183,2.678611148646377
2023-09-27,recovery,0.2,49.7,0.1,10.6,2.6877,4.61,0.10202438478234599,-0.9459812690574698,-1.981841325309848,-0.6518219949732624,2.799786826530782
2023-09-28,recovery,0.2,49.7,0.1,10.6,2.6751,4.59,0.10311604004542524,-0.9394557768007039,-1.9578865724158607,-0.7616452490802071,2.683216718794408
2023-09-29,recovery,0.2,49.7,0.1,10.6,2.6751,4.59,0.1042083743744743,-0.9330009410053921,-1.9348014136804272,-0.7587078778933154,2.6372699749314195
2023-10-02,recovery,0.2,50.2,0.1,10.6,2.6751,4.69,0.43970620762986695,-0.9266168921567222,-1.912298665607441,-0.756206848505069,2.9147390771007458
2023-10-03,recovery,0.2,50.2,0.1,10.6,2.6751,4.81,0.4393919930082645,-0.9203038646431209,-1.8903521424938377,-0.7550064632411655,3.23357940170119
2023-10-04,recovery,0.2,50.2,0.1,10.6,2.6751,4.73,0.43907788310098256,-0.9140622030013831,-1.8689372742783863,-0.7536831118579742,2.9171777681189286
2023-10-05,recovery,0.2,50.2,0.1,10.6,2.6751,4.72,0.4387638777838131,-0.9078923689152334,-1.8480309801326873,-0.7523621236582636,2.8320407666663083
2023-10-06,recovery,0.2,50.2,0.1,10.6,2.6751,4.78,0.4384499769327068,-0.9017949490550284,-1.8276115539426825,-0.7507990228999781,2.9649071925117974
2023-10-09,recovery,0.2,50.2,0.1,10.6,2.6702,4.78,0.4381361804237495,-0.8957706638590548,-1.80765856038028,-0.7920819694885344,2.9173479712180463
2023-10-10,recovery,0.2,50.2,0.0,10.6,2.6811,4.66,0.43782248813320895,-0.9944315336923942,-1.788152740426095,-0.692680807374457,2.5210856886049795
2023-10-11,recovery,0.2,50.2,0.0,10.6,2.6976,4.58,0.4375088999374871,-0.9883945775788473,-1.769075925343417,-0.5448903078326339,2.260153712594344
2023-10-12,recovery,0.2,50.2,0.0,10.3,2.6911,4.7,0.4371954157131437,-0.9824590458401713,-2.147830359606527,-0.6011439321148461,2.5806228616528633
2023-10-13,recovery,0.2,50.2,0.0,10.3,2.6702,4.63,0.436882035336896,-0.9766267389047497,-2.11923678565024,-0.7854703170849429,2.3424829067187973
2023-10-16,recovery,0.2,50.2,0.0,10.3,2.6777,4.71,0.4365687586855996,-0.9708997084338491,-2.0914955441024827,-0.7178488433152322,2.535383116217575
2023-10-17,recovery,0.2,50.2,0.0,10.3,2.6882,4.83,0.43625558563627614,-0.965280278691457,-2.064562186284968,-0.6256639552753617,2.8281328222720883
2023-10-18,recovery,0.2,50.2,0.0,10.3,2.7052,4.91,0.43594251606609485,-0.9597710706053958,-2.038395441845311,-0.47739000585783686,2.9947747094037585
2023-10-19,recovery,0.2,50.2,0.0,10.3,2.7177,4.98,0.4331661993565617,-0.9543750288981043,-2.012956931604058,-0.3683718855410634,3.120451208409446
2023-10-20,recovery,0.2,50.2,0.0,10.3,2.7052,4.93,0.4303944422772404,-0.9490954527290456,-1.9882109115097366,-0.48079234525810355,2.925810370040414
2023-10-23,recovery,0.2,50.2,0.0,10.3,2.7047,4.86,0.4276271792877306,-0.9439360303664811,-1.964124043794177,-0.4864995983138269,2.6927284992829255
2023-10-24,recovery,0.2,50.2,0.0,10.3,2.7177,4.83,0.42486434523678773,-0.9389008784970573,-1.9406651919759546,-0.37103231625853006,2.5748671776526764
2023-10-25,recovery,0.2,50.2,0.0,10.3,2.7052,4.95,0.4221058753544265,-0.9339945868906193,-1.9178052368279268,-0.48291234722494686,2.8413662374320663
2023-10-26,recovery,0.2,50.2,0.0,10.3,2.7152,4.86,0.4193517052441832,-0.9292222692691179,-1.8955169108199663,-0.3948552320397878,2.5688700202544488
2023-10-27,recovery,0.2,50.2,0.0,10.3,2.7133,4.84,0.4166017708754392,-0.9245896213876712,-1.87377464888288,-0.4126079762213445,2.4814717802982176
2023-10-30,recovery,0.2,50.2,0.0,10.3,2.7141,4.88,0.41385600857579896,-0.9175722874714412,-1.8525544536244145,-0.40593009525877727,2.538773956727586
2023-10-31,recovery,0.2,50.2,0.0,10.3,2.6938,4.88,0.41111435502364413,-0.9106080834056246,-1.8318337733708416,-0.5856565904020705,2.4966068848601557
2023-11-01,recovery,0.2,49.5,0.0,10.3,2.6853,4.77,-0.05816888618439075,-0.9036961678408143,-1.81253669192961,-0.6563478999058427,2.1949850914014153
2023-11-02,recovery,0.2,49.5,0.0,10.3,2.6553,4.67,-0.05897322070276144,-0.8968357355395246,-1.7936619827426572,-0.9177483564849269,1.927794450323302
2023-11-03,recovery,0.2,49.5,0.0,10.3,2.6613,4.57,-0.059777798964106336,-0.8900260175949667,-1.7751929866371168,-0.857602001516943,1.6680284498489248
2023-11-06,recovery,0.2,49.5,0.0,10.3,2.6554,4.67,-0.060582622655892635,-0.8832662817627694,-1.7571139475974749,-0.9038495141874501,1.8874197367107624
2023-11-07,recovery,0.2,49.5,0.0,10.3,2.6632,4.58,-0.06138769346829711,-0.8765558329127964,-1.739409950521783,-0.8280940375054224,1.6554349141812064
2023-11-08,recovery,0.2,49.5,0.0,10.3,2.6464,4.49,-0.06219301309425862,-0.8698940136092382,-1.7220668641460322,-0.9704011981151432,1.428864749134316
2023-11-09,recovery,0.2,49.5,0.0,10.3,2.6494,4.62,-0.06299858322945945,-0.8632802048282989,-1.7050712886368125,-0.9365535319201395,1.7194134458731
2023-11-10,recovery,0.2,49.5,-0.2,10.3,2.6444,4.61,-0.063804405572378,-1.094094319902878,-1.6884105074072078,-0.9740123953925609,1.678464940128659
2023-11-13,recovery,0.2,49.5,-0.2,10.3,2.6454,4.63,-0.06461048182429406,-1.0865959243556116,-1.6720724427593334,-0.9583606117336768,1.7074516623531766
2023-11-14,recovery,0.2,49.5,-0.2,10.3,2.6573,4.44,-0.06541681368929404,-1.0791915707702382,-1.6560456149991543,-0.8464458069264302,1.2534988637950037
2023-11-15,recovery,0.2,49.5,-0.2,10.3,2.6633,4.53,-0.06622340287432397,-1.071880667336733,-1.6403191047066483,-0.7868586052894638,1.4498888537159877
2023-11-16,recovery,0.2,49.5,-0.2,10.3,2.6558,4.45,-0.0670302510891711,-1.0646627261082715,-1.62488251787729,-0.8463752699564671,1.2542080367936321
2023-11-17,recovery,0.2,49.5,-0.2,10.3,2.6524,4.44,-0.06783736004651697,-1.0575373661044747,-1.609725953679887,-0.8694777258058516,1.2211214250749358
2023-11-20,recovery,0.2,49.5,-0.2,10.3,2.6584,4.42,-0.07199314478920438,-1.0505043169055002,-1.594839974601688,-0.8095718239195095,1.165446452912444
2023-11-21,recovery,0.2,49.5,-0.2,10.3,2.6684,4.41,-0.07616974193397659,-1.043563422779412,-1.5802155787744165,-0.7145448409853485,1.1332192584718608
2023-11-22,recovery,0.2,49.5,-0.2,10.3,2.6823,4.42,-0.08036757885545026,-1.0367146473911797,-1.5658441742952796,-0.585015676919271,1.1469594473063762
2023-11-23,recovery,0.2,49.5,-0.2,10.3,2.7023,4.42,-0.08458709248279615,-1.0299580791484266,-1.5517175553750393,-0.40078848499509656,1.1377403816548255
2023-11-24,recovery,0.2,49.5,-0.2,10.3,2.7053,4.47,-0.0888287296069587,-1.0232939372467025,-1.537827880161297,-0.36886256751748525,1.2425475570906497
2023-11-27,recovery,0.2,49.5,-0.2,10.3,2.7108,4.39,-0.09309294719977869,-1.0167225784858778,-1.5241676500996093,-0.3142065105341353,1.05043921930296
2023-11-28,recovery,0.2,49.5,-0.2,10.3,2.6898,4.34,-0.09738021274554881,-1.010244504939317,-1.5107296907078438,-0.4974959951885477,0.9282865848476554
2023-11-29,recovery,0.2,49.5,-0.2,10.3,2.6826,4.27,-0.10169100458556271,-1.0023954292817454,-1.4967237951693446,-0.55662490139227,0.761545365227526
2023-11-30,recovery,0.2,49.5,-0.2,10.3,2.668,4.37,-0.10602581227634564,-0.9946106609067641,-1.4829465779271316,-0.6825495216814139,0.9832673185068729
2023-12-01,recovery,0.2,49.4,-0.2,10.3,2.6625,4.22,-0.1787895924203789,-0.9868887990240982,-1.4693907707961458,-0.7261919375630019,0.6331382070496252
2023-12-04,recovery,0.2,49.4,-0.2,10.3,2.6725,4.28,-0.18306970629826702,-0.9792284794889718,-1.456049416744549,-0.6292554457732005,0.7645630025575089
2023-12-05,recovery,0.2,49.4,-0.2,10.3,2.665,4.18,-0.18737563532198112,-0.9716283736451362,-1.4429158527416364,-0.6913541991638946,0.5288828589659038
2023-12-06,recovery,0.2,49.4,-0.2,10.3,2.6725,4.12,-0.19170788625739416,-0.9640871872273662,-1.4299836937451802,-0.6169994459960825,0.385954616258684
2023-12-07,recovery,0.2,49.4,-0.2,10.3,2.664,4.14,-0.19606697800194975,-0.956603659321543,-1.4172468177396607,-0.6885942974656776,0.428172410884671
2023-12-08,recovery,0.2,49.4,-0.2,10.3,2.6636,4.23,-0.20045344198371584,-0.9491765613806415,-1.4046993517446158,-0.6861542672936396,0.6310349342534168
2023-12-11,recovery,0.2,49.4,-0.5,10.3,2.644,4.23,-0.20486782257647876,-1.3191858039998645,-1.3923356587195412,-0.8592102320386039,0.6259607355524424
2023-12-12,recovery,0.2,49.4,-0.5,10.0,2.6375,4.2,-0.20931067753162563,-1.3088644037620514,-1.6946523946422207,-0.9117736647453417,0.5524490094784669
2023-12-13,recovery,0.2,49.4,-0.5,10.0,2.6226,4.04,-0.21378257842768109,-1.2986849154131057,-1.6774784620929353,-1.0403600131223798,0.1802820085599979
2023-12-14,recovery,0.2,49.4,-0.5,10.0,2.6376,3.92,-0.21828411113831067,-1.2886441678828902,-1.6606445100958098,-0.8954108754843358,-0.09776576536539137
2023-12-15,recovery,0.2,49.4,-0.5,10.0,2.6227,3.91,-0.22281587631975336,-1.278739123836596,-1.6441381107625224,-1.0242632094426185,-0.12115772084076518
2023-12-18,recovery,0.2,49.4,-0.5,10.0,2.6126,3.95,-0.22737848991862109,-1.268966875108187,-1.6279474591179752,-1.1082169829294446,-0.02981345050042606
2023-12-19,recovery,0.2,49.4,-0.5,10.0,2.6191,3.93,-0.23197258370106075,-1.2593246384770944,-1.6120613333609373,-1.0401754299668762,-0.07651062443678826
2023-12-20,recovery,0.2,49.4,-0.5,10.0,2.6222,3.86,-0.24050851058162465,-1.2498097517740583,-1.5964690581858445,-1.0037018960322694,-0.23814593569359085
2023-12-21,recovery,0.2,49.4,-0.5,10.0,2.5901,3.89,-0.24919846595017572,-1.2404196703037291,-1.581160470891008,-1.2875694267042528,-0.16975562630900207
2023-12-22,recovery,0.2,49.4,-0.5,10.0,2.5877,3.9,-0.25804933868137037,-1.2311519635732888,-1.5661258900264425,-1.2984648096697815,-0.1486714417880578
2023-12-25,recovery,0.2,49.4,-0.5,10.0,2.5678,3.9,-0.26706845074181496,-1.2220043123179436,-1.5513560863595353,-1.467079452635065,-0.15051361757438333
2023-12-26,recovery,0.2,49.4,-0.5,10.0,2.5804,3.89,-0.27626359347655266,-1.2129745058156958,-1.5368422559588204,-1.3405968004808404,-0.17711008936708328
2023-12-27,recovery,0.2,49.4,-0.5,10.0,2.5577,3.79,-0.2856430677002402,-1.2040604394853298,-1.522575995215708,-1.5331191146045324,-0.4121828279721316
2023-12-28,recovery,0.2,49.4,-0.5,10.0,2.5694,3.84,-0.2952157280753083,-1.1962336205449275,-1.5085492776415939,-1.4148708883576762,-0.29847676071004997
2023-12-29,recovery,0.2,49.4,-0.5,10.0,2.5553,3.88,-0.3049910323312902,-1.1885336833902005,-1.4947544322932138,-1.529226559281747,-0.20895233336425137
2024-01-01,recovery,0.2,49.0,-0.5,10.0,2.5553,3.88,-0.618703729526151,-1.1809602742531293,-1.4812892816596968,-1.5165251394577268,-0.2137728000042381
2024-01-02,recovery,0.2,49.0,-0.5,10.0,2.5601,3.95,-0.6300822539953892,-1.1735132097840069,-1.468037789416443,-1.4621997576431855,-0.05450901831491354
2024-01-03,recovery,0.2,49.0,-0.5,10.0,2.5531,3.91,-0.6417282529714863,-1.1661924832961765,-1.4549933761949894,-1.5150881653591852,-0.15256371301234414
2024-01-04,recovery,0.2,49.0,-0.5,10.0,2.5368,3.99,-0.6536546708092281,-1.158998271949942,-1.4421497364161817,-1.6498448541593176,0.031215132648096465
2024-01-05,recovery,0.2,49.0,-0.5,10.0,2.5175,4.05,-0.6658753514050937,-1.1519309449639523,-1.4295008236339157,-1.8108977976062697,0.16684269450214886
2024-01-08,recovery,0.2,49.0,-0.5,10.0,2.5136,4.01,-0.6784051208416036,-1.1449910729552868,-1.4170408368252077,-1.8313363992708578,0.06669586797353938
2024-01-09,recovery,0.2,49.0,-0.5,10.0,2.4862,4.02,-0.6912598795347953,-1.1381794385242652,-1.4047642075550422,-2.062403645978294,0.08559020667184983
2024-01-10,recovery,0.2,49.0,-0.3,10.0,2.4982,4.04,-0.7044567052063397,-0.8668670996256559,-1.3926655879507213,-1.938734052416374,0.1286008756138558
2024-01-11,recovery,0.2,49.0,-0.3,10.0,2.4992,3.98,-0.7180139682185585,-0.86095179703033,-1.3807398394258956,-1.9154314439289415,-0.019569716322239934
2024-01-12,recovery,0.2,49.0,-0.3,9.7,2.5172,3.96,-0.731951461068927,-0.8551049129408356,-1.6579924341282435,-1.7407989571591866,-0.07243016455759421
2024-01-15,recovery,0.2,49.0,-0.3,9.7,2.5212,3.96,-0.7462905441488918,-0.8493275102729478,-1.6414501159147148,-1.6940125386432312,-0.07713138367367205
2024-01-16,recovery,0.2,49.0,-0.3,9.7,2.5252,4.07,-0.7610543102419433,-0.8436208188283638,-1.625223146605207,-1.647904356895852,0.18301531802426682
2024-01-17,recovery,0.2,49.0,-0.3,9.7,2.5077,4.1,-0.7762677706811314,-0.8379862499231217,-1.609300275701597,-1.7947683577423617,0.2507309341222424
2024-01-18,recovery,0.2,49.0,-0.3,9.7,2.5092,4.14,-0.7919580666249356,-0.8324254128620565,-1.5936707995848602,-1.7670368662885387,0.3424052969808034
2024-01-19,recovery,0.2,49.0,-0.3,9.7,2.5027,4.15,-0.7872402300315496,-0.8269401335211591,-1.5783245275326474,-1.8130117799200232,0.3608315464071384
2024-01-22,recovery,0.2,49.0,-0.3,9.7,2.4922,4.11,-0.7825458766562804,-0.8215324753437044,-1.5632517502821552,-1.8932071259497085,0.25761115111467797
2024-01-23,recovery,0.2,49.0,-0.3,9.7,2.5042,4.14,-0.777874660481626,-0.8162047631084985,-1.548443210915729,-1.769383985056099,0.32588228690416343
2024-01-24,recovery,0.2,49.0,-0.3,9.7,2.5042,4.18,-0.7732262410549775,-0.8109596098914108,-1.5338900778688862,-1.7564225702296277,0.41918653211689705
2024-01-25,recovery,0.2,49.0,-0.3,9.7,2.4984,4.14,-0.7686002833574106,-0.805799947716818,-1.5195839198799794,-1.7956889575672441,0.3167639339636015
2024-01-26,recovery,0.2,49.0,-0.3,9.7,2.4994,4.15,-0.7639964576759884,-0.8007290624866222,-1.5055166827184063,-1.77320368171626,0.33679074096557293
2024-01-29,recovery,0.2,49.0,-0.3,9.7,2.494,4.08,-0.7594144394794641,-0.7957506338847499,-1.4916806675437932,-1.808474393374094,0.1606537051357605
2024-01-30,recovery,0.2,49.0,-0.3,9.7,2.4557,4.06,-0.7548539092972767,-0.7926941074187615,-1.4780685107625477,-2.139892767830414,0.10830830167083148
2024-01-31,recovery,0.2,49.0,-0.3,9.7,2.433,3.99,-0.7503145526017292,-0.789874522745401,-1.465354933972415,-2.3222326114519283,-0.06715178635302081
2024-02-01,recovery,0.2,49.2,-0.3,9.7,2.4354,3.87,-0.5754130324287677,-0.7873134957581116,-1.4528442377640094,-2.2758558516431826,-0.3647553769227756
2024-02-02,recovery,0.2,49.2,-0.3,9.7,2.4244,4.03,-0.5720215499707925,-0.7850358127546309,-1.440530679760871,-2.349410028093697,0.028555946039112035
2024-02-05,recovery,0.2,49.2,-0.3,9.7,2.4002,4.17,-0.5686395108505164,-0.7830700135923413,-1.428408762363035,-2.535815550480256,0.3717293701590522
2024-02-06,recovery,0.2,49.2,-0.3,9.7,2.4525,4.09,-0.5652667911038921,-0.7814491098132041,-1.416473220708154,-2.0467033485397437,0.17131632318142578
2024-02-07,recovery,0.2,49.2,-0.3,9.7,2.4153,4.09,-0.56190326799003,-0.7802114759065221,-1.4047190114260324,-2.3583755508297792,0.1687392473930121
2024-02-08,recovery,0.2,49.2,-0.3,9.7,2.4379,4.15,-0.5585488199676547,-0.7794019648281666,-1.3931413021309913,-2.1388694110489603,0.31523839006073595
2024-02-09,recovery,0.2,49.2,-0.3,9.7,2.4302,4.17,-0.5552033266720081,-0.7790733170424767,-1.3817354616015407,-2.190146390153531,0.362319759631038
2024-02-12,recovery,0.2,49.2,-0.8,8.7,2.4302,4.17,-0.5518666688920952,-1.6424732662775523,-2.2676444782152827,-2.1735950781853948,0.35947009068318503
2024-02-13,recovery,0.2,49.2,-0.8,8.7,2.4302,4.31,-0.5485387285484181,-1.6522901962715961,-2.2382240374931883,-2.156421485129804,0.7017022273491057
2024-02-14,recovery,0.2,49.2,-0.8,8.7,2.4302,4.27,-0.5452193886710371,-1.6637802611774848,-2.2097305154304303,-2.139763620214179,0.5990371434321291
2024-02-15,recovery,0.2,49.2,-0.8,8.7,2.4302,4.24,-0.5419085333779797,-1.6771515870563332,-2.1821154418250894,-2.1224446523007883,0.5215696651283829
2024-02-16,recovery,0.2,49.2,-0.8,8.7,2.4302,4.3,-0.5360890768637062,-1.692652628655913,-2.155333911640608,-2.1052378413696444,0.6663179083264944
2024-02-19,recovery,0.2,49.2,-0.8,8.7,2.4344,4.3,-0.5302792909500821,-1.710582526244884,-2.129344258130962,-2.0533713698019977,0.6635987961123099
2024-02-20,recovery,0.2,49.2,-0.8,8.7,2.4134,4.27,-0.5244795566704824,-1.7313048981675958,-2.104107762108824,-2.2232860179588334,0.5863251958785622
2024-02-21,recovery,0.2,49.2,-0.8,8.7,2.4119,4.32,-0.5186904083779443,-1.7552664975433858,-2.0795883927383914,-2.2157109038561384,0.7055107466157612
2024-02-22,recovery,0.2,49.2,-0.8,8.7,2.4033,4.33,-0.5129125596682258,-1.7830228922448896,-2.0557525759033775,-2.2692362529021013,0.7258779075244947
2024-02-23,recovery,0.2,49.2,-0.8,8.7,2.4009,4.26,-0.5071469343727956,-1.8152745120949834,-2.032568986762078,-2.26858990862363,0.5507049784208076
2024-02-26,recovery,0.2,49.2,-0.8,8.7,2.3789,4.28,-0.5013947037604332,-1.852918386129717,-2.010008363573946,-2.436789890552272,0.5960994071697945
2024-02-27,recovery,0.2,49.2,-0.8,8.7,2.3809,4.31,-0.4956573313832488,-1.8418824786390104,-1.9880433402814657,-2.3910165047386887,0.6641643693154243
2024-02-28,recovery,0.2,49.2,-0.8,8.7,2.3376,4.27,-0.48993662738840654,-1.8312742238535948,-1.968618041604271,-2.734093055577992,0.5601237104693376
2024-02-29,recovery,0.2,49.2,-0.8,8.7,2.3375,4.25,-0.4842348146219863,-1.8210932614624469,-1.9497016342250824,-2.696222798735653,0.505639942097224
2024-03-01,recovery,0.2,49.1,-0.8,8.7,2.3675,4.19,-0.5762510146925766,-1.8113402708606285,-1.9312757321843848,-2.4070766784587225,0.35213346586115446
2024-03-04,recovery,0.2,49.1,-0.8,8.7,2.3475,4.22,-0.5716776320477995,-1.8020170088784753,-1.9133231091991867,-2.546419341484975,0.4209683799399558
2024-03-05,recovery,0.2,49.1,-0.8,8.7,2.3169,4.13,-0.5672195611230708,-1.7931263563000188,-1.8958276228342958,-2.767647505565721,0.1914167764483907
2024-03-06,recovery,0.2,49.1,-0.8,8.7,2.265,4.11,-0.562890145130534,-1.7846723740561012,-1.878774145742011,-3.1472496787348474,0.1357701031121475
2024-03-07,recovery,0.2,49.1,-0.8,8.7,2.2776,4.09,-0.558705051287634,-1.7766603701586232,-1.862148503304622,-2.988115537089019,0.08092621915493664
2024-03-08,recovery,0.2,49.1,-0.8,8.7,2.2825,4.09,-0.5546827648209303,-1.769096978654546,-1.845937417094595,-2.8984321766586096,0.0751631417782951
2024-03-11,recession,0.1,49.1,0.7,8.7,2.305,4.1,-0.550845213837539,1.7136544320968436,-1.830128453637856,-2.675278083558285,0.09372997287980434
2024-03-12,recession,0.1,49.1,0.7,8.7,2.3476,4.16,-0.547218567389649,1.7263623038001925,-1.8147099780279619,-2.3023577241450477,0.2395158942514436
2024-03-13,recession,0.1,49.1,0.7,8.7,2.3326,4.19,-0.5438342655161976,1.7392908883371432,-1.7996711119941193,-2.396221119654573,0.31050101735435853
2024-03-14,recession,0.1,49.1,0.7,8.7,2.3425,4.29,-0.5407303641091497,1.7524470280089508,-1.7850016960751447,-2.2907901027916577,0.560736782076889
2024-03-15,recession,0.1,49.1,0.7,8.7,2.32,4.31,-0.5379533132488918,1.7658378673576363,-1.7706922555955078,-2.4427545810194404,0.6061405950697754
2024-03-18,recession,0.1,49.1,0.7,8.7,2.2926,4.34,-0.5355603419440796,1.7794708705907307,-1.756733970179175,-2.6274126551763812,0.6771865794065202
2024-03-19,recession,0.1,49.1,0.7,8.7,2.2801,4.3,-0.5336227063170084,1.7933538402510778,-1.7431186465729747,-2.6881554306464444,0.5678317452092703
2024-03-20,recession,0.1,49.1,0.7,8.7,2.2951,4.27,-0.5289733002305795,1.8074949372382738,-1.7298386945840558,-2.537010592679172,0.4839322333668775
2024-03-21,recession,0.1,49.1,0.7,8.7,2.2851,4.27,-0.5244446417385767,1.8219027022990095,-1.7168871059663577,-2.5818480863964814,0.47771289666715117
2024-03-22,recession,0.1,49.1,0.7,8.7,2.3051,4.22,-0.5200534020738374,1.8365860791154616,-1.7042574361193654,-2.3976457574238923,0.3397202427551003
2024-03-25,recession,0.1,49.1,0.7,8.7,2.3151,4.25,-0.5158195141844476,1.8515544391341925,-1.6919437884890711,-2.295605681842109,0.4126572516425176
2024-03-26,recession,0.1,49.1,0.7,8.7,2.3175,4.24,-0.5117669590954239,1.8668176082928505,-1.679940801586673,-2.252805682849824,0.37954724741624146
2024-03-27,recession,0.1,49.1,0.7,8.7,2.2876,4.2,-0.5079247893964306,1.8668176082928505,-1.6682436385653021,-2.454184557292904,0.2653811612534516
2024-03-28,recession,0.1,49.1,0.7,8.7,2.3026,4.2,-0.5043284776939199,1.8668176082928505,-1.6568479793194406,-2.310424786200819,0.25879450174980956
2024-03-29,recession,0.1,49.1,0.7,8.7,2.2901,4.2,-0.5010217172670663,1.8668176082928505,-1.6443851781079726,-2.375741177017681,0.25203606195321915
2024-04-01,recovery,0.2,50.8,0.7,8.7,2.3082,4.33,2.117239128808241,1.8668176082928505,-1.632205123128137,-2.2133484314912866,0.6026233664268694
2024-04-02,recovery,0.2,50.8,0.7,8.7,2.2927,4.36,2.1679089924275727,1.8668176082928505,-1.6203025019038426,-2.304090643193258,0.6792192985501098
2024-04-03,recovery,0.2,50.8,0.7,8.7,2.2837,4.36,2.2218210611485842,1.8668176082928505,-1.6086724321449541,-2.3454850635730478,0.6729997299482898
2024-04-04,recovery,0.2,50.8,0.7,8.7,2.2837,4.31,2.279349249615182,1.8668176082928505,-1.5973104525861337,-2.3186746637272857,0.5279837565871451
2024-04-05,recovery,0.2,50.8,0.7,8.7,2.2837,4.39,2.340931034645172,1.8668176082928505,-1.5862125156746663,-2.2928857691651023,0.7448994058079306
2024-04-08,recovery,0.2,50.8,0.7,8.7,2.2822,4.42,2.4070820812719766,1.8668176082928505,-1.5753749820907308,-2.278809050489347,0.822436398186749
2024-04-09,recovery,0.2,50.8,0.7,8.7,2.2802,4.36,2.4784152076714308,1.8668176082928505,-1.5647946171001872,-2.268140874045974,0.6475660103199626
2024-04-10,recovery,0.2,50.8,0.1,8.7,2.2972,4.55,2.5556652977680128,0.38105778083880554,-1.5544685887567962,-2.120252303171225,1.176217076160124
2024-04-11,recovery,0.2,50.8,0.1,8.7,2.2928,4.56,2.6397225005449716,0.38969012663070035,-1.5443944679883075,-2.130337345139001,1.1985005400788162
2024-04-12,recovery,0.2,50.8,0.1,8.3,2.2837,4.5,2.731677185290875,0.3984758574780488,-1.8734810900180876,-2.1730569332654515,1.0217209500345068
2024-04-15,recovery,0.2,50.8,0.1,8.3,2.2798,4.63,2.8328819140157764,0.4074212112556941,-1.8591787886980964,-2.175927787790075,1.3851437060055478
2024-04-16,recovery,0.2,50.8,0.1,8.3,2.2723,4.67,2.945038611369244,0.4165327846090945,-1.8452839277814381,-2.203713345765259,1.4918213420383954
2024-04-17,recovery,0.2,50.8,0.1,8.3,2.2608,4.59,2.883507195928737,0.42581756028728385,-1.8317885489195647,-2.2585796257221036,1.2523065608994453
2024-04-18,recovery,0.2,50.8,0.1,8.3,2.2537,4.64,2.8251775301450484,0.4352829370751027,-1.8186854783972892,-2.2806238468068543,1.3897097135451872
2024-04-19,recovery,0.2,50.8,0.1,8.3,2.254,4.62,2.7697722027451768,0.44493676262273935,-1.8059683092717058,-2.250382005544196,1.3264236471071431
2024-04-22,recovery,0.2,50.8,0.1,8.3,2.2435,4.62,2.717046394513312,0.454787369510826,-1.7936313877397225,-2.294529050940405,1.3217468555094292
2024-04-23,recovery,0.2,50.8,0.1,8.3,2.226,4.61,2.666783108929088,0.4648436149357995,-1.7816698036893714,-2.3830503076797527,1.2863681545717054
2024-04-24,recovery,0.2,50.8,0.1,8.3,2.2727,4.65,2.6187892294132054,0.4751149244540866,-1.7700793854367027,-2.03233636714293,1.3968202840091613
2024-04-25,recovery,0.2,50.8,0.1,8.3,2.2612,4.7,2.572892238988525,0.48561134028622766,-1.7588566986980885,-2.0870863684493424,1.5360883020652498
2024-04-26,recovery,0.2,50.8,0.1,8.3,2.3084,4.67,2.5289374746871736,0.4856113402862276,-1.7479990498976772,-1.742205610742865,1.4406399762579853
2024-04-29,recovery,0.2,50.8,0.1,8.3,2.353,4.63,2.4867858166136694,0.48561134028622766,-1.7375044939629298,-1.4216220072074903,1.3165308280413137
2024-04-30,recovery,0.2,50.8,0.1,8.3,2.3028,4.69,2.4463117325910373,0.4856113402862276,-1.724805892473048,-1.749247468378583,1.4915887381110962
2024-05-01,recovery,0.2,50.4,0.1,8.3,2.3028,4.63,1.707534124734674,0.48561134028622766,-1.7124352766001105,-1.7317058287874918,1.3028006913757517
2024-05-02,recovery,0.2,50.4,0.1,8.3,2.3028,4.58,1.6899316511582148,0.48561134028622766,-1.700387256768877,-1.7143813495454,1.1436333439171669
2024-05-03,recovery,0.2,50.4,0.1,8.3,2.3028,4.5,1.6726829663812792,0.4856113402862276,-1.688657003738617,-1.697607300793309,0.8914845095815034
2024-05-06,recovery,0.2,50.4,0.1,8.3,2.3081,4.49,1.6557748760366306,0.48561134028622766,-1.6772402411905507,-1.6457643508305877,0.8541364250812337
2024-05-07,recovery,0.2,50.4,0.1,8.3,2.2896,4.47,1.6391948570504906,0.4856113402862276,-1.6661332410925096,-1.7530633846560755,0.785470889785828
2024-05-08,recovery,0.2,50.4,0.1,8.3,2.2955,4.48,1.622931014044298,0.4856113402862276,-1.6553328218678705,-1.6964021777654923,0.8101748214085842
2024-05-09,recovery,0.2,50.4,0.1,8.3,2.3186,4.45,1.6069720391479938,0.48561134028622766,-1.6448363494253606,-1.5269141236389847,0.7098678948472696
2024-05-10,recovery,0.2,50.4,0.3,8.3,2.3122,4.5,1.5913071749134557,1.0268573708348796,-1.634641741137686,-1.5553131147059436,0.8606305543878651
2024-05-13,recovery,0.2,50.4,0.3,7.2,2.29,4.48,1.5759261800489426,1.0230275010341048,-2.5791970108973397,-1.687006388001683,0.790790840472017
2024-05-14,recovery,0.2,50.4,0.3,7.2,2.2938,4.45,1.5608192977243045,1.019217537452946,-2.5482407410126315,-1.646034946744372,0.6895483351786793
2024-05-15,recovery,0.2,50.4,0.3,7.2,2.302,4.36,1.5459772262215161,1.015427264273215,-2.5184758280065878,-1.576571658226146,0.39812608673467836
2024-05-16,recovery,0.2,50.4,0.3,7.2,2.3147,4.38,1.5313910917282159,1.0116564688494452,-2.489842682242258,-1.4791008162365529,0.45569116948986055
2024-05-17,recovery,0.2,50.4,0.3,7.2,2.3077,4.42,1.5170524230912827,1.0079049416483339,-2.462286736072408,-1.5114010969410898,0.5778085250473104
2024-05-20,recovery,0.2,50.4,0.3,7.2,2.3105,4.44,1.5037572624418862,1.0041724761895914,-2.4357579834528433,-1.479422897114443,0.6364796084477811
2024-05-21,recovery,0.2,50.4,0.3,7.2,2.3141,4.41,1.4906830469237078,1.000458868988158,-2.4102105756036587,-1.4429489893553948,0.5328578264845008
2024-05-22,recovery,0.2,50.4,0.3,7.2,2.3123,4.43,1.4778232927308665,0.9967639194977512,-2.3856024653926466,-1.441974378556078,0.5921760175263482
2024-05-23,recovery,0.2,50.4,0.3,7.2,2.3063,4.47,1.4651718000406913,0.9930874300557102,-2.361895094260024,-1.4679999460766722,0.7176679618687956
2024-05-24,recovery,0.2,50.4,0.3,7.2,2.3134,4.46,1.4527226384473124,0.9894292058290962,-2.339053116458086,-1.4091653975449103,0.6783666450518225
2024-05-27,recovery,0.2,50.4,0.3,7.2,2.3084,4.46,1.4404701333764578,0.9857890547620225,-2.3170441561793353,-1.4290909580063857,0.6722521202737121
2024-05-28,recovery,0.2,50.4,0.3,7.2,2.2994,4.54,1.4284088534097579,0.9821667875241737,-2.2958385938209487,-1.4742002592500754,0.9325551404819089
2024-05-29,recovery,0.2,50.4,0.3,7.2,2.2776,4.61,1.4165335984532628,0.9802233249369926,-2.2670057882734325,-1.6001874318494171,1.1596961080752648
2024-05-30,recovery,0.2,50.4,0.3,7.2,2.2826,4.55,1.4048393886906527,0.9782852525085209,-2.239092249618705,-1.5528059026099552,0.9505982536432839
2024-05-31,recovery,0.2,50.4,0.3,7.2,2.2926,4.51,1.3933214542668941,0.9763525394192109,-2.2120511277523454,-1.4746753989278722,0.8091365394442338
2024-06-03,recovery,0.2,49.5,0.3,7.2,2.2853,4.41,-0.11865913323274264,0.9744251550910081,-2.1858390180738176,-1.507392269182971,0.4647663382211411
2024-06-04,recovery,0.2,49.5,0.3,7.2,2.2854,4.33,-0.12373717241062664,0.9725030691848963,-2.1604156505342824,-1.4929442274720668,0.1859897410359351
2024-06-05,recovery,0.2,49.5,0.3,7.2,2.2808,4.29,-0.1288535271127856,0.9705862515984731,-2.1357436128545553,-1.508589528759265,0.04223392927445017
2024-06-06,recovery,0.2,49.5,0.3,7.2,2.2828,4.28,-0.13400914723263482,0.9686746724635551,-2.111788103597451,-1.482376244214061,0.00041288060455130357
2024-06-07,recovery,0.2,49.5,0.3,7.2,2.2833,4.43,-0.139205011832131,0.9667683021438145,-2.088516711398769,-1.4659271009415027,0.5144948910697631
2024-06-10,recovery,0.2,49.5,0.3,7.2,2.2833,4.47,-0.14444213036889791,0.9648671112324418,-2.065899217182378,-1.452863690431347,0.6480732617003171
2024-06-11,recovery,0.2,49.5,0.3,7.2,2.2791,4.39,-0.14972154398652818,0.9629710705498399,-2.0439074166247075,-1.466173348474339,0.3607903042469642
2024-06-12,recovery,0.2,49.5,0.3,7.0,2.276,4.31,-0.15504432687247996,0.9610801511413442,-2.180644521852894,-1.472373032335361,0.07028544328867323
2024-06-13,recovery,0.2,49.5,0.3,7.0,2.2678,4.24,-0.1604115876873532,0.9591943242749733,-2.155846649162416,-1.5100502488866892,-0.18710298962321448
2024-06-14,recovery,0.2,49.5,0.3,7.0,2.2558,4.2,-0.16582447107039072,0.9573135614392049,-2.1317800986544055,-1.5704340379898383,-0.3405176566697843
2024-06-17,recovery,0.2,49.5,0.3,7.0,2.2609,4.28,-0.17128415922594648,0.9554378343407794,-2.108411861568805,-1.52421213793046,-0.057457091884896255
2024-06-18,recovery,0.2,49.5,0.3,7.0,2.2537,4.22,-0.17679187359602486,0.9535671149025314,-2.0857111868297236,-1.5541832332124084,-0.2833857839215421
2024-06-19,recovery,0.2,49.5,0.3,7.0,2.2429,4.22,-0.18064564094519564,0.9517013752612452,-2.0636493980467034,-1.6055144790319822,-0.2900572311218259
2024-06-20,recovery,0.2,49.5,0.3,7.0,2.2445,4.25,-0.18451910319827494,0.9498405877655384,-2.0421997291046923,-1.5803259845507074,-0.18635237186437012
2024-06-21,recovery,0.2,49.5,0.3,7.0,2.2571,4.25,-0.18841260524240894,0.9479847249737704,-2.021337176210454,-1.4887416180527122,-0.19138406308664957
2024-06-24,recovery,0.2,49.5,0.3,7.0,2.2451,4.25,-0.19232649908813873,0.9461337596519754,-2.0010383645456256,-1.5478239481213243,-0.194653149709612
2024-06-25,recovery,0.2,49.5,0.3,7.0,2.235,4.23,-0.19626114407405512,0.944287664771821,-1.981281427918056,-1.594214815443838,-0.2718835205603045
2024-06-26,recovery,0.2,49.5,0.3,7.0,2.2225,4.32,-0.20021690707853024,0.9395477043199486,-1.9620459000098989,-1.6539616336635168,0.05862149916590358
2024-06-27,recovery,0.2,49.5,0.3,7.0,2.2081,4.29,-0.20419416273901417,0.9348358414750658,-1.9433126159986986,-1.7235475294339258,-0.0578922810357631
2024-06-28,recovery,0.2,49.5,0.3,7.0,2.2058,4.36,-0.20819329367895825,0.9301516942790188,-1.9232661916976523,-1.7195255517134722,0.19762212640391963
2024-07-01,recovery,0.2,49.5,0.3,7.0,2.2486,4.48,-0.212214690742883,0.925494887494838,-1.9037151576040594,-1.4481255052928241,0.6431915197720225
2024-07-02,recovery,0.2,49.5,0.3,7.0,2.2369,4.43,-0.21625875323985932,0.9208650524503115,-1.884640221894789,-1.5046003329388928,0.44743662881570795
2024-07-03,recovery,0.2,49.5,0.3,7.0,2.2426,4.36,-0.22032588919577903,0.9162618268859526,-1.866023238938364,-1.4571167239932177,0.17337191902876115
2024-07-04,recovery,0.2,49.5,0.3,7.0,2.2502,4.36,-0.22441651561479367,0.911684854807217,-1.8478471292757586,-1.399145174560504,0.1661294973188987
2024-07-05,recovery,0.2,49.5,0.3,7.0,2.2754,4.28,-0.2285310587503219,0.9071337863408253,-1.8300958067119428,-1.2383212852851817,-0.15331623648639203
2024-07-08,recovery,0.2,49.5,0.3,7.0,2.2904,4.28,-0.23266995438604463,0.9026082775950628,-1.8127541118114177,-1.1396583577701784,-0.16106877153175422
2024-07-09,recovery,0.2,49.5,0.3,7.0,2.2698,4.3,-0.23683364812732946,0.8981079905239187,-1.795807751173206,-1.25178826035675,-0.09016464144942332
2024-07-10,recovery,0.2,49.5,0.2,7.0,2.2707,4.28,-0.24102259570354703,0.6374954271296104,-1.7792432419324506,-1.2361538277363655,-0.17726734377173145
2024-07-11,recovery,0.2,49.5,0.2,7.0,2.2648,4.2,-0.245237263281768,0.6349551386446592,-1.7630478609985976,-1.2607451348650454,-0.5037381706885355
2024-07-12,recovery,0.2,49.5,0.2,6.2,2.2604,4.18,-0.24947812779235345,0.6324218271026733,-2.3378995636277247,-1.2760998936231198,-0.5928110876180811
2024-07-15,recovery,0.2,49.5,0.2,6.2,2.2541,4.23,-0.2537456772669778,0.6298954329724679,-2.3081734765182986,-1.302327043117951,-0.3956330742989805
2024-07-16,recovery,0.2,49.5,0.2,6.2,2.2613,4.17,-0.2580404111896668,0.6273758972803395,-2.279421323263358,-1.2494859078603655,-0.6443098863536508
2024-07-17,recovery,0.2,49.5,0.2,6.2,2.2598,4.16,-0.26236284086137096,0.6248631616025007,-2.2515925334145206,-1.2481092864630976,-0.6902981473711004
2024-07-18,recovery,0.2,49.5,0.2,6.2,2.2673,4.2,-0.2639930561927485,0.6223571680576356,-2.2246403372807677,-1.1942380578258474,-0.5306968969655482
2024-07-19,recovery,0.2,49.5,0.2,6.2,2.2614,4.25,-0.26562608850711844,0.6198578592995708,-2.19852141621036,-1.2190698262453257,-0.3297687301732893
2024-07-22,recovery,0.2,49.5,0.2,6.2,2.2461,4.26,-0.2672619573049442,0.6173651785100611,-2.173195592076887,-1.2982986094755893,-0.28992355719124085
2024-07-23,recovery,0.2,49.5,0.2,6.2,2.2322,4.25,-0.2689006822241338,0.6148790693916872,-2.1486255509230943,-1.3683430334538966,-0.334939161383807
2024-07-24,recovery,0.2,49.5,0.2,6.2,2.2381,4.28,-0.27054228304139327,0.6123994761608635,-2.1247765964548093,-1.322521712307377,-0.21527986062663765
2024-07-25,recovery,0.2,49.5,0.2,6.2,2.2168,4.27,-0.2721867796737928,0.6099263435409537,-2.1016164296964654,-1.4348733083984593,-0.2613186360636829
2024-07-26,recovery,0.2,49.5,0.2,6.2,2.1944,4.2,-0.27383419218015564,0.6074596167554918,-2.0791149516400007,-1.55168825293221,-0.5551822498236278
2024-07-29,recovery,0.2,49.5,0.2,6.2,2.1574,4.17,-0.275484540762595,0.6024932130102181,-2.0572440861580463,-1.7499153209936134,-0.6814337538938766
2024-07-30,recovery,0.2,49.5,0.2,6.2,2.148,4.15,-0.27713784576807043,0.5975405440525008,-2.0359776208242284,-1.7857625925158895,-0.7640526126608259
2024-07-31,recovery,0.2,49.5,0.2,6.2,2.1494,4.09,-0.2787941276898312,0.5926012428785175,-2.0122705856460614,-1.7590533423455539,-1.0096689082577543
2024-08-01,recovery,0.2,49.4,0.2,6.2,2.1297,3.99,-0.46460280495743195,0.5876749451338117,-1.9891933173956426,-1.851532112219506,-1.414890889535741
2024-08-02,neutral,0.14,49.4,0.2,6.2,2.1277,3.8,-0.4655280442154729,0.5827612889781487,-1.9667173379775704,-1.8419694165097238,-2.1699690014210864
2024-08-05,stagflation,0.06,49.4,0.2,6.2,2.1376,3.78,-0.4664543759700305,0.5778599149516811,-1.9448159821834792,-1.7662420456259245,-2.2210660535179008
2024-08-06,neutral,0.14,49.4,0.2,6.2,2.1491,3.9,-0.46738180395885653,0.5729704658423063,-1.9234642535169828,-1.6834948847310747,-1.7199602901585362
2024-08-07,stagflation,0.06,49.4,0.2,6.2,2.1414,3.96,-0.46831033193517063,0.5680925865541037,-1.9026386939040059,-1.7088986081263393,-1.466294400620483
2024-08-08,neutral,0.14,49.4,0.2,6.2,2.181,3.99,-0.4692399636678016,0.563225923976733,-1.882317265740701,-1.4729154160117062,-1.335836165431331
2024-08-09,stagflation,0.06,49.4,0.2,6.2,2.1986,3.94,-0.4701707029412618,0.5583701268556841,-1.8624792449272567,-1.3625120380751612,-1.5250942189240835
2024-08-12,neutral,0.14,49.4,0.5,6.3,2.2508,3.9,-0.4711025535558247,1.3159371416035113,-1.7761149698415961,-1.0630554189743653,-1.6698930600064135
2024-08-13,stagflation,0.06,49.4,0.5,6.3,2.2255,3.85,-0.47203551932766635,1.3047494170325782,-1.7585378173416615,-1.1941481400866842,-1.8487592425176747
2024-08-14,neutral,0.14,49.4,0.5,6.3,2.1966,3.83,-0.47296960408887784,1.2937059847887546,-1.7413358020657892,-1.3431085099427784,-1.9083214435452356
2024-08-15,stagflation,0.06,49.4,0.5,6.3,2.205,3.92,-0.47390481168760845,1.2828028976227455,-1.7244953695802643,-1.2855852446829776,-1.548750004239502
2024-08-16,neutral,0.14,49.4,0.5,6.3,2.1978,3.89,-0.4748411459881446,1.2720363479727332,-1.7080036824451708,-1.3141269230793642,-1.6545913060538702
2024-08-19,stagflation,0.06,49.4,0.5,6.3,2.1816,3.86,-0.47577861087098916,1.2614026614309997,-1.6918485742441476,-1.3911525795398807,-1.7588626390703983
2024-08-20,neutral,0.14,49.4,0.5,6.3,2.171,3.82,-0.4733597664558066,1.2508982905747692,-1.6760185072968026,-1.4364621795802288,-1.8946660298490756
2024-08-21,stagflation,0.06,49.4,0.5,6.3,2.167,3.79,-0.4709454250721984,1.240519809137292,-1.660502533718502,-1.4454601415920623,-1.9886328291183426
2024-08-22,neutral,0.14,49.4,0.5,6.3,2.1582,3.86,-0.4685355409433723,1.2302639064969796,-1.6452902595276604,-1.4802117100370937,-1.7068067481825306
2024-08-23,stagflation,0.06,49.4,0.5,6.3,2.1547,3.81,-0.4661300686114017,1.2201273824640548,-1.6303718115318606,-1.4861282183298754,-1.8748524402602798
2024-08-26,neutral,0.14,49.4,0.5,6.3,2.1628,3.82,-0.46372896293255167,1.210107142345678,-1.6157378067518857,-1.4295549639578313,-1.81862086520401
2024-08-27,stagflation,0.06,49.4,0.5,6.3,2.1903,3.83,-0.4613321790728612,1.200200192271905,-1.6013793241672443,-1.269468389582342,-1.764075518389283
2024-08-28,neutral,0.14,49.4,0.5,6.3,2.1673,3.84,-0.4589396725035863,1.192914917558244,-1.5872878785886124,-1.3828109732444154,-1.7103903170923227
2024-08-29,stagflation,0.06,49.4,0.5,6.3,2.1703,3.87,-0.45655139899682945,1.1856975178904403,-1.5731773424744202,-1.355000070684812,-1.5862240681053335
2024-08-30,neutral,0.14,49.4,0.5,6.3,2.1704,3.91,-0.4541673146212257,1.178546709535545,-1.55932053847277,-1.3430344775116845,-1.4291421642636744
2024-09-02,stagflation,0.06,49.1,0.5,6.3,2.1457,3.91,-1.0033357503574896,1.1714612416021593,-1.5457098008137213,-1.4637506084062344,-1.4179156370376962
2024-09-03,neutral,0.14,49.1,0.5,6.3,2.1432,3.84,-0.996969669653449,1.1644398949534416,-1.5323378220228543,-1.4645932965076287,-1.6558494443695846
2024-09-04,stagflation,0.06,49.1,0.5,6.3,2.1336,3.77,-0.9906515213494161,1.1574814811637422,-1.5191976338814877,-1.503423821066035,-1.887124699781234
2024-09-05,neutral,0.14,49.1,0.5,6.3,2.1338,3.73,-0.9843804568804146,1.150584841516801,-1.506282589746068,-1.4898292213500532,-2.005356205832348
2024-09-06,stagflation,0.06,49.1,0.5,6.3,2.1388,3.72,-0.9781556466044314,1.143748846043567,-1.4935863481236078,-1.4509857541013913,-2.0156085258566723
2024-09-09,neutral,0.14,49.1,0.5,6.3,2.1267,3.7,-0.9719762792367759,1.1369723925977933,-1.481102857409684,-1.5034341588267064,-2.0594414027144103
2024-09-10,stagflation,0.06,49.1,0.6,6.3,2.1143,3.65,-0.9658415613046504,1.3712702161671397,-1.4688263417043557,-1.5572257773075897,-2.203056399652938
2024-09-11,neutral,0.14,49.1,0.6,6.3,2.1044,3.65,-0.9597507166208968,1.3614320684566386,-1.4567512876292075,-1.5976310379146703,-2.1735430256442414
2024-09-12,stagflation,0.06,49.1,0.6,6.3,2.0998,3.68,-0.953702985776547,1.3517150113841911,-1.444872432075929,-1.6093508914820283,-2.044757334987301
2024-09-13,neutral,0.14,49.1,0.6,6.3,2.0724,3.66,-0.9476976256508803,1.3421161517591562,-1.433184750823386,-1.741345815186717,-2.087246526116777
2024-09-16,stagflation,0.06,49.1,0.6,6.3,2.0425,3.63,-0.9417339089386421,1.332632690763889,-1.4216834479660085,-1.8834226516475103,-2.1607916957921085
2024-09-17,neutral,0.14,49.1,0.6,6.3,2.0425,3.65,-0.9358111236936546,1.3232619199964186,-1.4103639461018207,-1.8653840703432278,-2.0676788454607054
2024-09-18,stagflation,0.06,49.1,0.6,6.3,2.0403,3.7,-0.9283790544042118,1.3140012177141227,-1.3992218772333354,-1.8592966430367985,-1.8810788538659353
2024-09-19,neutral,0.14,49.1,0.6,6.3,2.045,3.73,-0.9209975459866523,1.3048480452664348,-1.3882530743391575,-1.8173144329610071,-1.767284205653499
2024-09-20,stagflation,0.06,49.1,0.6,6.3,2.0431,3.73,-0.9136653858041263,1.2957999437054286,-1.3774535635783287,-1.8106933929654858,-1.7519429733851726
2024-09-23,neutral,0.14,49.1,0.6,6.3,2.0381,3.75,-0.9063813849744646,1.2868545305638752,-1.36681955709335,-1.820402721414198,-1.6710244113973505
2024-09-24,stagflation,0.06,49.1,0.6,6.3,2.0728,3.74,-0.899144377404223,1.2780094967910705,-1.356347446381491,-1.623133955958327,-1.6915056560200143
2024-09-25,neutral,0.14,49.1,0.6,6.3,2.0437,3.79,-0.8919532188523214,1.2692626038373687,-1.3460337962073567,-1.7615251775843899,-1.5141388824264614
2024-09-26,stagflation,0.06,49.1,0.6,6.3,2.0787,3.79,-0.8848067860220483,1.259713556666773,-1.33587533903293,-1.5642066010041844,-1.501661974000278
2024-09-27,neutral,0.14,49.1,0.6,6.3,2.1714,3.75,-0.877703975679211,1.2502751660425442,-1.3258689699443422,-1.0665131740129659,-1.6200180031302132
2024-09-30,stagflation,0.06,49.1,0.6,6.3,2.1518,3.81,-0.8706437037951761,1.2409447956398683,-1.3153390611053046,-1.1627762161351574,-1.4093788411174293
2024-10-01,neutral,0.14,49.8,0.6,6.3,2.1518,3.74,0.40982666353945313,1.2317198928617235,-1.304953078476565,-1.1546590955086753,-1.6282143365445831
2024-10-02,stagflation,0.06,49.8,0.6,6.3,2.1518,3.79,0.41366526711808077,1.2225979853848412,-1.2947076471865593,-1.146791613327786,-1.450887241682229
2024-10-03,neutral,0.14,49.8,0.6,6.3,2.1518,3.85,0.417527066583919,1.213576677877666,-1.2845995286595098,-1.1392469655328235,-1.244226853967553
2024-10-04,stagflation,0.06,49.8,0.6,6.3,2.1518,3.98,0.42141242068455526,1.2046536488802508,-1.2746256154974367,-1.1321971810589955,-0.8038648224998413
2024-10-07,recovery,0.2,49.8,0.6,6.3,2.1518,4.03,0.42532169552492727,1.1958266478367043,-1.264782926710642,-1.1255787579429177,-0.6299312608495325
2024-10-08,recovery,0.2,49.8,0.6,6.3,2.1928,4.04,0.4292552647678714,1.1870934922714231,-1.255068603279648,-0.8971377350116725,-0.5903179108363601
2024-10-09,recovery,0.2,49.8,0.6,6.3,2.176,4.06,0.43321350984146,1.1784520651009258,-1.2454799040331757,-0.9824749659637955,-0.514989317354873
2024-10-10,recovery,0.2,49.8,0.4,6.3,2.1441,4.09,0.43719682015333383,0.7190193440045544,-1.2360142018284945,-1.150920335472653,-0.40346530175154266
2024-10-11,recovery,0.2,49.8,0.4,6.3,2.1392,4.08,0.44120559331224496,0.7147312286740549,-1.2266689800218942,-1.1711972743979981,-0.4324704348640985
2024-10-14,recovery,0.2,49.8,0.4,6.8,2.1368,4.08,0.445240235357302,0.7104611443497907,-0.8902373352535007,-1.1781540498860095,-0.42600828326159296
2024-10-15,recovery,0.2,49.8,0.4,6.8,2.1254,4.03,0.4493011609949632,0.7062088347489041,-0.883264388169191,-1.2351072462913508,-0.6014546509646068
2024-10-16,recovery,0.2,49.8,0.4,6.8,2.1331,4.02,0.4533887938442976,0.7019740471862412,-0.876336797024267,-1.1858949193786952,-0.6330461220784719
2024-10-17,recovery,0.2,49.8,0.4,6.8,2.1084,4.09,0.4575035666907885,0.6977565324948375,-0.8694536302885758,-1.3175431847259844,-0.3671175647293771
2024-10-18,recovery,0.2,49.8,0.4,6.8,2.1209,4.08,0.4550863179697512,0.6935560449483061,-0.8626139803008748,-1.2398246295649449,-0.3980218444232875
2024-10-21,recovery,0.2,49.8,0.4,6.8,2.1211,4.19,0.4526733054171949,0.6893723421850698,-0.8558169629127534,-1.2308841813475981,0.025546152570944447
2024-10-22,recovery,0.2,49.8,0.4,6.8,2.1458,4.2,0.4502644839551643,0.6852051851343828,-0.8490617171840533,-1.0833700577248437,0.06953333030130955
2024-10-23,recovery,0.2,49.8,0.4,6.8,2.1559,4.24,0.4478598088025357,0.6810543379440881,-0.8423474051314711,-1.0189794447387501,0.23068624549324296
2024-10-24,recovery,0.2,49.8,0.4,6.8,2.1661,4.21,0.4454592354707141,0.6769195679100571,-0.8356732115323349,-0.9541502890556668,0.1213438802080102
2024-10-25,recovery,0.2,49.8,0.4,6.8,2.1539,4.25,0.44306271975918277,0.6728006454072627,-0.8290383437859713,-1.0180780354121501,0.28063117772166274
2024-10-28,recovery,0.2,49.8,0.4,6.8,2.1617,4.28,0.44067021775124043,0.6686973438224355,-0.8224420318354798,-0.9664409688470755,0.4045699305450202
2024-10-29,recovery,0.2,49.8,0.4,6.8,2.1598,4.28,0.43828168580978943,0.6633724751290068,-0.8158835281532002,-0.9711657122250165,0.41190921396216285
2024-10-30,recovery,0.2,49.8,0.4,6.8,2.1597,4.29,0.4358970805730413,0.6580660585442302,-0.8093621077936944,-0.9654870720823762,0.45919286354115624
2024-10-31,recovery,0.2,49.8,0.4,6.8,2.1476,4.28,0.43351635895047275,0.6527776438521866,-0.8028770685186136,-1.0307797920072947,0.4230044060299958
2024-11-01,recovery,0.2,50.1,0.4,6.8,2.1406,4.37,0.9893038458428779,0.6475067852621831,-0.7964277309984898,-1.0664005454273275,0.7836685991139889
2024-11-04,recovery,0.2,50.1,0.4,6.8,2.1275,4.31,0.9829805234233846,0.6422530412206678,-0.7900134390972131,-1.1383548694206902,0.5488932628196559
2024-11-05,recovery,0.2,50.1,0.4,6.8,2.1106,4.26,0.9767039795109013,0.6370159742259782,-0.7836335602457472,-1.2331590351376198,0.35376714713208623
2024-11-06,recovery,0.2,50.1,0.4,6.8,2.1234,4.42,0.970473386158456,0.6317951506457378,-0.7772874859125901,-1.1500243923232143,0.9908324161077808
2024-11-07,recovery,0.2,50.1,0.4,6.8,2.1115,4.31,0.9642879336808321,0.6265901405367232,-0.7709746321794864,-1.2166199836577967,0.5550932763754363
2024-11-08,recovery,0.2,50.1,0.4,6.8,2.1067,4.3,0.9581468301112359,0.6214005174670297,-0.764694440432096,-1.2410358024119152,0.5178734403202646
2024-11-11,recovery,0.2,50.1,0.3,6.8,2.092,4.3,0.9520493006771582,0.39191459225188446,-0.758446378176666,-1.3276111083031092,0.5205284341850237
2024-11-12,recovery,0.2,50.1,0.3,7.5,2.0729,4.43,0.9459945872948143,0.3877439070108282,-0.25599191932448534,-1.442385198229294,1.0416421388537402
2024-11-13,recovery,0.2,50.1,0.3,7.5,2.0876,4.44,0.9399819480811292,0.3835746561256707,-0.249556338345613,-1.3477171855880306,1.0800122677770878
2024-11-14,recovery,0.2,50.1,0.3,7.5,2.0808,4.43,0.9340106568828083,0.3794066020661584,-0.2430677558971126,-1.3869194669111167,1.0373304333799729
2024-11-15,recovery,0.2,50.1,0.3,7.5,2.0948,4.43,0.9280800028215234,0.37523950639032644,-0.23652366187877735,-1.2941805643115496,1.032913025255127
2024-11-18,recovery,0.2,50.1,0.3,7.5,2.1117,4.42,0.9221892898547357,0.37107312966707307,-0.2299214179295892,-1.1817146914637513,0.9915643162902905
2024-11-19,recovery,0.2,50.1,0.3,7.5,2.0947,4.39,0.9157944624538065,0.3669072313975948,-0.22325824785874704,-1.2878013495868288,0.8681513327396393
2024-11-20,recovery,0.2,50.1,0.3,7.5,2.1025,4.41,0.9094431272413841,0.3627415699356136,-0.2165312271938917,-1.233695639753823,0.944301908311609
2024-11-21,recovery,0.2,50.1,0.3,7.5,2.0843,4.43,0.9031344675089044,0.35857590240632786,-0.2097372717472339,-1.350315969481812,1.0176767881383177
2024-11-22,recovery,0.2,50.1,0.3,7.5,2.0832,4.41,0.8968676836913068,0.35440998462401524,-0.202873125087156,-1.3550654541354126,0.932311437906876
2024-11-25,recovery,0.2,50.1,0.3,7.5,2.0682,4.27,0.8906419928442607,0.3502435710082121,-0.1959353447876517,-1.452836076232325,0.37625468343887103
2024-11-26,recovery,0.2,50.1,0.3,7.5,2.0657,4.3,0.8844566281394749,0.346076414498396,-0.18892028731038535,-1.4671372437935704,0.4936306779396718
2024-11-27,recovery,0.2,50.1,0.3,7.5,2.0553,4.25,0.8783108383772582,0.34025408666079154,-0.1818240913537968,-1.5342480561652885,0.29558967841550393
2024-11-28,recovery,0.2,50.1,0.3,7.5,2.0304,4.25,0.8722038875157971,0.3344068726841635,-0.17525999153713837,-1.7005628058413669,0.29475962427369246
2024-11-29,recovery,0.2,50.1,0.3,7.5,2.0206,4.18,0.866135054216195,0.32853350683351934,-0.16863254321579796,-1.761670189906304,0.01585300115739664
2024-12-02,recovery,0.2,50.3,0.3,7.5,1.981,4.19,1.2189868581134615,0.32263267896720815,-0.16193893154758998,-2.029591413545075,0.051274068719059776
2024-12-03,recovery,0.2,50.3,0.3,7.5,1.9886,4.23,1.2093807332947963,0.31670303186726156,-0.15517619470225005,-1.9675893797662274,0.2052248552929172
2024-12-04,recovery,0.2,50.3,0.3,7.5,1.9612,4.19,1.1998821347022797,0.31074315838396804,-0.14834121299436298,-2.1480207219140834,0.04262818181644678
2024-12-05,recovery,0.2,50.3,0.3,7.5,1.9462,4.17,1.190488440945592,0.3047515983786239,-0.14143069701822855,-2.2407067385738495,-0.04081383512782032
2024-12-06,recovery,0.2,50.3,0.3,7.5,1.9539,4.15,1.181197112930984,0.29872683544678197,-0.1344411746733595,-2.175181114459701,-0.12553669590335373
2024-12-09,recovery,0.2,50.3,0.3,7.5,1.9168,4.2,1.1720056904408036,0.2926672934025097,-0.12736897695464755,-2.418126102408782,0.0697022726907424
2024-12-10,recovery,0.2,50.3,0.2,7.5,1.8468,4.22,1.1629117888828187,0.049188400277813474,-0.12021022236441045,-2.8778375955954836,0.14518258099582942
2024-12-11,recovery,0.2,50.3,0.2,7.5,1.8218,4.26,1.1539130961996797,0.04279176548040622,-0.11296079978401415,-3.007668502045746,0.30098751988116573
2024-12-12,recovery,0.2,50.3,0.2,7.1,1.8172,4.32,1.1450073699288463,0.03632984317778283,-0.43477468229769756,-2.99593673039927,0.5371387036883404
2024-12-13,recovery,0.2,50.3,0.2,7.1,1.7771,4.4,1.136192434404614,0.029800182220973404,-0.4284189746014113,-3.2149069128404517,0.8536716155338369
2024-12-16,recovery,0.2,50.3,0.2,7.1,1.7215,4.39,1.1274661780940087,0.02320021692581491,-0.422031333665448,-3.5189842866144,0.80647622411993
2024-12-17,recovery,0.2,50.3,0.2,7.1,1.7237,4.4,1.1188265510587743,0.016527259685754504,-0.4156095808036928,-3.4298276675072517,0.8402581575328408
2024-12-18,recovery,0.2,50.3,0.2,7.1,1.7564,4.5,1.1100513828191438,0.00977849299364784,-0.4091514221643131,-3.154937191618005,1.2377677007536225
2024-12-19,recovery,0.2,50.3,0.2,7.1,1.7417,4.57,1.1013627988828723,0.002950960815434895,-0.4026544386222735,-3.193123603886888,1.5090306626751757
2024-12-20,recovery,0.2,50.3,0.2,7.1,1.7018,4.52,1.0927588265763173,-0.003958440747908197,-0.39611607457807024,-3.381144195255181,1.2952460895273434
2024-12-23,recovery,0.2,50.3,0.2,7.1,1.7019,4.59,1.0842375518692993,-0.010952973581074355,-0.38953362551497994,-3.3107296482298034,1.5644257095604701
2024-12-24,recovery,0.2,50.3,0.2,7.1,1.7166,4.59,1.075797117253838,-0.018036068537031533,-0.38290422414337677,-3.1549647768708033,1.549460818701497
2024-12-25,recovery,0.2,50.3,0.2,7.1,1.7365,4.59,1.0674357197307942,-0.02521133737020507,-0.3762248249323099,-2.9774327718874147,1.5348191620012588
2024-12-26,recovery,0.2,50.3,0.2,7.1,1.7122,4.58,1.0591516088990522,-0.032482585719637115,-0.3694921867947795,-3.0660250524910646,1.4808866933545377
2024-12-27,recovery,0.2,50.3,0.2,7.1,1.6929,4.62,1.0509430851428663,-0.03768774994784363,-0.3627028536526642,-3.120198619592389,1.6246728709072178
2024-12-30,recovery,0.2,50.3,0.2,7.1,1.7128,4.55,1.0428084979130026,-0.042930647593930255,-0.3558531325585017,-2.9472567593111876,1.3341781028294006
2024-12-31,recovery,0.2,50.3,0.2,7.1,1.6752,4.58,1.034746244097401,-0.048212300061038674,-0.34919292849691114,-3.1095764128044907,1.4406959265712467
2025-01-01,recovery,0.2,50.1,0.2,7.1,1.6752,4.58,0.673803799866649,-0.05353376141653818,-0.3424787041118668,-3.0525725842163167,1.4280589271278017
2025-01-02,recovery,0.2,50.1,0.2,7.1,1.6077,4.57,0.6676468137793834,-0.058896119849641944,-0.3357072216068257,-3.3667341391522947,1.3763043097168879
2025-01-03,recovery,0.2,50.1,0.2,7.1,1.6041,4.6,0.6615043474320697,-0.0643004992086562,-0.32887503862205697,-3.312522623998387,1.481105168549673
2025-01-06,recovery,0.2,50.1,0.2,7.1,1.5966,4.62,0.6553756013499378,-0.06974806062309691,-0.321978488853511,-3.2818551785789687,1.5451991119096298
2025-01-07,recovery,0.2,50.1,0.2,7.1,1.6093,4.67,0.6492597734676385,-0.07524000421631608,-0.3150136603628049,-3.146947062965898,1.7229112947257554
2025-01-08,recovery,0.2,50.1,0.2,7.1,1.6069,4.67,0.6431560584246689,-0.08077757091471352,-0.30797637123927,-3.09692745538941,1.7049772316741654
2025-01-09,recovery,0.2,50.1,0.2,7.1,1.6368,4.68,0.6370636468399556,-0.08636204436008707,-0.30086214221568763,-2.8862447986226845,1.7254566115479333
2025-01-10,recovery,0.2,50.1,0.1,7.1,1.6338,4.77,0.6309817245639557,-0.3573196749409579,-0.2936661657678441,-2.8531789764495357,2.0457919700866003
2025-01-13,recovery,0.2,50.1,0.1,7.3,1.6592,4.79,0.6249094719055969,-0.36292568555008436,-0.08616715449536705,-2.6786905956035216,2.0942400483595827
2025-01-14,recovery,0.2,50.1,0.1,7.3,1.6446,4.78,0.6188460628319411,-0.3685866828420695,-0.07743493979905504,-2.711768761438648,2.0304115388804322
2025-01-15,recovery,0.2,50.1,0.1,7.3,1.633,4.66,0.6127906641379418,-0.37430400915213136,-0.06852367753688211,-2.727633842078993,1.564571434829334
2025-01-16,recovery,0.2,50.1,0.1,7.3,1.6394,4.61,0.6067424345834719,-0.3800790514184186,-0.05942171800040992,-2.6519739379387492,1.365587897053715
2025-01-17,recovery,0.2,50.1,0.1,7.3,1.6593,4.61,0.6007005239949491,-0.3859132431471197,-0.05011634607103662,-2.5130447171255543,1.3538590299280822
2025-01-20,recovery,0.2,50.1,0.1,7.3,1.6747,4.61,0.5950358979386808,-0.39180806648469263,-0.04059364817494568,-2.4018571522284544,1.3433524800370216
2025-01-21,recovery,0.2,50.1,0.1,7.3,1.6496,4.57,0.5893810607794462,-0.39776505440420934,-0.030838358136638537,-2.488463494945012,1.184701537438151
2025-01-22,recovery,0.2,50.1,0.1,7.3,1.6602,4.6,0.5837354052025435,-0.4037857930133387,-0.02083367782981183,-2.4007800461686175,1.2858430988010556
2025-01-23,recovery,0.2,50.1,0.1,7.3,1.6645,4.65,0.5780983221644127,-0.4098719239920695,-0.010561067572255124,-2.3483954192329786,1.457730430394446
2025-01-24,recovery,0.2,50.1,0.1,7.3,1.6565,4.63,0.5724692004910513,-0.4160251471689103,-9.990520943670542e-16,-2.353886314162696,1.3717973631540556
2025-01-27,recovery,0.2,50.1,0.1,7.3,1.6299,4.53,0.5668474264676321,-0.4222472232449835,0.010872330396531077,-2.4460936028262448,0.9964234107565748
2025-01-28,recovery,0.2,50.1,0.1,7.3,1.6299,4.55,0.561232383419051,-0.42853997667618426,0.022081351896162442,-2.4115333525047116,1.062210094005747
2025-01-29,recovery,0.2,50.1,0.1,7.3,1.6299,4.55,0.5556234512801936,-0.4461727071449792,0.028677333766839258,-2.3782000194598765,1.0545583113529975
2025-01-30,recovery,0.2,50.1,0.1,7.3,1.6299,4.52,0.5500200061551184,-0.46462686664987,0.03534824123606026,-2.3460221776357413,0.9400867835297734
2025-01-31,recovery,0.2,50.1,0.1,7.3,1.6299,4.58,0.5444214198645752,-0.4839834352521453,0.04209684453785604,-2.3149342273186906,1.1517771988739158
2025-02-03,recession,0.1,49.1,0.1,7.3,1.6299,4.54,-1.3252983174101312,-0.5043351983182702,0.048926046712593,-2.284875803087398,0.9996698617151033
2025-02-04,recession,0.1,49.1,0.1,7.3,1.6299,4.52,-1.3233427636371893,-0.5257890764258122,0.055838892272160066,-2.255791254055104,0.9222062978664478
2025-02-05,recession,0.1,49.1,0.1,7.3,1.6207,4.43,-1.3213926246988723,-0.5484690455297677,0.0628385765680967,-2.268487169399545,0.5931265128646994
2025-02-06,recession,0.1,49.1,0.1,7.3,1.5958,4.45,-1.3194478726313121,-0.5725198331005384,0.06992845593139425,-2.34861923078451,0.6625272213885075
2025-02-07,recession,0.1,49.1,0.1,7.3,1.6032,4.49,-1.3175084796725758,-0.5981116469044797,0.07711205866071015,-2.2847539335164058,0.8041206186854134
2025-02-10,recession,0.1,49.1,0.5,7.3,1.6342,4.51,-1.3155744182609284,0.7190150240173062,0.08439309694463278,-2.1204707967283025,0.8727125921145885
2025-02-11,recession,0.1,49.1,0.5,7.3,1.6274,4.54,-1.3136456610328564,0.7205292064251567,0.09177547981379101,-2.124668649503077,0.9753151924814825
2025-02-12,recession,0.1,49.1,0.5,7.0,1.6336,4.62,-1.311722180821307,0.7229280067232906,-0.2707284803802815,-2.0721714878849333,1.2552029241773424
2025-02-13,recession,0.1,49.1,0.5,7.0,1.6346,4.52,-1.3098039506538866,0.7263726852297693,-0.26412219298876544,-2.043520708995381,0.8910499392847657
2025-02-14,recession,0.1,49.1,0.5,7.0,1.6546,4.47,-1.3078909437509416,0.7310674046580052,-0.25745745057767705,-1.933862927943862,0.7078816831007013
2025-02-17,recession,0.1,49.1,0.5,7.0,1.6934,4.47,-1.30598313352393,0.7372746846590076,-0.2507313039326096,-1.7472994639518573,0.7040591856755396
2025-02-18,recession,0.1,49.1,0.5,7.0,1.7006,4.55,-1.30598313352393,0.7453381700290979,-0.2439406389064894,-1.6994877654315972,0.98400586058098
2025-02-19,recession,0.1,49.1,0.5,7.0,1.6626,4.53,-1.305983133523917,0.7557171602053887,-0.237082163020478,-1.8433247640456256,0.9066055425338847
2025-02-20,recession,0.1,49.1,0.5,7.0,1.685,4.5,-1.305983133523917,0.7690407777590906,-0.23015239071021792,-1.729242245858049,0.7935987482093122
2025-02-21,recession,0.1,49.1,0.5,7.0,1.72,4.42,-1.305983133523917,0.786196417528401,-0.22314762705022043,-1.564477176957188,0.5036677645546742
2025-02-24,recession,0.1,49.1,0.5,7.0,1.7625,4.4,-1.30598313352393,0.8084812989166873,-0.2160639497648455,-1.3714532281124974,0.4280816021284058
2025-02-25,recession,0.1,49.1,0.5,7.0,1.7275,4.3,-1.30598313352393,0.8378779648960621,-0.20889718930570042,-1.5059843926422516,0.06784047961942502
2025-02-26,recession,0.1,49.1,0.5,7.0,1.7251,4.25,-1.305983133523917,0.8471229632535895,-0.20164290674188445,-1.5022390482833814,-0.11320682868774135
2025-02-27,recession,0.1,49.1,0.5,7.0,1.7576,4.29,-1.305983133523917,0.856524601894214,-0.1942963691700567,-1.3536061232320848,0.028134778067153716
2025-02-28,recession,0.1,49.1,0.5,7.0,1.7152,4.24,-1.305983133523917,0.8660881198063738,-0.18685252230482324,-1.518529471649499,-0.1516412394327555
2025-03-03,recession,0.1,50.2,0.5,7.0,1.6955,4.16,0.7260374333193074,0.8758190057608143,-0.1793059598548308,-1.5865715559019478,-0.43614073669499986
2025-03-04,recession,0.1,50.2,0.5,7.0,1.7079,4.22,0.7196869192999698,0.8857230139292819,-0.17165088922444482,-1.5205323883933168,-0.2200424505193487
2025-03-05,recession,0.1,50.2,0.5,7.0,1.7083,4.28,0.7133570807197628,0.8958061807166166,-0.16388109300278778,-1.5048898582186456,-0.004404076645101711
2025-03-06,recession,0.1,50.2,0.5,7.0,1.7455,4.29,0.7070470825342046,0.9060748429194074,-0.15598988560825083,-1.3380275486672681,0.03153909354321705
2025-03-07,recession,0.1,50.2,0.5,7.0,1.8002,4.32,0.7007560912218146,0.9165356573367369,-0.14797006434407006,-1.1013007773797554,0.13822731458887286
2025-03-10,stagflation,0.06,50.2,-0.7,7.0,1.8128,4.22,0.6944832741018522,-5.495856963283358,-0.13981385398461102,-1.0405387027447266,-0.21904087763998667
2025-03-11,neutral,0.14,50.2,-0.7,7.0,1.8853,4.28,0.6882277986394282,-5.202128438603897,-0.13151284384711073,-0.7326284297481037,-0.005114285312593107
2025-03-12,stagflation,0.06,50.2,-0.7,7.0,1.8334,4.32,0.6819888317359041,-4.949600712410154,-0.12305791610270198,-0.9412767091511138,0.13708957714479106
2025-03-13,neutral,0.14,50.2,-0.7,7.0,1.8565,4.27,0.6757655390033306,-4.729413220022675,-0.11443916383455043,-0.8381596150826879,-0.04233613373495682
2025-03-14,stagflation,0.06,50.2,-0.7,7.0,1.8317,4.31,0.6695570840201565,-4.535165242169848,-0.10564579704813766,-0.9341436512625929,0.09932031495360524
2025-03-17,neutral,0.14,50.2,-0.7,7.0,1.8957,4.31,0.6633626275665946,-4.36210202893365,-0.09666603446420606,-0.6612719182392164,0.0977724320269601
2025-03-18,stagflation,0.06,50.2,-0.7,7.0,1.8885,4.29,0.657181326837061,-4.206607605188097,-0.08748697845874895,-0.6853772301380486,0.024873774206589372
2025-03-19,neutral,0.14,50.2,-0.7,7.0,1.8708,4.25,0.6655202369340727,-4.065876410629404,-0.07809446993124633,-0.7529901769189641,-0.1172654844729236
2025-03-20,stagflation,0.06,50.2,-0.7,7.0,1.8309,4.24,0.6739914449391807,-3.937693727223538,-0.06847291914778741,-0.9126779645212283,-0.1513953322607658
2025-03-21,neutral,0.14,50.2,-0.7,7.0,1.8458,4.25,0.682599303666077,-3.8202847104972855,-0.058605107674533835,-0.8434448732076195,-0.11402322583813829
2025-03-24,stagflation,0.06,50.2,-0.7,7.0,1.8413,4.34,0.6913483692733937,-3.7122080493251994,-0.04847195532841269,-0.8553722966991145,0.207986216930186
2025-03-25,neutral,0.14,50.2,-0.7,7.0,1.8183,4.31,0.7002434137471876,-3.6122794549145185,-0.03805224454324386,-0.9442362469397698,0.10167577525585941
2025-03-26,stagflation,0.06,50.2,-0.7,7.0,1.7943,4.35,0.709289438335802,-3.5195155682978188,-0.02732229256832229,-1.0365830760305972,0.24610396597649822
2025-03-27,neutral,0.14,50.2,-0.7,7.0,1.8062,4.38,0.7184916880241162,-3.4330921432737576,-0.01625555932684278,-0.9788998183846505,0.35333340387456036
2025-03-28,stagflation,0.06,50.2,-0.7,7.0,1.8126,4.27,0.7278556671438174,-3.3464020172417195,-0.0048221753467227345,-0.9445267347937912,-0.03705200843307911
2025-03-31,neutral,0.14,50.2,-0.7,7.0,1.8129,4.23,0.7373871562268521,-3.265349821264939,0.00701163036999282,-0.9357849778410045,-0.17634223906182137
2025-04-01,stagflation,0.06,50.5,-0.7,7.0,1.8104,4.17,1.352465017445518,-3.189336605602163,0.016300732514723817,-0.938772023615349,-0.3878987813109811
2025-04-02,neutral,0.14,50.5,-0.7,7.0,1.7887,4.2,1.3603760577530506,-3.117849050611145,0.025797766511671517,-1.0217370130003476,-0.2745458410104381
2025-04-03,stagflation,0.06,50.5,-0.7,7.0,1.718,4.06,1.3683823263202868,-3.0504443304424194,0.035515933902962434,-1.3075152217306862,-0.7738133743493882
2025-04-04,neutral,0.14,50.5,-0.7,7.0,1.718,4.01,1.3764859246101582,-2.986738124633897,0.04546962684660309,-1.2965448383178921,-0.947427532367197
2025-04-07,stagflation,0.06,50.5,-0.7,7.0,1.6318,4.15,1.3846890199471114,-2.9263950319028496,0.055674573493127426,-1.6411261613715167,-0.4340945495619561
2025-04-08,neutral,0.14,50.5,-0.7,7.0,1.6633,4.26,1.3929938482039634,-2.869120837124391,0.06614800584718412,-1.4959519216258121,-0.028821823615272836
2025-04-09,stagflation,0.06,50.5,-0.7,7.0,1.6508,4.34,1.4014027166243184,-2.8146562223699494,0.07690885436582648,-1.5335031391464276,0.2680658764929842
2025-04-10,neutral,0.14,50.5,-0.1,7.0,1.6444,4.4,1.4099180067882315,-0.9965350752182401,0.0879779745038145,-1.5452983730278862,0.49211920153688543
2025-04-11,stagflation,0.06,50.5,-0.1,7.0,1.6568,4.48,1.4185421777305016,-0.9924855549236123,0.09937841162802864,-1.4806970162142246,0.7904571800860524
2025-04-14,neutral,0.14,50.5,-0.1,7.0,1.6584,4.38,1.4272777692202576,-0.9884578712281671,0.11113571226521303,-1.4609642260837377,0.4290477827430431
2025-04-15,stagflation,0.06,50.5,-0.1,7.0,1.6583,4.35,1.436127405212211,-0.9844517724700234,0.12327829162373212,-1.4489323274653185,0.32417423904471376
2025-04-16,neutral,0.14,50.5,-0.1,7.0,1.643,4.29,1.445093797480349,-0.9804670108807885,0.1358378698829206,-1.4994216688493363,0.1066845520237009
2025-04-17,stagflation,0.06,50.5,-0.1,7.0,1.6522,4.34,1.4541797494452162,-0.9765033425070806,0.1488499930673014,-1.4491716856159012,0.29978415995114455
2025-04-18,neutral,0.14,50.5,-0.1,7.0,1.6493,4.34,1.451665489917,-0.9725605271339671,0.16235465868775967,-1.4486491793753538,0.3052156007055702
2025-04-21,stagflation,0.06,50.5,-0.1,7.0,1.6664,4.42,1.4491599280742573,-0.9686383282102763,0.1763970721168586,-1.3672423720579767,0.609820214567323
2025-04-22,neutral,0.14,50.5,-0.1,7.0,1.6509,4.41,1.446663008850544,-0.9647365127757171,0.19102856740834498,-1.4187506498396933,0.574049612272312
2025-04-23,stagflation,0.06,50.5,-0.1,7.0,1.6611,4.4,1.4441746776675948,-0.9608548513897646,0.20630773674417274,-1.3658242694986262,0.5381810449587235
2025-04-24,neutral,0.14,50.5,-0.1,7.0,1.664,4.32,1.4416948804298428,-0.956993118062252,0.22230182702024803,-1.3428597387824386,0.2385727490335589
2025-04-25,stagflation,0.06,50.5,-0.1,7.0,1.6606,4.29,1.4392235635188668,-0.9531510901856316,0.23908848192409235,-1.3456990687272607,0.12816735532627088
2025-04-28,neutral,0.14,50.5,-0.1,7.0,1.6483,4.23,1.4367606737879857,-0.9493285484688441,0.2567579357017596,-1.3847342023385298,-0.09581385157720106
2025-04-29,stagflation,0.06,50.5,-0.1,7.0,1.6241,4.19,1.4343061585569346,-0.943051376724495,0.27541580444881586,-1.4711775293790952,-0.24315863098970272
2025-04-30,neutral,0.14,50.5,-0.1,7.0,1.6243,4.17,1.4318599656065345,-0.936818375309389,0.2776453701331178,-1.457895809372865,-0.3148202179023351
2025-05-01,stagflation,0.06,49.0,-0.1,7.0,1.6243,4.25,-1.727463812401148,-0.9306287504174082,0.2798808540958252,-1.4456803869311723,-0.0077019172199045945
2025-05-02,neutral,0.14,49.0,-0.1,7.0,1.6243,4.33,-1.7108308940196313,-0.9244817252386391,0.2821223114735629,-1.4337742550219479,0.2972512695102866
2025-05-05,stagflation,0.06,49.0,-0.1,7.0,1.6243,4.36,-1.69453794696941,-0.9183765394544924,0.28436979797822903,-1.4222481222739907,0.41179750428468864
2025-05-06,neutral,0.14,49.0,-0.1,7.0,1.6298,4.3,-1.6785732023775652,-0.9123124487503935,0.2866233699055252,-1.3886972313528143,0.18534239803751915
2025-05-07,stagflation,0.06,49.0,-0.1,7.0,1.6418,4.26,-1.662925493304905,-0.9062887243453107,0.2888830841436376,-1.3294746784959373,0.035714477685207496
2025-05-08,neutral,0.14,49.0,-0.1,7.0,1.6331,4.37,-1.6475842177838025,-0.9003046525374241,0.2911489981820726,-1.354249170900678,0.4559609723203339
2025-05-09,stagflation,0.06,49.0,-0.1,7.0,1.6351,4.37,-1.6325393047217323,-0.8943595342652675,0.29342117012064994,-1.335720645447868,0.4571072798936851
2025-05-12,neutral,0.14,49.0,-0.1,8.0,1.688,4.45,-1.6177811824201507,-0.8884526846837124,2.7207851030061745,-1.1120272669384752,0.7629400548029094
2025-05-13,stagflation,0.06,49.0,-0.1,8.0,1.6704,4.49,-1.6033007494837228,-0.8825834327541856,2.6770453393203155,-1.1749796522413625,0.9148366114475744
2025-05-14,neutral,0.14,49.0,-0.1,8.0,1.6736,4.53,-1.5890893479179122,-0.8767511208485465,2.63505334564086,-1.153289741514166,1.0653681864936317
2025-05-15,stagflation,0.06,49.0,-0.1,8.0,1.6798,4.45,-1.5751387382327549,-0.8709551043660697,2.594691715918593,-1.1195191187862128,0.7627067066954231
2025-05-16,neutral,0.14,49.0,-0.1,8.0,1.6793,4.43,-1.5614410763892603,-0.8651947513630136,2.5558538251654923,-1.113018596703451,0.6910406310459066
2025-05-19,stagflation,0.06,49.0,-0.1,8.0,1.6893,4.46,-1.5479888924401737,-0.8594694421942676,2.5184425874832717,-1.0639258574353923,0.8083389302198434
2025-05-20,neutral,0.14,49.0,-0.1,8.0,1.7004,4.48,-1.5347750707320054,-0.8537785691666008,2.4823693846973165,-1.0107083363278446,0.8858439190080838
2025-05-21,stagflation,0.06,49.0,-0.1,8.0,1.71,4.58,-1.5243444345242245,-0.8481215362030571,2.4475531385653326,-0.9638172939898826,1.2636639215457162
2025-05-22,neutral,0.14,49.0,-0.1,8.0,1.7186,4.54,-1.5140507088071073,-0.8424977585180539,2.4139195043551633,-0.9212122912248266,1.1049529087301853
2025-05-23,stagflation,0.06,49.0,-0.1,8.0,1.7208,4.51,-1.5038905722248819,-0.8369066623027727,2.381400167457552,-0.9050274562686929,0.9852380177713996
2025-05-26,neutral,0.14,49.0,-0.1,8.0,1.7201,4.51,-1.49386081485003,-0.8313476844204373,2.349932227823516,-0.9008683025146691,0.9798970156124982
2025-05-27,stagflation,0.06,49.0,-0.1,8.0,1.7261,4.43,-1.4839583334003728,-0.8258202721110984,2.3194576595498164,-0.8690822036391598,0.6756973877290985
2025-05-28,neutral,0.14,49.0,-0.1,8.0,1.6832,4.47,-1.4741801267049734,-0.8203238827055604,2.2899228350018133,-1.0397538741376735,0.8277972016707984
2025-05-29,stagflation,0.06,49.0,-0.1,8.0,1.6877,4.43,-1.4645232914037778,-0.8148579833480976,2.261278104555405,-1.0133712250595261,0.6748487640720883
2025-05-30,neutral,0.14,49.0,-0.1,8.0,1.6712,4.41,-1.4549850178666652,-0.809422050727627,2.2305039530601967,-1.0742797707309277,0.5969493450954438
2025-06-02,stagflation,0.06,49.5,-0.1,8.0,1.6712,4.46,-0.4586365817188366,-0.8040155708170165,2.2006981533783696,-1.06627274766952,0.7826146955929505
2025-06-03,neutral,0.14,49.5,-0.1,8.0,1.6764,4.46,-0.4586365817188366,-0.7986380386202192,2.171808062543282,-1.0365889759066371,0.7778219746751446
2025-06-04,stagflation,0.06,49.5,-0.1,8.0,1.6704,4.37,-0.4586365817188366,-0.793288957926941,2.143784965377229,-1.0538530084821305,0.4352247839582277
2025-06-05,neutral,0.14,49.5,-0.1,8.0,1.6741,4.4,-0.4586365817188366,-0.7879678410745592,2.1165837047732636,-1.030471742364148,0.5458670245046905
2025-06-06,stagflation,0.06,49.5,-0.1,8.0,1.6547,4.51,-0.4586365817188366,-0.7826742087170196,2.0901623536726888,-1.103842584140612,0.9562908456677852
2025-06-09,neutral,0.14,49.5,-0.1,8.0,1.6559,4.49,-0.4586365817188366,-0.7774075896004566,2.0644819232900904,-1.0905212725860431,0.8757547161389091
2025-06-10,stagflation,0.06,49.5,-0.1,8.0,1.6569,4.47,-0.4586365817188366,-0.7721675203452799,2.039506102943205,-1.078269296656751,0.7959756133566781
2025-06-11,neutral,0.14,49.5,-0.1,8.0,1.642,4.41,-0.4586365817188366,-0.7669535452344995,2.0152010275179895,-1.1328505958815367,0.5670791517264616
2025-06-12,stagflation,0.06,49.5,-0.1,7.9,1.6475,4.36,-0.4586365817188366,-0.7617652160080476,1.8024140100003407,-1.1011844434323173,0.3767095144856469
2025-06-13,neutral,0.14,49.5,-0.1,7.9,1.644,4.41,-0.4586365817188366,-0.7566020916628869,1.7840783624700816,-1.1075691359920226,0.5633444312572508
2025-06-16,stagflation,0.06,49.5,-0.1,7.9,1.6432,4.46,-0.4586365817188366,-0.7514637382586904,1.7661279592986414,-1.1024383321205051,0.7481649664278153
2025-06-17,neutral,0.14,49.5,-0.1,7.9,1.6364,4.39,-0.4586365817188366,-0.7463497287288862,1.7485481839721857,-1.1226794744484203,0.48446105401887246
2025-06-18,stagflation,0.06,49.5,-0.1,7.9,1.6384,4.38,-0.4586365817188366,-0.7412596426968776,1.7313251827584415,-1.1060314741643946,0.44879246857122346
2025-06-19,neutral,0.14,49.5,-0.1,7.9,1.6425,4.38,-0.4586365817188366,-0.736193066297248,1.714445814073319,-1.0804896214040929,0.44972209536383034
2025-06-20,stagflation,0.06,49.5,-0.1,7.9,1.6396,4.38,-0.4586365817188366,-0.7311495920017675,1.697897601899231,-1.0849016211141465,0.44936786312928545
2025-06-23,neutral,0.14,49.5,-0.1,7.9,1.6418,4.34,-0.4586365817188366,-0.7261288184500359,1.6816686928771998,-1.0677192347213622,0.29916075092991845
2025-06-24,stagflation,0.06,49.5,-0.1,7.9,1.648,4.3,-0.4586365817188366,-0.7211303502845828,1.6657478167349264,-1.0338640835189923,0.14830591756122743
2025-06-25,neutral,0.14,49.5,-0.1,7.9,1.6544,4.29,-0.4586365817188366,-0.7161537979902759,1.6501242497483468,-0.9994516301079336,0.1105184982344784
2025-06-26,stagflation,0.06,49.5,-0.1,7.9,1.6462,4.26,-0.4586365817188366,-0.7111987777378749,1.6347877809654408,-1.0277552937930337,-0.0017922705320558795
2025-06-27,neutral,0.14,49.5,-0.1,7.9,1.6462,4.29,-0.4586365817188366,-0.7071612373964552,1.6197286809486566,-1.0206766331461508,0.1109698824556028
2025-06-30,stagflation,0.06,49.5,-0.1,7.9,1.6469,4.24,-0.4586365817188366,-0.7031400465000508,1.6049376728167903,-1.0105680864611621,-0.07782046810841742
2025-07-01,neutral,0.14,49.7,-0.1,7.9,1.6433,4.26,-0.06170420675079781,-0.6991349872985114,1.5914513735097071,-1.0192042619016353,-0.003734876277712826
2025-07-02,stagflation,0.06,49.7,-0.1,7.9,1.6396,4.3,-0.06331270532804767,-0.6951458449919554,1.5782216710224601,-1.0282604651584393,0.14580734002005702
2025-07-03,neutral,0.14,49.7,-0.1,7.9,1.6407,4.35,-0.06492271804993145,-0.6911724076693533,1.5652416663296167,-1.0164349596416267,0.3313586354475331
2025-07-04,stagflation,0.06,49.7,-0.1,7.9,1.6433,4.35,-0.06653426004805219,-0.6872144662485202,1.5525048179357674,-0.9980699970613939,0.3285460743873745
2025-07-07,neutral,0.14,49.7,-0.1,7.9,1.6406,4.4,-0.06814734652787742,-0.6832718144174844,1.540004925508678,-1.0033152251744797,0.5135969810789862
2025-07-08,stagflation,0.06,49.7,-0.1,7.9,1.6444,4.42,-0.06976199276964695,-0.679344248577182,1.5277361148467798,-0.979705747818624,0.5859282495177943
2025-07-09,neutral,0.14,49.7,-0.1,7.9,1.6446,4.34,-0.07137821412921849,-0.6754315677854505,1.5156928240961534,-0.9720202234606432,0.2838147069176802
2025-07-10,stagflation,0.06,49.7,0.1,7.9,1.6616,4.35,-0.07299602603892184,-0.11534769827525808,1.5038697911416923,-0.8890111181614407,0.3198621644805508
2025-07-11,neutral,0.14,49.7,0.1,7.9,1.6653,4.43,-0.07461544400849254,-0.11424176040962976,1.4922620421056254,-0.8658586166425979,0.6179218010635618
2025-07-14,stagflation,0.06,49.7,0.1,8.3,1.6726,4.43,-0.07623648362587253,-0.11313590090505574,2.1848882666675404,-0.8262856217312071,0.6150710281373108
2025-07-15,neutral,0.14,49.7,0.1,8.3,1.6557,4.5,-0.07785916055814755,-0.11203011567995472,2.160283037528332,-0.8963240850814361,0.8721519589221072
2025-07-16,stagflation,0.06,49.7,0.1,8.3,1.6617,4.46,-0.07948349055249364,-0.11092440065284567,2.1364066730138824,-0.8620336506224195,0.7173446278487065
2025-07-17,neutral,0.14,49.7,0.1,8.3,1.663,4.47,-0.08110948943699069,-0.10981875174227354,2.1132266305502947,-0.849217635905774,0.7494980110720159
2025-07-18,stagflation,0.06,49.7,0.1,8.3,1.6652,4.44,-0.08273717312165865,-0.10871316486673206,2.0907125993898186,-0.8323479415065855,0.6320757115988522
2025-07-21,neutral,0.14,49.7,0.1,8.3,1.6774,4.38,-0.0852023877370154,-0.10760763594458937,2.068836321160406,-0.7697161800198915,0.4024387197681708
2025-07-22,stagflation,0.06,49.7,0.1,8.3,1.6907,4.35,-0.08767273517635989,-0.10650216089401188,2.0475714286494306,-0.7021495661702692,0.28347918993207905
2025-07-23,neutral,0.14,49.7,0.1,8.3,1.7041,4.4,-0.0901482803521426,-0.1053967356328886,2.0268933007424588,-0.6341600201730957,0.46594173675691614
2025-07-24,stagflation,0.06,49.7,0.1,8.3,1.7376,4.43,-0.09262908882739292,-0.1042913560787559,2.0067789317131144,-0.473132650751885,0.5738992437504924
2025-07-25,neutral,0.14,49.7,0.1,8.3,1.7324,4.4,-0.09511522682690056,-0.10318601814872098,1.9872068132954774,-0.49146830632479493,0.45404897307414865
2025-07-28,stagflation,0.06,49.7,0.1,8.3,1.7146,4.42,-0.09760676124846013,-0.10208071775938676,1.9681568281721655,-0.5684355936711963,0.5249739472611128
2025-07-29,neutral,0.14,49.7,0.1,8.3,1.7466,4.34,-0.10010375967432558,-0.10097545082677609,1.9496101536849288,-0.41231118875162187,0.21328995549892163
2025-07-30,stagflation,0.06,49.7,0.1,8.3,1.718,4.38,-0.10260629038302375,-0.09673567808141358,1.9301245594501373,-0.5409915684031864,0.3611361046368639
2025-07-31,neutral,0.14,49.7,0.1,8.3,1.7044,4.37,-0.10511442236117327,-0.0924806530449139,1.9111273130345638,-0.599494403116765,0.31633238839675193
2025-08-01,stagflation,0.06,49.3,0.1,8.3,1.7059,4.23,-0.9125343437840953,-0.08820998391177817,1.8926001923045153,-0.5862361289133093,-0.23436221060221482
2025-08-04,neutral,0.14,49.3,0.1,8.3,1.7083,4.22,-0.9111376984613067,-0.08392327093624727,1.8745260741157967,-0.5686193924012952,-0.2791677180575408
2025-08-05,stagflation,0.06,49.3,0.1,8.3,1.7061,4.22,-0.9097438465749175,-0.0796201061647238,1.856888860365637,-0.5731574802580691,-0.285669944446948
2025-08-06,neutral,0.14,49.3,0.1,8.3,1.6999,4.22,-0.9083527763139648,-0.07530007315802167,1.8396734106728319,-0.5971901730080755,-0.29295078368650157
2025-08-07,stagflation,0.06,49.3,0.1,8.3,1.6894,4.23,-0.9069644759355932,-0.07096274670296358,1.8228654810469278,-0.6423673430126795,-0.26160408313848393
2025-08-08,neutral,0.14,49.3,0.1,8.3,1.6891,4.27,-0.9055789337644864,-0.06660769251281938,1.806451667981858,-0.6377208950092462,-0.11057445288058525
2025-08-11,stagflation,0.06,49.3,0.0,8.3,1.7203,4.27,-0.9041961381923777,-0.34616963143808466,1.7904193574747926,-0.4776555576915225,-0.11784474000041209
2025-08-12,neutral,0.14,49.3,0.0,8.8,1.7271,4.29,-0.9028160776775612,-0.34122976821486567,2.5958602300809677,-0.43780928093438176,-0.04498685982815902
2025-08-13,stagflation,0.06,49.3,0.0,8.8,1.7262,4.24,-0.90143874074434,-0.3362814611237732,2.5582461377420747,-0.43612599693582194,-0.25763718106737654
2025-08-14,neutral,0.14,49.3,0.0,8.8,1.7341,4.29,-0.900064115982619,-0.3313241864996123,2.522080801920502,-0.39010987499915867,-0.06013556551121445
2025-08-15,stagflation,0.06,49.3,0.0,8.8,1.7465,4.33,-0.8986921920473607,-0.32635741142633584,2.4872758751270307,-0.3210734438451538,0.09815982004538756
2025-08-18,neutral,0.14,49.3,0.0,8.8,1.7872,4.34,-0.8973229576581163,-0.32138059330981844,2.453750667879629,-0.10723590180560834,0.13297348529357989
2025-08-19,stagflation,0.06,49.3,0.0,8.8,1.7725,4.3,-0.8959564015985614,-0.3163931794330995,2.4214313297643213,-0.17556564570768574,-0.04172571684773326
2025-08-20,neutral,0.14,49.3,0.0,8.8,1.782,4.29,-0.8991254806984111,-0.31139460649309064,2.3902501360345174,-0.11992301354705719,-0.09083997814498156
2025-08-21,stagflation,0.06,49.3,0.0,8.8,1.7667,4.33,-0.9023108286321129,-0.3063843001176749,2.3601448641041753,-0.19265181517577273,0.0713579967813446
2025-08-22,neutral,0.14,49.3,0.0,8.8,1.7818,4.26,-0.9055126132307624,-0.30136167436206146,2.331058246912413,-0.10726373039602669,-0.23924710764758034
2025-08-25,stagflation,0.06,49.3,0.0,8.8,1.7643,4.28,-0.9087310047496484,-0.29632613118318174,2.3029374922726222,-0.19252729349808867,-0.16424432049003468
2025-08-26,neutral,0.14,49.3,0.0,8.8,1.7598,4.26,-0.9119661759139908,-0.2912770598908413,2.2757338590667824,-0.20965888095324964,-0.26495424183172184
2025-08-27,stagflation,0.06,49.3,0.0,8.8,1.7988,4.24,-0.9152183019653738,-0.2862138365742499,2.2494022825823747,0.004401838419858853,-0.3689276729102769
2025-08-28,neutral,0.14,49.3,0.0,8.8,1.8478,4.22,-0.9184875607095483,-0.28040847394163043,2.2239010424761685,0.2733987956830205,-0.4780528293030123
2025-08-29,stagflation,0.06,49.3,0.0,8.8,1.8379,4.23,-0.9217741325652008,-0.27457259742595913,2.1991914678332187,0.22710588311153992,-0.4512341034907962
2025-09-01,neutral,0.14,49.4,0.0,8.8,1.8257,4.23,-0.7225941855320778,-0.26870485903414904,2.1752376746093813,0.1679728461084584,-0.46995485986563446
2025-09-02,stagflation,0.06,49.4,0.0,8.8,1.8167,4.28,-0.726848052910781,-0.2628038611553282,2.152006331431051,0.12516844460934395,-0.24819203059940326
2025-09-03,neutral,0.14,49.4,0.0,8.8,1.7984,4.22,-0.7311324378295428,-0.256868153645088,2.1294664503012783,0.030721257829321624,-0.564834445942409
2025-09-04,overheat,0.12,49.4,0.0,8.8,1.806,4.17,-0.7354478019416755,-0.25089623070647643,2.1075891992463536,0.0777705305819917,-0.843027372520288
2025-09-05,overheat,0.12,49.4,0.0,8.8,1.826,4.1,-0.739794616642985,-0.24488652755032808,2.0863477343468158,0.1930875293681283,-1.2304286504541222
2025-09-08,overheat,0.12,49.4,0.0,8.8,1.8514,4.05,-0.7441733633404436,-0.23883741681577733,2.06571704894496,0.33871250401860986,-1.5202432134845392
2025-09-09,overheat,0.12,49.4,0.0,8.8,1.8641,4.08,-0.7485845337299936,-0.23274720472985808,2.0456738381171897,0.4144586469371881,-1.3929784491554595
2025-09-10,overheat,0.12,49.4,-0.4,8.8,1.8992,4.04,-0.7530286300837784,-1.4439331377015259,2.026196376752904,0.6144747023520596,-1.6382282963807944
2025-09-11,overheat,0.12,49.4,-0.4,8.8,1.8743,4.01,-0.7575061655473349,-1.4333892321590849,2.007264409798886,0.48225673118699225,-1.8349918948598576
2025-09-12,overheat,0.12,49.4,-0.4,8.8,1.867,4.06,-0.7620176644470043,-1.4230349441502181,1.9888590534151656,0.4469590444649833,-1.5863484580371965
2025-09-15,overheat,0.12,49.4,-0.4,8.8,1.8724,4.05,-0.7665636626081499,-1.4128671373060002,1.9709627059499473,0.48428951291820693,-1.671421370243376
2025-09-16,overheat,0.12,49.4,-0.4,8.8,1.8527,4.04,-0.7711447076844643,-1.4028829036955295,1.9535589677814138,0.3836851576560797,-1.7647194964713204
2025-09-17,overheat,0.12,49.4,-0.4,8.8,1.8349,4.06,-0.7757613594989792,-1.393079560662292,1.936632569196243,0.291884838059149,-1.6778868157551459
2025-09-18,overheat,0.12,49.4,-0.4,8.8,1.8546,4.11,-0.771507813799344,-1.3834546484741954,1.9201693055816598,0.41554048335332533,-1.4240282257300492
2025-09-19,overheat,0.12,49.4,-0.4,8.8,1.8789,4.14,-0.7672739396815672,-1.3740059287935884,1.9041559793016685,0.567634005066679,-1.2772781178744221
2025-09-22,overheat,0.12,49.4,-0.4,8.8,1.8647,4.15,-0.7630594756485877,-1.364731383979953,1.888580347711297,0.49564407084398615,-1.24298257438388
2025-09-23,overheat,0.12,49.4,-0.4,8.8,1.877,4.12,-0.7588641641173273,-1.3556292172446553,1.8734310768366405,0.579897856919401,-1.4421219554094222
2025-09-24,overheat,0.12,49.4,-0.4,8.8,1.9022,4.16,-0.7546877513348659,-1.3466978536842642,1.8586977003146692,0.7424310571399062,-1.2015177928266447
2025-09-25,overheat,0.12,49.4,-0.4,8.8,1.884,4.18,-0.7505299872966252,-1.3379359422266075,1.844370583246864,0.6479599658558279,-1.0851083765028435
2025-09-26,overheat,0.12,49.4,-0.4,8.8,1.8768,4.2,-0.7463906256663628,-1.329342358532046,1.830440890675211,0.6182379490329912,-0.9670488519581169
2025-09-29,overheat,0.12,49.4,-0.4,8.8,1.887,4.15,-0.7422694236984985,-1.3184556730879313,1.8169005604397053,0.6936955288431839,-1.2889293013342216
2025-09-30,overheat,0.12,49.4,-0.4,8.8,1.8605,4.16,-0.7381661421619686,-1.3077146192557345,1.803742280223526,0.5413324729697576,-1.231014299191785
2025-10-01,overheat,0.12,49.8,-0.4,8.8,1.8605,4.12,0.09506058941614766,-1.297115485941745,1.785490553842907,0.5536172246257104,-1.48979767127671
2025-10-02,overheat,0.12,49.8,-0.4,8.8,1.8605,4.1,0.09506058941614766,-1.2866547012556835,1.7676376472182063,0.5655651671798481,-1.6247907861490392
2025-10-03,overheat,0.12,49.8,-0.4,8.8,1.8605,4.13,0.09506058941616247,-1.276328826517185,1.7501686849713003,0.5782820435660758,-1.442413878907791
2025-10-06,overheat,0.12,49.8,-0.4,8.8,1.8605,4.18,0.09506058941614766,-1.2661345506195916,1.7330695937647231,0.5898466849041666,-1.1260405327372804
2025-10-07,overheat,0.12,49.8,-0.4,8.8,1.8605,4.14,0.09506058941614766,-1.2560686847295355,1.7163270493066138,0.6024674627495032,-1.389708986026458
2025-10-08,overheat,0.12,49.8,-0.4,8.8,1.8605,4.13,0.09506058941614766,-1.2461281573025405,1.6999284276869875,0.6154433215184905,-1.4501784880614708
2025-10-09,overheat,0.12,49.8,-0.4,8.8,1.8466,4.14,0.09506058941614766,-1.2363100093964652,1.6838617606400188,0.5375175907267684,-1.3813809591488093
2025-10-10,overheat,0.12,49.8,-0.3,8.8,1.846,4.05,0.09506058941616247,-0.9168444584848845,1.6681156943706297,0.5489973061992642,-1.94510871331416
2025-10-13,overheat,0.12,49.8,-0.3,8.4,1.8383,4.05,0.09506058941614766,-0.9096025200597991,1.0740868031749822,0.512833254662575,-1.9297805297231514
2025-10-14,overheat,0.12,49.8,-0.3,8.4,1.8368,4.03,0.09506058941614766,-0.9024085923009907,1.0658076197994264,0.5184729004536979,-2.0364678087533457
2025-10-15,overheat,0.12,49.8,-0.3,8.4,1.8449,4.05,0.09506058941614766,-0.8952615681199914,1.0576057434052375,0.5930290878807115,-1.8911463605213292
2025-10-16,overheat,0.12,49.8,-0.3,8.4,1.8407,3.99,0.09506058941614766,-0.888160363032464,1.0494795385415576,0.5811735173974193,-2.239379615144549
2025-10-17,overheat,0.12,49.8,-0.3,8.4,1.8246,4.02,0.09506058941616247,-0.8811039143735514,1.0414274195601363,0.4822462991846467,-2.02947933779992
2025-10-20,overheat,0.12,49.8,-0.3,8.4,1.8498,4.0,0.09506058941614766,-0.8740911805445226,1.0334478491350363,0.686885931186315,-2.12743776584771
2025-10-21,overheat,0.12,49.8,-0.3,8.4,1.8357,3.98,0.09763984955078504,-0.8671211402896748,1.0255393368733998,0.6000806124023653,-2.2183817897319855
2025-10-22,overheat,0.12,49.8,-0.3,8.4,1.8293,3.97,0.10022509856938171,-0.860192792002557,1.017700438014629,0.5692216950964895,-2.2479889805677344
2025-10-23,overheat,0.12,49.8,-0.3,8.4,1.8391,4.01,0.10281641346520427,-0.8533051530606741,1.0099297522157835,0.6624730607541576,-1.9870425270093106
2025-10-24,overheat,0.12,49.8,-0.3,8.4,1.8486,4.02,0.1054138720729417,-0.8464572591879432,1.0022259224213075,0.7571192471629263,-1.9048177498501702
2025-10-27,overheat,0.12,49.8,-0.3,8.4,1.8423,4.01,0.10801755308367234,-0.8396481638442715,0.9945876338154863,0.7266736097785645,-1.9422704470926335
2025-10-28,overheat,0.12,49.8,-0.3,8.4,1.8179,3.99,0.11062753606027836,-0.8328769376417317,0.9870136128565065,0.5478346223198097,-2.035668655462802
2025-10-29,overheat,0.12,49.8,-0.3,8.4,1.8208,4.08,0.11324390145294379,-0.8260847421288836,0.9795026263911937,0.5892923401483291,-1.4996610055919357
2025-10-30,overheat,0.12,49.8,-0.3,8.4,1.8098,4.11,0.11586673061518951,-0.8193276737265043,0.9725873733792032,0.5136561548779248,-1.3144782914204602
2025-10-31,overheat,0.12,49.8,-0.3,8.4,1.7954,4.11,0.11849610582008145,-0.812604790918899,0.9657245287962927,0.40851479601816054,-1.3033772973031637
2025-11-03,overheat,0.12,49.0,-0.3,8.4,1.7944,4.13,-1.5488987544081356,-0.805915164530696,0.9589130638645067,0.4163951831666463,-1.1785714448686229
2025-11-04,overheat,0.12,49.0,-0.3,8.4,1.7984,4.1,-1.5342410154287862,-0.7992578770658327,0.952151973380134,0.4700591269466076,-1.339649355192295
2025-11-05,overheat,0.12,49.0,-0.3,8.4,1.7964,4.17,-1.519833007255693,-0.7926320220568062,0.9454402749521902,0.4733213141023721,-0.9311765219525164
2025-11-06,overheat,0.12,49.0,-0.3,8.4,1.81,4.11,-1.5056665347276899,-0.7860367034230534,0.9387770082693435,0.6190806806607729,-1.2648375983061284
2025-11-07,overheat,0.12,49.0,-0.3,8.4,1.8142,4.11,-1.4917337660526022,-0.7794710348373388,0.9321612343940177,0.6831706427380433,-1.2545760010178624
2025-11-10,overheat,0.12,49.0,0.2,8.4,1.8139,4.13,-1.478027212101432,0.8409113802793136,0.9255920350824127,0.7047151143834871,-1.131667865134328
2025-11-11,overheat,0.12,49.0,0.2,8.4,1.8119,4.13,-1.4645397071242539,0.8432903870856719,0.9190685121293353,0.7107848324091689,-1.1229841044065563
2025-11-12,overheat,0.12,49.0,0.2,8.2,1.8071,4.08,-1.4512643907739442,0.8456784176614824,0.6204181760652727,0.6876127328288879,-1.3972503775279868
2025-11-13,overheat,0.12,49.0,0.2,8.2,1.8126,4.11,-1.4381946913339336,0.8480755425781178,0.6160709013228615,0.7689790379791517,-1.2197908714988845
2025-11-14,overheat,0.12,49.0,0.2,8.2,1.814,4.14,-1.4253243100555437,0.8504818331745764,0.6117376617978133,0.8095760671168467,-1.0463098289610868
2025-11-17,overheat,0.12,49.0,0.2,8.2,1.8109,4.13,-1.4126472065192976,0.8528973615683526,0.6074182080421037,0.8005169607022851,-1.0976455293303036
2025-11-18,overheat,0.12,49.0,0.2,8.2,1.8121,4.12,-1.400157584941364,0.8553222006664938,0.6031122932942471,0.8366106299708431,-1.1509407472221065
2025-11-19,overheat,0.12,49.0,0.2,8.2,1.8179,4.13,-1.3885675550476018,0.857756424176853,0.5988196734075669,0.9183227652552207,-1.0921723940903714
2025-11-20,overheat,0.12,49.0,0.2,8.2,1.8135,4.1,-1.3771479394719848,0.8602001066195359,0.5945401067798176,0.8901962087386294,-1.2540590158718223
2025-11-21,overheat,0.12,49.0,0.2,8.2,1.8166,4.06,-1.3658942910106917,0.862653323338551,0.5902733542841441,0.9417696860821076,-1.4699075227223433
2025-11-24,overheat,0.12,49.0,0.2,8.2,1.821,4.04,-1.3548023435036876,0.8651161505136632,0.5860191792013165,1.0067369841583356,-1.5728898097237192
2025-11-25,overheat,0.12,49.0,0.2,8.2,1.8301,4.01,-1.3438680037991104,0.8675886651724589,0.5817773471531897,1.1276518850575592,-1.7290719432218786
2025-11-26,overheat,0.12,49.0,0.2,8.2,1.8462,4.0,-1.3330873442336735,0.8700709452026231,0.5775476260373598,1.323698873595645,-1.7703874570647724
2025-11-27,overheat,0.12,49.0,0.2,8.2,1.8537,4.0,-1.3224565955970893,0.8700709452026231,0.5733297859629479,1.409627955848338,-1.7557759905916301
2025-11-28,overheat,0.12,49.0,0.2,8.2,1.8412,4.02,-1.3119721405513123,0.8700709452026231,0.5691235991875162,1.2627302683262807,-1.6328454291366532
2025-12-01,overheat,0.12,49.2,0.2,8.2,1.8366,4.09,-0.9011233519424917,0.8700709452026231,0.5635973021118409,1.2074599373502568,-1.24337522833576
2025-12-02,overheat,0.12,49.2,0.2,8.2,1.8442,4.09,-0.8940052274823252,0.8700709452026231,0.5580783103271991,1.2885867784967975,-1.2334095453283873
2025-12-03,overheat,0.12,49.2,0.2,8.2,1.8519,4.06,-0.8869329686270885,0.8700709452026231,0.5525660495019897,1.366250413066482,-1.3836156751741138
2025-12-04,overheat,0.12,49.2,0.2,8.2,1.8718,4.11,-0.879905534678708,0.8700709452026231,0.5470599426761169,1.5800090787661927,-1.1057781165858898
2025-12-05,overheat,0.12,49.2,0.2,8.2,1.848,4.14,-0.8729219065315432,0.8700709452026231,0.5415594098839297,1.2998010688796988,-0.9370029896252183
2025-12-08,overheat,0.12,49.2,0.2,8.2,1.8499,4.17,-0.8659810860068125,0.8700709452026231,0.5360638677680837,1.312023475425265,-0.7691501322005667
2025-12-09,neutral,0.14,49.2,0.2,8.2,1.8425,4.18,-0.8590820952194921,0.8700709452026231,0.5305727291836227,1.2184344740459878,-0.7090225801319957
2025-12-10,stagflation,0.06,49.2,0.7,8.2,1.8447,4.13,-0.8522239759775125,2.4822610141407373,0.5250854027914703,1.2334868549798108,-0.971726460243462
2025-12-11,neutral,0.14,49.2,0.7,8.2,1.8404,4.14,-0.8454057892125866,2.449487169511849,0.5196012926405295,1.176264955842099,-0.9106220055787781
2025-12-12,stagflation,0.06,49.2,0.7,8.0,1.8396,4.19,-0.8386266144426608,2.417767167985469,0.21721976086164813,1.1595286557494475,-0.6329732968270023
2025-12-15,neutral,0.14,49.2,0.7,8.0,1.8488,4.18,-0.8318855492659397,2.387043391464151,0.21241222258042897,1.2529220704999997,-0.6812484728327821
2025-12-16,stagflation,0.06,49.2,0.7,8.0,1.8458,4.15,-0.8251817088862745,2.35726255009832,0.20758828431848086,1.2095982398869078,-0.8390065404822878
2025-12-17,neutral,0.14,49.2,0.7,8.0,1.834,4.16,-0.8185142256706837,2.328375272399473,0.20274737115869246,1.0702292103062045,-0.7774818352651847
2025-12-18,stagflation,0.06,49.2,0.7,8.0,1.8356,4.12,-0.8118822487389216,2.300335741849418,0.1978888949851511,1.079491290411752,-0.9905613076998295
2025-12-19,neutral,0.14,49.2,0.7,8.0,1.8308,4.16,-0.805218067773321,2.273101373895891,0.19301225393937024,1.0181330144739418,-0.7631452967875503
2025-12-22,stagflation,0.06,49.2,0.7,8.0,1.8415,4.17,-0.7985862784989649,2.2466325281330897,0.1881168318519206,1.1286555017888003,-0.7014094389894053
2025-12-23,neutral,0.14,49.2,0.7,8.0,1.8352,4.18,-0.7919859883497021,2.220892251223767,0.18320199764809741,1.0508410635277465,-0.6396309457279958
2025-12-24,stagflation,0.06,49.2,0.7,8.0,1.8356,4.15,-0.7854163153696684,2.1958460467548373,0.17826710472609036,1.0478793413151393,-0.8012956007569532
2025-12-25,neutral,0.14,49.2,0.7,8.0,1.8386,4.15,-0.7788763876034939,2.1714616687526567,0.17331149030610635,1.0735358357318059,-0.7958963338708668
2025-12-26,stagflation,0.06,49.2,0.7,8.0,1.8376,4.14,-0.7723653424940201,2.1477089360350123,0.16833447474871593,1.0546281604786207,-0.8473201029366667
2025-12-29,neutral,0.14,49.2,0.7,8.0,1.8584,4.12,-0.7658823262870967,2.1245595649585747,0.16333536084062494,1.2780710212894184,-0.9567593043654179
2025-12-30,stagflation,0.06,49.2,0.7,8.0,1.8582,4.14,-0.7594264934419849,2.0995891202956134,0.1583134330459527,1.2656896949342982,-0.8391383282916942
2025-12-31,neutral,0.14,49.2,0.7,8.0,1.8473,4.18,-0.7529970060465108,2.075286035290051,0.15428871503533367,1.1340506375082422,-0.6014665613494244
2026-01-01,stagflation,0.06,50.1,0.7,8.0,1.8473,4.18,1.146666186070847,2.051619252284712,0.1502538905710379,1.1251050841605719,-0.5974932729302065
2026-01-02,neutral,0.14,50.1,0.7,8.0,1.8473,4.19,1.146666186070832,2.0285597038048886,0.14620866704066504,1.1164430175266833,-0.5311234944790746
2026-01-05,stagflation,0.06,50.1,0.7,8.0,1.8584,4.17,1.146666186070832,2.0060801511660165,0.14215274708569542,1.231343143233641,-0.6474763864546044
2026-01-06,neutral,0.14,50.1,0.7,8.0,1.8829,4.18,1.146666186070847,1.9841550388079687,0.1380858284487761,1.493012328259893,-0.5799852929122672
2026-01-07,stagflation,0.06,50.1,0.7,8.0,1.9019,4.15,1.146666186070847,1.9627603625755188,0.13400760381598062,1.6885739923997236,-0.7605527962107557
2026-01-08,neutral,0.14,50.1,0.7,8.0,1.8905,4.19,1.146666186070847,1.9418735503932074,0.129917760653871,1.547165069906827,-0.5043471583322158
2026-01-09,stagflation,0.06,50.1,0.7,8.0,1.8782,4.18,1.146666186070832,1.9214733539787532,0.1258159810410831,1.397973483768241,-0.5612841145698042
2026-01-12,neutral,0.14,50.1,0.8,8.5,1.8585,4.19,1.146666186070832,2.162617744929267,0.899534355616572,1.169476944847711,-0.4918370559594459
2026-01-13,stagflation,0.06,50.1,0.8,8.5,1.8519,4.18,1.146666186070847,2.135850408331443,0.8923719472608457,1.0875015919941071,-0.5502154742859392
2026-01-14,neutral,0.14,50.1,0.8,8.5,1.8494,4.15,1.146666186070847,2.10983918515842,0.885254427160858,1.0517406145297026,-0.7384797821523565
2026-01-15,stagflation,0.06,50.1,0.8,8.5,1.8544,4.17,1.146666186070847,2.0845469561156054,0.8781807079152414,1.0990461288967261,-0.6021616635827806
2026-01-16,neutral,0.14,50.1,0.8,8.5,1.8424,4.24,1.146666186070832,2.059939108191943,0.8711497215776394,0.9579970108212252,-0.13622912111978328
2026-01-19,stagflation,0.06,50.1,0.8,8.5,1.8393,4.24,1.146666186070832,2.035983320717682,0.8641604188482878,0.91625223463299,-0.12965187060971084
2026-01-20,neutral,0.14,50.1,0.8,8.5,1.8326,4.3,1.146666186070847,2.012649373345723,0.8572117682880978,0.8345310680693391,0.2786618508779369
2026-01-21,stagflation,0.06,50.1,0.8,8.5,1.8312,4.26,1.137457325848903,1.989908973348732,0.8503027555538348,0.812166615902713,0.018211230186828548
2026-01-22,neutral,0.14,50.1,0.8,8.5,1.8425,4.26,1.1283417821100468,1.9677355999758408,0.8434323826531082,0.9321355298602191,0.025334078398373955
2026-01-23,stagflation,0.06,50.1,0.8,8.5,1.8298,4.24,1.119317279047645,1.9461043639115265,0.8365996672178343,0.7824418145820929,-0.10567127244667744
2026-01-26,neutral,0.14,50.1,0.8,8.5,1.8242,4.22,1.1103816071290673,1.9249918801339985,0.8298036417949679,0.7130479284364197,-0.23647067662054655
2026-01-27,stagflation,0.06,50.1,0.8,8.5,1.8311,4.24,1.1015326203956937,1.9043761526882128,0.8230433531532557,0.7854986330061176,-0.09349894554340817
2026-01-28,neutral,0.14,50.1,0.8,8.5,1.8164,4.26,1.0927682338895919,1.8930205495073331,0.8163178616048589,0.611092998975431,0.05101928216145415
2026-01-29,stagflation,0.06,50.1,0.8,8.5,1.8174,4.24,1.0840864211997583,1.8818179853520747,0.8096262403406947,0.6164640030262889,-0.07962751021263338
2026-01-30,neutral,0.14,50.1,0.8,8.5,1.8112,4.26,1.075485212120741,1.8707648329766036,0.803101630170666,0.5389243630214057,0.07061088066410921
2026-02-02,stagflation,0.06,49.3,0.8,8.5,1.82,4.29,-0.6090806558292717,1.859857584769941,0.7966118779780178,0.6347256355905241,0.29096209031475123
2026-02-03,neutral,0.14,49.3,0.8,8.5,1.8172,4.28,-0.6115940725239316,1.8490928477183715,0.7901562694342037,0.5962239700635666,0.22630320506682888
2026-02-04,stagflation,0.06,49.3,0.8,8.5,1.8193,4.29,-0.6141173350499647,1.8384673386249566,0.7837341102956561,0.6153005501315048,0.30434715835677584
2026-02-05,neutral,0.14,49.3,0.8,8.5,1.8169,4.21,-0.6166505323840036,1.8279778795707842,0.7773447265727175,0.582211624256555,-0.26291709263422675
2026-02-06,stagflation,0.06,49.3,0.8,8.5,1.8102,4.22,-0.6191937545916153,1.8176213936036307,0.7709874647747446,0.49840456278084366,-0.18305370955399852
2026-02-09,neutral,0.14,49.3,0.8,8.5,1.8114,4.22,-0.6217470928447137,1.8073949006406846,0.7646616922376157,0.5072651767123559,-0.17614820850490717
2026-02-10,stagflation,0.06,49.3,0.2,8.5,1.8094,4.16,-0.6243106394396177,0.4045659218923284,0.7583667975408994,0.4797574119584557,-0.6118402829428615
2026-02-11,neutral,0.14,49.3,0.2,8.5,1.7994,4.18,-0.6268844878150877,0.40823257320708134,0.7521021910228612,0.36075543409409205,-0.45882455495444696
2026-02-12,overheat,0.12,49.3,0.2,9.0,1.7893,4.09,-0.6294687325710251,0.4119200712132137,1.5575203460481464,0.2396279890049141,-1.1160608650580246
2026-02-13,overheat,0.12,49.3,0.2,9.0,1.7928,4.04,-0.6320634694873939,0.41562872315880595,1.5462418420938442,0.27760497157333475,-1.4725844903670964
2026-02-16,overheat,0.12,49.3,0.2,9.0,1.7899,4.04,-0.6346687955434439,0.41935884226021686,1.5352011608828329,0.2420798774600484,-1.4594264638188914
2026-02-17,overheat,0.12,49.3,0.2,9.0,1.7899,4.05,-0.6372848089376272,0.4231107478564728,1.524394535563453,0.23876915442415772,-1.3754692919934757
2026-02-18,overheat,0.12,49.3,0.2,9.0,1.7899,4.09,-0.6312411478279204,0.42688476556856236,1.5138185323106867,0.2347029446623991,-1.0799227655942172
2026-02-19,overheat,0.12,49.3,0.2,9.0,1.7899,4.08,-0.6252078282799288,0.43068122746382503,1.5034700464997586,0.23110085227215282,-1.1457031921558476
2026-02-20,overheat,0.12,49.3,0.2,9.0,1.7899,4.08,-0.6191840596349,0.43450047222562516,1.493346300258741,0.22751096662701625,-1.1372017313254994
2026-02-23,overheat,0.12,49.3,0.2,9.0,1.7899,4.03,-0.6131690456919334,0.4383428453285174,1.4834448414180461,0.22545335400697236,-1.485767436248246
2026-02-24,overheat,0.12,49.3,0.2,9.0,1.8023,4.04,-0.6071619839553627,0.44220869921911227,1.4737635438872343,0.3713154863271755,-1.4011114550605512
2026-02-25,overheat,0.12,49.3,0.2,9.0,1.8158,4.05,-0.6011620648547145,0.43605193154332467,1.464300609502894,0.530054121084997,-1.3197586187314925
2026-02-26,overheat,0.12,49.3,0.2,9.0,1.8288,4.02,-0.595168470934975,0.4298720597974889,1.4550545714056218,0.6875684536255938,-1.5205970122651054
2026-02-27,overheat,0.12,49.3,0.2,9.0,1.7877,3.97,-0.5891803760140818,0.4236674762836093,1.4460242990196615,0.20482938779349516,-1.8559270382235145
2026-03-02,overheat,0.12,49.0,0.2,9.0,1.7761,4.05,-1.2356931244617222,0.4174365065115781,1.437209004725792,0.07169685617961535,-1.278480554808255
2026-03-03,overheat,0.12,49.0,0.2,9.0,1.7807,4.06,-1.2263315224475562,0.41117740422608434,1.428608252336885,0.12868553726798787,-1.1980820532574254
2026-03-04,overheat,0.12,49.0,0.2,9.0,1.7768,4.09,-1.2170877887637763,0.4048883459991874,1.4202219675066439,0.08845022660957895,-0.979094741204729
2026-03-05,neutral,0.14,49.0,0.2,9.0,1.7779,4.13,-1.2079596005169317,0.39856742534104933,1.4120504502256979,0.10719909237675106,-0.6924757379552744
2026-03-06,stagflation,0.06,49.0,0.2,9.0,1.781,4.15,-1.1989447358145036,0.39221264627518293,1.4040943895861082,0.1489454394775869,-0.54859161294704
2026-03-09,neutral,0.14,49.0,0.2,9.0,1.8054,4.12,-1.1900410712452552,0.3858219163175287,1.3963548810259314,0.44296658736581057,-0.7554497176690387
2026-03-10,stagflation,0.06,49.0,1.3,9.0,1.8055,4.15,-1.1812465796060072,3.1186311305452397,1.388833446300587,0.44667585124072773,-0.5415470518029745
2026-03-11,neutral,0.14,49.0,1.3,9.0,1.8075,4.21,-1.172559327871188,3.0621421190730063,1.381532056468214,0.47282664497477894,-0.11664729703087502
2026-03-12,stagflation,0.06,49.0,1.3,9.0,1.8052,4.27,-1.163977475401376,3.0085223836394603,1.3744531582230288,0.4459412269010956,0.3065618872188931
2026-03-13,neutral,0.14,49.0,1.3,9.0,1.8143,4.28,-1.1554992723891915,2.957544778658683,1.3675997039651338,0.5542183194716646,0.3793396185936736
2026-03-16,stagflation,0.06,49.0,1.3,9.0,1.8312,4.23,-1.1471230585421,2.909007287211128,1.3609751860588506,0.7556798168031962,0.031382544363361055
2026-03-17,neutral,0.14,49.0,1.3,9.0,1.8314,4.2,-1.138847262002457,2.8627295918356617,1.3545836758062177,0.7567475504923565,-0.17851201020050841
2026-03-18,stagflation,0.06,49.0,1.3,9.0,1.8175,4.26,-1.1306703985074895,2.8185502032145946,1.3484298677501418,0.5895420113391466,0.24433945308316288
2026-03-19,neutral,0.14,49.0,1.3,9.0,1.8252,4.25,-1.1256338465575513,2.7763240427396774,1.3425191300255077,0.6810025115590747,0.17152835432426347
2026-03-20,stagflation,0.06,49.0,1.3,9.0,1.8299,4.39,-1.1207880270779025,2.73592039671887,1.3368575615997869,0.7347403053374116,1.1520198583979584
2026-03-23,neutral,0.14,49.0,1.3,9.0,1.8316,4.34,-1.1161400498004017,2.6972211767320746,1.3314520573915472,0.7494281506273424,0.7931487178727509
2026-03-24,stagflation,0.06,49.0,1.3,9.0,1.8272,4.39,-1.1116978339011954,2.6601194336304808,1.326310382430886,0.6913554209071547,1.1377010846216478
2026-03-25,neutral,0.14,49.0,1.3,9.0,1.8233,4.33,-1.1074701972249568,2.6245180828189896,1.321441256436984,0.6384838879236964,0.7081649361893261
2026-03-26,stagflation,0.06,49.0,1.3,9.0,1.8194,4.42,-1.1034669586145571,2.5903288064422854,1.3168544504425208,0.5856193005499378,1.3351008486539322
2026-03-27,neutral,0.14,49.0,1.3,9.0,1.8172,4.44,-1.0996990556117796,2.557471104415812,1.312560897403338,0.5530848247051007,1.468548645551582
2026-03-30,stagflation,0.06,49.0,1.3,9.0,1.8063,4.35,-1.096178680258848,2.5143306506339793,1.3085728191073638,0.41508665099329045,0.8392459492266773
2026-03-31,neutral,0.14,49.0,1.3,9.0,1.8171,4.3,-1.0929194363061046,2.4729361938365524,1.304903872156243,0.5405824012048907,0.4955360210319771
2026-04-01,stagflation,0.06,50.4,1.3,9.0,1.8244,4.33,2.283767472424573,2.4331677493387858,1.3015693163578201,0.6236223120750161,0.7099568046716911
2026-04-02,neutral,0.14,50.4,1.3,9.0,1.8209,4.31,2.2900256908712855,2.394916588400542,1.2985862095652838,0.5747666334409499,0.5699396453517467
2026-04-03,stagflation,0.06,50.4,1.3,9.0,1.8199,4.35,2.2963275669895498,2.358083913774411,1.2959736338653343,0.5564056200001171,0.8507543098664463
2026-04-06,neutral,0.14,50.4,1.3,9.0,1.8199,4.34,2.3026736295340684,2.3225797210000305,1.293752959100282,0.5503865381347224,0.7799751464176768
2026-04-07,stagflation,0.06,50.4,1.3,9.0,1.8171,4.33,2.3090644163024523,2.288321815412343,1.2919481510692752,0.5096644816153755,0.7096258928163414
2026-04-08,neutral,0.14,50.4,1.3,9.0,1.8136,4.29,2.3155004743352463,2.255234960299639,1.2905861334740985,0.4603478342629874,0.43150980535921446
2026-04-09,stagflation,0.06,50.4,1.3,9.0,1.8192,4.29,2.3219823601215617,2.2232501360135655,1.2896972148647288,0.5242640514239939,0.4361666147503362
2026-04-10,neutral,0.14,50.4,1.0,9.0,1.8128,4.31,2.328510639810234,1.5960203054244322,1.289315594646965,0.4381193548935857,0.5825199027609517
2026-04-13,stagflation,0.06,50.4,1.0,8.5,1.7933,4.3,2.3350858894267863,1.5804930823343606,0.25292008925180576,0.1868144741447668,0.5118579439642018
2026-04-14,neutral,0.14,50.4,1.0,8.5,1.7829,4.26,2.3417086950964667,1.5652444662360705,0.2445482190555859,0.049374981577875385,0.22708475423553878
2026-04-15,stagflation,0.06,50.4,1.0,8.5,1.7809,4.29,2.3483796532733043,1.550264932064332,0.23599740635727892,0.01738111906243953,0.4395411403982619
2026-04-16,neutral,0.14,50.4,1.0,8.5,1.7812,4.32,2.355099370975726,1.5355453958217786,0.22725168641987722,0.013355713513376659,0.6496504840736643
2026-04-17,stagflation,0.06,50.4,1.0,8.5,1.7623,4.26,2.3618684660286933,1.5210771883747538,0.21829300611647615,-0.2389462290636014,0.21896670034129204
2026-04-20,neutral,0.14,50.4,1.0,8.5,1.7627,4.26,2.328267775101114,1.5068520311247038,0.20910083457632497,-0.24286435207284682,0.21867204293934936
2026-04-21,stagflation,0.06,50.4,1.0,8.5,1.751,4.3,2.2958139538207134,1.4928620133982176,0.1996516786579704,-0.40585238277250607,0.5053055450350343
2026-04-22,neutral,0.14,50.4,1.0,8.5,1.7389,4.3,2.2644408767892124,1.479099571413806,0.1899184739509811,-0.5761042243790385,0.5076306601840863
2026-04-23,stagflation,0.06,50.4,1.0,8.5,1.7548,4.34,2.2340876884685166,1.4655574686968336,0.17986981095103943,-0.37422012214676703,0.7919303063464957
2026-04-24,neutral,0.14,50.4,1.0,8.5,1.7601,4.31,2.20469827606665,1.452228777825981,0.16946893997469262,-0.31163096681763064,0.5758292222511848
2026-04-27,stagflation,0.06,50.4,1.0,8.5,1.7697,4.35,2.176220805599542,1.4391068634053177,0.15867247456861347,-0.1909024712041698,0.8625016539682018
2026-04-28,recession,0.1,50.4,1.0,8.5,1.7654,4.36,2.14860731237236,1.426185366165668,0.14742867719079167,-0.25856310636644647,0.9344930465565909
2026-04-29,recession,0.1,50.4,1.0,8.5,1.7444,4.42,2.1218133384956963,1.4134581881075778,0.14255473875027153,-0.5514087597318337,1.3658786324952514
2026-04-30,recession,0.1,50.4,1.0,8.5,1.7473,4.4,2.095797611185337,1.4009194786059578,0.13765881378150455,-0.5179792880406779,1.2302051723292322
2026-05-01,recession,0.1,50.3,1.0,8.5,1.7473,4.39,1.8435831715669424,1.3885636214034642,0.1327402305658377,-0.5242170750716302,1.1701771059740318
2026-05-04,recession,0.1,50.3,1.0,8.5,1.7473,4.45,1.8243797688146517,1.3763852224259903,0.12779829984973004,-0.52990656133223,1.6041500724279811
2026-05-05,recession,0.1,50.3,1.0,8.5,1.7473,4.43,1.805610741986423,1.3643790983593318,0.12283231411590871,-0.5357036520409003,1.4594924169433292
2026-05-06,recession,0.1,50.3,1.0,8.5,1.7654,4.36,1.7872592206547837,1.3525402659312389,0.11784154681934902,-0.28776577791719854,0.9597079146432138
2026-05-07,recession,0.1,50.3,1.0,8.5,1.7631,4.41,1.7693092708054423,1.3408639318477371,0.11282525158591161,-0.32440710659083066,1.3290012477889208
2026-05-08,recession,0.1,50.3,1.0,8.5,1.7648,4.38,1.7517458305443843,1.3293454833368044,0.1077826613714588,-0.30418653101097115,1.1283953687779298
2026-05-11,recession,0.1,50.3,1.2,8.5,1.7622,4.42,1.7345546512186842,1.6919874804783244,0.10271298757898313,-0.34384169099102924,1.4358830378362393
2026-05-12,recession,0.1,50.3,1.2,8.6,1.7592,4.46,1.7177222434254114,1.6747397632462964,0.3697598767523719,-0.3889242200966702,1.7387561914168104
2026-05-13,recession,0.1,50.3,1.2,8.6,1.7514,4.46,1.7012358274425354,1.6578332351198062,0.36433410038476566,-0.5016554087423175,1.7452131765228682
2026-05-14,recession,0.1,50.3,1.2,8.6,1.7588,4.47,1.6850832876661541,1.6412553611351717,0.358894584822799,-0.39914648903001465,1.814974120185336
2026-05-15,recession,0.1,50.3,1.2,8.6,1.7658,4.59,1.6692531306833798,1.624994235219403,0.3534405229960375,-0.30580350694670105,2.682684342491193
2026-05-18,recession,0.1,50.3,1.2,8.6,1.7585,4.61,1.653734446649956,1.6090385399317761,0.3479710878420593,-0.4152804790501656,2.7932168653491596
2026-05-19,recession,0.1,50.3,1.2,8.6,1.7345,4.67,1.638516873676196,1.593377509312574,0.3424854312587104,-0.7652262769852595,3.1693941748114502
2026-05-20,recession,0.1,50.3,1.2,8.6,1.7382,4.57,1.6228853525738944,1.5780008945592725,0.3369826829997723,-0.7192309592606171,2.4331157565296992
2026-05-21,recession,0.1,50.3,1.2,8.6,1.7448,4.57,1.6075397497116757,1.562898932279137,0.3314619495101884,-0.6307476034192074,2.414667270650731
2026-05-22,recession,0.1,50.3,1.2,8.6,1.7519,4.56,1.5924703191970673,1.548062315092558,0.3259223126965426,-0.5354195499368246,2.3178467733105905
2026-05-25,recession,0.1,50.3,1.2,8.6,1.7484,4.56,1.5776677694717713,1.533482164383995,0.3203628286280384,-0.5935758710264983,2.295439809784675
2026-05-26,recession,0.1,50.3,1.2,8.6,1.7405,4.5,1.5631232362561633,1.51915000501737,0.31478252616315383,-0.7189931163954939,1.8787076258994202
2026-05-27,recession,0.1,50.3,1.2,8.6,1.7216,4.48,1.548828257437968,1.5050577418505733,0.3091804054964277,-1.007048360264594,1.740432614030974
2026-05-28,recession,0.1,50.3,1.2,8.6,1.7193,4.45,1.5347747497421318,1.491197637899594,0.3035554366194715,-1.0506386228716262,1.533133656321139
2026-05-29,recession,0.1,50.3,1.2,8.6,1.709,4.45,1.5209549870339676,1.477562294016955,0.29790655768994523,-1.2163477573865265,1.529657321115095
2026-06-01,recession,0.1,50.0,1.2,8.6,1.7009,4.47,0.8716280635883807,1.4641446299617786,0.29161903071870915,-1.3485538507938315,1.6595053153705657
2026-06-02,recession,0.1,50.0,1.2,8.6,1.7036,4.46,0.866143024486928,1.4509378667501525,0.2852875799378241,-1.3197322849360802,1.5856048404223522
2026-06-03,recession,0.1,50.0,1.2,8.6,1.7128,4.49,0.8606908281325276,1.4379355101846232,0.27891006009392666,-1.1928712178892829,1.7901357536002698
2026-06-04,recession,0.1,50.0,1.2,8.6,1.7081,4.47,0.8552709372294367,1.425131335470762,0.27248422320817556,-1.2792820571704981,1.644585472158991
2026-06-05,recession,0.1,50.0,1.2,8.6,1.7207,4.55,0.8498828245545761,1.4125193728369558,0.26600771115600674,-1.0996965559067513,2.17549665101102
2026-06-08,recession,0.1,50.0,1.2,8.6,1.7275,4.56,0.8445259726891149,1.4000938940809484,0.2594780475900054,-1.0080312675337502,2.221416752558866
2026-06-09,recession,0.1,50.0,1.2,8.6,1.7376,4.53,0.8391998737583295,1.387849399973329,0.25289262913475485,-0.8643025477855624,2.0013889337386668
2026-06-10,recession,0.1,50.0,1.2,8.6,1.7476,4.55,0.8339040291794274,1.3757806084541517,0.24624871577337337,-0.7199667467973989,2.113852127898442
2026-06-11,recession,0.1,50.0,1.2,8.6,1.7475,4.45,0.828637949417039,1.3638824435643087,0.23954342033527773,-0.7350240974103395,1.4346803678211362
2026-06-12,recession,0.1,50.0,1.2,8.6,1.7427,4.48,0.8234011537460837,1.3521500250581908,0.23277369698248132,-0.8255212638696268,1.6216791118643048
2026-06-15,recession,0.1,50.0,1.2,8.6,1.7446,4.47,0.818193170021824,1.3405786586486093,0.2259363285779877,-0.8092211672724923,1.5424392123893924
2026-06-16,recession,0.1,50.0,1.2,8.6,1.7324,4.43,0.813013534456627,1.3291638268389925,0.2190279128040044,-1.0260036244928346,1.2706345779810837
2026-06-17,recession,0.1,50.0,1.2,8.6,1.727,4.49,0.8078617914034807,1.3179011803015301,0.2120448468789495,-1.1319666048567618,1.6503442451537724
2026-06-18,recession,0.1,50.0,1.2,8.6,1.7299,4.46,0.8043567874707069,1.3067865297632686,0.20498331070079506,-1.1006422598268053,1.4425866666753449
2026-06-19,recession,0.1,50.0,1.2,8.6,1.7299,4.46,0.8008666832737846,1.295815838365183,0.19783924821922896,-1.1196001653547578,1.4329791897391737
2026-06-22,recession,0.1,50.0,1.2,8.6,1.7375,4.51,0.7973913195308432,1.2849852144620153,0.19060834680971384,-1.007867235706418,1.7449701416397247
2026-06-23,recession,0.1,50.0,1.2,8.6,1.7437,4.5,0.7939305390763451,1.274290904833187,0.1832860143881182,-0.9183759099225334,1.6687652762960665
2026-06-24,recession,0.1,50.0,1.2,8.6,1.7454,4.41,0.7904841868230027,1.2637292882773683,0.17586735396420666,-0.907959477858492,1.0887964509186734
2026-06-25,recession,0.1,50.0,1.2,8.6,1.7351,4.4,0.7870521097246621,1.2532968695654174,0.1683471352845021,-1.1120251418964342,1.0255178410956032
2026-06-26,recession,0.1,50.0,1.2,8.6,1.7314,4.38,0.7836341567399825,1.242990273728288,0.16071976315839628,-1.1999801256254337,0.894994391387436
2026-06-29,recession,0.1,50.0,1.2,8.6,1.717,4.38,0.780230178796743,1.2327528330585837,0.1529792419945324,-1.4794086495216954,0.8936799685051048
2026-06-30,recession,0.1,50.0,1.2,8.6,1.733,4.44,0.7768400287571278,1.2226349620139154,0.1451191359941086,-1.200016003594714,1.2788654359760496
