date,coverage,coverage_gap,downside_violation,upside_violation,alert_level,trigger_confidence,fired
2020-11-20,,,,,green,no_fire,0
2020-11-23,,,,,green,no_fire,0
2020-11-24,,,,,green,no_fire,0
2020-11-25,,,,,green,no_fire,0
2020-11-26,0.9894736842105264,0.0,0.010526315789473684,0.0,green,no_fire,0
2020-11-27,0.9912280701754387,0.0,0.008771929824561403,0.0,green,no_fire,0
2020-11-30,0.9924812030075189,0.0,0.007518796992481203,0.0,green,no_fire,0
2020-12-01,0.993421052631579,0.0,0.006578947368421052,0.0,green,no_fire,0
2020-12-02,0.9941520467836258,0.0,0.005847953216374269,0.0,green,no_fire,0
2020-12-03,0.994736842105263,0.0,0.005263157894736842,0.0,green,no_fire,0
2020-12-04,0.992822966507177,0.0,0.004784688995215311,0.0023923444976076554,green,no_fire,0
2020-12-07,0.9934210526315788,0.0,0.0043859649122807015,0.0021929824561403508,green,no_fire,0
2020-12-08,0.9939271255060728,0.0,0.004048582995951417,0.0020242914979757085,green,no_fire,0
2020-12-09,0.9943609022556392,0.0,0.0037593984962406013,0.0018796992481203006,green,no_fire,0
2020-12-10,0.994736842105263,0.0,0.0035087719298245615,0.0017543859649122807,green,no_fire,0
2020-12-11,0.993421052631579,0.0,0.004934210526315789,0.001644736842105263,green,no_fire,0
2020-12-14,0.9938080495356038,0.0,0.0046439628482972135,0.001547987616099071,green,no_fire,0
2020-12-15,0.9941520467836258,0.0,0.0043859649122807015,0.0014619883040935672,green,no_fire,0
2020-12-16,0.9944598337950139,0.0,0.0041551246537396115,0.0013850415512465374,green,no_fire,0
2020-12-17,0.9947368421052633,0.0,0.003947368421052633,0.0013157894736842105,green,no_fire,0
2020-12-18,0.9947368421052633,0.0,0.003947368421052633,0.0013157894736842105,green,skip_trend,0
2020-12-21,0.9947368421052633,0.0,0.003947368421052633,0.0013157894736842105,green,skip_trend,0
2020-12-22,0.9973684210526317,0.0,0.0013157894736842105,0.0013157894736842105,green,no_fire,0
2020-12-23,0.9960526315789474,0.0,0.0013157894736842105,0.002631578947368421,green,no_fire,0
2020-12-24,0.9947368421052633,0.0,0.002631578947368421,0.002631578947368421,green,no_fire,0
2020-12-25,0.9947368421052633,0.0,0.002631578947368421,0.002631578947368421,green,no_fire,0
2020-12-28,0.993421052631579,0.0,0.002631578947368421,0.003947368421052633,green,no_fire,0
2020-12-29,0.9921052631578948,0.0,0.002631578947368421,0.005263157894736842,green,no_fire,0
2020-12-30,0.9921052631578948,0.0,0.002631578947368421,0.005263157894736842,green,no_fire,0
2020-12-31,0.9921052631578948,0.0,0.002631578947368421,0.005263157894736842,green,skip_trend,0
2021-01-04,0.993421052631579,0.0,0.002631578947368421,0.003947368421052633,green,skip_trend,0
2021-01-05,0.993421052631579,0.0,0.002631578947368421,0.003947368421052633,green,skip_trend,0
2021-01-06,0.993421052631579,0.0,0.002631578947368421,0.003947368421052633,green,skip_trend,0
2021-01-07,0.993421052631579,0.0,0.002631578947368421,0.003947368421052633,green,skip_trend,0
2021-01-08,0.993421052631579,0.0,0.002631578947368421,0.003947368421052633,green,skip_trend,0
2021-01-11,0.9947368421052633,0.0,0.0013157894736842105,0.003947368421052633,green,no_fire,0
2021-01-12,0.9907894736842107,0.0,0.0013157894736842105,0.007894736842105263,green,no_fire,0
2021-01-13,0.9907894736842107,0.0,0.0013157894736842105,0.007894736842105263,green,no_fire,0
2021-01-14,0.9907894736842107,0.0,0.0013157894736842105,0.007894736842105263,green,no_fire,0
2021-01-15,0.9894736842105265,0.0,0.0013157894736842105,0.009210526315789475,green,no_fire,0
2021-01-18,0.9894736842105265,0.0,0.0013157894736842105,0.009210526315789475,green,no_fire,0
2021-01-19,0.9868421052631581,0.0,0.0013157894736842105,0.011842105263157895,green,no_fire,0
2021-01-20,0.9855263157894738,0.0,0.0013157894736842105,0.013157894736842108,green,no_fire,0
2021-01-21,0.9828947368421055,0.0,0.0013157894736842105,0.01578947368421053,green,skip_trend,0
2021-01-22,0.9802631578947371,0.0,0.0,0.019736842105263164,green,skip_trend,0
2021-01-25,0.9776315789473685,0.0,0.0,0.022368421052631583,green,no_fire,0
2021-01-26,0.9789473684210529,0.0,0.0,0.021052631578947375,green,no_fire,0
2021-01-27,0.9789473684210527,0.0,0.0,0.02105263157894737,green,no_fire,0
2021-01-28,0.9789473684210527,0.0,0.0,0.02105263157894737,green,no_fire,0
2021-01-29,0.9776315789473685,0.0,0.0013157894736842105,0.02105263157894737,green,no_fire,0
2021-02-01,0.9763157894736845,0.0,0.0013157894736842105,0.022368421052631583,green,no_fire,0
2021-02-02,0.9763157894736845,0.0,0.0013157894736842105,0.022368421052631583,green,no_fire,0
2021-02-03,0.9763157894736845,0.0,0.0013157894736842105,0.022368421052631583,green,no_fire,0
2021-02-04,0.9763157894736845,0.0,0.0013157894736842105,0.022368421052631583,green,no_fire,0
2021-02-05,0.9750000000000003,0.0,0.0013157894736842105,0.023684210526315794,green,no_fire,0
2021-02-08,0.9750000000000003,0.0,0.0013157894736842105,0.023684210526315794,green,no_fire,0
2021-02-09,0.9789473684210529,0.0,0.0013157894736842105,0.01973684210526316,green,no_fire,0
2021-02-10,0.9789473684210529,0.0,0.0013157894736842105,0.01973684210526316,green,skip_trend,0
2021-02-18,0.9789473684210529,0.0,0.0013157894736842105,0.01973684210526316,green,skip_trend,0
2021-02-19,0.9802631578947371,0.0,0.0013157894736842105,0.018421052631578953,green,skip_trend,0
2021-02-22,0.9697368421052633,0.0,0.011842105263157895,0.018421052631578953,green,no_fire,0
2021-02-23,0.9723684210526319,0.0,0.011842105263157895,0.01578947368421053,green,no_fire,0
2021-02-24,0.9710526315789475,0.0,0.014473684210526317,0.014473684210526317,green,no_fire,0
2021-02-25,0.9736842105263158,0.0,0.014473684210526317,0.011842105263157895,green,no_fire,0
2021-02-26,0.9697368421052633,0.0,0.022368421052631583,0.007894736842105265,green,no_fire,0
2021-03-01,0.9697368421052633,0.0,0.022368421052631583,0.007894736842105263,green,no_fire,0
2021-03-02,0.9697368421052633,0.0,0.022368421052631583,0.007894736842105263,green,no_fire,0
2021-03-03,0.9697368421052633,0.0,0.022368421052631583,0.007894736842105263,green,no_fire,0
2021-03-04,0.9697368421052633,0.0,0.022368421052631583,0.007894736842105263,green,no_fire,0
2021-03-05,0.9710526315789477,0.0,0.021052631578947375,0.007894736842105263,green,no_fire,0
2021-03-08,0.9723684210526319,0.0,0.021052631578947375,0.006578947368421052,green,no_fire,0
2021-03-09,0.9671052631578949,0.0,0.026315789473684216,0.006578947368421052,green,no_fire,0
2021-03-10,0.9671052631578949,0.0,0.026315789473684216,0.006578947368421052,green,no_fire,0
2021-03-11,0.9657894736842108,0.0,0.026315789473684216,0.007894736842105265,green,no_fire,0
2021-03-12,0.9671052631578949,0.0,0.026315789473684216,0.006578947368421052,green,no_fire,0
2021-03-15,0.9644736842105265,0.0,0.02894736842105264,0.006578947368421052,green,no_fire,0
2021-03-16,0.9644736842105265,0.0,0.02894736842105264,0.006578947368421052,green,no_fire,0
2021-03-17,0.9644736842105265,0.0,0.02894736842105264,0.006578947368421052,green,no_fire,0
2021-03-18,0.9644736842105265,0.0,0.02894736842105264,0.006578947368421052,green,no_fire,0
2021-03-19,0.9644736842105265,0.0,0.02894736842105264,0.006578947368421052,green,no_fire,0
2021-03-22,0.9750000000000003,0.0,0.018421052631578953,0.006578947368421052,green,no_fire,0
2021-03-23,0.9750000000000003,0.0,0.018421052631578953,0.006578947368421052,green,no_fire,0
2021-03-24,0.9776315789473687,0.0,0.01578947368421053,0.006578947368421052,green,no_fire,0
2021-03-25,0.9789473684210529,0.0,0.01578947368421053,0.005263157894736842,green,no_fire,0
2021-03-26,0.9868421052631579,0.0,0.007894736842105265,0.005263157894736842,green,no_fire,0
2021-03-29,0.9894736842105264,0.0,0.007894736842105265,0.002631578947368421,green,no_fire,0
2021-03-30,0.9894736842105264,0.0,0.007894736842105265,0.002631578947368421,green,no_fire,0
2021-03-31,0.9907894736842107,0.0,0.007894736842105265,0.0013157894736842105,green,no_fire,0
2021-04-01,0.9907894736842107,0.0,0.007894736842105265,0.0013157894736842105,green,skip_trend,0
2021-04-02,0.988157894736842,0.0,0.007894736842105265,0.003947368421052633,green,skip_trend,0
2021-04-06,0.988157894736842,0.0,0.007894736842105265,0.003947368421052633,green,skip_trend,0
2021-04-07,0.993421052631579,0.0,0.002631578947368421,0.003947368421052633,green,no_fire,0
2021-04-08,0.993421052631579,0.0,0.002631578947368421,0.003947368421052633,green,skip_trend,0
2021-04-09,0.994736842105263,0.0,0.002631578947368421,0.002631578947368421,green,no_fire,0
2021-04-12,0.994736842105263,0.0,0.002631578947368421,0.002631578947368421,green,no_fire,0
2021-04-13,0.9960526315789474,0.0,0.0,0.003947368421052633,green,no_fire,0
2021-04-14,0.9960526315789474,0.0,0.0,0.003947368421052633,green,no_fire,0
2021-04-15,0.9960526315789474,0.0,0.0,0.003947368421052633,green,no_fire,0
2021-04-16,0.994736842105263,0.0,0.0,0.005263157894736842,green,no_fire,0
2021-04-19,0.994736842105263,0.0,0.0,0.005263157894736842,green,skip_trend,0
2021-04-20,0.994736842105263,0.0,0.0,0.005263157894736842,green,skip_trend,0
2021-04-21,0.994736842105263,0.0,0.0,0.005263157894736842,green,no_fire,0
2021-04-22,0.994736842105263,0.0,0.0,0.005263157894736842,green,skip_trend,0
2021-04-23,0.993421052631579,0.0,0.0,0.006578947368421052,green,skip_trend,0
2021-04-26,0.993421052631579,0.0,0.0,0.006578947368421052,green,no_fire,0
2021-04-27,0.993421052631579,0.0,0.0,0.006578947368421052,green,no_fire,0
2021-04-28,0.993421052631579,0.0,0.0,0.006578947368421052,green,no_fire,0
2021-04-29,0.993421052631579,0.0,0.0,0.006578947368421052,green,no_fire,0
2021-04-30,0.9921052631578946,0.0,0.0013157894736842105,0.006578947368421052,green,no_fire,0
2021-05-06,0.994736842105263,0.0,0.0013157894736842105,0.003947368421052633,green,no_fire,0
2021-05-07,0.9921052631578946,0.0,0.003947368421052633,0.003947368421052633,green,no_fire,0
2021-05-10,0.9907894736842104,0.0,0.003947368421052633,0.005263157894736842,green,no_fire,0
2021-05-11,0.9907894736842104,0.0,0.003947368421052633,0.005263157894736842,green,no_fire,0
2021-05-12,0.9907894736842104,0.0,0.003947368421052633,0.005263157894736842,green,no_fire,0
2021-05-13,0.9894736842105264,0.0,0.005263157894736842,0.005263157894736842,green,no_fire,0
2021-05-14,0.9881578947368425,0.0,0.005263157894736842,0.006578947368421052,green,no_fire,0
2021-05-17,0.9868421052631581,0.0,0.005263157894736842,0.007894736842105263,green,no_fire,0
2021-05-18,0.9868421052631581,0.0,0.005263157894736842,0.007894736842105263,green,skip_trend,0
2021-05-19,0.9881578947368422,0.0,0.005263157894736842,0.006578947368421052,green,no_fire,0
2021-05-20,0.9881578947368422,0.0,0.005263157894736842,0.006578947368421052,green,skip_trend,0
2021-05-21,0.9881578947368422,0.0,0.005263157894736842,0.006578947368421052,green,no_fire,0
2021-05-24,0.9881578947368422,0.0,0.005263157894736842,0.006578947368421052,green,no_fire,0
2021-05-25,0.9868421052631579,0.0,0.005263157894736842,0.007894736842105265,green,no_fire,0
2021-05-26,0.9881578947368422,0.0,0.005263157894736842,0.006578947368421052,green,skip_trend,0
2021-05-27,0.9855263157894738,0.0,0.005263157894736842,0.009210526315789475,green,skip_trend,0
2021-05-28,0.9855263157894738,0.0,0.005263157894736842,0.009210526315789475,green,skip_trend,0
2021-05-31,0.9855263157894738,0.0,0.005263157894736842,0.009210526315789475,green,skip_trend,0
2021-06-01,0.9842105263157896,0.0,0.005263157894736842,0.010526315789473684,green,no_fire,0
2021-06-02,0.9855263157894738,0.0,0.003947368421052633,0.010526315789473684,green,no_fire,0
2021-06-03,0.9855263157894738,0.0,0.003947368421052633,0.010526315789473684,green,no_fire,0
2021-06-04,0.9881578947368422,0.0,0.0013157894736842105,0.010526315789473684,green,no_fire,0
2021-06-07,0.9894736842105265,0.0,0.0013157894736842105,0.009210526315789475,green,no_fire,0
2021-06-08,0.9868421052631579,0.0,0.003947368421052633,0.009210526315789475,green,no_fire,0
2021-06-09,0.9868421052631579,0.0,0.003947368421052633,0.009210526315789475,green,no_fire,0
2021-06-10,0.988157894736842,0.0,0.002631578947368421,0.009210526315789475,green,no_fire,0
2021-06-11,0.9894736842105264,0.0,0.003947368421052633,0.006578947368421052,green,no_fire,0
2021-06-15,0.9907894736842107,0.0,0.003947368421052633,0.005263157894736842,green,no_fire,0
2021-06-16,0.9907894736842107,0.0,0.003947368421052633,0.005263157894736842,green,no_fire,0
2021-06-17,0.988157894736842,0.0,0.003947368421052633,0.007894736842105265,green,no_fire,0
2021-06-18,0.988157894736842,0.0,0.003947368421052633,0.007894736842105265,green,no_fire,0
2021-06-21,0.9828947368421055,0.0,0.007894736842105263,0.009210526315789475,green,no_fire,0
2021-06-22,0.9789473684210526,0.0,0.007894736842105263,0.013157894736842105,green,no_fire,0
2021-06-23,0.9802631578947366,0.0,0.007894736842105263,0.011842105263157895,green,skip_trend,0
2021-06-24,0.9802631578947366,0.0,0.007894736842105263,0.011842105263157895,green,no_fire,0
2021-06-25,0.9828947368421053,0.0,0.007894736842105263,0.009210526315789473,green,skip_trend,0
2021-06-28,0.981578947368421,0.0,0.007894736842105263,0.010526315789473684,green,skip_trend,0
2021-06-29,0.981578947368421,0.0,0.007894736842105263,0.010526315789473684,green,no_fire,0
2021-06-30,0.9802631578947366,0.0,0.007894736842105263,0.011842105263157895,green,no_fire,0
2021-07-01,0.9802631578947366,0.0,0.007894736842105263,0.011842105263157895,green,no_fire,0
2021-07-02,0.9789473684210526,0.0,0.009210526315789473,0.011842105263157895,green,no_fire,0
2021-07-05,0.9789473684210526,0.0,0.009210526315789473,0.011842105263157895,green,no_fire,0
2021-07-06,0.976315789473684,0.0,0.011842105263157895,0.011842105263157895,green,no_fire,0
2021-07-07,0.9789473684210526,0.0,0.009210526315789473,0.011842105263157895,green,no_fire,0
2021-07-08,0.9789473684210526,0.0,0.009210526315789473,0.011842105263157895,green,no_fire,0
2021-07-09,0.9776315789473684,0.0,0.009210526315789473,0.013157894736842105,green,no_fire,0
2021-07-12,0.976315789473684,0.0,0.007894736842105263,0.01578947368421053,green,no_fire,0
2021-07-13,0.975,0.0,0.007894736842105263,0.01710526315789474,green,no_fire,0
2021-07-14,0.975,0.0,0.007894736842105263,0.01710526315789474,green,no_fire,0
2021-07-15,0.975,0.0,0.009210526315789473,0.01578947368421053,green,no_fire,0
2021-07-16,0.9736842105263156,0.0,0.009210526315789473,0.01710526315789474,green,no_fire,0
2021-07-19,0.9789473684210529,0.0,0.005263157894736842,0.01578947368421053,green,no_fire,0
2021-07-20,0.9828947368421053,0.0,0.005263157894736842,0.011842105263157895,green,no_fire,0
2021-07-21,0.981578947368421,0.0,0.005263157894736842,0.013157894736842105,green,no_fire,0
2021-07-22,0.981578947368421,0.0,0.005263157894736842,0.013157894736842105,green,no_fire,0
2021-07-23,0.9802631578947366,0.0,0.006578947368421052,0.013157894736842105,green,no_fire,0
2021-07-26,0.975,0.0,0.013157894736842105,0.011842105263157895,green,no_fire,0
2021-07-27,0.9736842105263158,0.0,0.014473684210526317,0.011842105263157895,green,no_fire,0
2021-07-28,0.975,0.0,0.01578947368421053,0.009210526315789475,green,no_fire,0
2021-07-29,0.975,0.0,0.01578947368421053,0.009210526315789475,green,no_fire,0
2021-07-30,0.9736842105263158,0.0,0.01710526315789474,0.009210526315789475,green,no_fire,0
2021-08-02,0.9736842105263158,0.0,0.01710526315789474,0.009210526315789475,green,no_fire,0
2021-08-03,0.9750000000000001,0.0,0.01447368421052632,0.010526315789473684,green,skip_trend,0
2021-08-04,0.9750000000000001,0.0,0.01447368421052632,0.010526315789473684,green,skip_trend,0
2021-08-05,0.9750000000000001,0.0,0.01447368421052632,0.010526315789473684,green,no_fire,0
2021-08-06,0.9763157894736842,0.0,0.01447368421052632,0.009210526315789475,green,no_fire,0
2021-08-09,0.9736842105263158,0.0,0.018421052631578953,0.007894736842105263,green,no_fire,0
2021-08-10,0.9736842105263158,0.0,0.018421052631578953,0.007894736842105265,green,no_fire,0
2021-08-11,0.9723684210526317,0.0,0.018421052631578953,0.009210526315789473,green,no_fire,0
2021-08-12,0.9750000000000001,0.0,0.01710526315789474,0.007894736842105263,green,no_fire,0
2021-08-13,0.9750000000000001,0.0,0.01842105263157895,0.006578947368421052,green,no_fire,0
2021-08-16,0.9750000000000001,0.0,0.01842105263157895,0.006578947368421052,green,no_fire,0
2021-08-17,0.9750000000000001,0.0,0.01842105263157895,0.006578947368421052,green,no_fire,0
2021-08-18,0.9723684210526317,0.0,0.01842105263157895,0.009210526315789475,green,no_fire,0
2021-08-19,0.9697368421052632,0.0,0.02105263157894737,0.009210526315789475,green,no_fire,0
2021-08-20,0.9697368421052632,0.0,0.02105263157894737,0.009210526315789475,green,no_fire,0
2021-08-23,0.9750000000000001,0.0,0.014473684210526317,0.010526315789473684,green,no_fire,0
2021-08-24,0.9763157894736845,0.0,0.013157894736842105,0.010526315789473684,green,no_fire,0
2021-08-25,0.9776315789473685,0.0,0.011842105263157895,0.010526315789473684,green,no_fire,0
2021-08-26,0.9763157894736845,0.0,0.013157894736842105,0.010526315789473684,green,no_fire,0
2021-08-27,0.9789473684210529,0.0,0.010526315789473684,0.010526315789473684,green,no_fire,0
2021-08-30,0.9776315789473685,0.0,0.011842105263157895,0.010526315789473684,green,no_fire,0
2021-08-31,0.9789473684210529,0.0,0.011842105263157895,0.009210526315789475,green,no_fire,0
2021-09-01,0.9789473684210529,0.0,0.011842105263157895,0.009210526315789475,green,no_fire,0
2021-09-02,0.9776315789473685,0.0,0.011842105263157895,0.010526315789473684,green,no_fire,0
2021-09-03,0.9750000000000003,0.0,0.011842105263157895,0.013157894736842105,green,no_fire,0
2021-09-06,0.9802631578947372,0.0,0.007894736842105263,0.011842105263157895,green,skip_trend,0
2021-09-07,0.9789473684210529,0.0,0.007894736842105263,0.013157894736842105,green,skip_trend,0
2021-09-08,0.9789473684210531,0.0,0.007894736842105263,0.013157894736842105,green,skip_trend,0
2021-09-09,0.9776315789473687,0.0,0.007894736842105263,0.014473684210526317,green,skip_trend,0
2021-09-10,0.9776315789473687,0.0,0.006578947368421052,0.01578947368421053,green,skip_trend,0
2021-09-13,0.9776315789473687,0.0,0.006578947368421052,0.01578947368421053,green,no_fire,0
2021-09-14,0.9776315789473687,0.0,0.006578947368421052,0.01578947368421053,green,no_fire,0
2021-09-15,0.9815789473684213,0.0,0.006578947368421052,0.011842105263157895,green,no_fire,0
2021-09-16,0.9842105263157896,0.0,0.003947368421052633,0.011842105263157895,green,no_fire,0
2021-09-17,0.9855263157894739,0.0,0.002631578947368421,0.011842105263157895,green,no_fire,0
2021-09-22,0.9868421052631583,0.0,0.002631578947368421,0.010526315789473684,green,no_fire,0
2021-09-23,0.9855263157894739,0.0,0.002631578947368421,0.011842105263157895,green,no_fire,0
2021-09-24,0.9855263157894739,0.0,0.002631578947368421,0.011842105263157895,green,no_fire,0
2021-09-27,0.9868421052631581,0.0,0.0013157894736842105,0.011842105263157895,green,no_fire,0
2021-09-28,0.9855263157894738,0.0,0.0013157894736842105,0.013157894736842105,green,no_fire,0
2021-09-29,0.9868421052631581,0.0,0.0,0.013157894736842105,green,no_fire,0
2021-09-30,0.9828947368421055,0.0,0.0013157894736842105,0.01578947368421053,green,no_fire,0
2021-10-08,0.9802631578947368,0.0,0.003947368421052633,0.01578947368421053,green,no_fire,0
2021-10-11,0.9802631578947368,0.0,0.003947368421052633,0.01578947368421053,green,no_fire,0
2021-10-12,0.9815789473684213,0.0,0.005263157894736842,0.013157894736842105,green,no_fire,0
2021-10-13,0.9815789473684213,0.0,0.005263157894736842,0.013157894736842105,green,no_fire,0
2021-10-14,0.9842105263157896,0.0,0.005263157894736842,0.010526315789473684,green,no_fire,0
2021-10-15,0.9855263157894738,0.0,0.005263157894736842,0.009210526315789473,green,no_fire,0
2021-10-18,0.9868421052631581,0.0,0.005263157894736842,0.007894736842105263,green,no_fire,0
2021-10-19,0.9868421052631581,0.0,0.005263157894736842,0.007894736842105263,green,skip_trend,0
2021-10-20,0.9855263157894738,0.0,0.006578947368421052,0.007894736842105263,green,no_fire,0
2021-10-21,0.9855263157894738,0.0,0.006578947368421052,0.007894736842105263,green,no_fire,0
2021-10-22,0.9842105263157896,0.0,0.006578947368421052,0.009210526315789473,green,no_fire,0
2021-10-25,0.9842105263157896,0.0,0.006578947368421052,0.009210526315789473,green,no_fire,0
2021-10-26,0.9842105263157896,0.0,0.006578947368421052,0.009210526315789473,green,no_fire,0
2021-10-27,0.9842105263157896,0.0,0.006578947368421052,0.009210526315789473,green,no_fire,0
2021-10-28,0.9855263157894738,0.0,0.006578947368421052,0.007894736842105263,green,no_fire,0
2021-10-29,0.9842105263157896,0.0,0.006578947368421052,0.009210526315789473,green,no_fire,0
2021-11-01,0.9842105263157896,0.0,0.006578947368421052,0.009210526315789473,green,no_fire,0
2021-11-02,0.9842105263157896,0.0,0.007894736842105263,0.007894736842105263,green,no_fire,0
2021-11-03,0.9842105263157896,0.0,0.007894736842105263,0.007894736842105263,green,no_fire,0
2021-11-04,0.9868421052631581,0.0,0.006578947368421052,0.006578947368421052,green,no_fire,0
2021-11-05,0.9868421052631579,0.0,0.005263157894736842,0.007894736842105263,green,no_fire,0
2021-11-08,0.9868421052631579,0.0,0.005263157894736842,0.007894736842105265,green,no_fire,0
2021-11-09,0.9868421052631579,0.0,0.003947368421052633,0.009210526315789475,green,no_fire,0
2021-11-10,0.9855263157894738,0.0,0.003947368421052633,0.010526315789473684,green,no_fire,0
2021-11-11,0.9855263157894738,0.0,0.003947368421052633,0.010526315789473684,green,no_fire,0
2021-11-12,0.9842105263157896,0.0,0.003947368421052633,0.011842105263157895,green,no_fire,0
2021-11-15,0.9828947368421053,0.0,0.003947368421052633,0.013157894736842105,green,no_fire,0
2021-11-16,0.9828947368421053,0.0,0.005263157894736842,0.011842105263157895,green,no_fire,0
2021-11-17,0.9842105263157894,0.0,0.003947368421052633,0.011842105263157895,green,no_fire,0
2021-11-18,0.9842105263157894,0.0,0.003947368421052633,0.011842105263157895,green,no_fire,0
2021-11-19,0.9855263157894738,0.0,0.003947368421052633,0.010526315789473684,green,no_fire,0
2021-11-22,0.9855263157894738,0.0,0.003947368421052633,0.010526315789473684,green,no_fire,0
2021-11-23,0.9828947368421053,0.0,0.006578947368421052,0.010526315789473684,green,no_fire,0
2021-11-24,0.9828947368421053,0.0,0.006578947368421052,0.010526315789473684,green,no_fire,0
2021-11-25,0.9828947368421053,0.0,0.006578947368421052,0.010526315789473684,green,no_fire,0
2021-11-26,0.9842105263157894,0.0,0.006578947368421052,0.009210526315789475,green,no_fire,0
2021-11-29,0.9842105263157894,0.0,0.006578947368421052,0.009210526315789475,green,no_fire,0
2021-11-30,0.9842105263157894,0.0,0.006578947368421052,0.009210526315789475,green,no_fire,0
2021-12-01,0.9842105263157894,0.0,0.006578947368421052,0.009210526315789475,green,no_fire,0
2021-12-02,0.9815789473684213,0.0,0.010526315789473684,0.007894736842105265,green,no_fire,0
2021-12-03,0.9842105263157896,0.0,0.009210526315789473,0.006578947368421052,green,no_fire,0
2021-12-06,0.9842105263157896,0.0,0.010526315789473684,0.005263157894736842,green,no_fire,0
2021-12-07,0.9855263157894739,0.0,0.010526315789473684,0.003947368421052633,green,no_fire,0
2021-12-08,0.9868421052631581,0.0,0.010526315789473684,0.002631578947368421,green,no_fire,0
2021-12-09,0.9868421052631581,0.0,0.010526315789473684,0.002631578947368421,green,skip_trend,0
2021-12-10,0.9881578947368425,0.0,0.010526315789473684,0.0013157894736842105,green,no_fire,0
2021-12-13,0.9881578947368425,0.0,0.010526315789473684,0.0013157894736842105,green,skip_trend,0
2021-12-14,0.9894736842105265,0.0,0.009210526315789473,0.0013157894736842105,green,no_fire,0
2021-12-15,0.9881578947368425,0.0,0.010526315789473684,0.0013157894736842105,green,no_fire,0
2021-12-16,0.9881578947368425,0.0,0.010526315789473684,0.0013157894736842105,green,no_fire,0
2021-12-17,0.9881578947368425,0.0,0.010526315789473684,0.0013157894736842105,green,no_fire,0
2021-12-20,0.9881578947368425,0.0,0.010526315789473684,0.0013157894736842105,green,no_fire,0
2021-12-21,0.9894736842105265,0.0,0.007894736842105263,0.002631578947368421,green,no_fire,0
2021-12-22,0.9894736842105265,0.0,0.007894736842105263,0.002631578947368421,green,no_fire,0
2021-12-23,0.9881578947368425,0.0,0.007894736842105263,0.003947368421052633,green,no_fire,0
2021-12-24,0.9855263157894739,0.0,0.010526315789473684,0.003947368421052633,green,no_fire,0
2021-12-27,0.9855263157894739,0.0,0.010526315789473684,0.003947368421052633,green,no_fire,0
2021-12-28,0.9868421052631581,0.0,0.009210526315789473,0.003947368421052633,green,no_fire,0
2021-12-29,0.9855263157894739,0.0,0.010526315789473684,0.003947368421052633,green,no_fire,0
2021-12-30,0.988157894736842,0.0,0.006578947368421052,0.005263157894736842,green,no_fire,0
2021-12-31,0.9868421052631579,0.0,0.006578947368421052,0.006578947368421052,green,no_fire,0
2022-01-04,0.988157894736842,0.0,0.005263157894736842,0.006578947368421052,green,no_fire,0
2022-01-05,0.988157894736842,0.0,0.005263157894736842,0.006578947368421052,green,no_fire,0
2022-01-06,0.988157894736842,0.0,0.005263157894736842,0.006578947368421052,green,no_fire,0
2022-01-07,0.9868421052631579,0.0,0.005263157894736842,0.007894736842105265,green,no_fire,0
2022-01-10,0.9868421052631579,0.0,0.005263157894736842,0.007894736842105265,green,no_fire,0
2022-01-11,0.988157894736842,0.0,0.005263157894736842,0.006578947368421052,green,no_fire,0
2022-01-12,0.988157894736842,0.0,0.005263157894736842,0.006578947368421052,green,no_fire,0
2022-01-13,0.9894736842105264,0.0,0.003947368421052633,0.006578947368421052,green,no_fire,0
2022-01-14,0.9894736842105264,0.0,0.003947368421052633,0.006578947368421052,green,no_fire,0
2022-01-17,0.988157894736842,0.0,0.003947368421052633,0.007894736842105265,green,no_fire,0
2022-01-18,0.9855263157894738,0.0,0.003947368421052633,0.010526315789473684,green,no_fire,0
2022-01-19,0.9868421052631581,0.0,0.003947368421052633,0.009210526315789475,green,no_fire,0
2022-01-20,0.9868421052631581,0.0,0.003947368421052633,0.009210526315789475,green,no_fire,0
2022-01-21,0.9881578947368422,0.0,0.003947368421052633,0.007894736842105263,green,no_fire,0
2022-01-24,0.9907894736842107,0.0,0.0013157894736842105,0.007894736842105263,green,no_fire,0
2022-01-25,0.9894736842105265,0.0,0.002631578947368421,0.007894736842105263,green,no_fire,0
2022-01-26,0.9881578947368422,0.0,0.003947368421052633,0.007894736842105263,green,no_fire,0
2022-01-27,0.9894736842105264,0.0,0.002631578947368421,0.007894736842105263,green,no_fire,0
2022-01-28,0.9907894736842104,0.0,0.002631578947368421,0.006578947368421052,green,no_fire,0
2022-02-07,0.9907894736842104,0.0,0.002631578947368421,0.006578947368421052,green,no_fire,0
2022-02-08,0.9907894736842104,0.0,0.002631578947368421,0.006578947368421052,green,no_fire,0
2022-02-09,0.9894736842105264,0.0,0.002631578947368421,0.007894736842105263,green,no_fire,0
2022-02-10,0.9894736842105264,0.0,0.002631578947368421,0.007894736842105263,green,skip_trend,0
2022-02-11,0.9907894736842104,0.0,0.002631578947368421,0.006578947368421052,green,no_fire,0
2022-02-14,0.988157894736842,0.0,0.005263157894736842,0.006578947368421052,green,no_fire,0
2022-02-15,0.988157894736842,0.0,0.005263157894736842,0.006578947368421052,green,no_fire,0
2022-02-16,0.988157894736842,0.0,0.005263157894736842,0.006578947368421052,green,no_fire,0
2022-02-17,0.988157894736842,0.0,0.005263157894736842,0.006578947368421052,green,no_fire,0
2022-02-18,0.988157894736842,0.0,0.005263157894736842,0.006578947368421052,green,no_fire,0
2022-02-21,0.9894736842105264,0.0,0.005263157894736842,0.005263157894736842,green,no_fire,0
2022-02-22,0.9921052631578948,0.0,0.005263157894736842,0.002631578947368421,green,no_fire,0
2022-02-23,0.9894736842105264,0.0,0.005263157894736842,0.005263157894736842,green,no_fire,0
2022-02-24,0.9894736842105264,0.0,0.005263157894736842,0.005263157894736842,green,no_fire,0
2022-02-25,0.9894736842105264,0.0,0.005263157894736842,0.005263157894736842,green,no_fire,0
2022-02-28,0.9894736842105264,0.0,0.005263157894736842,0.005263157894736842,green,no_fire,0
2022-03-01,0.9907894736842107,0.0,0.003947368421052633,0.005263157894736842,green,no_fire,0
2022-03-02,0.9921052631578948,0.0,0.002631578947368421,0.005263157894736842,green,no_fire,0
2022-03-03,0.9921052631578948,0.0,0.002631578947368421,0.005263157894736842,green,no_fire,0
2022-03-04,0.9921052631578948,0.0,0.002631578947368421,0.005263157894736842,green,no_fire,0
2022-03-07,0.993421052631579,0.0,0.002631578947368421,0.003947368421052633,green,no_fire,0
2022-03-08,0.993421052631579,0.0,0.002631578947368421,0.003947368421052633,green,no_fire,0
2022-03-09,0.994736842105263,0.0,0.002631578947368421,0.002631578947368421,green,no_fire,0
2022-03-10,0.9907894736842104,0.0,0.006578947368421052,0.002631578947368421,green,no_fire,0
2022-03-11,0.9907894736842104,0.0,0.006578947368421052,0.002631578947368421,green,no_fire,0
2022-03-14,0.9921052631578948,0.0,0.005263157894736842,0.002631578947368421,green,no_fire,0
2022-03-15,0.9907894736842107,0.0,0.006578947368421052,0.002631578947368421,green,no_fire,0
2022-03-16,0.9907894736842107,0.0,0.006578947368421052,0.002631578947368421,green,no_fire,0
2022-03-17,0.9907894736842107,0.0,0.006578947368421052,0.002631578947368421,green,no_fire,0
2022-03-18,0.9907894736842107,0.0,0.006578947368421052,0.002631578947368421,green,no_fire,0
2022-03-21,0.9907894736842107,0.0,0.006578947368421052,0.002631578947368421,green,skip_trend,0
2022-03-22,0.9907894736842107,0.0,0.006578947368421052,0.002631578947368421,green,skip_trend,0
2022-03-23,0.9921052631578948,0.0,0.006578947368421052,0.0013157894736842105,green,skip_trend,0
2022-03-24,0.9921052631578948,0.0,0.006578947368421052,0.0013157894736842105,green,no_fire,0
2022-03-25,0.9921052631578948,0.0,0.006578947368421052,0.0013157894736842105,green,no_fire,0
2022-03-28,0.9921052631578948,0.0,0.006578947368421052,0.0013157894736842105,green,no_fire,0
2022-03-29,0.9921052631578948,0.0,0.006578947368421052,0.0013157894736842105,green,no_fire,0
2022-03-30,0.9921052631578948,0.0,0.006578947368421052,0.0013157894736842105,green,no_fire,0
2022-03-31,0.9921052631578948,0.0,0.006578947368421052,0.0013157894736842105,green,no_fire,0
2022-04-01,0.9907894736842107,0.0,0.007894736842105265,0.0013157894736842105,green,no_fire,0
2022-04-06,0.9907894736842107,0.0,0.007894736842105265,0.0013157894736842105,green,no_fire,0
2022-04-07,0.9907894736842107,0.0,0.007894736842105265,0.0013157894736842105,green,no_fire,0
2022-04-08,0.9907894736842107,0.0,0.007894736842105265,0.0013157894736842105,green,no_fire,0
2022-04-11,0.994736842105263,0.0,0.003947368421052633,0.0013157894736842105,green,no_fire,0
2022-04-12,0.993421052631579,0.0,0.003947368421052633,0.002631578947368421,green,no_fire,0
2022-04-13,0.994736842105263,0.0,0.002631578947368421,0.002631578947368421,green,no_fire,0
2022-04-14,0.994736842105263,0.0,0.0013157894736842105,0.003947368421052633,green,no_fire,0
2022-04-15,0.994736842105263,0.0,0.0013157894736842105,0.003947368421052633,green,no_fire,0
2022-04-18,0.994736842105263,0.0,0.0013157894736842105,0.003947368421052633,green,no_fire,0
2022-04-19,0.994736842105263,0.0,0.0013157894736842105,0.003947368421052633,green,no_fire,0
2022-04-20,0.994736842105263,0.0,0.0013157894736842105,0.003947368421052633,green,no_fire,0
2022-04-21,0.994736842105263,0.0,0.0013157894736842105,0.003947368421052633,green,no_fire,0
2022-04-22,0.9960526315789474,0.0,0.0013157894736842105,0.002631578947368421,green,no_fire,0
2022-04-25,0.9960526315789474,0.0,0.0013157894736842105,0.002631578947368421,green,no_fire,0
2022-04-26,0.993421052631579,0.0,0.003947368421052633,0.002631578947368421,green,no_fire,0
2022-04-27,0.993421052631579,0.0,0.003947368421052633,0.002631578947368421,green,no_fire,0
2022-04-28,0.993421052631579,0.0,0.003947368421052633,0.002631578947368421,green,no_fire,0
2022-04-29,0.993421052631579,0.0,0.003947368421052633,0.002631578947368421,green,no_fire,0
2022-05-05,0.993421052631579,0.0,0.003947368421052633,0.002631578947368421,green,skip_trend,0
2022-05-06,0.993421052631579,0.0,0.003947368421052633,0.002631578947368421,green,skip_trend,0
2022-05-09,0.993421052631579,0.0,0.003947368421052633,0.002631578947368421,green,no_fire,0
2022-05-10,0.993421052631579,0.0,0.003947368421052633,0.002631578947368421,green,no_fire,0
2022-05-11,0.993421052631579,0.0,0.003947368421052633,0.002631578947368421,green,no_fire,0
2022-05-12,0.993421052631579,0.0,0.003947368421052633,0.002631578947368421,green,no_fire,0
2022-05-13,0.9921052631578948,0.0,0.003947368421052633,0.003947368421052633,green,no_fire,0
2022-05-16,0.9921052631578948,0.0,0.003947368421052633,0.003947368421052633,green,skip_trend,0
2022-05-17,0.9934210526315791,0.0,0.003947368421052633,0.002631578947368421,green,skip_trend,0
2022-05-18,0.9934210526315791,0.0,0.003947368421052633,0.002631578947368421,green,no_fire,0
2022-05-19,0.9907894736842109,0.0,0.006578947368421052,0.002631578947368421,green,no_fire,0
2022-05-20,0.9907894736842109,0.0,0.006578947368421052,0.002631578947368421,green,no_fire,0
2022-05-23,0.9907894736842109,0.0,0.006578947368421052,0.002631578947368421,green,no_fire,0
2022-05-24,0.9907894736842109,0.0,0.006578947368421052,0.002631578947368421,green,no_fire,0
2022-05-25,0.9907894736842109,0.0,0.006578947368421052,0.002631578947368421,green,no_fire,0
2022-05-26,0.9907894736842109,0.0,0.006578947368421052,0.002631578947368421,green,no_fire,0
2022-05-27,0.9934210526315793,0.0,0.003947368421052633,0.002631578947368421,green,no_fire,0
2022-05-30,0.9934210526315793,0.0,0.003947368421052633,0.002631578947368421,green,no_fire,0
2022-05-31,0.9934210526315793,0.0,0.003947368421052633,0.002631578947368421,green,skip_trend,0
2022-06-01,0.9934210526315793,0.0,0.003947368421052633,0.002631578947368421,green,skip_trend,0
2022-06-02,0.9934210526315793,0.0,0.003947368421052633,0.002631578947368421,green,skip_trend,0
2022-06-06,0.9947368421052635,0.0,0.002631578947368421,0.002631578947368421,green,skip_trend,0
2022-06-07,0.9947368421052635,0.0,0.002631578947368421,0.002631578947368421,green,skip_trend,0
2022-06-08,0.9947368421052635,0.0,0.002631578947368421,0.002631578947368421,green,skip_trend,0
2022-06-09,0.9947368421052635,0.0,0.002631578947368421,0.002631578947368421,green,skip_trend,0
2022-06-10,0.9947368421052635,0.0,0.002631578947368421,0.002631578947368421,green,skip_trend,0
2022-06-13,0.9973684210526317,0.0,0.002631578947368421,0.0,green,no_fire,0
2022-06-14,0.9947368421052633,0.0,0.002631578947368421,0.002631578947368421,green,no_fire,0
2022-06-15,0.9947368421052633,0.0,0.002631578947368421,0.002631578947368421,green,no_fire,0
2022-06-16,0.9947368421052633,0.0,0.002631578947368421,0.002631578947368421,green,no_fire,0
2022-06-17,0.9973684210526316,0.0,0.0,0.002631578947368421,green,no_fire,0
2022-06-20,0.9973684210526316,0.0,0.0,0.002631578947368421,green,no_fire,0
2022-06-21,0.9973684210526316,0.0,0.0,0.002631578947368421,green,no_fire,0
2022-06-22,0.9973684210526316,0.0,0.0,0.002631578947368421,green,no_fire,0
2022-06-23,0.9973684210526316,0.0,0.0,0.002631578947368421,green,no_fire,0
2022-06-24,0.9973684210526316,0.0,0.0,0.002631578947368421,green,no_fire,0
2022-06-27,0.9947368421052633,0.0,0.0013157894736842105,0.003947368421052633,green,skip_trend,0
2022-06-28,0.9947368421052633,0.0,0.0013157894736842105,0.003947368421052633,green,skip_trend,0
2022-06-29,0.9947368421052633,0.0,0.0013157894736842105,0.003947368421052633,green,skip_trend,0
2022-06-30,0.993421052631579,0.0,0.0013157894736842105,0.005263157894736842,green,skip_trend,0
2022-07-01,0.9921052631578948,0.0,0.002631578947368421,0.005263157894736842,green,no_fire,0
2022-07-04,0.9881578947368422,0.0,0.002631578947368421,0.009210526315789473,green,no_fire,0
2022-07-05,0.9881578947368422,0.0,0.002631578947368421,0.009210526315789473,green,no_fire,0
2022-07-06,0.9881578947368422,0.0,0.002631578947368421,0.009210526315789473,green,no_fire,0
2022-07-07,0.9881578947368422,0.0,0.002631578947368421,0.009210526315789473,green,no_fire,0
2022-07-08,0.9881578947368422,0.0,0.002631578947368421,0.009210526315789473,green,no_fire,0
2022-07-11,0.9881578947368422,0.0,0.002631578947368421,0.009210526315789473,green,no_fire,0
2022-07-12,0.9907894736842107,0.0,0.002631578947368421,0.006578947368421052,green,no_fire,0
2022-07-13,0.9894736842105264,0.0,0.003947368421052633,0.006578947368421052,green,no_fire,0
2022-07-14,0.9894736842105264,0.0,0.003947368421052633,0.006578947368421052,green,no_fire,0
2022-07-15,0.9868421052631579,0.0,0.006578947368421052,0.006578947368421052,green,no_fire,0
2022-07-18,0.9868421052631579,0.0,0.006578947368421052,0.006578947368421052,green,no_fire,0
2022-07-19,0.9868421052631579,0.0,0.006578947368421052,0.006578947368421052,green,no_fire,0
2022-07-20,0.9868421052631579,0.0,0.006578947368421052,0.006578947368421052,green,no_fire,0
2022-07-21,0.9868421052631579,0.0,0.006578947368421052,0.006578947368421052,green,no_fire,0
2022-07-22,0.9868421052631579,0.0,0.006578947368421052,0.006578947368421052,green,no_fire,0
2022-07-25,0.9894736842105264,0.0,0.005263157894736842,0.005263157894736842,green,no_fire,0
2022-07-26,0.9894736842105264,0.0,0.005263157894736842,0.005263157894736842,green,no_fire,0
2022-07-27,0.9894736842105264,0.0,0.005263157894736842,0.005263157894736842,green,no_fire,0
2022-07-28,0.9894736842105264,0.0,0.005263157894736842,0.005263157894736842,green,no_fire,0
2022-07-29,0.9907894736842107,0.0,0.003947368421052633,0.005263157894736842,green,no_fire,0
2022-08-01,0.994736842105263,0.0,0.003947368421052633,0.0013157894736842105,green,no_fire,0
2022-08-02,0.994736842105263,0.0,0.003947368421052633,0.0013157894736842105,green,no_fire,0
2022-08-03,0.994736842105263,0.0,0.003947368421052633,0.0013157894736842105,green,no_fire,0
2022-08-04,0.994736842105263,0.0,0.003947368421052633,0.0013157894736842105,green,no_fire,0
2022-08-05,0.994736842105263,0.0,0.003947368421052633,0.0013157894736842105,green,no_fire,0
2022-08-08,0.994736842105263,0.0,0.003947368421052633,0.0013157894736842105,green,no_fire,0
2022-08-09,0.994736842105263,0.0,0.003947368421052633,0.0013157894736842105,green,skip_trend,0
2022-08-10,0.9960526315789474,0.0,0.002631578947368421,0.0013157894736842105,green,no_fire,0
2022-08-11,0.9960526315789474,0.0,0.002631578947368421,0.0013157894736842105,green,skip_trend,0
2022-08-12,0.9986842105263158,0.0,0.0,0.0013157894736842105,green,no_fire,0
2022-08-15,0.9973684210526317,0.0,0.0,0.002631578947368421,green,no_fire,0
2022-08-16,0.9973684210526317,0.0,0.0,0.002631578947368421,green,no_fire,0
2022-08-17,0.9973684210526317,0.0,0.0,0.002631578947368421,green,skip_trend,0
2022-08-18,0.9973684210526317,0.0,0.0,0.002631578947368421,green,no_fire,0
2022-08-19,0.9973684210526317,0.0,0.0,0.002631578947368421,green,no_fire,0
2022-08-22,0.9973684210526317,0.0,0.0,0.002631578947368421,green,no_fire,0
2022-08-23,0.9960526315789474,0.0,0.0,0.003947368421052633,green,no_fire,0
2022-08-24,0.9960526315789474,0.0,0.0,0.003947368421052633,green,no_fire,0
2022-08-25,0.9973684210526317,0.0,0.0,0.002631578947368421,green,no_fire,0
2022-08-26,0.9973684210526317,0.0,0.0,0.002631578947368421,green,no_fire,0
2022-08-29,0.9973684210526317,0.0,0.0,0.002631578947368421,green,no_fire,0
2022-08-30,0.9973684210526317,0.0,0.0,0.002631578947368421,green,no_fire,0
2022-08-31,0.9973684210526317,0.0,0.0,0.002631578947368421,green,no_fire,0
2022-09-01,0.9973684210526317,0.0,0.0,0.002631578947368421,green,no_fire,0
2022-09-02,0.9973684210526317,0.0,0.0,0.002631578947368421,green,no_fire,0
2022-09-05,0.9973684210526317,0.0,0.0,0.002631578947368421,green,no_fire,0
2022-09-06,0.9973684210526317,0.0,0.0,0.002631578947368421,green,no_fire,0
2022-09-07,0.9973684210526317,0.0,0.0,0.002631578947368421,green,no_fire,0
2022-09-08,0.9973684210526317,0.0,0.0,0.002631578947368421,green,no_fire,0
2022-09-09,0.9973684210526317,0.0,0.0,0.002631578947368421,green,no_fire,0
2022-09-13,0.9986842105263158,0.0,0.0,0.0013157894736842105,green,no_fire,0
2022-09-14,0.9986842105263158,0.0,0.0,0.0013157894736842105,green,no_fire,0
2022-09-15,0.9986842105263158,0.0,0.0,0.0013157894736842105,green,no_fire,0
2022-09-16,0.9960526315789474,0.0,0.002631578947368421,0.0013157894736842105,green,no_fire,0
2022-09-19,0.9960526315789474,0.0,0.002631578947368421,0.0013157894736842105,green,no_fire,0
2022-09-20,0.9960526315789474,0.0,0.002631578947368421,0.0013157894736842105,green,no_fire,0
2022-09-21,0.9973684210526316,0.0,0.002631578947368421,0.0,green,no_fire,0
2022-09-22,0.9973684210526316,0.0,0.002631578947368421,0.0,green,no_fire,0
2022-09-23,0.9973684210526316,0.0,0.002631578947368421,0.0,green,no_fire,0
2022-09-26,0.9947368421052633,0.0,0.005263157894736842,0.0,green,no_fire,0
2022-09-27,0.9947368421052633,0.0,0.005263157894736842,0.0,green,no_fire,0
2022-09-28,0.9947368421052633,0.0,0.005263157894736842,0.0,green,no_fire,0
2022-09-29,0.9947368421052633,0.0,0.005263157894736842,0.0,green,no_fire,0
2022-09-30,0.9947368421052633,0.0,0.005263157894736842,0.0,green,no_fire,0
2022-10-10,0.993421052631579,0.0,0.006578947368421052,0.0,green,no_fire,0
2022-10-11,0.993421052631579,0.0,0.006578947368421052,0.0,green,no_fire,0
2022-10-12,0.993421052631579,0.0,0.006578947368421052,0.0,green,no_fire,0
2022-10-13,0.9921052631578948,0.0,0.007894736842105263,0.0,green,no_fire,0
2022-10-14,0.9881578947368422,0.0,0.007894736842105263,0.003947368421052633,green,no_fire,0
2022-10-17,0.9881578947368422,0.0,0.007894736842105263,0.003947368421052633,green,skip_trend,0
2022-10-18,0.9881578947368422,0.0,0.007894736842105263,0.003947368421052633,green,skip_trend,0
2022-10-19,0.9855263157894738,0.0,0.010526315789473684,0.003947368421052633,green,no_fire,0
2022-10-20,0.9855263157894738,0.0,0.010526315789473684,0.003947368421052633,green,no_fire,0
2022-10-21,0.9881578947368422,0.0,0.007894736842105263,0.003947368421052633,green,no_fire,0
2022-10-24,0.9855263157894738,0.0,0.010526315789473684,0.003947368421052633,green,no_fire,0
2022-10-25,0.9855263157894738,0.0,0.010526315789473684,0.003947368421052633,green,no_fire,0
2022-10-26,0.9828947368421053,0.0,0.010526315789473684,0.006578947368421052,green,no_fire,0
2022-10-27,0.9815789473684212,0.0,0.011842105263157895,0.006578947368421052,green,no_fire,0
2022-10-28,0.9815789473684212,0.0,0.011842105263157895,0.006578947368421052,green,no_fire,0
2022-10-31,0.9842105263157894,0.0,0.009210526315789475,0.006578947368421052,green,no_fire,0
2022-11-01,0.9842105263157894,0.0,0.009210526315789475,0.006578947368421052,green,no_fire,0
2022-11-02,0.9842105263157894,0.0,0.009210526315789475,0.006578947368421052,green,no_fire,0
2022-11-03,0.9842105263157894,0.0,0.009210526315789475,0.006578947368421052,green,no_fire,0
2022-11-04,0.9842105263157894,0.0,0.009210526315789475,0.006578947368421052,green,skip_trend,0
2022-11-07,0.9855263157894738,0.0,0.007894736842105265,0.006578947368421052,green,skip_trend,0
2022-11-08,0.9855263157894738,0.0,0.007894736842105265,0.006578947368421052,green,skip_trend,0
2022-11-09,0.9828947368421053,0.0,0.007894736842105265,0.009210526315789475,green,no_fire,0
2022-11-10,0.9842105263157894,0.0,0.006578947368421052,0.009210526315789475,green,no_fire,0
2022-11-11,0.988157894736842,0.0,0.006578947368421052,0.005263157894736842,green,no_fire,0
2022-11-14,0.9868421052631579,0.0,0.007894736842105263,0.005263157894736842,green,no_fire,0
2022-11-15,0.9828947368421053,0.0,0.007894736842105263,0.009210526315789475,green,skip_trend,0
2022-11-16,0.9855263157894738,0.0,0.005263157894736842,0.009210526315789475,green,skip_trend,0
2022-11-17,0.9855263157894738,0.0,0.005263157894736842,0.009210526315789475,green,skip_trend,0
2022-11-18,0.9855263157894738,0.0,0.005263157894736842,0.009210526315789475,green,no_fire,0
2022-11-21,0.9881578947368422,0.0,0.002631578947368421,0.009210526315789475,green,no_fire,0
2022-11-22,0.9881578947368422,0.0,0.002631578947368421,0.009210526315789475,green,no_fire,0
2022-11-23,0.9907894736842107,0.0,0.002631578947368421,0.006578947368421052,green,no_fire,0
2022-11-24,0.9921052631578948,0.0,0.0013157894736842105,0.006578947368421052,green,no_fire,0
2022-11-25,0.9921052631578948,0.0,0.0013157894736842105,0.006578947368421052,green,no_fire,0
2022-11-28,0.9921052631578948,0.0,0.0013157894736842105,0.006578947368421052,green,no_fire,0
2022-11-29,0.9907894736842107,0.0,0.0013157894736842105,0.007894736842105265,green,no_fire,0
2022-11-30,0.9907894736842107,0.0,0.0013157894736842105,0.007894736842105265,green,no_fire,0
2022-12-01,0.9907894736842107,0.0,0.0013157894736842105,0.007894736842105265,green,skip_trend,0
2022-12-02,0.9907894736842107,0.0,0.0013157894736842105,0.007894736842105265,green,no_fire,0
2022-12-05,0.9907894736842107,0.0,0.0013157894736842105,0.007894736842105265,green,skip_trend,0
2022-12-06,0.9907894736842107,0.0,0.0013157894736842105,0.007894736842105265,green,no_fire,0
2022-12-07,0.993421052631579,0.0,0.0013157894736842105,0.005263157894736842,green,no_fire,0
2022-12-08,0.9921052631578948,0.0,0.0013157894736842105,0.006578947368421052,green,no_fire,0
2022-12-09,0.9921052631578948,0.0,0.0013157894736842105,0.006578947368421052,green,no_fire,0
2022-12-12,0.993421052631579,0.0,0.0,0.006578947368421052,green,no_fire,0
2022-12-13,0.9973684210526316,0.0,0.0,0.002631578947368421,green,no_fire,0
2022-12-14,0.9973684210526316,0.0,0.0,0.002631578947368421,green,no_fire,0
2022-12-15,0.9973684210526316,0.0,0.0,0.002631578947368421,green,no_fire,0
2022-12-16,0.9960526315789474,0.0,0.0013157894736842105,0.002631578947368421,green,no_fire,0
2022-12-19,0.9960526315789474,0.0,0.0013157894736842105,0.002631578947368421,green,no_fire,0
2022-12-20,0.9960526315789474,0.0,0.0013157894736842105,0.002631578947368421,green,no_fire,0
2022-12-21,0.9960526315789474,0.0,0.0013157894736842105,0.002631578947368421,green,no_fire,0
2022-12-22,0.9960526315789474,0.0,0.0013157894736842105,0.002631578947368421,green,no_fire,0
2022-12-23,0.9960526315789474,0.0,0.0013157894736842105,0.002631578947368421,green,no_fire,0
2022-12-26,0.9960526315789474,0.0,0.0013157894736842105,0.002631578947368421,green,no_fire,0
2022-12-27,0.9973684210526317,0.0,0.0013157894736842105,0.0013157894736842105,green,no_fire,0
2022-12-28,0.9973684210526317,0.0,0.0013157894736842105,0.0013157894736842105,green,no_fire,0
2022-12-29,0.9973684210526317,0.0,0.0013157894736842105,0.0013157894736842105,green,no_fire,0
2022-12-30,0.9973684210526317,0.0,0.0013157894736842105,0.0013157894736842105,green,no_fire,0
2023-01-03,0.9960526315789474,0.0,0.0013157894736842105,0.002631578947368421,green,no_fire,0
2023-01-04,0.9960526315789474,0.0,0.0013157894736842105,0.002631578947368421,green,no_fire,0
2023-01-05,0.9960526315789474,0.0,0.0013157894736842105,0.002631578947368421,green,skip_trend,0
2023-01-06,0.9973684210526317,0.0,0.0013157894736842105,0.0013157894736842105,green,skip_trend,0
2023-01-09,0.9973684210526317,0.0,0.0013157894736842105,0.0013157894736842105,green,skip_trend,0
2023-01-10,0.9973684210526317,0.0,0.0013157894736842105,0.0013157894736842105,green,skip_trend,0
2023-01-11,0.9960526315789474,0.0,0.0013157894736842105,0.002631578947368421,green,no_fire,0
2023-01-12,0.9960526315789474,0.0,0.0013157894736842105,0.002631578947368421,green,no_fire,0
2023-01-13,0.9960526315789474,0.0,0.0013157894736842105,0.002631578947368421,green,no_fire,0
2023-01-16,0.9973684210526316,0.0,0.0,0.002631578947368421,green,skip_trend,0
2023-01-17,0.9973684210526316,0.0,0.0,0.002631578947368421,green,skip_trend,0
2023-01-18,0.9973684210526316,0.0,0.0,0.002631578947368421,green,skip_trend,0
2023-01-19,0.9973684210526316,0.0,0.0,0.002631578947368421,green,skip_trend,0
2023-01-20,0.9960526315789474,0.0,0.0,0.003947368421052633,green,skip_trend,0
2023-01-30,0.9960526315789474,0.0,0.0,0.003947368421052633,green,no_fire,0
2023-01-31,0.9960526315789474,0.0,0.0,0.003947368421052633,green,no_fire,0
2023-02-01,0.9960526315789474,0.0,0.0,0.003947368421052633,green,no_fire,0
2023-02-02,0.9960526315789474,0.0,0.0,0.003947368421052633,green,no_fire,0
2023-02-03,0.994736842105263,0.0,0.0013157894736842105,0.003947368421052633,green,no_fire,0
2023-02-06,0.993421052631579,0.0,0.002631578947368421,0.003947368421052633,green,no_fire,0
2023-02-07,0.994736842105263,0.0,0.002631578947368421,0.002631578947368421,green,no_fire,0
2023-02-08,0.994736842105263,0.0,0.002631578947368421,0.002631578947368421,green,no_fire,0
2023-02-09,0.994736842105263,0.0,0.002631578947368421,0.002631578947368421,green,no_fire,0
2023-02-10,0.994736842105263,0.0,0.002631578947368421,0.002631578947368421,green,no_fire,0
2023-02-13,0.994736842105263,0.0,0.002631578947368421,0.002631578947368421,green,no_fire,0
2023-02-14,0.994736842105263,0.0,0.002631578947368421,0.002631578947368421,green,no_fire,0
2023-02-15,0.9960526315789474,0.0,0.002631578947368421,0.0013157894736842105,green,no_fire,0
2023-02-16,0.9960526315789474,0.0,0.002631578947368421,0.0013157894736842105,green,no_fire,0
2023-02-17,0.9960526315789474,0.0,0.002631578947368421,0.0013157894736842105,green,no_fire,0
2023-02-20,0.994736842105263,0.0,0.002631578947368421,0.002631578947368421,green,no_fire,0
2023-02-21,0.994736842105263,0.0,0.002631578947368421,0.002631578947368421,green,no_fire,0
2023-02-22,0.994736842105263,0.0,0.002631578947368421,0.002631578947368421,green,no_fire,0
2023-02-23,0.994736842105263,0.0,0.002631578947368421,0.002631578947368421,green,no_fire,0
2023-02-24,0.9960526315789474,0.0,0.002631578947368421,0.0013157894736842105,green,no_fire,0
2023-02-27,0.9960526315789474,0.0,0.002631578947368421,0.0013157894736842105,green,no_fire,0
2023-02-28,0.9960526315789474,0.0,0.002631578947368421,0.0013157894736842105,green,no_fire,0
2023-03-01,0.9960526315789474,0.0,0.002631578947368421,0.0013157894736842105,green,no_fire,0
2023-03-02,0.9960526315789474,0.0,0.002631578947368421,0.0013157894736842105,green,no_fire,0
2023-03-03,0.9973684210526316,0.0,0.0013157894736842105,0.0013157894736842105,green,no_fire,0
2023-03-06,0.9986842105263158,0.0,0.0,0.0013157894736842105,green,no_fire,0
2023-03-07,0.9986842105263158,0.0,0.0,0.0013157894736842105,green,no_fire,0
2023-03-08,0.994736842105263,0.0,0.003947368421052633,0.0013157894736842105,green,no_fire,0
2023-03-09,0.994736842105263,0.0,0.003947368421052633,0.0013157894736842105,green,no_fire,0
2023-03-10,0.994736842105263,0.0,0.003947368421052633,0.0013157894736842105,green,no_fire,0
2023-03-13,0.993421052631579,0.0,0.003947368421052633,0.002631578947368421,green,no_fire,0
2023-03-14,0.993421052631579,0.0,0.003947368421052633,0.002631578947368421,green,no_fire,0
2023-03-15,0.993421052631579,0.0,0.003947368421052633,0.002631578947368421,green,no_fire,0
2023-03-16,0.993421052631579,0.0,0.003947368421052633,0.002631578947368421,green,no_fire,0
2023-03-17,0.993421052631579,0.0,0.003947368421052633,0.002631578947368421,green,no_fire,0
2023-03-20,0.9907894736842104,0.0,0.005263157894736842,0.003947368421052633,green,no_fire,0
2023-03-21,0.9907894736842104,0.0,0.005263157894736842,0.003947368421052633,green,no_fire,0
2023-03-22,0.988157894736842,0.0,0.005263157894736842,0.006578947368421052,green,no_fire,0
2023-03-23,0.9855263157894738,0.0,0.005263157894736842,0.009210526315789473,green,skip_trend,0
2023-03-24,0.9842105263157894,0.0,0.005263157894736842,0.010526315789473684,green,skip_trend,0
2023-03-27,0.9842105263157894,0.0,0.005263157894736842,0.010526315789473684,green,skip_trend,0
2023-03-28,0.9842105263157894,0.0,0.005263157894736842,0.010526315789473684,green,no_fire,0
2023-03-29,0.9842105263157894,0.0,0.005263157894736842,0.010526315789473684,green,no_fire,0
2023-03-30,0.9828947368421053,0.0,0.005263157894736842,0.011842105263157897,green,no_fire,0
2023-03-31,0.981578947368421,0.0,0.005263157894736842,0.013157894736842105,green,no_fire,0
2023-04-03,0.981578947368421,0.0,0.005263157894736842,0.013157894736842105,green,no_fire,0
2023-04-04,0.9802631578947368,0.0,0.006578947368421052,0.013157894736842105,green,skip_trend,0
2023-04-06,0.9842105263157896,0.0,0.002631578947368421,0.013157894736842105,green,skip_trend,0
2023-04-07,0.9802631578947368,0.0,0.002631578947368421,0.017105263157894738,green,skip_trend,0
2023-04-10,0.9802631578947368,0.0,0.002631578947368421,0.017105263157894738,green,no_fire,0
2023-04-11,0.981578947368421,0.0,0.002631578947368421,0.015789473684210527,green,no_fire,0
2023-04-12,0.981578947368421,0.0,0.002631578947368421,0.015789473684210527,green,no_fire,0
2023-04-13,0.981578947368421,0.0,0.002631578947368421,0.015789473684210527,green,no_fire,0
2023-04-14,0.9802631578947368,0.0,0.002631578947368421,0.017105263157894738,green,no_fire,0
2023-04-17,0.9802631578947368,0.0,0.002631578947368421,0.017105263157894738,green,no_fire,0
2023-04-18,0.9828947368421052,0.0,0.0013157894736842105,0.01578947368421053,green,no_fire,0
2023-04-19,0.981578947368421,0.0,0.002631578947368421,0.01578947368421053,green,no_fire,0
2023-04-20,0.9842105263157894,0.0,0.002631578947368421,0.013157894736842105,green,no_fire,0
2023-04-21,0.9868421052631579,0.0,0.002631578947368421,0.010526315789473684,green,no_fire,0
2023-04-24,0.988157894736842,0.0,0.002631578947368421,0.009210526315789473,green,no_fire,0
2023-04-25,0.988157894736842,0.0,0.002631578947368421,0.009210526315789473,green,no_fire,0
2023-04-26,0.9868421052631579,0.0,0.002631578947368421,0.010526315789473684,green,no_fire,0
2023-04-27,0.9868421052631579,0.0,0.002631578947368421,0.010526315789473684,green,no_fire,0
2023-04-28,0.9868421052631579,0.0,0.002631578947368421,0.010526315789473684,green,no_fire,0
2023-05-04,0.988157894736842,0.0,0.002631578947368421,0.009210526315789475,green,no_fire,0
2023-05-05,0.9868421052631579,0.0,0.002631578947368421,0.010526315789473684,green,no_fire,0
2023-05-08,0.9842105263157896,0.0,0.0013157894736842105,0.014473684210526317,green,no_fire,0
2023-05-09,0.9842105263157896,0.0,0.0013157894736842105,0.014473684210526317,green,no_fire,0
2023-05-10,0.9881578947368422,0.0,0.0013157894736842105,0.010526315789473684,green,no_fire,0
2023-05-11,0.9881578947368422,0.0,0.0013157894736842105,0.010526315789473684,green,no_fire,0
2023-05-12,0.9855263157894738,0.0,0.002631578947368421,0.011842105263157895,green,no_fire,0
2023-05-15,0.9802631578947371,0.0,0.002631578947368421,0.01710526315789474,green,no_fire,0
2023-05-16,0.9802631578947371,0.0,0.002631578947368421,0.01710526315789474,green,no_fire,0
2023-05-17,0.9802631578947368,0.0,0.002631578947368421,0.017105263157894738,green,no_fire,0
2023-05-18,0.9776315789473685,0.0,0.002631578947368421,0.01973684210526316,green,no_fire,0
2023-05-19,0.9750000000000001,0.0,0.002631578947368421,0.022368421052631583,green,no_fire,0
2023-05-22,0.9736842105263159,0.0,0.003947368421052633,0.022368421052631583,green,no_fire,0
2023-05-23,0.9723684210526317,0.0,0.003947368421052633,0.02368421052631579,green,no_fire,0
2023-05-24,0.9710526315789475,0.0,0.005263157894736842,0.02368421052631579,green,no_fire,0
2023-05-25,0.9710526315789475,0.0,0.005263157894736842,0.02368421052631579,green,no_fire,0
2023-05-26,0.9697368421052633,0.0,0.006578947368421052,0.02368421052631579,green,no_fire,0
2023-05-29,0.9671052631578949,0.0,0.006578947368421052,0.02631578947368421,green,no_fire,0
2023-05-30,0.9671052631578949,0.0,0.006578947368421052,0.02631578947368421,green,no_fire,0
2023-05-31,0.9684210526315791,0.0,0.006578947368421052,0.024999999999999998,green,no_fire,0
2023-06-01,0.9671052631578949,0.0,0.006578947368421052,0.02631578947368421,green,no_fire,0
2023-06-02,0.9684210526315791,0.0,0.006578947368421052,0.025,green,no_fire,0
2023-06-05,0.9684210526315788,0.0,0.007894736842105263,0.02368421052631579,green,no_fire,0
2023-06-06,0.9671052631578947,0.0,0.009210526315789473,0.02368421052631579,green,no_fire,0
2023-06-07,0.9671052631578947,0.0,0.009210526315789473,0.02368421052631579,green,no_fire,0
2023-06-08,0.9671052631578947,0.0,0.009210526315789473,0.02368421052631579,green,no_fire,0
2023-06-09,0.9671052631578946,0.0,0.007894736842105263,0.025,green,no_fire,0
2023-06-12,0.969736842105263,0.0,0.007894736842105263,0.02236842105263158,green,no_fire,0
2023-06-13,0.9684210526315788,0.0,0.007894736842105263,0.023684210526315787,green,no_fire,0
2023-06-14,0.9684210526315788,0.0,0.007894736842105263,0.023684210526315787,green,skip_trend,0
2023-06-15,0.9710526315789473,0.0,0.007894736842105263,0.021052631578947368,green,skip_trend,0
2023-06-16,0.9723684210526319,0.0,0.009210526315789473,0.018421052631578946,green,skip_trend,0
2023-06-19,0.9736842105263159,0.0,0.006578947368421052,0.01973684210526316,green,skip_trend,0
2023-06-20,0.9736842105263159,0.0,0.006578947368421052,0.01973684210526316,green,no_fire,0
2023-06-21,0.9750000000000001,0.0,0.005263157894736842,0.01973684210526316,green,no_fire,0
2023-06-26,0.9736842105263158,0.0,0.006578947368421052,0.01973684210526316,green,no_fire,0
2023-06-27,0.9736842105263159,0.0,0.005263157894736842,0.02105263157894737,green,no_fire,0
2023-06-28,0.9763157894736842,0.0,0.005263157894736842,0.01842105263157895,green,no_fire,0
2023-06-29,0.9763157894736842,0.0,0.005263157894736842,0.01842105263157895,green,no_fire,0
2023-06-30,0.9763157894736842,0.0,0.005263157894736842,0.01842105263157895,green,no_fire,0
2023-07-03,0.9763157894736842,0.0,0.005263157894736842,0.01842105263157895,green,skip_trend,0
2023-07-04,0.9763157894736842,0.0,0.005263157894736842,0.01842105263157895,green,no_fire,0
2023-07-05,0.9802631578947368,0.0,0.003947368421052633,0.015789473684210527,green,no_fire,0
2023-07-06,0.981578947368421,0.0,0.002631578947368421,0.015789473684210527,green,no_fire,0
2023-07-07,0.981578947368421,0.0,0.002631578947368421,0.015789473684210527,green,no_fire,0
2023-07-10,0.981578947368421,0.0,0.002631578947368421,0.015789473684210527,green,no_fire,0
2023-07-11,0.9828947368421053,0.0,0.002631578947368421,0.014473684210526317,green,no_fire,0
2023-07-12,0.9855263157894739,0.0,0.002631578947368421,0.011842105263157897,green,no_fire,0
2023-07-13,0.9868421052631581,0.0,0.002631578947368421,0.010526315789473684,green,no_fire,0
2023-07-14,0.9868421052631581,0.0,0.002631578947368421,0.010526315789473684,green,skip_trend,0
2023-07-17,0.9855263157894738,0.0,0.003947368421052633,0.010526315789473684,green,no_fire,0
2023-07-18,0.9881578947368422,0.0,0.002631578947368421,0.009210526315789475,green,no_fire,0
2023-07-19,0.9842105263157896,0.0,0.002631578947368421,0.013157894736842105,green,no_fire,0
2023-07-20,0.9855263157894739,0.0,0.002631578947368421,0.011842105263157895,green,no_fire,0
2023-07-21,0.9855263157894739,0.0,0.002631578947368421,0.011842105263157895,green,no_fire,0
2023-07-24,0.9868421052631581,0.0,0.0013157894736842105,0.011842105263157895,green,no_fire,0
2023-07-25,0.9828947368421055,0.0,0.002631578947368421,0.01447368421052632,green,no_fire,0
2023-07-26,0.9842105263157898,0.0,0.002631578947368421,0.013157894736842105,green,no_fire,0
2023-07-27,0.9842105263157898,0.0,0.002631578947368421,0.013157894736842105,green,no_fire,0
2023-07-28,0.9815789473684213,0.0,0.002631578947368421,0.01578947368421053,green,skip_trend,0
2023-07-31,0.9815789473684213,0.0,0.003947368421052633,0.01447368421052632,green,skip_trend,0
2023-08-01,0.9815789473684213,0.0,0.003947368421052633,0.01447368421052632,green,no_fire,0
2023-08-02,0.9815789473684213,0.0,0.003947368421052633,0.01447368421052632,green,no_fire,0
2023-08-03,0.9815789473684213,0.0,0.003947368421052633,0.01447368421052632,green,no_fire,0
2023-08-04,0.9815789473684213,0.0,0.003947368421052633,0.01447368421052632,green,no_fire,0
2023-08-07,0.9776315789473685,0.0,0.007894736842105263,0.01447368421052632,green,no_fire,0
2023-08-08,0.9789473684210529,0.0,0.007894736842105263,0.013157894736842105,green,no_fire,0
2023-08-09,0.9789473684210529,0.0,0.007894736842105263,0.013157894736842105,green,no_fire,0
2023-08-10,0.9776315789473685,0.0,0.007894736842105263,0.01447368421052632,green,no_fire,0
2023-08-11,0.9789473684210529,0.0,0.007894736842105263,0.013157894736842105,green,no_fire,0
2023-08-14,0.9802631578947371,0.0,0.006578947368421052,0.013157894736842105,green,no_fire,0
2023-08-15,0.9776315789473685,0.0,0.009210526315789475,0.013157894736842105,green,no_fire,0
2023-08-16,0.9828947368421053,0.0,0.009210526315789475,0.007894736842105265,green,no_fire,0
2023-08-17,0.9815789473684212,0.0,0.009210526315789475,0.009210526315789475,green,no_fire,0
2023-08-18,0.9815789473684212,0.0,0.009210526315789475,0.009210526315789475,green,no_fire,0
2023-08-21,0.9802631578947368,0.0,0.009210526315789475,0.010526315789473684,green,no_fire,0
2023-08-22,0.9828947368421053,0.0,0.009210526315789475,0.007894736842105265,green,no_fire,0
2023-08-23,0.9828947368421053,0.0,0.009210526315789475,0.007894736842105265,green,no_fire,0
2023-08-24,0.9802631578947371,0.0,0.009210526315789475,0.010526315789473684,green,no_fire,0
2023-08-25,0.9828947368421053,0.0,0.009210526315789475,0.007894736842105263,green,no_fire,0
2023-08-28,0.9815789473684212,0.0,0.007894736842105265,0.010526315789473684,green,no_fire,0
2023-08-29,0.9815789473684212,0.0,0.007894736842105265,0.010526315789473684,green,no_fire,0
2023-08-30,0.9802631578947371,0.0,0.007894736842105265,0.011842105263157895,green,skip_trend,0
2023-08-31,0.9789473684210527,0.0,0.009210526315789475,0.011842105263157895,green,no_fire,0
2023-09-01,0.9776315789473685,0.0,0.009210526315789475,0.013157894736842105,green,skip_trend,0
2023-09-04,0.9802631578947371,0.0,0.005263157894736842,0.01447368421052632,green,skip_trend,0
2023-09-05,0.9802631578947371,0.0,0.005263157894736842,0.01447368421052632,green,no_fire,0
2023-09-06,0.9802631578947371,0.0,0.005263157894736842,0.01447368421052632,green,no_fire,0
2023-09-07,0.9789473684210527,0.0,0.007894736842105263,0.013157894736842105,green,no_fire,0
2023-09-08,0.9789473684210527,0.0,0.007894736842105263,0.013157894736842105,green,no_fire,0
2023-09-11,0.9789473684210527,0.0,0.007894736842105263,0.013157894736842105,green,no_fire,0
2023-09-12,0.9815789473684212,0.0,0.005263157894736842,0.013157894736842105,green,no_fire,0
2023-09-13,0.9815789473684212,0.0,0.005263157894736842,0.013157894736842105,green,no_fire,0
2023-09-14,0.9802631578947368,0.0,0.005263157894736842,0.014473684210526317,green,no_fire,0
2023-09-15,0.9802631578947368,0.0,0.005263157894736842,0.014473684210526317,green,no_fire,0
2023-09-18,0.9815789473684212,0.0,0.005263157894736842,0.013157894736842105,green,no_fire,0
2023-09-19,0.9842105263157896,0.0,0.003947368421052633,0.011842105263157893,green,no_fire,0
2023-09-20,0.9842105263157896,0.0,0.003947368421052633,0.011842105263157893,green,no_fire,0
2023-09-21,0.9868421052631579,0.0,0.003947368421052633,0.009210526315789473,green,no_fire,0
2023-09-22,0.9868421052631579,0.0,0.003947368421052633,0.009210526315789473,green,no_fire,0
2023-09-25,0.9894736842105264,0.0,0.003947368421052633,0.006578947368421052,green,no_fire,0
2023-09-26,0.9894736842105264,0.0,0.003947368421052633,0.006578947368421052,green,no_fire,0
2023-09-27,0.988157894736842,0.0,0.006578947368421052,0.005263157894736842,green,no_fire,0
2023-09-28,0.988157894736842,0.0,0.006578947368421052,0.005263157894736842,green,no_fire,0
2023-10-09,0.9881578947368422,0.0,0.007894736842105263,0.003947368421052633,green,no_fire,0
2023-10-10,0.9894736842105265,0.0,0.007894736842105263,0.002631578947368421,green,no_fire,0
2023-10-11,0.9881578947368422,0.0,0.007894736842105263,0.003947368421052633,green,no_fire,0
2023-10-12,0.9855263157894738,0.0,0.007894736842105263,0.006578947368421052,green,no_fire,0
2023-10-13,0.9868421052631581,0.0,0.006578947368421052,0.006578947368421052,green,no_fire,0
2023-10-16,0.9868421052631581,0.0,0.006578947368421052,0.006578947368421052,green,no_fire,0
2023-10-17,0.9868421052631581,0.0,0.006578947368421052,0.006578947368421052,green,no_fire,0
2023-10-18,0.9868421052631581,0.0,0.006578947368421052,0.006578947368421052,green,no_fire,0
2023-10-19,0.9868421052631581,0.0,0.006578947368421052,0.006578947368421052,green,no_fire,0
2023-10-20,0.9894736842105264,0.0,0.006578947368421052,0.003947368421052633,green,no_fire,0
2023-10-23,0.9881578947368422,0.0,0.007894736842105263,0.003947368421052633,green,no_fire,0
2023-10-24,0.9868421052631581,0.0,0.007894736842105263,0.005263157894736842,green,no_fire,0
2023-10-25,0.9868421052631581,0.0,0.007894736842105263,0.005263157894736842,green,no_fire,0
2023-10-26,0.9842105263157898,0.0,0.010526315789473684,0.005263157894736842,green,no_fire,0
2023-10-27,0.9842105263157898,0.0,0.010526315789473684,0.005263157894736842,green,no_fire,0
2023-10-30,0.9842105263157898,0.0,0.010526315789473684,0.005263157894736842,green,skip_trend,0
2023-10-31,0.9842105263157898,0.0,0.010526315789473684,0.005263157894736842,green,skip_trend,0
2023-11-01,0.9842105263157898,0.0,0.010526315789473684,0.005263157894736842,green,no_fire,0
2023-11-02,0.9868421052631581,0.0,0.007894736842105263,0.005263157894736842,green,no_fire,0
2023-11-03,0.9881578947368425,0.0,0.006578947368421052,0.005263157894736842,green,no_fire,0
2023-11-06,0.9894736842105265,0.0,0.005263157894736842,0.005263157894736842,green,skip_trend,0
2023-11-07,0.9894736842105265,0.0,0.005263157894736842,0.005263157894736842,green,skip_trend,0
2023-11-08,0.9907894736842107,0.0,0.005263157894736842,0.003947368421052633,green,skip_trend,0
2023-11-09,0.9921052631578948,0.0,0.005263157894736842,0.002631578947368421,green,skip_trend,0
2023-11-10,0.9934210526315791,0.0,0.003947368421052633,0.002631578947368421,green,no_fire,0
2023-11-13,0.9934210526315791,0.0,0.003947368421052633,0.002631578947368421,green,no_fire,0
2023-11-14,0.9934210526315791,0.0,0.003947368421052633,0.002631578947368421,green,no_fire,0
2023-11-15,0.9934210526315791,0.0,0.003947368421052633,0.002631578947368421,green,no_fire,0
2023-11-16,0.9934210526315791,0.0,0.003947368421052633,0.002631578947368421,green,no_fire,0
2023-11-17,0.9934210526315791,0.0,0.003947368421052633,0.002631578947368421,green,no_fire,0
2023-11-20,0.9921052631578948,0.0,0.005263157894736842,0.002631578947368421,green,no_fire,0
2023-11-21,0.9921052631578948,0.0,0.006578947368421052,0.0013157894736842105,green,no_fire,0
2023-11-22,0.9921052631578948,0.0,0.006578947368421052,0.0013157894736842105,green,no_fire,0
2023-11-23,0.994736842105263,0.0,0.003947368421052633,0.0013157894736842105,green,no_fire,0
2023-11-24,0.994736842105263,0.0,0.003947368421052633,0.0013157894736842105,green,no_fire,0
2023-11-27,0.994736842105263,0.0,0.003947368421052633,0.0013157894736842105,green,no_fire,0
2023-11-28,0.994736842105263,0.0,0.003947368421052633,0.0013157894736842105,green,no_fire,0
2023-11-29,0.9921052631578948,0.0,0.006578947368421052,0.0013157894736842105,green,no_fire,0
2023-11-30,0.9907894736842107,0.0,0.006578947368421052,0.002631578947368421,green,no_fire,0
2023-12-01,0.9894736842105264,0.0,0.006578947368421052,0.003947368421052633,green,no_fire,0
2023-12-04,0.9894736842105264,0.0,0.006578947368421052,0.003947368421052633,green,no_fire,0
2023-12-05,0.9894736842105264,0.0,0.006578947368421052,0.003947368421052633,green,no_fire,0
2023-12-06,0.9881578947368422,0.0,0.006578947368421052,0.005263157894736842,green,no_fire,0
2023-12-07,0.9894736842105265,0.0,0.006578947368421052,0.003947368421052633,green,no_fire,0
2023-12-08,0.9868421052631579,0.0,0.006578947368421052,0.006578947368421052,green,no_fire,0
2023-12-11,0.9868421052631579,0.0,0.006578947368421052,0.006578947368421052,green,no_fire,0
2023-12-12,0.9868421052631579,0.0,0.006578947368421052,0.006578947368421052,green,no_fire,0
2023-12-13,0.9868421052631579,0.0,0.006578947368421052,0.006578947368421052,green,no_fire,0
2023-12-14,0.9842105263157896,0.0,0.006578947368421052,0.009210526315789475,green,no_fire,0
2023-12-15,0.9842105263157896,0.0,0.006578947368421052,0.009210526315789475,green,no_fire,0
2023-12-18,0.9868421052631579,0.0,0.003947368421052633,0.009210526315789475,green,no_fire,0
2023-12-19,0.9881578947368422,0.0,0.002631578947368421,0.009210526315789475,green,no_fire,0
2023-12-20,0.9881578947368422,0.0,0.002631578947368421,0.009210526315789475,green,no_fire,0
2023-12-21,0.9881578947368422,0.0,0.002631578947368421,0.009210526315789475,green,no_fire,0
2023-12-22,0.9855263157894738,0.0,0.005263157894736842,0.009210526315789475,green,no_fire,0
2023-12-25,0.9855263157894738,0.0,0.005263157894736842,0.009210526315789475,green,no_fire,0
2023-12-26,0.9855263157894738,0.0,0.005263157894736842,0.009210526315789475,green,no_fire,0
2023-12-27,0.9881578947368422,0.0,0.002631578947368421,0.009210526315789475,green,no_fire,0
2023-12-28,0.9894736842105265,0.0,0.002631578947368421,0.007894736842105263,green,no_fire,0
2023-12-29,0.9907894736842107,0.0,0.002631578947368421,0.006578947368421052,green,no_fire,0
2024-01-02,0.9881578947368422,0.0,0.003947368421052633,0.007894736842105263,green,no_fire,0
2024-01-03,0.9868421052631581,0.0,0.005263157894736842,0.007894736842105263,green,no_fire,0
2024-01-04,0.9881578947368422,0.0,0.005263157894736842,0.006578947368421052,green,no_fire,0
2024-01-05,0.9881578947368422,0.0,0.005263157894736842,0.006578947368421052,green,no_fire,0
2024-01-08,0.9907894736842107,0.0,0.005263157894736842,0.003947368421052633,green,no_fire,0
2024-01-09,0.9868421052631583,0.0,0.005263157894736842,0.007894736842105263,green,no_fire,0
2024-01-10,0.9868421052631583,0.0,0.005263157894736842,0.007894736842105263,green,no_fire,0
2024-01-11,0.98421052631579,0.0,0.005263157894736842,0.010526315789473684,green,no_fire,0
2024-01-12,0.9868421052631583,0.0,0.005263157894736842,0.007894736842105263,green,no_fire,0
2024-01-15,0.9855263157894739,0.0,0.005263157894736842,0.009210526315789473,green,no_fire,0
2024-01-16,0.9842105263157898,0.0,0.005263157894736842,0.010526315789473684,green,no_fire,0
2024-01-17,0.9842105263157898,0.0,0.005263157894736842,0.010526315789473684,green,no_fire,0
2024-01-18,0.9828947368421057,0.0,0.005263157894736842,0.011842105263157893,green,no_fire,0
2024-01-19,0.9815789473684213,0.0,0.005263157894736842,0.013157894736842105,green,no_fire,0
2024-01-22,0.9828947368421055,0.0,0.003947368421052633,0.013157894736842105,green,no_fire,0
2024-01-23,0.9828947368421055,0.0,0.003947368421052633,0.013157894736842105,green,no_fire,0
2024-01-24,0.9828947368421055,0.0,0.003947368421052633,0.013157894736842105,green,no_fire,0
2024-01-25,0.9828947368421055,0.0,0.003947368421052633,0.013157894736842105,green,no_fire,0
2024-01-26,0.9828947368421055,0.0,0.003947368421052633,0.013157894736842105,green,no_fire,0
2024-01-29,0.9828947368421055,0.0,0.003947368421052633,0.013157894736842105,green,no_fire,0
2024-01-30,0.9855263157894739,0.0,0.002631578947368421,0.011842105263157897,green,no_fire,0
2024-01-31,0.9868421052631581,0.0,0.0013157894736842105,0.011842105263157897,green,no_fire,0
2024-02-01,0.9868421052631581,0.0,0.0013157894736842105,0.011842105263157897,green,no_fire,0
2024-02-02,0.9855263157894738,0.0,0.0013157894736842105,0.013157894736842105,green,no_fire,0
2024-02-05,0.9828947368421053,0.0,0.003947368421052633,0.013157894736842105,green,no_fire,0
2024-02-06,0.9855263157894739,0.0,0.003947368421052633,0.010526315789473684,green,no_fire,0
2024-02-07,0.9842105263157898,0.0,0.003947368421052633,0.011842105263157893,green,skip_trend,0
2024-02-08,0.9855263157894739,0.0,0.003947368421052633,0.010526315789473684,green,skip_trend,0
2024-02-19,0.9789473684210529,0.0,0.003947368421052633,0.01710526315789474,green,skip_trend,0
2024-02-20,0.9802631578947371,0.0,0.003947368421052633,0.01578947368421053,green,skip_trend,0
2024-02-21,0.9789473684210527,0.0,0.003947368421052633,0.01710526315789474,green,skip_trend,0
2024-02-22,0.9776315789473685,0.0,0.003947368421052633,0.01842105263157895,green,skip_trend,0
2024-02-23,0.9789473684210527,0.0,0.003947368421052633,0.01710526315789474,green,skip_trend,0
2024-02-26,0.9802631578947368,0.0,0.003947368421052633,0.01578947368421053,green,no_fire,0
2024-02-27,0.9802631578947368,0.0,0.002631578947368421,0.017105263157894738,green,skip_trend,0
2024-02-28,0.9802631578947368,0.0,0.002631578947368421,0.017105263157894738,green,no_fire,0
2024-02-29,0.9789473684210526,0.0,0.002631578947368421,0.01842105263157895,green,no_fire,0
2024-03-01,0.9776315789473684,0.0,0.003947368421052633,0.01842105263157895,green,skip_trend,0
2024-03-04,0.9750000000000001,0.0,0.003947368421052633,0.021052631578947368,green,skip_trend,0
2024-03-05,0.9723684210526317,0.0,0.003947368421052633,0.02368421052631579,green,no_fire,0
2024-03-06,0.9723684210526317,0.0,0.003947368421052633,0.02368421052631579,green,skip_trend,0
2024-03-07,0.9710526315789475,0.0,0.003947368421052633,0.025,green,no_fire,0
2024-03-08,0.9697368421052632,0.0,0.003947368421052633,0.02631578947368421,green,no_fire,0
2024-03-11,0.9684210526315791,0.0,0.003947368421052633,0.027631578947368424,green,no_fire,0
2024-03-12,0.9697368421052633,0.0,0.0013157894736842105,0.028947368421052635,green,no_fire,0
2024-03-13,0.9710526315789475,0.0,0.0013157894736842105,0.027631578947368424,green,no_fire,0
2024-03-14,0.9710526315789475,0.0,0.0013157894736842105,0.027631578947368424,green,no_fire,0
2024-03-15,0.9710526315789475,0.0,0.0013157894736842105,0.027631578947368424,green,no_fire,0
2024-03-18,0.9776315789473685,0.0,0.0013157894736842105,0.021052631578947368,green,no_fire,0
2024-03-19,0.9776315789473685,0.0,0.0013157894736842105,0.021052631578947368,green,no_fire,0
2024-03-20,0.9802631578947371,0.0,0.0013157894736842105,0.01842105263157895,green,no_fire,0
2024-03-21,0.9763157894736845,0.0,0.0013157894736842105,0.022368421052631583,green,no_fire,0
2024-03-22,0.9750000000000003,0.0,0.002631578947368421,0.022368421052631583,green,no_fire,0
2024-03-25,0.9736842105263159,0.0,0.003947368421052633,0.022368421052631583,green,no_fire,0
2024-03-26,0.9750000000000001,0.0,0.003947368421052633,0.021052631578947368,green,no_fire,0
2024-03-27,0.9750000000000001,0.0,0.003947368421052633,0.021052631578947368,green,no_fire,0
2024-03-28,0.9750000000000001,0.0,0.003947368421052633,0.021052631578947368,green,no_fire,0
2024-03-29,0.9736842105263158,0.0,0.002631578947368421,0.02368421052631579,green,no_fire,0
2024-04-01,0.9763157894736842,0.0,0.002631578947368421,0.021052631578947368,green,no_fire,0
2024-04-02,0.9789473684210527,0.0,0.002631578947368421,0.01842105263157895,green,no_fire,0
2024-04-03,0.9763157894736842,0.0,0.003947368421052633,0.019736842105263157,green,no_fire,0
2024-04-08,0.9736842105263158,0.0,0.003947368421052633,0.022368421052631583,green,no_fire,0
2024-04-09,0.975,0.0,0.003947368421052633,0.021052631578947368,green,no_fire,0
2024-04-10,0.9776315789473684,0.0,0.003947368421052633,0.01842105263157895,green,no_fire,0
2024-04-11,0.9789473684210526,0.0,0.003947368421052633,0.01710526315789474,green,no_fire,0
2024-04-12,0.9763157894736842,0.0,0.003947368421052633,0.019736842105263157,green,no_fire,0
2024-04-15,0.9776315789473684,0.0,0.003947368421052633,0.01842105263157895,green,no_fire,0
2024-04-16,0.9789473684210526,0.0,0.003947368421052633,0.01710526315789474,green,no_fire,0
2024-04-17,0.9789473684210526,0.0,0.003947368421052633,0.01710526315789474,green,no_fire,0
2024-04-18,0.9789473684210526,0.0,0.003947368421052633,0.01710526315789474,green,no_fire,0
2024-04-19,0.9776315789473684,0.0,0.005263157894736842,0.01710526315789474,green,no_fire,0
2024-04-22,0.9815789473684213,0.0,0.006578947368421052,0.011842105263157897,green,no_fire,0
2024-04-23,0.9828947368421055,0.0,0.005263157894736842,0.011842105263157897,green,no_fire,0
2024-04-24,0.9842105263157896,0.0,0.003947368421052633,0.011842105263157897,green,no_fire,0
2024-04-25,0.9842105263157896,0.0,0.003947368421052633,0.011842105263157897,green,no_fire,0
2024-04-26,0.9842105263157896,0.0,0.003947368421052633,0.011842105263157897,green,skip_trend,0
2024-04-29,0.9855263157894738,0.0,0.003947368421052633,0.010526315789473684,green,skip_trend,0
2024-04-30,0.9881578947368425,0.0,0.003947368421052633,0.007894736842105265,green,skip_trend,0
2024-05-06,0.9881578947368425,0.0,0.003947368421052633,0.007894736842105265,green,skip_trend,0
2024-05-07,0.9868421052631581,0.0,0.003947368421052633,0.009210526315789473,green,skip_trend,0
2024-05-08,0.9894736842105265,0.0,0.002631578947368421,0.007894736842105265,green,no_fire,0
2024-05-09,0.993421052631579,0.0,0.002631578947368421,0.003947368421052633,green,no_fire,0
2024-05-10,0.993421052631579,0.0,0.002631578947368421,0.003947368421052633,green,no_fire,0
2024-05-13,0.993421052631579,0.0,0.002631578947368421,0.003947368421052633,green,no_fire,0
2024-05-14,0.993421052631579,0.0,0.002631578947368421,0.003947368421052633,green,no_fire,0
2024-05-15,0.9960526315789474,0.0,0.002631578947368421,0.0013157894736842105,green,no_fire,0
2024-05-16,0.9960526315789474,0.0,0.002631578947368421,0.0013157894736842105,green,no_fire,0
2024-05-17,0.9960526315789474,0.0,0.002631578947368421,0.0013157894736842105,green,no_fire,0
2024-05-20,0.9960526315789474,0.0,0.002631578947368421,0.0013157894736842105,green,no_fire,0
2024-05-21,0.9960526315789474,0.0,0.002631578947368421,0.0013157894736842105,green,no_fire,0
2024-05-22,0.9973684210526316,0.0,0.0013157894736842105,0.0013157894736842105,green,no_fire,0
2024-05-23,0.9986842105263158,0.0,0.0,0.0013157894736842105,green,no_fire,0
2024-05-24,0.9986842105263158,0.0,0.0,0.0013157894736842105,green,no_fire,0
2024-05-27,0.9986842105263158,0.0,0.0,0.0013157894736842105,green,no_fire,0
2024-05-28,0.9986842105263158,0.0,0.0,0.0013157894736842105,green,no_fire,0
2024-05-29,0.9986842105263158,0.0,0.0,0.0013157894736842105,green,no_fire,0
2024-05-30,0.9986842105263158,0.0,0.0,0.0013157894736842105,green,no_fire,0
2024-05-31,0.9986842105263158,0.0,0.0,0.0013157894736842105,green,no_fire,0
2024-06-03,0.9973684210526316,0.0,0.0013157894736842105,0.0013157894736842105,green,no_fire,0
2024-06-04,0.9986842105263158,0.0,0.0013157894736842105,0.0,green,no_fire,0
2024-06-05,0.9986842105263158,0.0,0.0013157894736842105,0.0,green,no_fire,0
2024-06-06,0.9986842105263158,0.0,0.0013157894736842105,0.0,green,no_fire,0
2024-06-07,0.9986842105263158,0.0,0.0013157894736842105,0.0,green,no_fire,0
2024-06-11,0.9986842105263158,0.0,0.0013157894736842105,0.0,green,no_fire,0
2024-06-12,0.9973684210526316,0.0,0.0013157894736842105,0.0013157894736842105,green,no_fire,0
2024-06-13,0.9973684210526316,0.0,0.0013157894736842105,0.0013157894736842105,green,no_fire,0
2024-06-14,0.9960526315789474,0.0,0.0013157894736842105,0.002631578947368421,green,no_fire,0
2024-06-17,0.9960526315789474,0.0,0.0013157894736842105,0.002631578947368421,green,no_fire,0
2024-06-18,0.9960526315789474,0.0,0.0013157894736842105,0.002631578947368421,green,no_fire,0
2024-06-19,0.993421052631579,0.0,0.0013157894736842105,0.005263157894736842,green,no_fire,0
2024-06-20,0.993421052631579,0.0,0.0013157894736842105,0.005263157894736842,green,no_fire,0
2024-06-21,0.993421052631579,0.0,0.0013157894736842105,0.005263157894736842,green,no_fire,0
2024-06-24,0.993421052631579,0.0,0.0013157894736842105,0.005263157894736842,green,no_fire,0
2024-06-25,0.993421052631579,0.0,0.0013157894736842105,0.005263157894736842,green,no_fire,0
2024-06-26,0.993421052631579,0.0,0.0013157894736842105,0.005263157894736842,green,no_fire,0
2024-06-27,0.993421052631579,0.0,0.0013157894736842105,0.005263157894736842,green,no_fire,0
2024-06-28,0.993421052631579,0.0,0.0013157894736842105,0.005263157894736842,green,no_fire,0
2024-07-01,0.9921052631578948,0.0,0.002631578947368421,0.005263157894736842,green,no_fire,0
2024-07-02,0.993421052631579,0.0,0.0013157894736842105,0.005263157894736842,green,no_fire,0
2024-07-03,0.993421052631579,0.0,0.0013157894736842105,0.005263157894736842,green,no_fire,0
2024-07-04,0.993421052631579,0.0,0.0013157894736842105,0.005263157894736842,green,no_fire,0
2024-07-05,0.993421052631579,0.0,0.0013157894736842105,0.005263157894736842,green,no_fire,0
2024-07-08,0.993421052631579,0.0,0.0013157894736842105,0.005263157894736842,green,no_fire,0
2024-07-09,0.993421052631579,0.0,0.0013157894736842105,0.005263157894736842,green,no_fire,0
2024-07-10,0.993421052631579,0.0,0.002631578947368421,0.003947368421052633,green,no_fire,0
2024-07-11,0.993421052631579,0.0,0.002631578947368421,0.003947368421052633,green,no_fire,0
2024-07-12,0.9947368421052633,0.0,0.002631578947368421,0.002631578947368421,green,no_fire,0
2024-07-15,0.9934210526315791,0.0,0.002631578947368421,0.003947368421052633,green,skip_trend,0
2024-07-16,0.9934210526315791,0.0,0.002631578947368421,0.003947368421052633,green,no_fire,0
2024-07-17,0.9960526315789476,0.0,0.002631578947368421,0.0013157894736842105,green,no_fire,0
2024-07-18,0.9960526315789476,0.0,0.002631578947368421,0.0013157894736842105,green,no_fire,0
2024-07-19,0.9934210526315791,0.0,0.005263157894736842,0.0013157894736842105,green,no_fire,0
2024-07-22,0.9934210526315791,0.0,0.005263157894736842,0.0013157894736842105,green,no_fire,0
2024-07-23,0.9934210526315791,0.0,0.005263157894736842,0.0013157894736842105,green,no_fire,0
2024-07-24,0.9921052631578948,0.0,0.006578947368421052,0.0013157894736842105,green,no_fire,0
2024-07-25,0.9921052631578948,0.0,0.006578947368421052,0.0013157894736842105,green,no_fire,0
2024-07-26,0.9894736842105265,0.0,0.006578947368421052,0.003947368421052633,green,no_fire,0
2024-07-29,0.9907894736842107,0.0,0.005263157894736842,0.003947368421052633,green,no_fire,0
2024-07-30,0.9907894736842107,0.0,0.005263157894736842,0.003947368421052633,green,no_fire,0
2024-07-31,0.9907894736842107,0.0,0.005263157894736842,0.003947368421052633,green,no_fire,0
2024-08-01,0.9907894736842107,0.0,0.005263157894736842,0.003947368421052633,green,skip_trend,0
2024-08-02,0.9907894736842107,0.0,0.005263157894736842,0.003947368421052633,green,no_fire,0
2024-08-05,0.9894736842105265,0.0,0.006578947368421052,0.003947368421052633,green,no_fire,0
2024-08-06,0.9894736842105265,0.0,0.006578947368421052,0.003947368421052633,green,no_fire,0
2024-08-07,0.9907894736842107,0.0,0.005263157894736842,0.003947368421052633,green,no_fire,0
2024-08-08,0.9907894736842107,0.0,0.005263157894736842,0.003947368421052633,green,no_fire,0
2024-08-09,0.9907894736842107,0.0,0.005263157894736842,0.003947368421052633,green,no_fire,0
2024-08-12,0.9907894736842107,0.0,0.006578947368421052,0.002631578947368421,green,no_fire,0
2024-08-13,0.9894736842105265,0.0,0.007894736842105263,0.002631578947368421,green,no_fire,0
2024-08-14,0.9894736842105265,0.0,0.007894736842105263,0.002631578947368421,green,no_fire,0
2024-08-15,0.9894736842105265,0.0,0.007894736842105263,0.002631578947368421,green,no_fire,0
2024-08-16,0.9921052631578948,0.0,0.005263157894736842,0.002631578947368421,green,no_fire,0
2024-08-19,0.9921052631578948,0.0,0.005263157894736842,0.002631578947368421,green,no_fire,0
2024-08-20,0.9907894736842107,0.0,0.006578947368421052,0.002631578947368421,green,no_fire,0
2024-08-21,0.9921052631578948,0.0,0.005263157894736842,0.002631578947368421,green,no_fire,0
2024-08-22,0.9921052631578948,0.0,0.005263157894736842,0.002631578947368421,green,no_fire,0
2024-08-23,0.9947368421052633,0.0,0.005263157894736842,0.0,green,no_fire,0
2024-08-26,0.9947368421052633,0.0,0.005263157894736842,0.0,green,no_fire,0
2024-08-27,0.9947368421052633,0.0,0.005263157894736842,0.0,green,no_fire,0
2024-08-28,0.9934210526315791,0.0,0.006578947368421052,0.0,green,no_fire,0
2024-08-29,0.9921052631578948,0.0,0.007894736842105263,0.0,green,no_fire,0
2024-08-30,0.9921052631578948,0.0,0.007894736842105263,0.0,green,no_fire,0
2024-09-02,0.9921052631578948,0.0,0.007894736842105263,0.0,green,no_fire,0
2024-09-03,0.9921052631578948,0.0,0.007894736842105263,0.0,green,no_fire,0
2024-09-04,0.9921052631578948,0.0,0.007894736842105263,0.0,green,no_fire,0
2024-09-05,0.9921052631578948,0.0,0.007894736842105263,0.0,green,no_fire,0
2024-09-06,0.9921052631578948,0.0,0.007894736842105263,0.0,green,no_fire,0
2024-09-09,0.993421052631579,0.0,0.006578947368421052,0.0,green,no_fire,0
2024-09-10,0.993421052631579,0.0,0.006578947368421052,0.0,green,no_fire,0
2024-09-11,0.9921052631578948,0.0,0.006578947368421052,0.0013157894736842105,green,no_fire,0
2024-09-12,0.9921052631578948,0.0,0.006578947368421052,0.0013157894736842105,green,no_fire,0
2024-09-13,0.9921052631578948,0.0,0.006578947368421052,0.0013157894736842105,green,no_fire,0
2024-09-18,0.9921052631578948,0.0,0.006578947368421052,0.0013157894736842105,green,no_fire,0
2024-09-19,0.993421052631579,0.0,0.005263157894736842,0.0013157894736842105,green,no_fire,0
2024-09-20,0.993421052631579,0.0,0.005263157894736842,0.0013157894736842105,green,no_fire,0
2024-09-23,0.993421052631579,0.0,0.005263157894736842,0.0013157894736842105,green,no_fire,0
2024-09-24,0.9842105263157894,0.0,0.005263157894736842,0.010526315789473684,green,skip_trend,0
2024-09-25,0.9842105263157894,0.0,0.005263157894736842,0.010526315789473684,green,skip_trend,0
2024-09-26,0.9802631578947368,0.0,0.005263157894736842,0.014473684210526317,green,skip_trend,0
2024-09-27,0.975,0.0,0.003947368421052633,0.021052631578947368,green,skip_trend,0
2024-09-30,0.9644736842105263,0.0,0.002631578947368421,0.03289473684210526,green,skip_trend,0
2024-10-08,0.9644736842105263,0.0,0.002631578947368421,0.03289473684210526,green,skip_trend,0
2024-10-09,0.9657894736842106,0.0,0.0013157894736842105,0.03289473684210526,green,skip_trend,0
2024-10-10,0.9657894736842106,0.0,0.0013157894736842105,0.03289473684210526,green,skip_trend,0
2024-10-11,0.9657894736842106,0.0,0.0013157894736842105,0.03289473684210526,green,skip_trend,0
2024-10-14,0.9657894736842106,0.0,0.0013157894736842105,0.03289473684210526,green,no_fire,0
2024-10-15,0.9644736842105263,0.0,0.0013157894736842105,0.034210526315789476,green,no_fire,0
2024-10-16,0.9644736842105263,0.0,0.0013157894736842105,0.034210526315789476,green,no_fire,0
2024-10-17,0.9657894736842106,0.0,0.0,0.034210526315789476,green,no_fire,0
2024-10-18,0.9644736842105263,0.0,0.0,0.035526315789473684,green,skip_trend,0
2024-10-21,0.9631578947368421,0.0,0.0,0.0368421052631579,green,no_fire,0
2024-10-22,0.9631578947368421,0.0,0.0,0.0368421052631579,green,skip_trend,0
2024-10-23,0.9631578947368421,0.0,0.0,0.0368421052631579,green,skip_trend,0
2024-10-24,0.9631578947368421,0.0,0.0,0.0368421052631579,green,skip_trend,0
2024-10-25,0.9631578947368421,0.0,0.0,0.0368421052631579,green,no_fire,0
2024-10-28,0.9631578947368421,0.0,0.0,0.0368421052631579,green,no_fire,0
2024-10-29,0.9723684210526317,0.0,0.0,0.027631578947368424,green,no_fire,0
2024-10-30,0.9723684210526317,0.0,0.0,0.027631578947368424,green,no_fire,0
2024-10-31,0.9763157894736842,0.0,0.0,0.023684210526315794,green,no_fire,0
2024-11-01,0.9828947368421053,0.0,0.0,0.01710526315789474,green,no_fire,0
2024-11-04,0.9947368421052633,0.0,0.0,0.005263157894736842,green,no_fire,0
2024-11-05,0.9947368421052633,0.0,0.0,0.005263157894736842,green,skip_trend,0
2024-11-06,0.9907894736842107,0.0,0.0,0.009210526315789475,green,skip_trend,0
2024-11-07,0.9815789473684212,0.0,0.002631578947368421,0.01578947368421053,green,skip_trend,0
2024-11-08,0.9815789473684212,0.0,0.002631578947368421,0.01578947368421053,green,skip_trend,0
2024-11-11,0.9815789473684212,0.0,0.002631578947368421,0.01578947368421053,green,skip_trend,0
2024-11-12,0.9828947368421055,0.0,0.002631578947368421,0.014473684210526317,green,skip_trend,0
2024-11-13,0.9828947368421055,0.0,0.002631578947368421,0.014473684210526317,green,no_fire,0
2024-11-14,0.9828947368421055,0.0,0.002631578947368421,0.014473684210526317,green,no_fire,0
2024-11-15,0.9842105263157896,0.0,0.003947368421052633,0.011842105263157893,green,no_fire,0
2024-11-18,0.9855263157894739,0.0,0.003947368421052633,0.010526315789473684,green,no_fire,0
2024-11-19,0.9855263157894739,0.0,0.003947368421052633,0.010526315789473684,green,no_fire,0
2024-11-20,0.9855263157894739,0.0,0.003947368421052633,0.010526315789473684,green,no_fire,0
2024-11-21,0.9855263157894739,0.0,0.003947368421052633,0.010526315789473684,green,no_fire,0
2024-11-22,0.9855263157894739,0.0,0.003947368421052633,0.010526315789473684,green,no_fire,0
2024-11-25,0.9855263157894739,0.0,0.003947368421052633,0.010526315789473684,green,no_fire,0
2024-11-26,0.9855263157894739,0.0,0.003947368421052633,0.010526315789473684,green,no_fire,0
2024-11-27,0.9855263157894739,0.0,0.003947368421052633,0.010526315789473684,green,no_fire,0
2024-11-28,0.9855263157894739,0.0,0.003947368421052633,0.010526315789473684,green,no_fire,0
2024-11-29,0.9855263157894739,0.0,0.003947368421052633,0.010526315789473684,green,no_fire,0
2024-12-02,0.9855263157894739,0.0,0.003947368421052633,0.010526315789473684,green,skip_trend,0
2024-12-03,0.9855263157894739,0.0,0.003947368421052633,0.010526315789473684,green,skip_trend,0
2024-12-04,0.9894736842105264,0.0,0.003947368421052633,0.006578947368421052,green,no_fire,0
2024-12-05,0.9986842105263158,0.0,0.0013157894736842105,0.0,green,no_fire,0
2024-12-06,0.9986842105263158,0.0,0.0013157894736842105,0.0,green,no_fire,0
2024-12-09,0.9986842105263158,0.0,0.0013157894736842105,0.0,green,no_fire,0
2024-12-10,0.9973684210526317,0.0,0.0013157894736842105,0.0013157894736842105,green,no_fire,0
2024-12-11,0.9973684210526317,0.0,0.0013157894736842105,0.0013157894736842105,green,no_fire,0
2024-12-12,0.9973684210526317,0.0,0.0013157894736842105,0.0013157894736842105,green,skip_trend,0
2024-12-13,0.9986842105263158,0.0,0.0,0.0013157894736842105,green,no_fire,0
2024-12-16,0.9986842105263158,0.0,0.0,0.0013157894736842105,green,no_fire,0
2024-12-17,0.9986842105263158,0.0,0.0,0.0013157894736842105,green,no_fire,0
2024-12-18,0.9986842105263158,0.0,0.0,0.0013157894736842105,green,no_fire,0
2024-12-19,0.9986842105263158,0.0,0.0,0.0013157894736842105,green,no_fire,0
2024-12-20,0.9986842105263158,0.0,0.0,0.0013157894736842105,green,no_fire,0
2024-12-23,0.9986842105263158,0.0,0.0,0.0013157894736842105,green,no_fire,0
2024-12-24,0.9986842105263158,0.0,0.0,0.0013157894736842105,green,no_fire,0
2024-12-25,0.9986842105263158,0.0,0.0,0.0013157894736842105,green,no_fire,0
2024-12-26,0.9986842105263158,0.0,0.0,0.0013157894736842105,green,no_fire,0
2024-12-27,0.9986842105263158,0.0,0.0,0.0013157894736842105,green,no_fire,0
2024-12-30,0.9986842105263158,0.0,0.0,0.0013157894736842105,green,no_fire,0
2024-12-31,0.9986842105263158,0.0,0.0,0.0013157894736842105,green,no_fire,0
2025-01-02,0.9986842105263158,0.0,0.0,0.0013157894736842105,green,no_fire,0
2025-01-03,0.9986842105263158,0.0,0.0,0.0013157894736842105,green,no_fire,0
2025-01-06,0.9986842105263158,0.0,0.0,0.0013157894736842105,green,no_fire,0
2025-01-07,0.9986842105263158,0.0,0.0,0.0013157894736842105,green,no_fire,0
2025-01-08,1.0,0.0,0.0,0.0,green,no_fire,0
2025-01-09,1.0,0.0,0.0,0.0,green,no_fire,0
2025-01-10,1.0,0.0,0.0,0.0,green,no_fire,0
2025-01-13,0.9973684210526316,0.0,0.0,0.002631578947368421,green,no_fire,0
2025-01-14,0.9973684210526316,0.0,0.0,0.002631578947368421,green,no_fire,0
2025-01-15,0.9973684210526316,0.0,0.0,0.002631578947368421,green,no_fire,0
2025-01-16,0.9973684210526316,0.0,0.0,0.002631578947368421,green,no_fire,0
2025-01-17,0.9973684210526316,0.0,0.0,0.002631578947368421,green,skip_trend,0
2025-01-20,0.9973684210526316,0.0,0.0,0.002631578947368421,green,skip_trend,0
2025-01-21,0.9973684210526316,0.0,0.0,0.002631578947368421,green,no_fire,0
2025-01-22,0.9973684210526316,0.0,0.0,0.002631578947368421,green,no_fire,0
2025-01-23,0.9973684210526316,0.0,0.0,0.002631578947368421,green,no_fire,0
2025-01-24,0.9973684210526316,0.0,0.0,0.002631578947368421,green,no_fire,0
2025-01-27,0.9973684210526316,0.0,0.0,0.002631578947368421,green,no_fire,0
2025-02-05,0.993421052631579,0.0,0.0,0.006578947368421052,green,no_fire,0
2025-02-06,0.993421052631579,0.0,0.0,0.006578947368421052,green,no_fire,0
2025-02-07,0.993421052631579,0.0,0.0,0.006578947368421052,green,skip_trend,0
2025-02-10,0.993421052631579,0.0,0.0,0.006578947368421052,green,skip_trend,0
2025-02-11,0.993421052631579,0.0,0.0,0.006578947368421052,green,skip_trend,0
2025-02-12,0.9921052631578948,0.0,0.0,0.007894736842105265,green,skip_trend,0
2025-02-13,0.9921052631578948,0.0,0.0,0.007894736842105265,green,skip_trend,0
2025-02-14,0.9907894736842107,0.0,0.0,0.009210526315789475,green,no_fire,0
2025-02-17,0.9907894736842107,0.0,0.0,0.009210526315789475,green,no_fire,0
2025-02-18,0.993421052631579,0.0,0.0,0.006578947368421052,green,no_fire,0
2025-02-19,0.993421052631579,0.0,0.0,0.006578947368421052,green,no_fire,0
2025-02-20,0.993421052631579,0.0,0.0,0.006578947368421052,green,no_fire,0
2025-02-21,0.993421052631579,0.0,0.0,0.006578947368421052,green,no_fire,0
2025-02-24,0.9921052631578948,0.0,0.0013157894736842105,0.006578947368421052,green,no_fire,0
2025-02-25,0.9921052631578948,0.0,0.0013157894736842105,0.006578947368421052,green,no_fire,0
2025-02-26,0.9907894736842107,0.0,0.0013157894736842105,0.007894736842105265,green,no_fire,0
2025-02-27,0.9907894736842107,0.0,0.0013157894736842105,0.007894736842105265,green,no_fire,0
2025-02-28,0.9907894736842107,0.0,0.0013157894736842105,0.007894736842105265,green,no_fire,0
2025-03-03,0.9907894736842107,0.0,0.0013157894736842105,0.007894736842105265,green,no_fire,0
2025-03-04,0.9907894736842107,0.0,0.0013157894736842105,0.007894736842105265,green,no_fire,0
2025-03-05,0.9947368421052633,0.0,0.0013157894736842105,0.003947368421052633,green,no_fire,0
2025-03-06,0.9947368421052633,0.0,0.0013157894736842105,0.003947368421052633,green,no_fire,0
2025-03-07,0.9947368421052633,0.0,0.0013157894736842105,0.003947368421052633,green,no_fire,0
2025-03-10,0.9947368421052633,0.0,0.0013157894736842105,0.003947368421052633,green,no_fire,0
2025-03-11,0.992105263157895,0.0,0.003947368421052633,0.003947368421052633,green,no_fire,0
2025-03-12,0.9934210526315791,0.0,0.003947368421052633,0.002631578947368421,green,no_fire,0
2025-03-13,0.992105263157895,0.0,0.003947368421052633,0.003947368421052633,green,no_fire,0
2025-03-14,0.9934210526315791,0.0,0.003947368421052633,0.002631578947368421,green,no_fire,0
2025-03-17,0.9934210526315791,0.0,0.003947368421052633,0.002631578947368421,green,no_fire,0
2025-03-18,0.9934210526315791,0.0,0.003947368421052633,0.002631578947368421,green,skip_trend,0
2025-03-19,0.9934210526315791,0.0,0.003947368421052633,0.002631578947368421,green,no_fire,0
2025-03-20,0.992105263157895,0.0,0.003947368421052633,0.003947368421052633,green,no_fire,0
2025-03-21,0.992105263157895,0.0,0.003947368421052633,0.003947368421052633,green,no_fire,0
2025-03-24,0.9934210526315791,0.0,0.002631578947368421,0.003947368421052633,green,no_fire,0
2025-03-25,0.9934210526315791,0.0,0.002631578947368421,0.003947368421052633,green,no_fire,0
2025-03-26,0.9947368421052633,0.0,0.002631578947368421,0.002631578947368421,green,no_fire,0
2025-03-27,0.9947368421052633,0.0,0.002631578947368421,0.002631578947368421,green,no_fire,0
2025-03-28,0.992105263157895,0.0,0.002631578947368421,0.005263157894736842,green,no_fire,0
2025-03-31,0.9881578947368422,0.0,0.006578947368421052,0.005263157894736842,green,no_fire,0
2025-04-01,0.9855263157894738,0.0,0.006578947368421052,0.007894736842105263,green,no_fire,0
2025-04-02,0.9855263157894738,0.0,0.006578947368421052,0.007894736842105263,green,no_fire,0
2025-04-03,0.9855263157894738,0.0,0.006578947368421052,0.007894736842105263,green,no_fire,0
2025-04-07,0.9486842105263159,0.001315789473684048,0.04342105263157895,0.007894736842105263,yellow,conf_yellow,1
2025-04-08,0.9486842105263159,0.001315789473684048,0.04342105263157895,0.007894736842105263,yellow,conf_yellow,1
2025-04-09,0.9499999999999998,1.1102230246251565e-16,0.04078947368421054,0.009210526315789475,yellow,conf_yellow,1
2025-04-10,0.9499999999999998,1.1102230246251565e-16,0.04078947368421054,0.009210526315789475,yellow,conf_yellow,1
2025-04-11,0.9513157894736842,0.0,0.04078947368421054,0.007894736842105263,yellow,conf_yellow,1
2025-04-14,0.9513157894736842,0.0,0.04078947368421054,0.007894736842105263,green,skip_trend,0
2025-04-15,0.9513157894736842,0.0,0.04078947368421054,0.007894736842105263,green,skip_trend,0
2025-04-16,0.9513157894736842,0.0,0.04078947368421054,0.007894736842105263,green,skip_trend,0
2025-04-17,0.9513157894736842,0.0,0.04078947368421054,0.007894736842105263,yellow,conf_yellow,1
2025-04-18,0.9526315789473683,0.0,0.04078947368421054,0.006578947368421052,yellow,conf_yellow,1
2025-04-21,0.9526315789473683,0.0,0.04078947368421054,0.006578947368421052,yellow,conf_yellow,1
2025-04-22,0.9500000000000001,0.0,0.04078947368421054,0.009210526315789475,yellow,conf_yellow,1
2025-04-23,0.9473684210526315,0.0026315789473684292,0.043421052631578964,0.009210526315789475,yellow,conf_yellow,1
2025-04-24,0.9473684210526315,0.0026315789473684292,0.043421052631578964,0.009210526315789475,yellow,conf_yellow,1
2025-04-25,0.9473684210526315,0.0026315789473684292,0.043421052631578964,0.009210526315789475,yellow,conf_yellow,1
2025-04-28,0.9500000000000001,0.0,0.043421052631578964,0.006578947368421052,yellow,conf_yellow,1
2025-04-29,0.9539473684210528,0.0,0.03947368421052633,0.006578947368421052,green,no_fire,0
2025-04-30,0.9565789473684213,0.0,0.03947368421052633,0.003947368421052633,green,no_fire,0
2025-05-06,0.9565789473684213,0.0,0.03947368421052633,0.003947368421052633,green,no_fire,0
2025-05-07,0.9565789473684213,0.0,0.03947368421052633,0.003947368421052633,green,no_fire,0
2025-05-08,0.993421052631579,0.0,0.002631578947368421,0.003947368421052633,green,skip_trend,0
2025-05-09,0.993421052631579,0.0,0.002631578947368421,0.003947368421052633,green,no_fire,0
2025-05-12,0.994736842105263,0.0,0.002631578947368421,0.002631578947368421,green,skip_trend,0
2025-05-13,0.994736842105263,0.0,0.002631578947368421,0.002631578947368421,green,no_fire,0
2025-05-14,0.994736842105263,0.0,0.002631578947368421,0.002631578947368421,green,no_fire,0
2025-05-15,0.994736842105263,0.0,0.002631578947368421,0.002631578947368421,green,no_fire,0
2025-05-16,0.994736842105263,0.0,0.002631578947368421,0.002631578947368421,green,no_fire,0
2025-05-19,0.994736842105263,0.0,0.002631578947368421,0.002631578947368421,green,no_fire,0
2025-05-20,0.994736842105263,0.0,0.002631578947368421,0.002631578947368421,green,no_fire,0
2025-05-21,0.994736842105263,0.0,0.002631578947368421,0.002631578947368421,green,no_fire,0
2025-05-22,0.994736842105263,0.0,0.002631578947368421,0.002631578947368421,green,no_fire,0
2025-05-23,0.9973684210526316,0.0,0.002631578947368421,0.0,green,no_fire,0
2025-05-26,1.0,0.0,0.0,0.0,green,no_fire,0
2025-05-27,1.0,0.0,0.0,0.0,green,no_fire,0
2025-05-28,1.0,0.0,0.0,0.0,green,no_fire,0
2025-05-29,0.9986842105263158,0.0,0.0,0.0013157894736842105,green,no_fire,0
2025-05-30,0.9986842105263158,0.0,0.0,0.0013157894736842105,green,no_fire,0
2025-06-03,0.9973684210526316,0.0,0.0,0.002631578947368421,green,no_fire,0
2025-06-04,0.9973684210526316,0.0,0.0,0.002631578947368421,green,no_fire,0
2025-06-05,0.9973684210526316,0.0,0.0,0.002631578947368421,green,no_fire,0
2025-06-06,0.994736842105263,0.0,0.0,0.005263157894736842,green,no_fire,0
2025-06-09,0.994736842105263,0.0,0.0,0.005263157894736842,green,skip_trend,0
2025-06-10,0.994736842105263,0.0,0.0,0.005263157894736842,green,no_fire,0
2025-06-11,0.994736842105263,0.0,0.0,0.005263157894736842,green,no_fire,0
2025-06-12,0.994736842105263,0.0,0.0,0.005263157894736842,green,no_fire,0
2025-06-13,0.994736842105263,0.0,0.0,0.005263157894736842,green,no_fire,0
2025-06-16,0.994736842105263,0.0,0.0,0.005263157894736842,green,no_fire,0
2025-06-17,0.994736842105263,0.0,0.0,0.005263157894736842,green,no_fire,0
2025-06-18,0.993421052631579,0.0,0.0,0.006578947368421052,green,no_fire,0
2025-06-19,0.993421052631579,0.0,0.0,0.006578947368421052,green,no_fire,0
2025-06-20,0.9921052631578948,0.0,0.0,0.007894736842105263,green,no_fire,0
2025-06-23,0.9921052631578948,0.0,0.0,0.007894736842105263,green,no_fire,0
2025-06-24,0.9921052631578948,0.0,0.0,0.007894736842105263,green,no_fire,0
2025-06-25,0.9921052631578948,0.0,0.0,0.007894736842105263,green,no_fire,0
2025-06-26,0.9921052631578948,0.0,0.0,0.007894736842105263,green,skip_trend,0
2025-06-27,0.9921052631578948,0.0,0.0013157894736842105,0.006578947368421052,green,skip_trend,0
2025-06-30,0.9907894736842104,0.0,0.0013157894736842105,0.007894736842105265,green,skip_trend,0
2025-07-01,0.9921052631578948,0.0,0.0013157894736842105,0.006578947368421052,green,no_fire,0
2025-07-02,0.9921052631578948,0.0,0.0013157894736842105,0.006578947368421052,green,no_fire,0
2025-07-03,0.9921052631578948,0.0,0.0013157894736842105,0.006578947368421052,green,no_fire,0
2025-07-04,0.994736842105263,0.0,0.0013157894736842105,0.003947368421052633,green,no_fire,0
2025-07-07,0.994736842105263,0.0,0.0013157894736842105,0.003947368421052633,green,no_fire,0
2025-07-08,0.9921052631578948,0.0,0.0013157894736842105,0.006578947368421052,green,no_fire,0
2025-07-09,0.9921052631578948,0.0,0.0013157894736842105,0.006578947368421052,green,no_fire,0
2025-07-10,0.9907894736842107,0.0,0.0013157894736842105,0.007894736842105265,green,no_fire,0
2025-07-11,0.9907894736842107,0.0,0.0013157894736842105,0.007894736842105265,green,no_fire,0
2025-07-14,0.9907894736842107,0.0,0.0013157894736842105,0.007894736842105265,green,no_fire,0
2025-07-15,0.9907894736842107,0.0,0.0013157894736842105,0.007894736842105265,green,no_fire,0
2025-07-16,0.9921052631578948,0.0,0.0013157894736842105,0.006578947368421052,green,no_fire,0
2025-07-17,0.9921052631578948,0.0,0.0013157894736842105,0.006578947368421052,green,no_fire,0
2025-07-18,0.9921052631578948,0.0,0.0013157894736842105,0.006578947368421052,green,no_fire,0
2025-07-21,0.9894736842105264,0.0,0.0013157894736842105,0.009210526315789475,green,skip_trend,0
2025-07-22,0.988157894736842,0.0,0.0013157894736842105,0.010526315789473684,green,skip_trend,0
2025-07-23,0.9868421052631579,0.0,0.0013157894736842105,0.011842105263157895,green,skip_trend,0
2025-07-24,0.9868421052631579,0.0,0.0013157894736842105,0.011842105263157895,green,skip_trend,0
2025-07-25,0.988157894736842,0.0,0.0,0.011842105263157895,green,skip_trend,0
2025-07-28,0.9894736842105264,0.0,0.0,0.010526315789473684,green,skip_trend,0
2025-07-29,0.9894736842105264,0.0,0.0,0.010526315789473684,green,no_fire,0
2025-07-30,0.9894736842105264,0.0,0.0,0.010526315789473684,green,no_fire,0
2025-07-31,0.9894736842105264,0.0,0.0,0.010526315789473684,green,no_fire,0
2025-08-01,0.9894736842105264,0.0,0.0,0.010526315789473684,green,no_fire,0
2025-08-04,0.988157894736842,0.0,0.0,0.011842105263157895,green,no_fire,0
2025-08-05,0.9907894736842107,0.0,0.0,0.009210526315789475,green,no_fire,0
2025-08-06,0.9894736842105264,0.0,0.0,0.010526315789473684,green,no_fire,0
2025-08-07,0.9907894736842107,0.0,0.0,0.009210526315789475,green,no_fire,0
2025-08-08,0.9907894736842107,0.0,0.0,0.009210526315789475,green,no_fire,0
2025-08-11,0.9907894736842107,0.0,0.0,0.009210526315789475,green,no_fire,0
2025-08-12,0.9881578947368422,0.0,0.0,0.011842105263157895,green,no_fire,0
2025-08-13,0.9868421052631579,0.0,0.0,0.013157894736842108,green,skip_trend,0
2025-08-14,0.9868421052631579,0.0,0.0,0.013157894736842108,green,no_fire,0
2025-08-15,0.9881578947368422,0.0,0.0,0.011842105263157895,green,skip_trend,0
2025-08-18,0.9907894736842107,0.0,0.0,0.009210526315789475,green,skip_trend,0
2025-08-19,0.9921052631578948,0.0,0.0,0.007894736842105263,green,skip_trend,0
2025-08-20,0.9907894736842104,0.0,0.0,0.009210526315789473,green,no_fire,0
2025-08-21,0.9907894736842104,0.0,0.0,0.009210526315789473,green,no_fire,0
2025-08-22,0.988157894736842,0.0,0.0,0.011842105263157893,green,skip_trend,0
2025-08-25,0.988157894736842,0.0,0.0,0.011842105263157893,green,skip_trend,0
2025-08-26,0.988157894736842,0.0,0.0,0.011842105263157893,green,skip_trend,0
2025-08-27,0.988157894736842,0.0,0.0,0.011842105263157893,green,no_fire,0
2025-08-28,0.9868421052631579,0.0,0.0,0.013157894736842105,green,skip_trend,0
2025-08-29,0.9842105263157894,0.0,0.0,0.015789473684210527,green,skip_trend,0
2025-09-01,0.981578947368421,0.0,0.0,0.018421052631578946,green,no_fire,0
2025-09-02,0.9789473684210527,0.0,0.0013157894736842105,0.019736842105263157,green,no_fire,0
2025-09-03,0.9789473684210527,0.0,0.002631578947368421,0.01842105263157895,green,no_fire,0
2025-09-04,0.9789473684210527,0.0,0.002631578947368421,0.01842105263157895,green,no_fire,0
2025-09-05,0.9776315789473684,0.0,0.002631578947368421,0.019736842105263157,green,no_fire,0
2025-09-08,0.9763157894736842,0.0,0.002631578947368421,0.021052631578947368,green,no_fire,0
2025-09-09,0.9763157894736842,0.0,0.002631578947368421,0.02105263157894737,green,no_fire,0
2025-09-10,0.9776315789473684,0.0,0.002631578947368421,0.01973684210526316,green,no_fire,0
2025-09-11,0.9776315789473684,0.0,0.002631578947368421,0.01973684210526316,green,skip_trend,0
2025-09-12,0.9763157894736842,0.0,0.002631578947368421,0.02105263157894737,green,skip_trend,0
2025-09-15,0.9763157894736842,0.0,0.002631578947368421,0.02105263157894737,green,skip_trend,0
2025-09-16,0.9763157894736842,0.0,0.002631578947368421,0.02105263157894737,green,skip_trend,0
2025-09-17,0.9789473684210527,0.0,0.002631578947368421,0.01842105263157895,green,skip_trend,0
2025-09-18,0.9789473684210527,0.0,0.002631578947368421,0.01842105263157895,green,no_fire,0
2025-09-19,0.981578947368421,0.0,0.002631578947368421,0.01578947368421053,green,no_fire,0
2025-09-22,0.9776315789473684,0.0,0.002631578947368421,0.019736842105263157,green,no_fire,0
2025-09-23,0.9750000000000001,0.0,0.003947368421052633,0.021052631578947368,green,no_fire,0
2025-09-24,0.9750000000000001,0.0,0.003947368421052633,0.021052631578947368,green,no_fire,0
2025-09-25,0.9763157894736842,0.0,0.003947368421052633,0.019736842105263157,green,no_fire,0
2025-09-26,0.9776315789473684,0.0,0.005263157894736842,0.01710526315789474,green,no_fire,0
2025-09-29,0.9789473684210527,0.0,0.005263157894736842,0.01578947368421053,green,no_fire,0
2025-09-30,0.9815789473684212,0.0,0.003947368421052633,0.014473684210526317,green,skip_trend,0
2025-10-09,0.9763157894736845,0.0,0.002631578947368421,0.02105263157894737,green,skip_trend,0
2025-10-10,0.9763157894736845,0.0,0.002631578947368421,0.02105263157894737,green,no_fire,0
2025-10-13,0.9776315789473685,0.0,0.002631578947368421,0.019736842105263164,green,no_fire,0
2025-10-14,0.9789473684210529,0.0,0.002631578947368421,0.018421052631578953,green,no_fire,0
2025-10-15,0.9802631578947371,0.0,0.002631578947368421,0.01710526315789474,green,no_fire,0
2025-10-16,0.9789473684210529,0.0,0.002631578947368421,0.018421052631578953,green,no_fire,0
2025-10-17,0.9789473684210529,0.0,0.002631578947368421,0.018421052631578953,green,no_fire,0
2025-10-20,0.9789473684210527,0.0,0.002631578947368421,0.01842105263157895,green,no_fire,0
2025-10-21,0.9763157894736842,0.0,0.002631578947368421,0.02105263157894737,green,skip_trend,0
2025-10-22,0.9736842105263158,0.0,0.005263157894736842,0.02105263157894737,green,no_fire,0
2025-10-23,0.9736842105263158,0.0,0.005263157894736842,0.02105263157894737,green,no_fire,0
2025-10-24,0.9736842105263158,0.0,0.005263157894736842,0.02105263157894737,green,skip_trend,0
2025-10-27,0.9697368421052632,0.0,0.005263157894736842,0.025,green,skip_trend,0
2025-10-28,0.9723684210526317,0.0,0.005263157894736842,0.022368421052631583,green,no_fire,0
2025-10-29,0.9736842105263159,0.0,0.005263157894736842,0.021052631578947368,green,skip_trend,0
2025-10-30,0.9736842105263159,0.0,0.005263157894736842,0.021052631578947368,green,no_fire,0
2025-10-31,0.9736842105263159,0.0,0.005263157894736842,0.021052631578947368,green,no_fire,0
2025-11-03,0.9750000000000001,0.0,0.003947368421052633,0.021052631578947368,green,no_fire,0
2025-11-04,0.9736842105263158,0.0,0.006578947368421052,0.019736842105263157,green,no_fire,0
2025-11-05,0.9723684210526317,0.0,0.006578947368421052,0.021052631578947368,green,no_fire,0
2025-11-06,0.9789473684210527,0.0,0.006578947368421052,0.014473684210526317,green,no_fire,0
2025-11-07,0.9789473684210527,0.0,0.006578947368421052,0.014473684210526317,green,no_fire,0
2025-11-10,0.9763157894736845,0.0,0.006578947368421052,0.01710526315789474,green,no_fire,0
2025-11-11,0.9763157894736845,0.0,0.006578947368421052,0.01710526315789474,green,no_fire,0
2025-11-12,0.9776315789473685,0.0,0.006578947368421052,0.01578947368421053,green,no_fire,0
2025-11-13,0.9789473684210529,0.0,0.006578947368421052,0.014473684210526317,green,no_fire,0
2025-11-14,0.9789473684210529,0.0,0.006578947368421052,0.014473684210526317,green,no_fire,0
2025-11-17,0.9802631578947371,0.0,0.006578947368421052,0.013157894736842105,green,no_fire,0
2025-11-18,0.9828947368421053,0.0,0.006578947368421052,0.010526315789473684,green,no_fire,0
2025-11-19,0.9855263157894738,0.0,0.003947368421052633,0.010526315789473684,green,no_fire,0
2025-11-20,0.9828947368421053,0.0,0.003947368421052633,0.013157894736842105,green,no_fire,0
2025-11-21,0.9828947368421053,0.0,0.003947368421052633,0.013157894736842105,green,no_fire,0
2025-11-24,0.9842105263157898,0.0,0.003947368421052633,0.011842105263157895,green,no_fire,0
2025-11-25,0.9855263157894739,0.0,0.003947368421052633,0.010526315789473684,green,no_fire,0
2025-11-26,0.9855263157894741,0.0,0.003947368421052633,0.010526315789473684,green,no_fire,0
2025-11-27,0.9855263157894741,0.0,0.003947368421052633,0.010526315789473684,green,no_fire,0
2025-11-28,0.9855263157894741,0.0,0.003947368421052633,0.010526315789473684,green,skip_trend,0
2025-12-01,0.9828947368421057,0.0,0.005263157894736842,0.011842105263157893,green,skip_trend,0
2025-12-02,0.9868421052631581,0.0,0.002631578947368421,0.010526315789473684,green,no_fire,0
2025-12-03,0.9881578947368425,0.0,0.002631578947368421,0.009210526315789473,green,no_fire,0
2025-12-04,0.9868421052631581,0.0,0.003947368421052633,0.009210526315789473,green,no_fire,0
2025-12-05,0.9868421052631581,0.0,0.003947368421052633,0.009210526315789473,green,no_fire,0
2025-12-08,0.9894736842105264,0.0,0.003947368421052633,0.006578947368421052,green,no_fire,0
2025-12-09,0.9894736842105264,0.0,0.003947368421052633,0.006578947368421052,green,no_fire,0
2025-12-10,0.9868421052631581,0.0,0.003947368421052633,0.009210526315789473,green,no_fire,0
2025-12-11,0.9855263157894738,0.0,0.005263157894736842,0.009210526315789473,green,no_fire,0
2025-12-12,0.9855263157894738,0.0,0.005263157894736842,0.009210526315789473,green,no_fire,0
2025-12-15,0.9855263157894738,0.0,0.005263157894736842,0.009210526315789473,green,no_fire,0
2025-12-16,0.9855263157894738,0.0,0.005263157894736842,0.009210526315789473,green,no_fire,0
2025-12-17,0.9855263157894738,0.0,0.005263157894736842,0.009210526315789473,green,no_fire,0
2025-12-18,0.9868421052631579,0.0,0.005263157894736842,0.007894736842105265,green,no_fire,0
2025-12-19,0.9868421052631579,0.0,0.005263157894736842,0.007894736842105265,green,no_fire,0
2025-12-22,0.9894736842105264,0.0,0.005263157894736842,0.005263157894736842,green,skip_trend,0
2025-12-23,0.988157894736842,0.0,0.005263157894736842,0.006578947368421052,green,skip_trend,0
2025-12-24,0.9868421052631579,0.0,0.003947368421052633,0.009210526315789473,green,skip_trend,0
2025-12-25,0.9855263157894738,0.0,0.003947368421052633,0.010526315789473684,green,skip_trend,0
2025-12-26,0.9855263157894738,0.0,0.003947368421052633,0.010526315789473684,green,skip_trend,0
2025-12-29,0.9868421052631579,0.0,0.003947368421052633,0.009210526315789475,green,no_fire,0
2025-12-30,0.9868421052631579,0.0,0.003947368421052633,0.009210526315789475,green,no_fire,0
2025-12-31,0.9868421052631579,0.0,0.003947368421052633,0.009210526315789475,green,no_fire,0
2026-01-05,0.9868421052631579,0.0,0.002631578947368421,0.010526315789473684,green,no_fire,0
2026-01-06,0.9868421052631579,0.0,0.002631578947368421,0.010526315789473684,green,skip_trend,0
2026-01-07,0.9855263157894738,0.0,0.002631578947368421,0.011842105263157895,green,skip_trend,0
2026-01-08,0.9842105263157896,0.0,0.002631578947368421,0.013157894736842105,green,skip_trend,0
2026-01-09,0.9842105263157896,0.0,0.002631578947368421,0.013157894736842105,green,skip_trend,0
2026-01-12,0.9828947368421053,0.0,0.0013157894736842105,0.015789473684210527,green,skip_trend,0
2026-01-13,0.9815789473684212,0.0,0.002631578947368421,0.015789473684210527,green,no_fire,0
2026-01-14,0.9815789473684212,0.0,0.002631578947368421,0.015789473684210527,green,no_fire,0
2026-01-15,0.9815789473684212,0.0,0.002631578947368421,0.015789473684210527,green,skip_trend,0
2026-01-16,0.9815789473684212,0.0,0.002631578947368421,0.015789473684210527,green,no_fire,0
2026-01-19,0.9828947368421055,0.0,0.002631578947368421,0.014473684210526317,green,no_fire,0
2026-01-20,0.9828947368421055,0.0,0.002631578947368421,0.014473684210526317,green,no_fire,0
2026-01-21,0.9828947368421055,0.0,0.002631578947368421,0.014473684210526317,green,no_fire,0
2026-01-22,0.9815789473684213,0.0,0.002631578947368421,0.01578947368421053,green,no_fire,0
2026-01-23,0.9828947368421055,0.0,0.002631578947368421,0.014473684210526317,green,no_fire,0
2026-01-26,0.9842105263157896,0.0,0.002631578947368421,0.013157894736842108,green,no_fire,0
2026-01-27,0.9828947368421055,0.0,0.003947368421052633,0.013157894736842108,green,no_fire,0
2026-01-28,0.9842105263157896,0.0,0.002631578947368421,0.013157894736842108,green,no_fire,0
2026-01-29,0.9750000000000001,0.0,0.002631578947368421,0.022368421052631583,green,skip_trend,0
2026-01-30,0.9671052631578947,0.0,0.010526315789473684,0.022368421052631583,green,no_fire,0
2026-02-02,0.9631578947368421,0.0,0.01578947368421053,0.021052631578947368,green,no_fire,0
2026-02-03,0.9605263157894739,0.0,0.01578947368421053,0.023684210526315794,green,no_fire,0
2026-02-04,0.9605263157894739,0.0,0.01578947368421053,0.023684210526315794,green,no_fire,0
2026-02-05,0.9618421052631582,0.0,0.01578947368421053,0.022368421052631583,green,no_fire,0
2026-02-06,0.9644736842105267,0.0,0.01578947368421053,0.019736842105263164,green,no_fire,0
2026-02-09,0.9644736842105265,0.0,0.01578947368421053,0.01973684210526316,green,no_fire,0
2026-02-10,0.9631578947368421,0.0,0.014473684210526317,0.022368421052631583,green,no_fire,0
2026-02-11,0.961842105263158,0.0,0.014473684210526317,0.023684210526315794,green,no_fire,0
2026-02-12,0.961842105263158,0.0,0.014473684210526317,0.023684210526315794,green,no_fire,0
2026-02-13,0.961842105263158,0.0,0.014473684210526317,0.023684210526315794,green,no_fire,0
2026-02-24,0.9592105263157895,0.0,0.01578947368421053,0.025000000000000005,green,no_fire,0
2026-02-25,0.9592105263157895,0.0,0.01578947368421053,0.025000000000000005,green,no_fire,0
2026-02-26,0.9592105263157895,0.0,0.01578947368421053,0.025000000000000005,green,no_fire,0
2026-02-27,0.961842105263158,0.0,0.01578947368421053,0.022368421052631583,green,no_fire,0
2026-03-02,0.9605263157894737,0.0,0.01710526315789474,0.022368421052631583,green,no_fire,0
2026-03-03,0.9605263157894737,0.0,0.01710526315789474,0.022368421052631583,green,no_fire,0
2026-03-04,0.9578947368421055,0.0,0.01842105263157895,0.023684210526315794,green,no_fire,0
2026-03-05,0.9565789473684211,0.0,0.019736842105263157,0.023684210526315794,green,no_fire,0
2026-03-06,0.9631578947368421,0.0,0.019736842105263157,0.017105263157894738,green,no_fire,0
2026-03-09,0.9684210526315791,0.0,0.011842105263157895,0.019736842105263157,green,no_fire,0
2026-03-10,0.9723684210526317,0.0,0.007894736842105265,0.019736842105263157,green,no_fire,0
2026-03-11,0.975,0.0,0.007894736842105265,0.017105263157894738,green,skip_trend,0
2026-03-12,0.975,0.0,0.007894736842105265,0.017105263157894738,green,no_fire,0
2026-03-13,0.9736842105263158,0.0,0.007894736842105265,0.018421052631578946,green,no_fire,0
2026-03-16,0.9736842105263158,0.0,0.007894736842105265,0.018421052631578946,green,no_fire,0
2026-03-17,0.9763157894736842,0.0,0.007894736842105265,0.015789473684210527,green,no_fire,0
2026-03-18,0.9789473684210527,0.0,0.007894736842105265,0.013157894736842105,green,no_fire,0
2026-03-19,0.9802631578947368,0.0,0.007894736842105265,0.011842105263157893,green,no_fire,0
2026-03-20,0.9802631578947368,0.0,0.007894736842105265,0.011842105263157893,green,no_fire,0
2026-03-23,0.9789473684210527,0.0,0.009210526315789473,0.011842105263157893,green,no_fire,0
2026-03-24,0.9802631578947368,0.0,0.007894736842105263,0.011842105263157897,green,no_fire,0
2026-03-25,0.9802631578947368,0.0,0.007894736842105263,0.011842105263157897,green,no_fire,0
2026-03-26,0.9802631578947368,0.0,0.007894736842105263,0.011842105263157897,green,no_fire,0
2026-03-27,0.9802631578947368,0.0,0.007894736842105263,0.011842105263157897,green,no_fire,0
2026-03-30,0.9828947368421053,0.0,0.006578947368421052,0.010526315789473684,green,skip_trend,0
2026-03-31,0.9828947368421053,0.0,0.006578947368421052,0.010526315789473684,green,no_fire,0
2026-04-01,0.9842105263157896,0.0,0.003947368421052633,0.011842105263157893,green,no_fire,0
2026-04-02,0.9855263157894738,0.0,0.002631578947368421,0.011842105263157893,green,no_fire,0
2026-04-03,0.9881578947368422,0.0,0.002631578947368421,0.009210526315789473,green,no_fire,0
2026-04-07,0.9907894736842107,0.0,0.002631578947368421,0.006578947368421052,green,no_fire,0
2026-04-08,0.9921052631578948,0.0,0.0013157894736842105,0.006578947368421052,green,skip_trend,0
2026-04-09,0.9921052631578948,0.0,0.0013157894736842105,0.006578947368421052,green,no_fire,0
2026-04-10,0.9934210526315791,0.0,0.0013157894736842105,0.005263157894736842,green,skip_trend,0
2026-04-13,0.9947368421052633,0.0,0.0013157894736842105,0.003947368421052633,green,skip_trend,0
2026-04-14,0.9947368421052633,0.0,0.0013157894736842105,0.003947368421052633,green,skip_trend,0
2026-04-15,0.9947368421052633,0.0,0.0013157894736842105,0.003947368421052633,green,no_fire,0
2026-04-16,0.9947368421052633,0.0,0.0013157894736842105,0.003947368421052633,green,skip_trend,0
2026-04-17,0.9947368421052633,0.0,0.0013157894736842105,0.003947368421052633,green,skip_trend,0
2026-04-20,0.9947368421052633,0.0,0.0013157894736842105,0.003947368421052633,green,skip_trend,0
2026-04-21,0.9960526315789474,0.0,0.0,0.003947368421052633,green,no_fire,0
2026-04-22,0.9973684210526317,0.0,0.0,0.002631578947368421,green,skip_trend,0
2026-04-23,0.9973684210526317,0.0,0.0,0.002631578947368421,green,no_fire,0
2026-04-24,0.9973684210526317,0.0,0.0,0.002631578947368421,green,no_fire,0
2026-04-27,0.9960526315789476,0.0,0.0013157894736842105,0.002631578947368421,green,no_fire,0
2026-04-28,0.9960526315789476,0.0,0.0013157894736842105,0.002631578947368421,green,no_fire,0
2026-04-29,0.9947368421052633,0.0,0.0013157894736842105,0.003947368421052633,green,no_fire,0
2026-04-30,0.9973684210526317,0.0,0.0013157894736842105,0.0013157894736842105,green,no_fire,0
2026-05-06,0.9947368421052633,0.0,0.0013157894736842105,0.003947368421052633,green,skip_trend,0
