date,market_ret_5d,market_ret_20d,market_ret_60d,realized_vol_20d,vol_ratio_60_20,breadth_5d,breadth_20d,vix,vix_rank20,信用利差因子,real_rate,real_rate_diff,dxy_logret,宏观增长因子,cn_us_spread,vix_z,credit_z
2019-01-14,-0.0016684815414499269,-0.025181372183539132,0.014528708712588375,0.09350550960315138,0.7012841345031039,0.3157894736842105,0.18421052631578946,-0.16158391306686815,0.25,1.203778351137098,0.88,-0.030000000000000027,-0.005800719124974631,2.026791627828179,0.3944000000000001,-0.9516631053417539,1.153148440988536
2019-01-15,0.008775455511065247,-0.004065722001816985,0.01328172401554632,0.09392828301808025,0.7115891640543134,0.5526315789473685,0.23684210526315788,-0.16158391306686815,0.25,1.203778351137098,0.88,-0.030000000000000027,-0.005800719124974631,2.026791627828179,0.3944000000000001,-0.9446552302737424,1.1477461411952075
2019-01-16,0.005869680148310265,-0.0005807349587983515,-0.010240683224044929,0.09368016584200238,0.719138151483038,0.5789473684210527,0.2631578947368421,-0.16158391306686815,0.25,1.203778351137098,0.88,-0.030000000000000027,-0.005800719124974631,2.026791627828179,0.3944000000000001,-0.937698146501104,1.1423828256292103
2019-01-17,0.004526044537113791,0.0025677915790652817,-0.0019918088491914596,0.09132901658654562,0.7110417283710724,0.47368421052631576,0.42105263157894735,-0.16158391306686815,0.25,1.203778351137098,0.88,-0.030000000000000027,-0.005800719124974631,2.026791627828179,0.3944000000000001,-0.930790809991119,1.1370579288803435
2019-01-18,0.010591539488955944,0.0180226695094846,0.007100286464620086,0.09443032989202776,0.7452546153729979,0.5789473684210527,0.6578947368421053,-0.16158391306686815,0.25,1.203778351137098,0.88,-0.030000000000000027,-0.005800719124974631,2.026791627828179,0.3944000000000001,-0.9239321998106006,1.1317708967386764
2019-01-21,0.018811221841053702,0.023548005453000335,0.010779129354983867,0.09275090543402163,0.7421373467718985,0.5789473684210527,0.6578947368421053,-0.02167353523199143,0.55,1.20360637607842,0.96,0.07999999999999996,0.007405211631843913,2.021276483646893,0.2913000000000001,-0.17307015341215132,1.081795663018263
2019-01-22,0.0016945051322704765,0.021647342975941123,0.006417126851083584,0.09472168658022684,0.7683469631345882,0.39473684210526316,0.6052631578947368,-0.02167353523199143,0.55,1.20360637607842,0.96,0.07999999999999996,0.007405211631843913,2.021276483646893,0.2913000000000001,-0.17683316436900964,1.0741754517721895
2019-01-23,-0.000525400713019071,0.020629693870155178,0.016650657560839888,0.09495582945920251,0.7803974039976862,0.34210526315789475,0.5789473684210527,-0.02167353523199143,0.55,1.20360637607842,0.96,0.07999999999999996,0.007405211631843913,2.021276483646893,0.2913000000000001,-0.18061462627135932,1.0666230490909507
2019-01-24,0.006661747951581821,0.03172977581694522,0.014531103346881449,0.0897655419029973,0.7483659947788903,0.5526315789473685,0.5526315789473685,-0.02167353523199143,0.55,1.20360637607842,0.96,0.07999999999999996,0.007405211631843913,2.021276483646893,0.2913000000000001,-0.18441485480616426,1.059137066318821
2019-01-25,-0.0005207180044308059,0.035797813930369744,0.010456913360691614,0.08900665950099865,0.7530382958194295,0.23684210526315788,0.5789473684210527,-0.02167353523199143,0.55,1.20360637607842,0.96,0.07999999999999996,0.007405211631843913,2.021276483646893,0.2913000000000001,-0.18823417196130313,1.0517161507091763
2019-01-28,-0.0025566245497400594,0.032141898277003006,0.004277436547692618,0.08914237411701428,0.7657382872861332,0.2631578947368421,0.631578947368421,-0.02157948587368262,0.6,1.204486443403387,0.97,0.010000000000000009,-0.005724597775803789,2.020280737219562,0.35560000000000036,-0.18522066057665468,1.258247586730408
2019-01-29,0.0020392470180361,0.026598929487243017,-0.017726250413386133,0.09016718263915174,0.7879725209849029,0.3684210526315789,0.5789473684210527,-0.02157948587368262,0.6,1.204486443403387,0.97,0.010000000000000009,-0.005724597775803789,2.020280737219562,0.35560000000000036,-0.18271918026298933,1.2507803146000547
2019-01-30,4.745791146610343e-05,0.030539386946960057,-0.016009331352614477,0.08632497070021804,0.7665936169658708,0.34210526315789475,0.6578947368421053,-0.02157948587368262,0.6,1.204486443403387,0.97,0.010000000000000009,-0.005724597775803789,2.020280737219562,0.35560000000000036,-0.1802171166437097,1.2433851792678732
2019-01-31,0.0004218039242963015,0.033588017176451795,-0.010510358962480785,0.08672206273691395,0.7827315946537412,0.42105263157894735,0.5263157894736842,-0.02157948587368262,0.6,1.204486443403387,0.97,0.010000000000000009,-0.005724597775803789,2.020280737219562,0.35560000000000036,-0.17771441966825785,1.2360608044376895
2019-02-01,0.009532158616005097,0.03167971878383343,0.002313287108325922,0.08348094618704746,0.7664028707129463,0.5526315789473685,0.5263157894736842,-0.02157948587368262,0.6,1.204486443403387,0.97,0.010000000000000009,-0.005724597775803789,2.020280737219562,0.35560000000000036,-0.1752110391377367,1.2288058496721632
2019-02-11,0.019046345885935803,0.03363246163579951,0.011931982078007093,0.08548170243702924,0.7931910100536125,0.631578947368421,0.5526315789473685,-0.07631830858255402,0.3,1.203577129187498,0.82,-0.15000000000000002,-0.002186708966712551,2.025792607028412,0.4203999999999999,-0.47021783637025105,1.0069084401104706
2019-02-12,0.02607037358694531,0.038579581248317125,0.022316666687798112,0.08562929099312498,0.803140486603115,0.631578947368421,0.6578947368421053,-0.07631830858255402,0.3,1.203577129187498,0.82,-0.15000000000000002,-0.002186708966712551,2.025792607028412,0.4203999999999999,-0.46635981247925196,1.0030138407548488
2019-02-13,0.03920133846306168,0.04459307580981898,0.026027299834224114,0.0901273339029557,0.8538367772761051,0.631578947368421,0.6578947368421053,-0.07631830858255402,0.3,1.203577129187498,0.82,-0.15000000000000002,-0.002186708966712551,2.025792607028412,0.4203999999999999,-0.4625081586227509,0.9991396430654509
2019-02-14,0.0357546311171996,0.04736422753019151,0.022665274311084244,0.08883181124621051,0.8499559218291617,0.631578947368421,0.631578947368421,-0.07631830858255402,0.3,1.203577129187498,0.82,-0.15000000000000002,-0.002186708966712551,2.025792607028412,0.4203999999999999,-0.4586627023918772,0.9952856210902222
2019-02-15,0.016673238467621178,0.036276218568151414,0.019723579163280262,0.09530578601576227,0.9202499470165854,0.5526315789473685,0.6578947368421053,-0.07631830858255402,0.3,1.203577129187498,0.82,-0.15000000000000002,-0.002186708966712551,2.025792607028412,0.4203999999999999,-0.45482327211347057,0.9914515522524189
2019-02-18,0.02559770481403116,0.0608986479912806,0.030722347322295524,0.10607150487059148,1.030689892577861,0.6578947368421053,0.6578947368421053,-0.052901658224413436,0.5,1.204907393856783,0.8,-0.010000000000000009,0.0028942533511078367,2.030786561989466,0.46229999999999993,-0.3260652366120071,1.2995037911178255
2019-02-19,0.020740444385879988,0.05054457012313187,0.027250782482955142,0.10344312139789155,1.0113569870284125,0.6052631578947368,0.6578947368421053,-0.052901658224413436,0.5,1.204907393856783,0.8,-0.010000000000000009,0.0028942533511078367,2.030786561989466,0.46229999999999993,-0.32522932858710213,1.2913255320510773
2019-02-20,0.011227148151180135,0.049950543812688854,0.02269622290801118,0.1035714999748851,1.0143087933938988,0.5,0.6578947368421053,-0.052901658224413436,0.5,1.204907393856783,0.8,-0.010000000000000009,0.0028942533511078367,2.030786561989466,0.46229999999999993,-0.3243939250042764,1.283233034989935
2019-02-21,0.00982953291195424,0.05266771590503196,0.035176415900241766,0.10189075537495258,1.000181014506744,0.5,0.631578947368421,-0.052901658224413436,0.5,1.204907393856783,0.8,-0.010000000000000009,0.0028942533511078367,2.030786561989466,0.46229999999999993,-0.3235590238846035,1.2752245387456256
2019-02-22,0.029968195376405948,0.05565287445560142,0.04633182785164555,0.10511620889039988,1.033717264876368,0.5526315789473685,0.631578947368421,-0.052901658224413436,0.5,1.204907393856783,0.8,-0.010000000000000009,0.0028942533511078367,2.030786561989466,0.46229999999999993,-0.32272462325408635,1.2672983315667898
2019-02-25,0.04182261465365836,0.08391004080388526,0.07775490216199869,0.14236035667166672,1.393966143762651,0.5,0.631578947368421,-0.09860197680453958,0.3,1.2062752778716,0.74,-0.06000000000000005,-0.0038902167795000706,2.039787162783397,0.5169000000000001,-0.5665698670572875,1.574934597106747
2019-02-26,0.035254481902207785,0.08410454689306918,0.08365908240350473,0.14215631407118867,1.3881638245460386,0.47368421052631576,0.631578947368421,-0.09860197680453958,0.3,1.2062752778716,0.74,-0.06000000000000005,-0.0038902167795000706,2.039787162783397,0.5169000000000001,-0.5610093816643574,1.5625905471911463
2019-02-27,0.03326395426480088,0.0837398987905088,0.08197744737425085,0.1423424789995894,1.3843978036512044,0.47368421052631576,0.631578947368421,-0.09860197680453958,0.3,1.2062752778716,0.74,-0.06000000000000005,-0.0038902167795000706,2.039787162783397,0.5169000000000001,-0.5554777832919758,1.5504334504549933
2019-02-28,0.03257203412721413,0.07857800208066427,0.07845380072472508,0.14379531469589454,1.392316379308169,0.4473684210526316,0.631578947368421,-0.09860197680453958,0.3,1.2062752778716,0.74,-0.06000000000000005,-0.0038902167795000706,2.039787162783397,0.5169000000000001,-0.5499770639145911,1.5384580696738113
2019-03-01,0.027980908612153566,0.08415450107218579,0.07808253656194973,0.14440350036460392,1.3922047837787672,0.5263157894736842,0.6052631578947368,-0.09860197680453958,0.3,1.2062752778716,0.74,-0.06000000000000005,-0.0038902167795000706,2.039787162783397,0.5169000000000001,-0.5445095706452431,1.526659369887576
2019-03-04,0.0045441942195409485,0.09101085957316626,0.08964637700116126,0.14356367234471143,1.3784318733129444,0.42105263157894735,0.5526315789473685,0.004431321874670332,0.75,1.207008880857159,0.8,0.06000000000000005,-0.0008093034059938089,2.051601956674266,0.4339000000000004,0.06520670964800868,1.681417637268785
2019-03-05,0.015915569085468262,0.09798086896050133,0.08939344590743863,0.14110044430400376,1.344995585164708,0.5526315789473685,0.5526315789473685,0.004431321874670332,0.75,1.207008880857159,0.8,0.06000000000000005,-0.0008093034059938089,2.051601956674266,0.4339000000000004,0.07875708809084092,1.6686055239888746
2019-03-06,0.02492816456230751,0.10862060544135022,0.08195233701040698,0.13813487790710424,1.3105844254916499,0.5526315789473685,0.5526315789473685,0.004431321874670332,0.75,1.207008880857159,0.8,0.06000000000000005,-0.0008093034059938089,2.051601956674266,0.4339000000000004,0.09290506486194586,1.655993359683246
2019-03-07,0.024917060114947175,0.10307325827131514,0.08076256572563315,0.1402958118810009,1.3244113283681342,0.5,0.5526315789473685,0.004431321874670332,0.75,1.207008880857159,0.8,0.06000000000000005,-0.0008093034059938089,2.051601956674266,0.4339000000000004,0.08399403605305945,1.6432663694419294
2019-03-08,-0.002148466684573771,0.07247387577160692,0.06569589896785404,0.16207458420921225,1.517442330010722,0.3157894736842105,0.5263157894736842,0.004431321874670332,0.75,1.207008880857159,0.8,0.06000000000000005,-0.0008093034059938089,2.051601956674266,0.4339000000000004,0.07489055675278321,1.630737135259674
2019-03-11,0.0023348475617405266,0.07429936124897099,0.08863296534088118,0.16302470763047594,1.5156949140705915,0.3684210526315789,0.5526315789473685,0.16784737572924718,0.8,1.206722808252543,0.72,-0.08000000000000007,0.009373977189892727,2.060018597967057,0.5301999999999998,1.093686213894667,1.5568275535618545
2019-03-12,0.005744180760413156,0.07765467613396919,0.09769566107997707,0.16366497738610028,1.5105221218153955,0.4473684210526316,0.5526315789473685,0.16784737572924718,0.8,1.206722808252543,0.72,-0.08000000000000007,0.009373977189892727,2.060018597967057,0.5301999999999998,1.0849925305621133,1.5468717074141514
2019-03-13,-0.007332174608158533,0.06208709237012999,0.09906918449380246,0.16521601217129642,1.5134340491906024,0.2894736842105263,0.5526315789473685,0.16784737572924718,0.8,1.206722808252543,0.72,-0.08000000000000007,0.009373977189892727,2.060018597967057,0.5301999999999998,1.076379660635792,1.537041211296094
2019-03-14,-0.011443527042993536,0.05587510011112201,0.08893746877844295,0.16794841998178386,1.5264813034571452,0.23684210526315788,0.5526315789473685,0.16784737572924718,0.8,1.206722808252543,0.72,-0.08000000000000007,0.009373977189892727,2.060018597967057,0.5301999999999998,1.0678456802453564,1.527333168584885
2019-03-15,0.013206929391258209,0.06900756669524395,0.09323108051138218,0.1636816713964092,1.4769645880593847,0.6052631578947368,0.5526315789473685,0.16784737572924718,0.8,1.206722808252543,0.72,-0.08000000000000007,0.009373977189892727,2.060018597967057,0.5301999999999998,1.059388717584668,1.5177447754198004
2019-03-18,0.016236800466567,0.06493845690150682,0.1006557327092483,0.1594471335973437,1.4292641588473605,0.5,0.5526315789473685,-0.22003312889981733,0.1,1.208389448756797,0.65,-0.06999999999999995,-0.008548100789179006,2.067755213050379,0.569,-1.3646055461693423,1.8650060658690506
2019-03-19,0.007282096297600007,0.0641963280456892,0.11067517616700409,0.15969296978176117,1.4231924936035159,0.47368421052631576,0.5526315789473685,-0.22003312889981733,0.1,1.208389448756797,0.65,-0.06999999999999995,-0.008548100789179006,2.067755213050379,0.569,-1.3531243841479024,1.8481071068793282
2019-03-20,0.012436706368980354,0.0632966505879302,0.1126664594418207,0.1599250662710105,1.4165875906005725,0.5263157894736842,0.5789473684210527,-0.22003312889981733,0.1,1.208389448756797,0.65,-0.06999999999999995,-0.008548100789179006,2.067755213050379,0.569,-1.3418022116997386,1.8315389973319363
2019-03-21,0.020040061496902725,0.06608562869607047,0.12132113618016772,0.15929766630075165,1.4012367809916562,0.631578947368421,0.5789473684210527,-0.22003312889981733,0.1,1.208389448756797,0.65,-0.06999999999999995,-0.008548100789179006,2.067755213050379,0.569,-1.330634734819134,1.8152902319738518
2019-03-22,0.015581422145968695,0.054620793464806694,0.12829633742989272,0.1555473934741964,1.359726325553247,0.5789473684210527,0.5789473684210527,-0.22003312889981733,0.1,1.208389448756797,0.65,-0.06999999999999995,-0.008548100789179006,2.067755213050379,0.569,-1.319617822043417,1.79934985870612
2019-03-25,-0.010149357068621754,0.012966485179226711,0.12042453143611233,0.12657516740205876,1.104303676439922,0.18421052631578946,0.3684210526315789,0.24647180380511807,0.9,1.208783467459306,0.54,-0.10999999999999999,0.0006544136914885406,2.071391041702406,0.6813000000000002,1.5812518020606814,1.866517291210452
2019-03-26,-0.016331919714070324,0.01260992642941109,0.1183618162984214,0.12686520393142578,1.1034863527547576,0.10526315789473684,0.39473684210526316,0.24647180380511807,0.9,1.208783467459306,0.54,-0.10999999999999999,0.0006544136914885406,2.071391041702406,0.6813000000000002,1.5701433347958096,1.8504461039644233
2019-03-27,-0.010887167926489211,0.019145528396640108,0.1235151210573041,0.1275549013305219,1.1060224344797571,0.21052631578947367,0.4473684210526316,0.24647180380511807,0.9,1.208783467459306,0.54,-0.10999999999999999,0.0006544136914885406,2.071391041702406,0.6813000000000002,1.5592864969195168,1.834675826706756
2019-03-28,-0.01635666596509084,0.01715692860376552,0.127464706501375,0.12826852881313783,1.1089003241691833,0.18421052631578946,0.5,0.24647180380511807,0.9,1.208783467459306,0.54,-0.10999999999999999,0.0006544136914885406,2.071391041702406,0.6813000000000002,1.5486779345087462,1.8191964693153484
2019-03-29,0.00014899892163642778,0.026788883774289556,0.14674119877684508,0.1394890549096677,1.1992403764189254,0.3684210526315789,0.5263157894736842,0.24647180380511807,0.9,1.208783467459306,0.54,-0.10999999999999999,0.0006544136914885406,2.071391041702406,0.6813000000000002,1.5383146702039998,1.8039985007254462
2019-04-01,0.027048972428538556,0.03547126338822432,0.15862402123839361,0.14693673606951083,1.2551887092803546,0.5526315789473685,0.5789473684210527,-0.18402203090710262,0.15,1.208435266566338,0.53,-0.010000000000000009,0.006592675393136672,2.068490018905373,0.6860999999999997,-1.1616429568366171,1.718293302992766
2019-04-02,0.033958169732416575,0.0306525270763594,0.15523232552410376,0.1467823213019165,1.2457109404100641,0.5526315789473685,0.6052631578947368,-0.18402203090710262,0.15,1.208435266566338,0.53,-0.010000000000000009,0.006592675393136672,2.068490018905373,0.6860999999999997,-1.1525996670207572,1.7044908033629245
2019-04-03,0.03597437964462765,0.03019174347896025,0.16935173586727054,0.1465406604485315,1.2321518324275471,0.5526315789473685,0.6052631578947368,-0.18402203090710262,0.15,1.208435266566338,0.53,-0.010000000000000009,0.006592675393136672,2.068490018905373,0.6860999999999997,-1.143649792948011,1.6909176090765758
2019-04-04,0.04269170589729304,0.034931574386111386,0.17159284983387832,0.1461848930525397,1.2180635509056439,0.5789473684210527,0.5789473684210527,-0.18402203090710262,0.15,1.208435266566338,0.53,-0.010000000000000009,0.006592675393136672,2.068490018905373,0.6860999999999997,-1.1347911347405788,1.6775668477122354
2019-04-08,0.023419478874059835,0.05235682933292316,0.15651042388836353,0.12488043027556404,1.036881241784892,0.631578947368421,0.631578947368421,-0.0671190420816991,0.45,1.209814626527774,0.6,0.06999999999999995,0.0017476513646470172,2.071134995695126,0.7455000000000003,-0.40205539235717047,1.936073329473494
2019-04-09,0.009625177859992371,0.04276159368647617,0.15069341657124669,0.12096139191299903,1.0010159782055021,0.5263157894736842,0.6052631578947368,-0.0671190420816991,0.45,1.209814626527774,0.6,0.06999999999999995,0.0017476513646470172,2.071134995695126,0.7455000000000003,-0.39550476280491825,1.9148260093907719
2019-04-10,0.00920992303072435,0.034118269346670595,0.1503525267289569,0.11945176596283459,0.9854665092705741,0.5263157894736842,0.5526315789473685,-0.0671190420816991,0.45,1.209814626527774,0.6,0.06999999999999995,0.0017476513646470172,2.071134995695126,0.7455000000000003,-0.3889131498845756,1.8940813515276995
2019-04-11,-0.006895752261132062,0.030628165825986722,0.1373083340059357,0.12284822238380394,1.009730122903457,0.2631578947368421,0.5789473684210527,-0.0671190420816991,0.45,1.209814626527774,0.6,0.06999999999999995,0.0017476513646470172,2.071134995695126,0.7455000000000003,-0.38227846970795454,1.8738182357453164
2019-04-12,-0.011672778007961532,0.034702323421143384,0.1379416510624569,0.12050442166115237,0.9869154962066029,0.15789473684210525,0.5526315789473685,-0.0671190420816991,0.45,1.209814626527774,0.6,0.06999999999999995,0.0017476513646470172,2.071134995695126,0.7455000000000003,-0.3755986475081051,1.8540167633143034
2019-04-15,-0.014108056734717924,0.025041843206947023,0.1303256284703424,0.121243709261542,0.989456308983814,0.07894736842105263,0.5526315789473685,-0.06526681540063185,0.5,1.210954727726914,0.61,0.010000000000000009,-0.004801290113778437,2.076050970642594,0.7757999999999998,-0.35630130305793306,2.050543317722885
2019-04-16,-0.004600395136350065,0.0219243980835591,0.14776150297634652,0.11734169410849873,0.9545177839935491,0.15789473684210525,0.5263157894736842,-0.06526681540063185,0.5,1.210954727726914,0.61,0.010000000000000009,-0.004801290113778437,2.076050970642594,0.7757999999999998,-0.36181342141958184,2.0260158845155773
2019-04-17,-0.004914685930497566,0.021921487118573026,0.1366623852873941,0.11734242641784201,0.9515033094327614,0.18421052631578946,0.5263157894736842,-0.06526681540063185,0.5,1.210954727726914,0.61,0.010000000000000009,-0.004801290113778437,2.076050970642594,0.7757999999999998,-0.3673783596952305,2.0021379316091075
2019-04-18,0.0009216421497620997,0.01911310160676847,0.13236029600738752,0.11822819514428327,0.9555158141129444,0.34210526315789475,0.5263157894736842,-0.06526681540063185,0.5,1.210954727726914,0.61,0.010000000000000009,-0.004801290113778437,2.076050970642594,0.7757999999999998,-0.3729973826272443,1.9788792293806277
2019-04-19,0.006894987945508792,0.021557249869749454,0.14031059447085192,0.11881001929505311,0.9566767895577761,0.5263157894736842,0.5263157894736842,-0.06526681540063185,0.5,1.210954727726914,0.61,0.010000000000000009,-0.004801290113778437,2.076050970642594,0.7757999999999998,-0.3693548953541545,1.9559476093039194
2019-04-22,0.0027050849454415254,0.012165506006419857,0.12243917392682799,0.1233077540247435,0.9890602214608488,0.42105263157894735,0.47368421052631576,0.006639028534809085,0.8,1.210866387539981,0.62,0.010000000000000009,0.004383405680976873,2.080858110788935,0.851,0.12852247651278983,1.9175197858417976
2019-04-23,-0.009604190709462019,0.022469564442718835,0.11934609042583082,0.11474950659054721,0.9177150304357305,0.07894736842105263,0.5,0.006639028534809085,0.8,1.210866387539981,0.62,0.010000000000000009,0.004383405680976873,2.080858110788935,0.851,0.13043588760804428,1.896125924556752
2019-04-24,-0.0051868183134227,0.033066588519220654,0.12978106184170093,0.1105059155990947,0.8819212037728725,0.15789473684210525,0.5526315789473685,0.006639028534809085,0.8,1.210866387539981,0.62,0.010000000000000009,0.004383405680976873,2.080858110788935,0.851,0.13235233073938,1.8752408611741263
2019-04-25,-0.012167175823415805,0.01783309370984188,0.1207185208969908,0.11727452842979913,0.9331696067458859,0.15789473684210525,0.5,0.006639028534809085,0.8,1.210866387539981,0.62,0.010000000000000009,0.004383405680976873,2.080858110788935,0.851,0.13427183482718116,1.854843008647071
2019-04-26,-0.0200542709854134,0.01785964484942689,0.11359457553385667,0.11726123527319282,0.9296738217450514,0.15789473684210525,0.4473684210526316,0.006639028534809085,0.8,1.210866387539981,0.62,0.010000000000000009,0.004383405680976873,2.080858110788935,0.851,0.12879008502159936,1.8355681831437805
2019-04-29,-0.015660200086124,-0.003643693001340568,0.10729969184513478,0.10002354959428018,0.7918567797659308,0.15789473684210525,0.2631578947368421,0.0515827479426139,0.85,1.213420620978877,0.54,-0.07999999999999996,0.006734652491134316,2.088307705175991,0.9127000000000001,0.4350412832061642,2.2639800090270255
2019-04-30,-0.012321025208977975,-0.016900433194797698,0.1095816897665929,0.08260716856076306,0.6545408587944758,0.23684210526315788,0.23684210526315788,0.0515827479426139,0.85,1.213420620978877,0.54,-0.07999999999999996,0.006734652491134316,2.088307705175991,0.9127000000000001,0.4293022172240792,2.232898385220981
2019-05-06,-0.04632998685295975,-0.04722156806615567,0.08141182797070508,0.1343549565319909,1.058390190517168,0.10526315789473684,0.15789473684210525,0.01093760903872006,0.8,1.213515168299296,0.63,0.08999999999999997,-0.005842624279206269,2.089662589608316,0.9732000000000003,0.13959567842371026,2.218954594506945
2019-05-07,-0.023752817611063085,-0.04189410354584886,0.0969182453744616,0.14051505650595614,1.0990969724232624,0.21052631578947367,0.15789473684210525,0.01093760903872006,0.8,1.213515168299296,0.63,0.08999999999999997,-0.005842624279206269,2.089662589608316,0.9732000000000003,0.1339605968459297,2.1892693522754874
2019-05-08,-0.025835706464739577,-0.05066776751260573,0.0873370651448208,0.13960369956601634,1.0844920044039132,0.13157894736842105,0.15789473684210525,0.01093760903872006,0.8,1.213515168299296,0.63,0.08999999999999997,-0.005842624279206269,2.089662589608316,0.9732000000000003,0.13279267384479254,2.1596510881003246
2019-05-09,-0.03387765576335287,-0.060940827638753275,0.06388987746577682,0.14340243669421476,1.1054258564558126,0.13157894736842105,0.07894736842105263,0.01093760903872006,0.8,1.213515168299296,0.63,0.08999999999999997,-0.005842624279206269,2.089662589608316,0.9732000000000003,0.13162489324555893,2.130939923155392
2019-05-10,-0.013928930003096151,-0.04045454105788622,0.07660641387756094,0.16807826811072524,1.2820363596832212,0.10526315789473684,0.13157894736842105,0.01093760903872006,0.8,1.213515168299296,0.63,0.08999999999999997,-0.005842624279206269,2.089662589608316,0.9732000000000003,0.13045725024833651,2.103087474809843
2019-05-13,0.011106795013991495,-0.04532469608288853,0.06644824939775126,0.1685032747578815,1.271878255238104,0.42105263157894735,0.18421052631578946,0.22018658083033307,0.95,1.213406818437751,0.59,-0.040000000000000036,-0.0012967314025892024,2.081603805490168,0.8665999999999996,1.5897433854160887,2.0583206090982413
2019-05-14,-0.005899305581267799,-0.04089765686598461,0.051817601330132114,0.16687628912440539,1.2475523296037383,0.2631578947368421,0.13157894736842105,0.22018658083033307,0.95,1.213406818437751,0.59,-0.040000000000000036,-0.0012967314025892024,2.081603805490168,0.8665999999999996,1.5749779188615212,2.032563174121369
2019-05-15,0.015832120998922866,-0.02316286850572133,0.06741455502654406,0.17893162300450705,1.3228264846308315,0.5263157894736842,0.18421052631578946,0.22018658083033307,0.95,1.213406818437751,0.59,-0.040000000000000036,-0.0012967314025892024,2.081603805490168,0.8665999999999996,1.5598306520731817,2.008360001342165
2019-05-16,0.03318919342752364,-0.013643577476511713,0.08040583242567927,0.18008912910375832,1.3176191863624538,0.631578947368421,0.18421052631578946,0.22018658083033307,0.95,1.213406818437751,0.59,-0.040000000000000036,-0.0012967314025892024,2.081603805490168,0.8665999999999996,1.5449490663026848,1.984791236156313
2019-05-17,-0.0037135110537931254,-0.03956765697532928,0.04729519800973665,0.18153139325043646,1.3160615062937717,0.21052631578947367,0.21052631578947367,0.22018658083033307,0.95,1.213406818437751,0.59,-0.040000000000000036,-0.0012967314025892024,2.081603805490168,0.8665999999999996,1.5303242344596963,1.9618275855039622
2019-05-20,-0.003910312667639483,-0.04432032282003044,0.04179749234423179,0.18202039131891445,1.307195519964298,0.2894736842105263,0.21052631578947367,-0.0050000104167056405,0.65,1.213794097147119,0.58,-0.010000000000000009,0.0070720291470564925,2.067989863976146,0.9005999999999998,-0.022532569219239837,1.9998330183252595
2019-05-21,0.00710699760002021,-0.034712301415726496,0.04769745077897218,0.18452391181455083,1.312457781765162,0.47368421052631576,0.18421052631578946,-0.0050000104167056405,0.65,1.213794097147119,0.58,-0.010000000000000009,0.0070720291470564925,2.067989863976146,0.9005999999999998,-0.023559672282852794,1.9758082982078446
2019-05-22,-0.013581728575117875,-0.043639585026347995,0.044003293539471945,0.18332575647924731,1.2914682862452664,0.13157894736842105,0.13157894736842105,-0.0050000104167056405,0.65,1.213794097147119,0.58,-0.010000000000000009,0.0070720291470564925,2.067989863976146,0.9005999999999998,-0.024587122760048007,1.9524094429939405
2019-05-23,-0.03091579236596695,-0.047264454787920185,0.019521844683306373,0.18535063297343396,1.2935471173607669,0.02631578947368421,0.13157894736842105,-0.0050000104167056405,0.65,1.213794097147119,0.58,-0.010000000000000009,0.0070720291470564925,2.067989863976146,0.9005999999999998,-0.025614924146928796,1.9296075572070395
2019-05-24,-0.015828898607553658,-0.045792364873420914,-0.010356315251475366,0.1855218885394989,1.2882747094359406,0.15789473684210525,0.10526315789473684,-0.0050000104167056405,0.65,1.213794097147119,0.58,-0.010000000000000009,0.0070720291470564925,2.067989863976146,0.9005999999999998,-0.026643079946266173,1.9073755769967249
2019-05-27,-0.0018420242052037232,-0.04097552871181146,0.004700986236820284,0.188210457215898,1.300015147889534,0.39473684210526316,0.13157894736842105,-0.006916091698373156,0.6,1.215587950481194,0.56,-0.019999999999999907,-0.004337820566292562,2.051620614459383,0.9940000000000002,-0.04400788697555416,2.1570183641777056
2019-05-28,-0.007137568821344771,-0.029682694413655456,0.00729592769282653,0.18601171640302136,1.2784010930588774,0.21052631578947367,0.13157894736842105,-0.006916091698373156,0.6,1.215587950481194,0.56,-0.019999999999999907,-0.004337820566292562,2.051620614459383,0.9940000000000002,-0.048177797734479146,2.1281073989111023
2019-05-29,-0.0018882160616976252,-0.025473530102632216,0.009543043350560193,0.18600043505035996,1.2721733910391144,0.34210526315789475,0.13157894736842105,-0.006916091698373156,0.6,1.215587950481194,0.56,-0.019999999999999907,-0.004337820566292562,2.051620614459383,0.9940000000000002,-0.05236792301978395,2.1000654983976546
2019-05-30,0.006748127437847957,-0.02485612726394823,-0.0017109364909992431,0.18590078121991643,1.2655054097517817,0.5263157894736842,0.15789473684210525,-0.006916091698373156,0.6,1.215587950481194,0.56,-0.019999999999999907,-0.004337820566292562,2.051620614459383,0.9940000000000002,-0.05657868808084505,2.0728469892963384
2019-05-31,0.0049654165099891874,-0.02850592315445375,-0.009935092961027129,0.18553263918450028,1.2570138186585078,0.47368421052631576,0.13157894736842105,-0.006916091698373156,0.6,1.215587950481194,0.56,-0.019999999999999907,-0.004337820566292562,2.051620614459383,0.9940000000000002,-0.06081052762408095,2.046409489084083
2019-06-03,-0.005986266005822975,-0.0006318078646746919,-0.017200848854470954,0.15016587587687652,1.0163578348834523,0.2894736842105263,0.2631578947368421,0.16588863996270867,0.85,1.216022062619356,0.4,-0.16000000000000003,0.0017596834449775188,2.034719652957264,1.1614,1.1392361875918486,2.0836062763179526
2019-06-04,-0.014944506431219171,-0.020874383233811536,-0.03257674330070015,0.14501070557113002,0.9807057790666697,0.13157894736842105,0.18421052631578946,0.16588863996270867,0.85,1.216022062619356,0.4,-0.16000000000000003,0.0017596834449775188,2.034719652957264,1.1614,1.1337167649853264,2.0568527568366375
2019-06-05,-0.013189707370998205,-0.012827531008890843,-0.028563724135385184,0.14446652978076116,0.9765664319673081,0.15789473684210525,0.18421052631578946,0.16588863996270867,0.85,1.216022062619356,0.4,-0.16000000000000003,0.0017596834449775188,2.034719652957264,1.1614,1.128237759180819,2.0308566762430234
2019-06-06,-0.01646568533425816,-0.00744415683485352,-0.016028155140683627,0.14011428124801167,0.9494952244373137,0.15789473684210525,0.3157894736842105,0.16588863996270867,0.85,1.216022062619356,0.4,-0.16000000000000003,0.0017596834449775188,2.034719652957264,1.1614,1.122798570012746,2.005580277495707
2019-06-10,-0.0047679910462392755,-0.019344984197596872,-0.017037931569006928,0.12000295939264369,0.8171799822077737,0.3157894736842105,0.21052631578947367,-0.1378930324732816,0.15,1.215827269652759,0.35,-0.050000000000000044,-0.012173123849763646,2.02491486289996,1.1401,-0.9706182717151464,1.9536257394784913
2019-06-11,0.018997739579986912,0.0072591367013207266,-0.003947290034897199,0.14137911733026856,0.9651857263601056,0.6052631578947368,0.47368421052631576,-0.1378930324732816,0.15,1.215827269652759,0.35,-0.050000000000000044,-0.012173123849763646,2.02491486289996,1.1401,-0.9654762933567217,1.9303192901260047
2019-06-12,0.022016004946809928,0.00704092729426619,-0.0032285637457316867,0.14148256332682327,0.9685073453816587,0.6052631578947368,0.4473684210526316,-0.1378930324732816,0.15,1.215827269652759,0.35,-0.050000000000000044,-0.012173123849763646,2.02491486289996,1.1401,-0.9603672330298433,1.907604291319337
2019-06-13,0.019097795828705317,-0.009561856179108392,0.001977598736313667,0.12861910665126527,0.8844200776073526,0.6578947368421053,0.3157894736842105,-0.1378930324732816,0.15,1.215827269652759,0.35,-0.050000000000000044,-0.012173123849763646,2.02491486289996,1.1401,-0.955290611290733,1.8854539143128761
2019-06-14,0.02023592558238929,-0.020397424679987865,-0.008999158949552548,0.1277036106261453,0.8817605959515602,0.6578947368421053,0.2631578947368421,-0.1378930324732816,0.15,1.215827269652759,0.35,-0.050000000000000044,-0.012173123849763646,2.02491486289996,1.1401,-0.9502459577471574,1.863842998248653
2019-06-17,0.009192887027860077,-0.006438586115943674,-0.024081845007713848,0.11648177823111519,0.8082731643325105,0.631578947368421,0.3157894736842105,-0.0646203240743423,0.4,1.214403629267668,0.46,0.11000000000000004,0.009996354212029513,2.016664814041343,1.1863000000000001,-0.44657309521747107,1.6483987317784496
2019-06-18,-0.011246128881600908,-7.667951264070085e-05,-0.02247551521409811,0.11462717202878435,0.7995712391323703,0.2631578947368421,0.4473684210526316,-0.0646203240743423,0.4,1.214403629267668,0.46,0.11000000000000004,0.009996354212029513,2.016664814041343,1.1863000000000001,-0.4441645863851442,1.6320641545891448
2019-06-19,0.005137585942653721,0.0050715156368996974,-0.010527684172058321,0.11979893790298084,0.839562920188307,0.5263157894736842,0.4473684210526316,-0.0646203240743423,0.4,1.214403629267668,0.46,0.11000000000000004,0.009996354212029513,2.016664814041343,1.1863000000000001,-0.4417601335391005,1.6160383842805244
2019-06-20,0.025142354074373596,0.029162226470383076,0.007079891313784538,0.13633593269648964,0.9580252247873086,0.7105263157894737,0.631578947368421,-0.0646203240743423,0.4,1.214403629267668,0.46,0.11000000000000004,0.009996354212029513,2.016664814041343,1.1863000000000001,-0.43935969239676137,1.6003105137132911
2019-06-21,0.03664409993886764,0.04716246762484673,0.012063518843346398,0.12773485094446424,0.9005191380011601,0.7368421052631579,0.7368421052631579,-0.0646203240743423,0.4,1.214403629267668,0.46,0.11000000000000004,0.009996354212029513,2.016664814041343,1.1863000000000001,-0.43696321895630547,1.5848701621192618
2019-06-24,0.039381874148546894,0.04877218664015688,0.0254493862094548,0.1274742824735677,0.898587222919358,0.7368421052631579,0.7631578947368421,0.007822725681209078,0.7,1.213165369742592,0.34,-0.12,-0.014031775911917404,2.010626444321312,1.2019000000000002,0.05888746207923396,1.403021577634145
2019-06-25,0.034607285634589174,0.0363726303271522,0.02846369013456139,0.12776447041029915,0.9005376625351392,0.7631578947368421,0.6842105263157895,0.007822725681209078,0.7,1.213165369742592,0.34,-0.12,-0.014031775911917404,2.010626444321312,1.2019000000000002,0.05601358368747497,1.3909173315424168
2019-06-26,0.021538735225600403,0.03374781968384487,0.021898218980031293,0.12828988531443658,0.9041629409393832,0.7105263157894737,0.7631578947368421,0.007822725681209078,0.7,1.213165369742592,0.34,-0.12,-0.014031775911917404,2.010626444321312,1.2019000000000002,0.053134944093822675,1.3789879439891923
2019-06-27,0.012353982303386005,0.04340442483546671,0.03579053958226138,0.1318228719607567,0.9286750380781192,0.631578947368421,0.8157894736842105,0.007822725681209078,0.7,1.213165369742592,0.34,-0.12,-0.014031775911917404,2.010626444321312,1.2019000000000002,0.05025144961470045,1.3672284637812429
2019-06-28,0.002659356773978752,0.043073696960977514,0.01457387669568872,0.1320070842947889,0.9307904819616449,0.3684210526315789,0.7894736842105263,0.007822725681209078,0.7,1.213165369742592,0.34,-0.12,-0.014031775911917404,2.010626444321312,1.2019000000000002,0.0473630056544841,1.3556341322071879
2019-07-01,0.021863081313802886,0.06566985144397057,0.020263495094719128,0.14670198066849796,1.0344336837893486,0.6842105263157895,0.8157894736842105,-0.02099814683977347,0.45,1.212781778323311,0.31,-0.030000000000000027,-9.355752495192553e-05,2.007423889512834,1.2837,-0.15282684905383298,1.2928367773828708
2019-07-02,0.026167088661841663,0.06852598499481682,0.020672609063986474,0.14546367766478951,1.0258610643470585,0.7105263157894737,0.8157894736842105,-0.02099814683977347,0.45,1.212781778323311,0.31,-0.030000000000000027,-9.355752495192553e-05,2.007423889512834,1.2837,-0.15270316276305262,1.2823985220764893
2019-07-03,0.0231123690118818,0.07180469512694584,0.009036208347285437,0.14253622920663617,1.005689022575969,0.7894736842105263,0.8157894736842105,-0.02099814683977347,0.45,1.212781778323311,0.31,-0.030000000000000027,-9.355752495192553e-05,2.007423889512834,1.2837,-0.1525794828990506,1.272093874917104
2019-07-04,0.008937967675598431,0.06553209988206334,0.002036801360566768,0.1449249289502069,1.0226944342692843,0.6578947368421053,0.7894736842105263,-0.02099814683977347,0.45,1.212781778323311,0.31,-0.030000000000000027,-9.355752495192553e-05,2.007423889512834,1.2837,-0.15245580945582088,1.2619195461721646
2019-07-05,0.017291912478008074,0.07683129477324376,0.008446310299636954,0.1403034273041947,0.9882891114504637,0.7631578947368421,0.8157894736842105,-0.02099814683977347,0.45,1.212781778323311,0.31,-0.030000000000000027,-9.355752495192553e-05,2.007423889512834,1.2837,-0.15233214242735876,1.2518723664411164
2019-07-08,-0.021086239361904385,0.04935160312830546,-0.010447922127177631,0.15730944856684814,1.103370197277762,0.18421052631578946,0.7631578947368421,-0.12711021853152227,0.2,1.211813853537676,0.35,0.03999999999999998,0.011045609327396696,2.006025216403188,1.1633999999999998,-0.8745460415305238,1.1124611904196469
2019-07-09,-0.021772382708649535,0.02775586270618038,-0.010309696675387415,0.14161073769587382,0.9906929880045289,0.07894736842105263,0.631578947368421,-0.12711021853152227,0.2,1.211813853537676,0.35,0.03999999999999998,0.011045609327396696,2.006025216403188,1.1633999999999998,-0.867562362669479,1.104031255176631
2019-07-10,-0.016627862720033294,0.03316082746010262,-0.0006959021116157984,0.139762483173532,0.9758382842651221,0.10526315789473684,0.6842105263157895,-0.12711021853152227,0.2,1.211813853537676,0.35,0.03999999999999998,0.011045609327396696,2.006025216403188,1.1633999999999998,-0.860619904604513,1.0956879915087034
2019-07-11,-0.010786356472685357,0.03564794758067266,0.0029232228958429407,0.139537613615432,0.9721151127296234,0.21052631578947367,0.6578947368421053,-0.12711021853152227,0.2,1.211813853537676,0.35,0.03999999999999998,0.011045609327396696,2.006025216403188,1.1633999999999998,-0.8537176576786597,1.0874297114609277
2019-07-12,-0.012863056590411242,0.04373231260044321,0.009691310443943633,0.13698408009151222,0.952584460351662,0.13157894736842105,0.7368421052631579,-0.12711021853152227,0.2,1.211813853537676,0.35,0.03999999999999998,0.011045609327396696,2.006025216403188,1.1633999999999998,-0.8468546290768457,1.0792547889265984
2019-07-15,0.0103746996344697,0.05053341573491508,0.004527172643642129,0.13695246357647256,0.9502048967023811,0.7894736842105263,0.7894736842105263,-0.06936944840723666,0.25,1.212119854842671,0.35,0.0,-0.004522793989256201,2.003680251532419,1.0766,-0.44403921433399174,1.114168798193838
2019-07-16,0.009752254032157612,0.048754245619938893,0.004357243287267758,0.1374501256943022,0.9514454887389444,0.7631578947368421,0.7894736842105263,-0.06936944840723666,0.25,1.212119854842671,0.35,0.0,-0.004522793989256201,2.003680251532419,1.0766,-0.4387886595083011,1.1075506141478708
2019-07-17,0.009377379676346168,0.03740062119379505,0.007759835414968267,0.133282718169261,0.920998609538775,0.7631578947368421,0.7368421052631579,-0.06936944840723666,0.25,1.212119854842671,0.35,0.0,-0.004522793989256201,2.003680251532419,1.0766,-0.4335347493103753,1.1010558900007523
2019-07-18,-0.0005566643841866921,0.009948929122112368,-0.004528429433852547,0.12000056307740328,0.829103739290993,0.4473684210526316,0.5263157894736842,-0.06936944840723666,0.25,1.212119854842671,0.35,0.0,-0.004522793989256201,2.003680251532419,1.0766,-0.428276903802607,1.0946860346046905
2019-07-19,0.006253886676104193,0.013342099337679755,0.013240112174606296,0.12269518941357832,0.8477811595733955,0.5526315789473685,0.631578947368421,-0.06936944840723666,0.25,1.212119854842671,0.35,0.0,-0.004522793989256201,2.003680251532419,1.0766,-0.4230145346098062,1.088442709995052
2019-07-22,-0.007609900643695814,0.0035416409426723625,0.006521462709408331,0.12653015491196945,0.8730949381228085,0.2631578947368421,0.5526315789473685,0.15380471891739006,0.8,1.211652014552934,0.25,-0.09999999999999998,0.003114255379882697,2.002820932890217,1.1711,1.1212697032445853,1.017600408482387
2019-07-23,-0.004238109808647885,0.009908850176701834,0.00530595179204257,0.12555933123323768,0.86489864556365,0.3157894736842105,0.631578947368421,0.15380471891739006,0.8,1.211652014552934,0.25,-0.09999999999999998,0.003114255379882697,2.002820932890217,1.1711,1.1125685417725721,1.0122040373406105
2019-07-24,0.0022655392484139053,0.01812742521660856,0.022192550486797975,0.12721247626968457,0.8752874659488872,0.5263157894736842,0.7105263157894737,0.15380471891739006,0.8,1.211652014552934,0.25,-0.09999999999999998,0.003114255379882697,2.002820932890217,1.1711,1.1039548280639544,1.0069422958510996
2019-07-25,0.015471695487732466,0.013066642306458827,0.030997537039293317,0.12344505587012752,0.8487637850416141,0.7894736842105263,0.631578947368421,0.15380471891739006,0.8,1.211652014552934,0.25,-0.09999999999999998,0.003114255379882697,2.002820932890217,1.1711,1.09542665029341,1.0018194437786325
2019-07-26,0.004801295798555523,0.015484038362256525,0.03370160805928581,0.12265076945257648,0.8411215765516431,0.5263157894736842,0.631578947368421,0.15380471891739006,0.8,1.211652014552934,0.25,-0.09999999999999998,0.003114255379882697,2.002820932890217,1.1711,1.0869821568221252,0.996840232599726
2019-07-29,0.012609538178856874,-0.005711902192273647,0.03145202609724317,0.09703916440691068,0.6643848911965649,0.5789473684210527,0.3157894736842105,-0.1725425380204202,0.15,1.211647621820394,0.3,0.04999999999999999,0.008969736360176632,2.00023141906704,1.1338,-1.1873028266124745,0.9911281822069734
2019-07-30,0.013470685037514668,-0.0027875534476251604,0.06510662368251698,0.09770926756818035,0.6717819309723633,0.7105263157894737,0.3684210526315789,-0.1725425380204202,0.15,1.211647621820394,0.3,0.04999999999999999,0.008969736360176632,2.00023141906704,1.1338,-1.1827415825673575,0.9861944921321841
2019-07-31,0.0014802260979332738,-0.003504717697339966,0.04742559419579434,0.09817035417828662,0.6782430300863904,0.6052631578947368,0.34210526315789475,-0.1725425380204202,0.15,1.211647621820394,0.3,0.04999999999999999,0.008969736360176632,2.00023141906704,1.1338,-1.1782088574431075,0.9814086751445641
2019-08-01,-0.011917213773931765,-0.0077885391430713696,0.04491602973010113,0.10140963878234881,0.7037176310361305,0.13157894736842105,0.2631578947368421,-0.1725425380204202,0.15,1.211647621820394,0.3,0.04999999999999999,0.008969736360176632,2.00023141906704,1.1338,-1.1737043017016044,0.976776738150122
2019-08-02,-0.01788643145858021,-0.019694305574331758,0.04969283236405847,0.10211581587438634,0.7120179619624694,0.10526315789473684,0.2631578947368421,-0.1725425380204202,0.15,1.211647621820394,0.3,0.04999999999999999,0.008969736360176632,2.00023141906704,1.1338,-1.1692275717120966,0.9723053675437057
2019-08-05,-0.0249849341255928,-0.009610596955962062,0.020396021974746527,0.0853440833924809,0.6008514747127505,0.15789473684210525,0.34210526315789475,0.37031504597009374,1.0,1.211475797927841,0.2,-0.09999999999999998,0.0008639159591175142,1.996610716212222,1.2693999999999999,2.542679959080828,0.9423439718423735
2019-08-06,-0.03722803999359478,-0.01824321073257041,0.0167717886749307,0.09092809816963539,0.6460455356183623,0.10526315789473684,0.15789473684210525,0.37031504597009374,1.0,1.211475797927841,0.2,-0.09999999999999998,0.0008639159591175142,1.996610716212222,1.2693999999999999,2.5029139855464773,0.9384827300811596
2019-08-07,-0.03210542132806615,-0.018982276305372824,0.021219478448995986,0.09080303835352137,0.6510216210101585,0.13157894736842105,0.15789473684210525,0.37031504597009374,1.0,1.211475797927841,0.2,-0.09999999999999998,0.0008639159591175142,1.996610716212222,1.2693999999999999,2.4646528530748952,0.9348172024109652
2019-08-08,-0.012718333765865375,-0.009720516436251388,0.016365574965312886,0.1002669455597215,0.7256955369105844,0.18421052631578946,0.21052631578947367,0.37031504597009374,1.0,1.211475797927841,0.2,-0.09999999999999998,0.0008639159591175142,1.996610716212222,1.2693999999999999,2.42779995928741,0.93135942257463
2019-08-09,-0.009636091642262222,-0.016467340626182738,0.00686754729427261,0.10025328508743175,0.7326523868885643,0.3157894736842105,0.2894736842105263,0.37031504597009374,1.0,1.211475797927841,0.2,-0.09999999999999998,0.0008639159591175142,1.996610716212222,1.2693999999999999,2.3922671868478584,0.9281228771984419
2019-08-12,0.00920086112132125,-0.01078443546911051,0.033310394149860895,0.10696916991151759,0.7888966853873695,0.631578947368421,0.23684210526315788,0.020236778287352916,0.75,1.210915731041917,0.08,-0.12000000000000001,-0.005246994869406272,1.988901129593893,1.3126,0.11307587994242835,0.8347413668811012
2019-08-13,0.014052539623156224,-0.013942925141571798,0.034734640965726406,0.10785137725791968,0.8027210410949762,0.6578947368421053,0.21052631578947367,0.020236778287352916,0.75,1.210915731041917,0.08,-0.12000000000000001,-0.005246994869406272,1.988901129593893,1.3126,0.11289049144218977,0.830586585752322
2019-08-14,0.018444177728678606,-0.009915478253040386,0.03255665857765437,0.1092457315662666,0.8207633435833023,0.7105263157894737,0.2894736842105263,0.020236778287352916,0.75,1.210915731041917,0.08,-0.12000000000000001,-0.005246994869406272,1.988901129593893,1.3126,0.11270511292220828,0.8265863740872749
2019-08-15,0.008384447975120966,-0.0007794040769437281,0.03833175151555172,0.10576647064085434,0.8024164931084813,0.5263157894736842,0.3684210526315789,0.020236778287352916,0.75,1.210915731041917,0.08,-0.12000000000000001,-0.005246994869406272,1.988901129593893,1.3126,0.11251974436284334,0.822750783660173
2019-08-16,0.017208676130247257,-0.005512551172039673,0.05499201579048681,0.10131918885532566,0.7769315377178864,0.5789473684210527,0.3157894736842105,0.020236778287352916,0.75,1.210915731041917,0.08,-0.12000000000000001,-0.005246994869406272,1.988901129593893,1.3126,0.11233438574445936,0.8190911185991471
2019-08-19,0.02490884098206259,0.02173430615664789,0.07404813373947713,0.11800470946302422,0.9127547895680264,0.631578947368421,0.6052631578947368,0.027444093415680958,0.75,1.211802460455789,0.01,-0.07,0.0064757941632540734,1.97925882790823,1.4757,0.1557967612708115,0.9640457431167502
2019-08-20,0.030246344656051742,0.02054152932312783,0.06682300982698186,0.11794871436958235,0.920660829353858,0.631578947368421,0.5789473684210527,0.027444093415680958,0.75,1.211802460455789,0.01,-0.07,0.0064757941632540734,1.97925882790823,1.4757,0.1523381303098426,0.9600470107267418
2019-08-21,0.0234311379095175,0.011250120408063209,0.06312536530851663,0.11659687623806754,0.9184024697442926,0.6842105263157895,0.4473684210526316,0.027444093415680958,0.75,1.211802460455789,0.01,-0.07,0.0064757941632540734,1.97925882790823,1.4757,0.1488740036069371,0.9562406193240738
2019-08-22,0.025910546956219912,0.009659447391543717,0.06613051453346926,0.11587706560906838,0.9212131416953322,0.6842105263157895,0.42105263157894735,0.027444093415680958,0.75,1.211802460455789,0.01,-0.07,0.0064757941632540734,1.97925882790823,1.4757,0.14540421901740472,0.9526377046948925
2019-08-23,0.024010259614703953,0.013696412644108754,0.0722541479673428,0.11601964492145583,0.9309665993356737,0.7105263157894737,0.4473684210526316,0.027444093415680958,0.75,1.211802460455789,0.01,-0.07,0.0064757941632540734,1.97925882790823,1.4757,0.1419286126124073,0.9492507222733848
2019-08-26,-0.0007620976114204687,0.008362670366370544,0.06832061961806747,0.11817321493637932,0.9568671911410818,0.2631578947368421,0.3684210526315789,0.07306326235257697,0.8,1.213490144665821,-0.02,-0.03,-0.005645973858801437,1.970431184854072,1.5480999999999998,0.44218872130370773,1.2406082101475453
2019-08-27,0.010185158850286846,0.017256003135900002,0.08299443468309167,0.124717690336919,1.0133389520043012,0.5263157894736842,0.47368421052631576,0.07306326235257697,0.8,1.213490144665821,-0.02,-0.03,-0.005645973858801437,1.970431184854072,1.5480999999999998,0.44382856120649566,1.233466633169502
2019-08-28,0.01063549572653734,0.020405390036667276,0.08870536746627315,0.12315711525808216,1.003629286183797,0.5526315789473685,0.5,0.07306326235257697,0.8,1.213490144665821,-0.02,-0.03,-0.005645973858801437,1.970431184854072,1.5480999999999998,0.44547200453974256,1.2264833703719766
2019-08-29,0.008977997017388096,0.030554658182863577,0.08829821892185555,0.1183492526188937,0.9678824670405227,0.5263157894736842,0.5263157894736842,0.07306326235257697,0.8,1.213490144665821,-0.02,-0.03,-0.005645973858801437,1.970431184854072,1.5480999999999998,0.44711907361280256,1.2196598925784858
2019-08-30,0.00843324302040913,0.040016087123098086,0.09715307632201009,0.11388750036344032,0.9347349005063296,0.5526315789473685,0.7105263157894737,0.07306326235257697,0.8,1.213490144665821,-0.02,-0.03,-0.005645973858801437,1.970431184854072,1.5480999999999998,0.4487697909066192,1.2129979887569826
2019-09-02,0.024670073473404417,0.05801767796536776,0.09775868413771116,0.11199566748091108,0.9202155722404763,0.7368421052631579,0.7631578947368421,-0.045825263381943725,0.3,1.214754131919914,-0.05,-0.030000000000000002,0.01205784307626305,1.963289306112656,1.5461999999999998,-0.3323923409519531,1.4311510157619127
2019-09-03,0.014137993382537035,0.06862203651203182,0.0781346884856418,0.10259028684706163,0.8474374357057778,0.6052631578947368,0.7368421052631579,-0.045825263381943725,0.3,1.214754131919914,-0.05,-0.030000000000000002,0.01205784307626305,1.963289306112656,1.5461999999999998,-0.33223360121795126,1.4206070621099347
2019-09-04,0.023946312622744756,0.07645712398747818,0.09063567514220798,0.10274178379347534,0.8532396808852568,0.7894736842105263,0.8157894736842105,-0.045825263381943725,0.3,1.214754131919914,-0.05,-0.030000000000000002,0.01205784307626305,1.963289306112656,1.5461999999999998,-0.33207488343625075,1.4102471480342171
2019-09-05,0.027927490132050675,0.07120048208077963,0.0971279132252009,0.09932330965316497,0.8282085654358549,0.7368421052631579,0.8157894736842105,-0.045825263381943725,0.3,1.214754131919914,-0.05,-0.030000000000000002,0.01205784307626305,1.963289306112656,1.5461999999999998,-0.3319161875919962,1.4000680893106436
2019-09-06,0.02535337867927122,0.07500555744463153,0.102270529418892,0.09634931070212188,0.8069259965299803,0.7105263157894737,0.7894736842105263,-0.045825263381943725,0.3,1.214754131919914,-0.05,-0.030000000000000002,0.01205784307626305,1.963289306112656,1.5461999999999998,-0.33175751367034095,1.390066917217543
2019-09-09,0.025406345817450583,0.07422316266149709,0.11397214292730166,0.09556308933807448,0.8026851505079109,0.7368421052631579,0.8157894736842105,-0.23533559207957172,0.05,1.214663428260056,0.01,0.060000000000000005,-0.004236138780285985,1.964858086605318,1.4746,-1.564882183355059,1.3638585936076957
2019-09-10,0.01901987783861507,0.07358937472749066,0.10840069520585777,0.09630539689787015,0.8110003251010831,0.7105263157894737,0.7631578947368421,-0.23533559207957172,0.05,1.214663428260056,0.01,0.060000000000000005,-0.004236138780285985,1.964858086605318,1.4746,-1.553028548364874,1.3543372034675896
2019-09-11,0.00598269545555258,0.06399564171435215,0.09148078465510683,0.10143494360982562,0.8564042269105013,0.6842105263157895,0.8157894736842105,-0.23533559207957172,0.05,1.214663428260056,0.01,0.060000000000000005,-0.004236138780285985,1.964858086605318,1.4746,-1.541348438689648,1.3449805758205262
2019-09-12,0.006685184566417659,0.06950121867207631,0.07867074371724497,0.10188688459609804,0.8644101376817538,0.6578947368421053,0.7631578947368421,-0.23533559207957172,0.05,1.214663428260056,0.01,0.060000000000000005,-0.004236138780285985,1.964858086605318,1.4746,-1.5298371574399117,1.335786684410719
2019-09-16,0.004645446362684107,0.06244232767706838,0.07027187584270847,0.10372338200639343,0.8829889638846511,0.5,0.7631578947368421,-0.08773891430800675,0.25,1.215422909518683,0.23,0.22,-0.0021869315703230523,1.967768132526682,1.2902,-0.5763886982143017,1.46475063347197
2019-09-17,-0.018141391202593275,0.03117293047684123,0.05644887757616149,0.0991558565662474,0.8475111746454493,0.10526315789473684,0.7631578947368421,-0.08773891430800675,0.25,1.215422909518683,0.23,0.22,-0.0021869315703230523,1.967768132526682,1.2902,-0.5721983891896492,1.4547094457935112
2019-09-18,-0.008127907101068846,0.03521512297037008,0.06566550247019974,0.09982377864712054,0.856629701172947,0.3157894736842105,0.8157894736842105,-0.08773891430800675,0.25,1.215422909518683,0.23,0.22,-0.0021869315703230523,1.967768132526682,1.2902,-0.5680196360769255,1.4448724566104698
2019-09-19,0.002168040109513632,0.04273254391434828,0.07211008953902005,0.09906736968001395,0.8537067152646296,0.4473684210526316,0.8157894736842105,-0.08773891430800675,0.25,1.215422909518683,0.23,0.22,-0.0021869315703230523,1.967768132526682,1.2902,-0.5638522174467206,1.4352374167341684
2019-09-20,-0.0019506541972030976,0.0416400175186533,0.06436610721665585,0.09891547703537378,0.8564455999541467,0.2894736842105263,0.8157894736842105,-0.08773891430800675,0.25,1.215422909518683,0.23,0.22,-0.0021869315703230523,1.967768132526682,1.2902,-0.559695913862089,1.4258023570527292
2019-09-23,-0.0031845290399890327,0.035247539022375395,0.06442799002874067,0.10078967905468796,0.8766221699750864,0.2894736842105263,0.7894736842105263,0.10884787751824203,0.8,1.216059622877603,0.13,-0.1,0.002787246372702532,1.970827934829948,1.3875,0.705557432034161,1.5333340513146163
2019-09-24,0.013696097554399357,0.04563112564266106,0.04828189381675796,0.09729919864436773,0.8523677068619079,0.6052631578947368,0.7631578947368421,0.10884787751824203,0.8,1.216059622877603,0.13,-0.1,0.002787246372702532,1.970827934829948,1.3875,0.7070590275401596,1.5212977693559213
2019-09-25,-0.001358727942821835,0.023671236177261395,0.038139685865536246,0.09991955612968349,0.8811823123927192,0.3157894736842105,0.7105263157894737,0.10884787751824203,0.8,1.216059622877603,0.13,-0.1,0.002787246372702532,1.970827934829948,1.3875,0.7085640609067522,1.5094842420622008
2019-09-26,-0.018628808390589953,0.013468239797220989,0.0303689121365483,0.11039974614138692,0.9782268806674886,0.15789473684210525,0.5526315789473685,0.10884787751824203,0.8,1.216059622877603,0.13,-0.1,0.002787246372702532,1.970827934829948,1.3875,0.71007254968782,1.4978885114856115
2019-09-27,-0.018897171221511598,0.013764849279753612,0.03653096831954582,0.11045329869985229,0.9837092190304925,0.05263157894736842,0.6052631578947368,0.10884787751824203,0.8,1.216059622877603,0.13,-0.1,0.002787246372702532,1.970827934829948,1.3875,0.7115845115590976,1.4865059031014167
2019-09-30,-0.024034430525383094,0.002779865476583168,0.023101647025349503,0.11502771845629496,1.0283075124525738,0.02631578947368421,0.5,0.11691233468713941,0.85,1.216602086017964,0.16,0.03,0.006408276644819046,1.973391443528476,1.4626000000000001,0.7649121093932292,1.5748871729323002
2019-10-08,-0.028852203175078635,-0.007891151005821996,0.04051593000358371,0.10824634892330451,0.9748104208202901,0.05263157894736842,0.3157894736842105,-0.010507977598415093,0.5,1.217024906160227,0.02,-0.14,-0.0026409310936439264,1.973927684131613,1.4783000000000002,-0.06405984936826949,1.6383762215460071
2019-10-09,-0.01699668730064092,-0.0074634445059165565,0.042915381273544856,0.1083454020889816,0.9805984122394219,0.07894736842105263,0.2631578947368421,-0.010507977598415093,0.5,1.217024906160227,0.02,-0.14,-0.0026409310936439264,1.973927684131613,1.4783000000000002,-0.06943159746737797,1.623540860691489
2019-10-10,0.002302667973536977,-0.00817540485198679,0.04929944283011857,0.10766965770334945,0.9792229167030113,0.42105263157894735,0.2894736842105263,-0.010507977598415093,0.5,1.217024906160227,0.02,-0.14,-0.0026409310936439264,1.973927684131613,1.4783000000000002,-0.07484599324146249,1.608986310886738
2019-10-11,0.003929243548415784,-0.01023339730388128,0.05124656834064696,0.10627951811426005,0.9714774352488136,0.42105263157894735,0.23684210526315788,-0.010507977598415093,0.5,1.217024906160227,0.02,-0.14,-0.0026409310936439264,1.973927684131613,1.4783000000000002,-0.08030420908496819,1.5947037891904137
2019-10-14,0.018944634962720898,-0.003628878239967149,0.05490933857848164,0.1090788364251058,1.0013222629808793,0.7105263157894737,0.3157894736842105,-0.08957548095856742,0.25,1.217812607043988,0.2,0.18000000000000002,-0.005168641089491169,1.973645742537693,1.3947999999999998,-0.6040035025154666,1.7235680587046822
2019-10-15,0.0161742194599801,-0.01712327736329248,0.04631544982909411,0.10163599822280325,0.9380671336156212,0.7368421052631579,0.23684210526315788,-0.08957548095856742,0.25,1.217812607043988,0.2,0.18000000000000002,-0.005168641089491169,1.973645742537693,1.3947999999999998,-0.6021490469207263,1.7072148172558015
2019-10-16,0.012152495651344249,-0.01433082669318738,0.04531562289273149,0.10056975740543951,0.9335221640275878,0.6052631578947368,0.34210526315789475,-0.08957548095856742,0.25,1.217812607043988,0.2,0.18000000000000002,-0.005168641089491169,1.973645742537693,1.3947999999999998,-0.600298435173768,1.6911956977819955
2019-10-17,0.005892209928228745,-0.008265890379310623,0.045814273082001145,0.09916371797994693,0.9253552300752499,0.5526315789473685,0.34210526315789475,-0.08957548095856742,0.25,1.217812607043988,0.2,0.18000000000000002,-0.005168641089491169,1.973645742537693,1.3947999999999998,-0.5984516430039687,1.6754993769460782
2019-10-18,-0.006459072814252199,-0.023377654684551136,0.04534415991058146,0.09925541285441294,0.9292089081131552,0.34210526315789475,0.18421052631578946,-0.08957548095856742,0.25,1.217812607043988,0.2,0.18000000000000002,-0.005168641089491169,1.973645742537693,1.3947999999999998,-0.5966086463133167,1.6601151114688653
2019-10-21,-0.014244518035056834,-0.02251884263770809,0.034410933867320616,0.09917841943807428,0.9319075785652525,0.2894736842105263,0.2894736842105263,-0.08923113372794264,0.3,1.218335175185032,0.16,-0.04000000000000001,-0.011627229248611164,1.973396896700969,1.4324000000000001,-0.5907125526594769,1.7391310997262983
2019-10-22,-0.005904227744789408,-0.004886113905488615,0.04802112272800051,0.09265458896146685,0.8752511485651819,0.34210526315789475,0.39473684210526316,-0.08923113372794264,0.3,1.218335175185032,0.16,-0.04000000000000001,-0.011627229248611164,1.973396896700969,1.4324000000000001,-0.5870877865796393,1.723232401107818
2019-10-23,-0.010569538032306714,-0.01677245762442525,0.038984194669072665,0.09347014113956993,0.8874386127169547,0.13157894736842105,0.21052631578947367,-0.08923113372794264,0.3,1.218335175185032,0.16,-0.04000000000000001,-0.011627229248611164,1.973396896700969,1.4324000000000001,-0.5834737051644715,1.7076687439967086
2019-10-24,-0.01204150185871294,-0.022475432347537197,0.0315072319748743,0.09094132420590728,0.8684134049486819,0.13157894736842105,0.2894736842105263,-0.08923113372794264,0.3,1.218335175185032,0.16,-0.04000000000000001,-0.011627229248611164,1.973396896700969,1.4324000000000001,-0.5798701585465531,1.6924294207052177
2019-10-25,0.004638047040292434,-0.016788953447055607,0.03451051146314142,0.09612265402226314,0.9218995802476804,0.631578947368421,0.34210526315789475,-0.08923113372794264,0.3,1.218335175185032,0.16,-0.04000000000000001,-0.011627229248611164,1.973396896700969,1.4324000000000001,-0.5762769984069567,1.6775042942534177
2019-10-28,0.016958220881238325,-0.0023760927164807304,0.04656785895000342,0.10414855163494911,1.0018378700011903,0.8157894736842105,0.47368421052631576,-0.11909969154113031,0.2,1.219058207417698,0.15,-0.010000000000000009,0.006577895102394,1.974644338521392,1.4433999999999998,-0.7671549681536591,1.7913461735851801
2019-10-29,0.006395755748749846,-0.012186455711138125,0.041807340297893486,0.10394550042029563,0.998778771126473,0.6842105263157895,0.4473684210526316,-0.11909969154113031,0.2,1.219058207417698,0.15,-0.010000000000000009,0.006577895102394,1.974644338521392,1.4433999999999998,-0.7626243938420701,1.7749444966666166
2019-10-30,0.009391684468578524,-0.00602204521302489,0.03490519410013652,0.09862003211937828,0.9474698723975273,0.631578947368421,0.47368421052631576,-0.11909969154113031,0.2,1.219058207417698,0.15,-0.010000000000000009,0.006577895102394,1.974644338521392,1.4433999999999998,-0.7582124404248299,1.7589080049992276
2019-10-31,0.010488774906186044,0.006642150949238797,0.040515780783127064,0.08780733082060724,0.8449913945876687,0.5263157894736842,0.5,-0.11909969154113031,0.2,1.219058207417698,0.15,-0.010000000000000009,0.006577895102394,1.974644338521392,1.4433999999999998,-0.7539267120835977,1.7432249747026167
2019-11-01,0.011751279981557715,0.013859497756013705,0.0581790052186309,0.09353827015186984,0.9012794605870978,0.6052631578947368,0.5526315789473685,-0.11909969154113031,0.2,1.219058207417698,0.15,-0.010000000000000009,0.006577895102394,1.974644338521392,1.4433999999999998,-0.749775776080136,1.7278843388002902
2019-11-04,0.006187154460159949,0.027845492269062307,0.07064144486874357,0.08808804591478468,0.8506806693643494,0.5263157894736842,0.6842105263157895,-0.02805795279515738,0.5,1.220847135801604,0.14,-0.009999999999999981,-0.006435934544559208,1.97925476608199,1.5647000000000002,-0.12083670342079454,2.026331499070001
2019-11-05,0.015798961321805593,0.0324647087857461,0.08259123574529187,0.08856495930153707,0.8548431417842137,0.8157894736842105,0.7368421052631579,-0.02805795279515738,0.5,1.220847135801604,0.14,-0.009999999999999981,-0.006435934544559208,1.97925476608199,1.5647000000000002,-0.12199655852431847,2.004986295259348
2019-11-06,0.012982344496564623,0.02395698658418065,0.08511557859029593,0.09345426742429107,0.9016691020670533,0.7631578947368421,0.6578947368421053,-0.02805795279515738,0.5,1.220847135801604,0.14,-0.009999999999999981,-0.006435934544559208,1.97925476608199,1.5647000000000002,-0.12315726949984859,1.9842052212133063
2019-11-07,0.015373657735110739,0.01971314071081256,0.08799485984630395,0.09115623933172658,0.8794472287455544,0.7894736842105263,0.5789473684210527,-0.02805795279515738,0.5,1.220847135801604,0.14,-0.009999999999999981,-0.006435934544559208,1.97925476608199,1.5647000000000002,-0.12431884199216355,1.9639654943850646
2019-11-08,0.002358171636791568,0.01228842584438949,0.07325551062128785,0.09175220157571753,0.8864104968430266,0.631578947368421,0.5789473684210527,-0.02805795279515738,0.5,1.220847135801604,0.14,-0.009999999999999981,-0.006435934544559208,1.97925476608199,1.5647000000000002,-0.12548128166634567,1.9442457596501708
2019-11-11,-0.015777262158660918,-0.0068764048523195075,0.06450027435234487,0.1005322469262355,0.9711901720463783,0.13157894736842105,0.34210526315789475,-0.018876227268931657,0.6,1.221071653998091,0.23,0.09,0.012012890303783977,1.985608965632131,1.3535,-0.056197255396621244,1.9663420297386607
2019-11-12,-0.019320028567524204,-0.003029539241758204,0.05407034605644642,0.10016941964932669,0.9687456818784319,0.18421052631578946,0.39473684210526316,-0.018876227268931657,0.6,1.221071653998091,0.23,0.09,0.012012890303783977,1.985608965632131,1.3535,-0.050511489357639765,1.9494091451875815
2019-11-13,-0.00923099026278892,0.002573500670047482,0.06183204870435078,0.10054867041633123,0.9735594040209348,0.3157894736842105,0.39473684210526316,-0.018876227268931657,0.6,1.221071653998091,0.23,0.09,0.012012890303783977,1.985608965632131,1.3535,-0.044781233259234075,1.93294797354048
2019-11-14,-0.00815477970909839,0.005666151073485421,0.06139590240852696,0.10138647739649327,0.982918062672866,0.2631578947368421,0.42105263157894735,-0.018876227268931657,0.6,1.221071653998091,0.23,0.09,0.012012890303783977,1.985608965632131,1.3535,-0.03900504916302846,1.9169452810097811
2019-11-15,-0.00877456125391245,0.009972937404729237,0.05609650139225443,0.0975796707292929,0.9472650265550187,0.34210526315789475,0.4473684210526316,-0.018876227268931657,0.6,1.221071653998091,0.23,0.09,0.012012890303783977,1.985608965632131,1.3535,-0.03318144540367392,1.9013888176026468
2019-11-18,0.008957924108737796,0.01632603729147512,0.056249522330835425,0.09855098028070243,0.9571227915035809,0.631578947368421,0.5526315789473685,-0.0016583751727761162,0.65,1.221376237697126,0.21,-0.020000000000000018,-0.003951209799697961,1.987348544463885,1.4406,0.08304556005313188,1.9387382935694424
2019-11-19,0.019338401514900787,0.02221309001793199,0.048499906589284617,0.10427587613041711,1.014978244070057,0.8157894736842105,0.631578947368421,-0.0016583751727761162,0.65,1.221376237697126,0.21,-0.020000000000000018,-0.003951209799697961,1.987348544463885,1.4406,0.0773783528064677,1.9231422396049727
2019-11-20,0.010975695905500498,0.024118734607854693,0.04256139995379954,0.10252287110616648,1.0004187458279012,0.6842105263157895,0.6052631578947368,-0.0016583751727761162,0.65,1.221376237697126,0.21,-0.020000000000000018,-0.003951209799697961,1.987348544463885,1.4406,0.07166865046503264,1.907996089202663
2019-11-21,0.002578802403983659,0.02028645533618202,0.040543566902993114,0.1043782642532716,1.0205516765535025,0.4473684210526316,0.5526315789473685,-0.0016583751727761162,0.65,1.221376237697126,0.21,-0.020000000000000018,-0.003951209799697961,1.987348544463885,1.4406,0.06591505199246708,1.8932893739781909
2019-11-22,-0.0011694979054376392,0.004165392458999162,0.02901645653059687,0.10516323174054062,1.0300249623670732,0.47368421052631576,0.4473684210526316,-0.0016583751727761162,0.65,1.221376237697126,0.21,-0.020000000000000018,-0.003951209799697961,1.987348544463885,1.4406,0.0601161043695767,1.8790125372630166
2019-11-25,-0.007773597953001714,-0.00840578154276492,0.024465664763129752,0.09733801693812334,0.9562969743876633,0.34210526315789475,0.34210526315789475,0.02378135854057767,0.7,1.220104126341015,0.15,-0.06,0.0028509206848725322,1.985047146754102,1.4266999999999999,0.24014383343245538,1.645332470372285
2019-11-26,-0.016809925980624158,-0.0009925917114420161,0.03245207822008093,0.09615370644578955,0.9480800321641664,0.18421052631578946,0.39473684210526316,0.02378135854057767,0.7,1.220104126341015,0.15,-0.06,0.0028509206848725322,1.985047146754102,1.4266999999999999,0.23636890074049735,1.6350555754931244
2019-11-27,-0.009054520052550563,0.005672530086725605,0.023321721050962127,0.09545745677101357,0.9457626344515323,0.2631578947368421,0.42105263157894735,0.02378135854057767,0.7,1.220104126341015,0.15,-0.06,0.0028509206848725322,1.985047146754102,1.4266999999999999,0.2325897827664358,1.625077950450009
2019-11-28,-0.004849068445117102,0.004948611984878874,0.025059002731338674,0.09548565746589815,0.9503846648488212,0.3157894736842105,0.42105263157894735,0.02378135854057767,0.7,1.220104126341015,0.15,-0.06,0.0028509206848725322,1.985047146754102,1.4266999999999999,0.22880627912287696,1.6153984573717486
2019-11-29,-0.003527317471931769,-0.011113204994490321,0.01651114204127701,0.09167743869408358,0.9165360271637847,0.34210526315789475,0.2894736842105263,0.02378135854057767,0.7,1.220104126341015,0.15,-0.06,0.0028509206848725322,1.985047146754102,1.4266999999999999,0.2250181874318975,1.606016531560242
2019-12-02,0.002040364541880046,-0.012552571461044824,0.01807278628460067,0.09057984575799843,0.9090935062568954,0.4473684210526316,0.2894736842105263,0.02243683863582538,0.65,1.220995251426964,0.17,0.020000000000000018,-3.357683320916838e-05,1.982023071209642,1.4208,0.215909697766237,1.7513043398475252
2019-12-03,0.00046133876890745327,-0.016330214264340157,0.008243343515583965,0.08871414622585694,0.8938496219807036,0.47368421052631576,0.2631578947368421,0.02243683863582538,0.65,1.220995251426964,0.17,0.020000000000000018,-3.357683320916838e-05,1.982023071209642,1.4208,0.21656977467224164,1.73849492841427
2019-12-04,-0.0009454218970104272,-0.008255236306849444,0.008238305771414664,0.08609857174832103,0.8699052174850087,0.42105263157894735,0.34210526315789475,0.02243683863582538,0.65,1.220995251426964,0.17,0.020000000000000018,-3.357683320916838e-05,1.982023071209642,1.4208,0.21723018505061595,1.7260212505364674
2019-12-05,0.0062341603239920345,-0.004190885426239831,0.007346850432585951,0.08922351372860327,0.9035351645164624,0.5,0.3157894736842105,0.02243683863582538,0.65,1.220995251426964,0.17,0.020000000000000018,-3.357683320916838e-05,1.982023071209642,1.4208,0.21789092996876452,1.7138777749630898
2019-12-06,0.018157657546914716,0.004686280915632826,0.0067413094561410486,0.09048199169120821,0.917648657923347,0.7894736842105263,0.47368421052631576,0.02243683863582538,0.65,1.220995251426964,0.17,0.020000000000000018,-3.357683320916838e-05,1.982023071209642,1.4208,0.218552010496489,1.702059552500148
2019-12-09,0.013431930252073777,0.016656620949689872,0.00615133785740323,0.07657550666597907,0.7792165372147006,0.7894736842105263,0.631578947368421,0.07625644360829918,0.85,1.221578978499388,0.15,-0.020000000000000018,-0.006060222561334593,1.976848167853239,1.3810999999999998,0.6142634218468451,1.7901967410962147
2019-12-10,0.015869413013848886,0.018859227317032934,-0.0012935892880177368,0.07702268082493192,0.7862391311105343,0.7631578947368421,0.631578947368421,0.07625644360829918,0.85,1.221578978499388,0.15,-0.020000000000000018,-0.006060222561334593,1.976848167853239,1.3810999999999998,0.618635780273749,1.774358095848047
2019-12-11,0.012829177276583975,0.013804931232523451,0.002047605209383568,0.07705876114993758,0.7891916109722688,0.7631578947368421,0.6578947368421053,0.07625644360829918,0.85,1.221578978499388,0.15,-0.020000000000000018,-0.006060222561334593,1.976848167853239,1.3810999999999998,0.6230405106743871,1.7588790231173188
2019-12-12,0.009032228868210562,0.01299612315106912,0.010396383845243932,0.07667635347235228,0.7886079110271067,0.5263157894736842,0.6052631578947368,0.07625644360829918,0.85,1.221578978499388,0.15,-0.020000000000000018,-0.006060222561334593,1.976848167853239,1.3810999999999998,0.627478141664762,1.743748724599495
2019-12-13,0.014566250824581524,0.028027092994126798,0.014622375714304912,0.08269165401977004,0.8532822143592487,0.7105263157894737,0.6578947368421053,0.07625644360829918,0.85,1.221578978499388,0.15,-0.020000000000000018,-0.006060222561334593,1.976848167853239,1.3810999999999998,0.6319492138116204,1.728957033997077
2019-12-16,0.022703755936164135,0.030402452777116208,0.024209647430883253,0.08446011969594494,0.8744276342506617,0.8157894736842105,0.7368421052631579,-0.07546436435896646,0.3,1.221823929609044,0.12,-0.03,-0.005157277248659542,1.981367693935103,1.3989999999999998,-0.49029353026790307,1.7560318134738089
2019-12-17,0.027928037617949406,0.02744886342008155,0.04477583953252494,0.08046028289259112,0.835712735326238,0.8421052631578947,0.6842105263157895,-0.07546436435896646,0.3,1.221823929609044,0.12,-0.03,-0.005157277248659542,1.981367693935103,1.3989999999999998,-0.4944454371864134,1.7399477740284612
2019-12-18,0.0280145937589114,0.030843829085934346,0.03819010606936381,0.07771592326938817,0.8103091760874034,0.8421052631578947,0.6578947368421053,-0.07546436435896646,0.3,1.221823929609044,0.12,-0.03,-0.005157277248659542,1.981367693935103,1.3989999999999998,-0.49862576218458793,1.7242085777508258
2019-12-19,0.022302689927654863,0.03272001067474032,0.030531033663385165,0.07602179222344077,0.7958323512557922,0.7368421052631579,0.6578947368421053,-0.07546436435896646,0.3,1.221823929609044,0.12,-0.03,-0.005157277248659542,1.981367693935103,1.3989999999999998,-0.5028349679607031,1.7088031591730948
2019-12-20,0.008871278770207682,0.03806786966977212,0.02544430868171569,0.06925518858342603,0.728767668358222,0.631578947368421,0.7368421052631579,-0.07546436435896646,0.3,1.221823929609044,0.12,-0.03,-0.005157277248659542,1.981367693935103,1.3989999999999998,-0.5070735274482264,1.6937210514361556
2019-12-23,-0.007654154625587964,0.030521896104529954,0.01974002184528432,0.07888566110260957,0.8333097014550301,0.39473684210526316,0.7368421052631579,-0.00954661188358,0.55,1.221776964371728,0.15,0.03,0.005193105471783154,1.991738831896657,1.3214000000000001,-0.0074213539658266395,1.670820176457199
2019-12-24,-0.0071546215094696625,0.037104167891236044,0.02392512046865592,0.08309685802553482,0.8799951126652313,0.3157894736842105,0.7368421052631579,-0.00954661188358,0.55,1.221776964371728,0.15,0.03,0.005193105471783154,1.991738831896657,1.3214000000000001,0.0003620814619263776,1.656486973239742
2019-12-25,-0.002289465217074646,0.03760888392141026,0.037259368795111,0.08318377660336668,0.8835253927525809,0.3684210526315789,0.7368421052631579,-0.00954661188358,0.55,1.221776964371728,0.15,0.03,0.005193105471783154,1.991738831896657,1.3214000000000001,0.008267633318199593,1.6424443833302265
2019-12-26,0.006160259657758854,0.043729338777616276,0.05532010171173397,0.08381562300665174,0.8944457224737417,0.5789473684210527,0.7105263157894737,-0.00954661188358,0.55,1.221776964371728,0.15,0.03,0.005193105471783154,1.991738831896657,1.3214000000000001,0.01630121495251036,1.6286842252759912
2019-12-27,0.006363833539557551,0.04795902068126144,0.05070531344278483,0.07921181825755287,0.8500391491233978,0.5789473684210527,0.8421052631578947,-0.00954661188358,0.55,1.221776964371728,0.15,0.03,0.005193105471783154,1.991738831896657,1.3214000000000001,0.02446912881709498,1.6151987588616978
2019-12-30,0.025319609956885918,0.05380114151953583,0.06909406232755333,0.08331669000373275,0.8991892858711544,0.8157894736842105,0.868421052631579,0.07096268605632636,0.8,1.219746562645982,0.15,0.0,-0.007071719187550983,2.001567849734691,1.2966000000000002,0.6448514215069385,1.2497299729929323
2019-12-31,0.01812995907945409,0.05477278820178268,0.07090728272318865,0.08308415998441797,0.9007565631245795,0.7894736842105263,0.8947368421052632,0.07096268605632636,0.8,1.219746562645982,0.15,0.0,-0.007071719187550983,2.001567849734691,1.2966000000000002,0.6402138586870852,1.240175278377664
2020-01-02,0.02475190782070827,0.06330621363912896,0.07900796391646019,0.08655741154719293,0.9421208469372581,0.8157894736842105,0.8947368421052632,0.07096268605632636,0.8,1.219746562645982,0.15,0.0,-0.007071719187550983,2.001567849734691,1.2966000000000002,0.6355923216726931,1.2307420005671852
2020-01-03,0.020528794019437996,0.058023972473062235,0.07354622775763499,0.0856392488690068,0.9358673873196355,0.8157894736842105,0.868421052631579,0.07096268605632636,0.8,1.219746562645982,0.15,0.0,-0.007071719187550983,2.001567849734691,1.2966000000000002,0.6309865093363359,1.2214276475691863
2020-01-06,0.022914262694571034,0.052715625828917756,0.06969033258894008,0.08564852789567531,0.9394990482110175,0.6842105263157895,0.7894736842105263,0.04299387107129773,0.75,1.220691974613268,0.03,-0.12,-0.00118212102344515,2.010982062176665,1.4006,0.4107135625133906,1.3767046633987874
2020-01-07,0.01916462088873176,0.0595338321561938,0.06931404825356419,0.08544256871381033,0.9413074080072898,0.6842105263157895,0.8157894736842105,0.04299387107129773,0.75,1.220691974613268,0.03,-0.12,-0.00118212102344515,2.010982062176665,1.4006,0.4253940042269671,1.3666677891366197
2020-01-08,0.007769473747588929,0.04667284893552272,0.06250253701079747,0.0965420640921551,1.0645845365450364,0.5263157894736842,0.8157894736842105,0.04299387107129773,0.75,1.220691974613268,0.03,-0.12,-0.00118212102344515,2.010982062176665,1.4006,0.4406120568894125,1.356795894611429
2020-01-09,0.009332325586991881,0.059809361949536864,0.07618779385210782,0.10035450653186688,1.106668719320955,0.6052631578947368,0.8421052631578947,0.04299387107129773,0.75,1.220691974613268,0.03,-0.12,-0.00118212102344515,2.010982062176665,1.4006,0.4564100013215384,1.3470862825114573
2020-01-10,0.013217260323186895,0.06220900392803856,0.08087127815259312,0.1007201900009255,1.1103836816559312,0.5789473684210527,0.8157894736842105,0.04299387107129773,0.75,1.220691974613268,0.03,-0.12,-0.00118212102344515,2.010982062176665,1.4006,0.4728349812583531,1.3375364384240929
2020-01-13,0.023039193564263885,0.0611885685686001,0.09918859896745616,0.09972761645008099,1.0993457316589252,0.7368421052631579,0.8157894736842105,-0.1099677205663914,0.15,1.221611263903801,0.07,0.04000000000000001,0.005025175004520071,2.017057101787785,1.3155000000000001,-0.7813399409193037,1.4889392213052683
2020-01-14,0.011187640963486536,0.0480177171835162,0.09474620725210756,0.10313041700325773,1.1360315978751312,0.5789473684210527,0.8157894736842105,-0.1099677205663914,0.15,1.221611263903801,0.07,0.04000000000000001,0.005025175004520071,2.017057101787785,1.3155000000000001,-0.7789709791407454,1.480194925289964
2020-01-15,0.021434400979649257,0.040179212297222565,0.08984116573523614,0.10082139991466485,1.1089339666725273,0.7105263157894737,0.7894736842105263,-0.1099677205663914,0.15,1.221611263903801,0.07,0.04000000000000001,0.005025175004520071,2.017057101787785,1.3155000000000001,-0.776609237811443,1.4716890800029552
2020-01-16,0.009605090071206175,0.04139985826183163,0.0963624219556207,0.10032324586791687,1.1020702561088531,0.5,0.7894736842105263,-0.1099677205663914,0.15,1.221611263903801,0.07,0.04000000000000001,0.005025175004520071,2.017057101787785,1.3155000000000001,-0.774254663732137,1.463422257072422
2020-01-17,0.005841207351064554,0.04574752135144826,0.09875398736237062,0.09875274564457091,1.0832687530448282,0.4473684210526316,0.7894736842105263,-0.1099677205663914,0.15,1.221611263903801,0.07,0.04000000000000001,0.005025175004520071,2.017057101787785,1.3155000000000001,-0.7866397331854237,1.4558443414112379
2020-01-20,0.005688222705331287,0.05800551250372371,0.100238774632495,0.10046515711096232,1.1011788132312985,0.4473684210526316,0.7894736842105263,-0.03731170843735726,0.4,1.222467473636029,0.09,0.01999999999999999,0.002718759927225971,2.021195314836255,1.3027,-0.18705121174723666,1.6009320802336582
2020-01-21,0.0021118244279231015,0.05778369623702727,0.07989981079879231,0.10082152952532046,1.1057569987474336,0.42105263157894735,0.7631578947368421,-0.03731170843735726,0.4,1.222467473636029,0.09,0.01999999999999999,0.002718759927225971,2.021195314836255,1.3027,-0.19728185418393407,1.5925256083725237
2020-01-22,0.008013154860764569,0.05534698866745679,0.09145856484725085,0.09925729877898255,1.0895350364133356,0.5526315789473685,0.7368421052631579,-0.03731170843735726,0.4,1.222467473636029,0.09,0.01999999999999999,0.002718759927225971,2.021195314836255,1.3027,-0.2077622932238631,1.5844304590993057
2020-01-23,-0.01142267945530203,0.03226664402360425,0.07554805803174014,0.12766893781842226,1.393997754681282,0.2894736842105263,0.6578947368421053,-0.03731170843735726,0.4,1.222467473636029,0.09,0.01999999999999999,0.002718759927225971,2.021195314836255,1.3027,-0.21850748767820863,1.5766496929500613
2020-02-03,-0.07411188115241348,-0.03452461945872408,0.01415333130377109,0.25532557952514834,2.70538723462942,0.10526315789473684,0.2631578947368421,0.18507259016584457,1.0,1.222263061415254,0.02,-0.06999999999999999,0.0025295636261255176,2.020918392794508,1.2966,1.7101637548805124,1.529118798745054
2020-02-04,-0.0604692854314418,-0.008827606467275644,0.02801820921949549,0.2704297567051671,2.778628272491606,0.15789473684210525,0.39473684210526316,0.18507259016584457,1.0,1.222263061415254,0.02,-0.06999999999999999,0.0025295636261255176,2.020918392794508,1.2966,1.6942474105608074,1.5191606034487561
2020-02-05,-0.03854879158836463,-0.006084705308223274,0.03516386475026775,0.27197432008655537,2.7091859126351956,0.23684210526315788,0.39473684210526316,0.18507259016584457,1.0,1.222263061415254,0.02,-0.06999999999999999,0.0025295636261255176,2.020918392794508,1.2966,1.6786536989171927,1.509440341223984
2020-02-06,-0.025949486525774147,0.011267543062228562,0.0497101169996711,0.2805101404142599,2.707920337722654,0.39473684210526316,0.5263157894736842,0.18507259016584457,1.0,1.222263061415254,0.02,-0.06999999999999999,0.0025295636261255176,2.020918392794508,1.2966,1.663372014120886,1.4999564020337117
2020-02-07,-0.0009663763217994696,0.006548359881096509,0.06159933721337604,0.2789400924598711,2.61473158199264,0.47368421052631576,0.4473684210526316,0.18507259016584457,1.0,1.222263061415254,0.02,-0.06999999999999999,0.0025295636261255176,2.020918392794508,1.2966,1.6483922924148058,1.4907075587741372
2020-02-10,0.06196993444802794,0.006916520969865859,0.06074960801668828,0.27896403816015586,2.5404170444321297,0.8421052631578947,0.47368421052631576,-0.19707960456324214,0.05,1.220851283105666,-0.07,0.07,0.013740221003164745,2.006248060898569,1.3067,-1.6430821763556172,1.2227744259248232
2020-02-11,0.04468027698033188,0.012938407818485202,0.0703403145630358,0.2797124700965685,2.4765807814535687,0.868421052631579,0.4473684210526316,-0.19707960456324214,0.05,1.220851283105666,-0.07,0.07,0.013740221003164745,2.006248060898569,1.3067,-1.6284448372670173,1.2160601140546656
2020-02-12,0.04331475924181196,0.018065433044856923,0.09425588615074063,0.28160448870590304,2.4284440109159635,0.8421052631578947,0.47368421052631576,-0.19707960456324214,0.05,1.220851283105666,-0.07,0.07,0.013740221003164745,2.006248060898569,1.3067,-1.6140628122149119,1.209509169261231
2020-02-13,0.026875611721494618,0.030373681036134248,0.09590575728868991,0.27883552078346163,2.3443644259369187,0.7368421052631579,0.47368421052631576,-0.19707960456324214,0.05,1.220851283105666,-0.07,0.07,0.013740221003164745,2.006248060898569,1.3067,-1.5999278943567294,1.2031239735108108
2020-02-14,0.022388391143358204,0.01960442543746283,0.09321871861952316,0.27639139008378927,2.2679318581947183,0.7894736842105263,0.4473684210526316,-0.19707960456324214,0.05,1.220851283105666,-0.07,0.07,0.013740221003164745,2.006248060898569,1.3067,-1.5860322395899378,1.1969072902529316
2020-02-17,0.04022749486942005,0.03392675551609901,0.10913188259520672,0.28400360567098576,2.273611776950542,0.8421052631578947,0.5526315789473685,-0.12296775239057038,0.1,1.220070205150972,-0.07,0.0,0.004552556238799643,1.993109095683244,1.2985,-0.9561751659697817,1.0423247027897702
2020-02-18,0.032896591409254765,0.022795805663476075,0.11201146722620302,0.2824704484078563,2.2068954541091608,0.7368421052631579,0.5263157894736842,-0.12296775239057038,0.1,1.220070205150972,-0.07,0.0,0.004552556238799643,1.993109095683244,1.2985,-0.9510847256360693,1.036062524489029
2020-02-19,0.020715042094732294,0.027592834176102678,0.10601300413673512,0.2814115802904715,2.1474888344020924,0.631578947368421,0.5263157894736842,-0.12296775239057038,0.1,1.220070205150972,-0.07,0.0,0.004552556238799643,1.993109095683244,1.2985,-0.9460262984845846,1.0299097449330143
2020-02-20,0.03466154273188825,0.043600822788373246,0.11122889850567738,0.2864772915724576,2.136632930492464,0.6842105263157895,0.6578947368421053,-0.12296775239057038,0.1,1.220070205150972,-0.07,0.0,0.004552556238799643,1.993109095683244,1.2985,-0.9409994203999277,1.0238679872382996
2020-02-21,0.03913986809345553,0.04913920345971218,0.12138289080747819,0.2864787999326967,2.0888785573026647,0.6578947368421053,0.631578947368421,-0.12296775239057038,0.1,1.220070205150972,-0.07,0.0,0.004552556238799643,1.993109095683244,1.2985,-0.9360036359303342,1.017939121869399
2020-02-24,0.022307622171799366,0.050393170336833826,0.12886070236302244,0.2864660405338082,2.043564680535119,0.5,0.5789473684210527,0.22197327616601936,0.95,1.222515447733882,-0.15,-0.07999999999999999,0.0019122718632968395,1.978901477631595,1.463,1.922931572336997,1.4882573409032602
2020-02-25,0.024663621272843383,0.04177120423098818,0.13784458640448402,0.2852030579759892,1.9919162630268656,0.6052631578947368,0.5789473684210527,0.22197327616601936,0.95,1.222515447733882,-0.15,-0.07999999999999999,0.0019122718632968395,1.978901477631595,1.463,1.9004004267684722,1.4817951792034099
2020-02-26,0.004559861445054179,0.03004087119323376,0.118346463534791,0.29436657219721846,2.009821278571278,0.47368421052631576,0.5263157894736842,0.22197327616601936,0.95,1.222515447733882,-0.15,-0.07999999999999999,0.0019122718632968395,1.978901477631595,1.463,1.878425654966518,1.4756363845004394
2020-02-27,-0.012922283170050595,0.022665384757558086,0.11511654131625094,0.293885493575922,1.9623818804999256,0.2894736842105263,0.5526315789473685,0.22197327616601936,0.95,1.222515447733882,-0.15,-0.07999999999999999,0.0019122718632968395,1.978901477631595,1.463,1.856982602424563,1.4697883499828708
2020-02-28,-0.05377181374078353,0.006790069174230688,0.07666559711924523,0.3136773035382385,2.0448780611593276,0.02631578947368421,0.4473684210526316,0.22197327616601936,0.95,1.222515447733882,-0.15,-0.07999999999999999,0.0019122718632968395,1.978901477631595,1.463,1.8360481115362288,1.4642594982680228
2020-03-02,-0.03264541615012505,0.09185963533912227,0.10106435465801449,0.22594769825663585,1.4523771975290856,0.07894736842105263,0.7894736842105263,0.8537174914215377,1.0,1.222313963120033,-0.28,-0.13000000000000003,-0.012311175861456197,1.961248442506137,1.6861000000000002,6.338571410199436,1.4164617052210384
2020-03-03,-0.029814478685234284,0.0724260109771957,0.11155742519118152,0.2147286055653477,1.3623027003007802,0.21052631578947367,0.7631578947368421,0.8537174914215377,1.0,1.222313963120033,-0.28,-0.13000000000000003,-0.012311175861456197,1.961248442506137,1.6861000000000002,5.863551133298864,1.4093913031377516
2020-03-04,-0.007523814504277394,0.06106584827732099,0.10878228448863357,0.21226157631151574,1.3295446421369088,0.3684210526315789,0.7105263157894737,0.8537174914215377,1.0,1.222313963120033,-0.28,-0.13000000000000003,-0.012311175861456197,1.961248442506137,1.6861000000000002,5.478647483672274,1.4025645531733184
2020-03-05,0.01002783262549526,0.05864270390882749,0.12468303517283875,0.2100015747691766,1.29894168760015,0.5789473684210527,0.6842105263157895,0.8537174914215377,1.0,1.222313963120033,-0.28,-0.13000000000000003,-0.012311175861456197,1.961248442506137,1.6861000000000002,5.158397798758321,1.3959855106583068
2020-03-06,0.034014187121283325,0.04177063261731349,0.11162520613753898,0.21613912583760653,1.3192195638122748,0.7368421052631579,0.6578947368421053,0.8537174914215377,1.0,1.222313963120033,-0.28,-0.13000000000000003,-0.012311175861456197,1.961248442506137,1.6861000000000002,4.8863993143570355,1.3896588874205513
2020-03-09,-0.02872450688767873,0.0011651940034155955,0.06610568744634371,0.26020435754367394,1.561023425103203,0.23684210526315788,0.5789473684210527,0.044614345691812426,0.7,1.220918945469389,-0.57,-0.2899999999999999,-0.02080119974610738,1.956412831633969,1.9050999999999998,0.18077686663660508,1.095517137116482
2020-03-10,-0.006814192079340996,0.020931541917522827,0.0865855755649258,0.2753364398004897,1.6218278138206252,0.34210526315789475,0.631578947368421,0.044614345691812426,0.7,1.220918945469389,-0.57,-0.2899999999999999,-0.02080119974610738,1.956412831633969,1.9050999999999998,0.17761124663525987,1.0891217404519227
2020-03-11,-0.024024287537983822,-0.006273198502474783,0.07132606669857597,0.2790091751485827,1.611436753353826,0.15789473684210525,0.5263157894736842,0.044614345691812426,0.7,1.220918945469389,-0.57,-0.2899999999999999,-0.02080119974610738,1.956412831633969,1.9050999999999998,0.17444265742934967,1.0828500180464173
2020-03-12,-0.061299293783775584,-0.029532201596442702,0.04751432837521429,0.2878496142512898,1.6294275670617173,0.07894736842105263,0.39473684210526316,0.044614345691812426,0.7,1.220918945469389,-0.57,-0.2899999999999999,-0.02080119974610738,1.956412831633969,1.9050999999999998,0.17127098604401503,1.07670377326494
2020-03-13,-0.06176803322762752,-0.042385791753672235,0.03702799563332748,0.2902169361342987,1.6104416591650557,0.02631578947368421,0.3684210526315789,0.044614345691812426,0.7,1.220918945469389,-0.57,-0.2899999999999999,-0.02080119974610738,1.956412831633969,1.9050999999999998,0.16809611865202428,1.0706850883703727
2020-03-16,-0.06823505840823296,-0.10729735927423742,-0.011161599830099816,0.31575060881123557,1.714227575587396,0.02631578947368421,0.07894736842105263,0.32126764669635305,0.95,1.220158121192308,0.04,0.61,0.024420334433712165,1.940369586383557,1.7327,1.7640361362157913,0.9033797175538544
2020-03-17,-0.10121587606155828,-0.11318092555329022,-0.029196551321213998,0.3154132832652222,1.6770808451288757,0.02631578947368421,0.07894736842105263,0.32126764669635305,0.95,1.220158121192308,0.04,0.61,0.024420334433712165,1.940369586383557,1.7327,1.7460201600501555,0.8973112706111545
2020-03-18,-0.10457623007221306,-0.13156447066942012,-0.05595391930980122,0.3185724154445625,1.6594502796969985,0.02631578947368421,0.05263157894736842,0.32126764669635305,0.95,1.220158121192308,0.04,0.61,0.024420334433712165,1.940369586383557,1.7327,1.728376491373212,0.891315695319739
2020-03-19,-0.08900836932443766,-0.15320211365276862,-0.06942207856717278,0.30676996627240866,1.567179865062879,0.02631578947368421,0.05263157894736842,0.32126764669635305,0.95,1.220158121192308,0.04,0.61,0.024420334433712165,1.940369586383557,1.7327,1.7110911143240004,0.8853938990014526
2020-03-20,-0.055815759567129204,-0.13734141941425698,-0.046802357692713126,0.3203799156271965,1.6035761547818768,0.05263157894736842,0.05263157894736842,0.32126764669635305,0.95,1.220158121192308,0.04,0.61,0.024420334433712165,1.940369586383557,1.7327,1.6941507372794455,0.8795469466192244
2020-03-23,-0.047709463410536314,-0.1773144448565731,-0.08117375316829098,0.33529759181285274,1.6427124875264154,0.10526315789473684,0.05263157894736842,0.13275294688180053,0.75,1.219563933291835,0.17,0.13,0.038817891977876835,1.905117436558293,1.7987000000000002,0.627786347914471,0.7443078623684652
2020-03-24,-0.007289865237515326,-0.1451344120636489,-0.045357695328937,0.3660902482331528,1.7511302118261012,0.3684210526315789,0.05263157894736842,0.13275294688180053,0.75,1.219563933291835,0.17,0.13,0.038817891977876835,1.905117436558293,1.7987000000000002,0.6289380546934533,0.738712978426745
2020-03-25,0.04190595637048958,-0.09421837574398471,-0.0063938083137236625,0.38462824617246627,1.7960263911566312,0.8947368421052632,0.05263157894736842,0.13275294688180053,0.75,1.219563933291835,0.17,0.13,0.038817891977876835,1.905117436558293,1.7987000000000002,0.6300916958651684,0.7331705484316028
2020-03-26,0.03824030005279082,-0.1020395304299272,-0.02402715700491228,0.38460875687394896,1.7547595557606617,0.7368421052631579,0.07894736842105263,0.13275294688180053,0.75,1.219563933291835,0.17,0.13,0.038817891977876835,1.905117436558293,1.7987000000000002,0.6312472791628152,0.727681964346635
2020-03-27,0.019055637217870725,-0.06451396845560271,-0.02545725525776775,0.36763212729278066,1.64179297385979,0.6842105263157895,0.21052631578947367,0.13275294688180053,0.75,1.219563933291835,0.17,0.13,0.038817891977876835,1.905117436558293,1.7987000000000002,0.6324048123606338,0.7222488172832887
2020-03-30,0.04105435187937936,-0.1036146768270687,-0.04627966094667048,0.35518435004522786,1.5547987695774217,0.8157894736842105,0.10526315789473684,-0.007599975781258761,0.35,1.21651464997112,-0.22,-0.39,-0.04054648506864202,1.870969237225194,1.8966,-0.17009945902954962,0.023350268941128356
2020-03-31,0.012244017494215907,-0.10307591588419873,-0.03947751137427864,0.35537376463322656,1.524904082074905,0.6052631578947368,0.13157894736842105,-0.007599975781258761,0.35,1.21651464997112,-0.22,-0.39,-0.04054648506864202,1.870969237225194,1.8966,-0.17556492717119265,0.01609575935353055
2020-04-01,-0.02540818637994283,-0.11210274761965017,-0.05712160465055241,0.3546929386384388,1.49300659728343,0.13157894736842105,0.05263157894736842,-0.007599975781258761,0.35,1.21651464997112,-0.22,-0.39,-0.04054648506864202,1.870969237225194,1.8966,-0.1810786719623883,0.008743089578267067
2020-04-02,0.004284091239435749,-0.1077832718159867,-0.03787302484493061,0.35859397971871454,1.4808056773049156,0.5789473684210527,0.05263157894736842,-0.007599975781258761,0.35,1.21651464997112,-0.22,-0.39,-0.04054648506864202,1.870969237225194,1.8966,-0.18664196084763338,0.0012879289262522353
2020-04-03,-0.0038895034233077746,-0.10241765900019381,-0.054098666501783785,0.35783273507630403,1.4505792099971386,0.39473684210526316,0.05263157894736842,-0.007599975781258761,0.35,1.21651464997112,-0.22,-0.39,-0.04054648506864202,1.870969237225194,1.8966,-0.19225610433042686,-0.006274306431162563
2020-04-07,0.041448899519414016,-0.03344127041997594,-0.025359555446694448,0.35569897350425744,1.4160912494020048,0.9736842105263158,0.23684210526315788,-0.3367774403470676,0.05,1.214628866845984,-0.46,-0.24000000000000002,0.023241149591553566,1.842672609032817,2.0966,-2.073156340579356,-0.4574144599895771
2020-04-08,0.03430398195517099,-0.061957741849686734,-0.028087792113678674,0.3404673613969733,1.3329151487631634,0.9473684210526315,0.18421052631578946,-0.3367774403470676,0.05,1.214628866845984,-0.46,-0.24000000000000002,0.023241149591553566,1.842672609032817,2.0966,-2.049235556437288,-0.4658554838649004
2020-04-09,0.049410675124036504,-0.03866778495762982,-0.026875550415247647,0.33874225615759035,1.304599505573914,0.9736842105263158,0.2631578947368421,-0.3367774403470676,0.05,1.214628866845984,-0.46,-0.24000000000000002,0.023241149591553566,1.842672609032817,2.0966,-2.025966528182226,-0.4744394734187569
2020-04-10,0.017983608998354893,-0.02850036903385621,-0.027658889594164633,0.3331692205466296,1.2639384428359675,0.7368421052631579,0.42105263157894735,-0.3367774403470676,0.05,1.214628866845984,-0.46,-0.24000000000000002,0.023241149591553566,1.842672609032817,2.0966,-2.003319845896122,-0.4831718058659269
2020-04-13,0.015414991452039306,-0.02523463432052698,-0.048016000636736354,0.33196290936359424,1.2411859693561107,0.7894736842105263,0.4473684210526316,-0.1161017574892389,0.2,1.208637780790957,-0.5,-0.03999999999999998,-0.011117865148045124,1.830208170557667,1.8681999999999999,-0.744981070739274,-1.9260650900643956
2020-04-14,0.006494655025773519,0.04128844301403056,-0.032082160744107815,0.2974104553910261,1.0985322282278882,0.7105263157894737,0.7368421052631579,-0.1161017574892389,0.2,1.208637780790957,-0.5,-0.03999999999999998,-0.011117865148045124,1.830208170557667,1.8681999999999999,-0.7475943520046077,-1.9269893238911453
2020-04-15,0.006358779759395422,0.04561691397126698,-0.044768205918547126,0.2960371658509874,1.0804030934822595,0.7105263157894737,0.6842105263157895,-0.1161017574892389,0.2,1.208637780790957,-0.5,-0.03999999999999998,-0.011117865148045124,1.830208170557667,1.8681999999999999,-0.7502185670069063,-1.927914609366972
2020-04-16,0.00282087159188242,0.06872931670646566,-0.03524231978685175,0.2847203925448306,1.0277500605091823,0.6052631578947368,0.8947368421052632,-0.1161017574892389,0.2,1.208637780790957,-0.5,-0.03999999999999998,-0.011117865148045124,1.830208170557667,1.8681999999999999,-0.7528538135268529,-1.9288409485939766
2020-04-17,0.020276981655939247,0.08078498194652069,-0.02881630891787463,0.283149710997413,1.0109907209346527,0.868421052631579,0.868421052631579,-0.1161017574892389,0.2,1.208637780790957,-0.5,-0.03999999999999998,-0.011117865148045124,1.830208170557667,1.8681999999999999,-0.7555001905535462,-1.9297683436801738
2020-04-20,0.033419784609686184,0.06400090985628842,-0.02420130609825633,0.27602960891081724,0.9753697722810485,0.8421052631578947,0.8421052631578947,-0.08825568770389612,0.3,1.209222168299113,-0.36,0.14,0.002005666326479083,1.827101471218818,1.9952,-0.5956055854878731,-1.7864712285810775
2020-04-21,0.0003776440439996545,0.08937555046856653,-0.03754572405117271,0.23915368998043918,0.8381359370502165,0.39473684210526316,0.9210526315789473,-0.08825568770389612,0.3,1.209222168299113,-0.36,0.14,0.002005666326479083,1.827101471218818,1.9952,-0.5949727668377905,-1.7841649383980573
2020-04-22,0.008561294084691834,0.06146807329347414,-0.041895134539186564,0.21364039591146666,0.7438053074509693,0.6052631578947368,0.8947368421052632,-0.08825568770389612,0.3,1.209222168299113,-0.36,0.14,0.002005666326479083,1.827101471218818,1.9952,-0.5943404504568379,-1.7818653966173414
2020-04-23,0.0065740060043670435,0.03339736634034313,-0.0307801382104078,0.18890686810395643,0.6543490961917842,0.7105263157894737,0.7368421052631579,-0.08825568770389612,0.3,1.209222168299113,-0.36,0.14,0.002005666326479083,1.827101471218818,1.9952,-0.5937086352586437,-1.7795725682748722
2020-04-24,-0.007656309520396639,0.03488837237333324,-0.04448577329903583,0.18788801943103803,0.647506800491391,0.2894736842105263,0.7368421052631579,-0.08825568770389612,0.3,1.209222168299113,-0.36,0.14,0.002005666326479083,1.827101471218818,1.9952,-0.5930773201597187,-1.7772864186607589
2020-04-27,-0.007309853654575106,0.0376354189838426,-0.020088480297529392,0.18814575756542226,0.646150542677653,0.4473684210526316,0.7631578947368421,-0.05995315660503862,0.4,1.20524508075743,-0.51,-0.15000000000000002,0.005257037227014669,1.829606754830261,2.0002,-0.4315571171269236,-2.696732474776087
2020-04-28,0.010321005114854984,0.05864220370404216,0.04688716221609577,0.17750503491414227,0.6123345598624798,0.6578947368421053,0.868421052631579,-0.05995315660503862,0.4,1.20524508075743,-0.51,-0.15000000000000002,0.005257037227014669,1.829606754830261,2.0002,-0.4317008921141616,-2.6625140290387774
2020-04-29,0.007936627369348099,0.05716068316860633,0.026510778261603335,0.17740716349733815,0.615287674837736,0.5789473684210527,0.9210526315789473,-0.05995315660503862,0.4,1.20524508075743,-0.51,-0.15000000000000002,0.005257037227014669,1.829606754830261,2.0002,-0.43184469019251953,-2.6293898860440934
2020-04-30,0.025321249649674957,0.08412680236996091,0.03308990302763178,0.18154600738997287,0.6329506018152006,0.8421052631578947,0.9736842105263158,-0.05995315660503862,0.4,1.20524508075743,-0.51,-0.15000000000000002,0.005257037227014669,1.829606754830261,2.0002,-0.4319885113745124,-2.597301049390466
2020-05-06,0.040826930899573434,0.07143121203347091,0.02229064412631175,0.17132401101307146,0.6011260102803953,0.868421052631579,0.9473684210526315,0.0344673068115513,0.55,1.206807590703817,-0.42,0.09000000000000002,-0.011939113271306236,1.832195715831457,1.9619999999999997,0.10523897887832592,-2.219244421161193
2020-05-07,0.03272762610410574,0.07425254851125611,0.013605522128375817,0.16942740383695024,0.5983029816560954,0.8157894736842105,0.9473684210526315,0.0344673068115513,0.55,1.206807590703817,-0.42,0.09000000000000002,-0.011939113271306236,1.832195715831457,1.9619999999999997,0.10460612924063206,-2.2013430545053887
2020-05-08,0.0384101175340327,0.055603421718660846,0.02332734530210054,0.1412628833677007,0.5029208468029215,0.9210526315789473,0.9473684210526315,0.0344673068115513,0.55,1.206807590703817,-0.42,0.09000000000000002,-0.011939113271306236,1.832195715831457,1.9619999999999997,0.10397334158054596,-2.183787795402409
2020-05-11,0.033491130573736726,0.056347831787172065,0.015321631855008188,0.14090935877363667,0.5058282688969653,0.9210526315789473,0.8947368421052632,-0.28454993869964357,0.1,1.209387258091094,-0.43,-0.010000000000000009,0.007045034985789257,1.83515345225331,1.9398,-1.7027728233489712,-1.5973409831342409
2020-05-12,0.014129949337446306,0.04884607658337071,0.00390509312326614,0.14030644994195507,0.5079581201444936,0.7631578947368421,0.868421052631579,-0.28454993869964357,0.1,1.209387258091094,-0.43,-0.010000000000000009,0.007045034985789257,1.83515345225331,1.9398,-1.6865379825838969,-1.5929984343214325
2020-05-13,0.010577441166764442,0.06402504420188046,0.005992473571581585,0.13185624867136195,0.4816368996620109,0.7894736842105263,0.8947368421052632,-0.28454993869964357,0.1,1.209387258091094,-0.43,-0.010000000000000009,0.007045034985789257,1.83515345225331,1.9398,-1.6706115355465052,-1.5886807273300025
2020-05-14,0.0056737660237576384,0.06451132308297444,-0.00310910299122474,0.13127077705311804,0.4837723563695168,0.6052631578947368,0.8947368421052632,-0.28454993869964357,0.1,1.209387258091094,-0.43,-0.010000000000000009,0.007045034985789257,1.83515345225331,1.9398,-1.6541485183743718,-1.5786463001472255
2020-05-15,-0.0006890972381962575,0.04841966945469106,-0.017589246805515758,0.11297256516453025,0.42075800271699354,0.42105263157894735,0.7631578947368421,-0.28454993869964357,0.1,1.209387258091094,-0.43,-0.010000000000000009,0.007045034985789257,1.83515345225331,1.9398,-1.6379996363918723,-1.5687388189732967
2020-05-18,0.006682520322256389,0.05667157235003303,-0.010892439231990174,0.11174286465126063,0.42063584843713575,0.4473684210526316,0.8421052631578947,0.13080251178463115,0.7,1.210906042013732,-0.45,-0.020000000000000018,0.006230929567280302,1.840075126603395,2.0711,0.6674401291844038,-1.2257653342089103
2020-05-19,0.01770513768950044,0.06373034268098872,0.0008951887180342951,0.11521954622343884,0.4382931245321856,0.7368421052631579,0.8947368421052632,0.13080251178463115,0.7,1.210906042013732,-0.45,-0.020000000000000018,0.006230929567280302,1.840075126603395,2.0711,0.6642117930901169,-1.220834182744258
2020-05-20,0.008634423711129512,0.052382486257070725,-0.02003464544917715,0.11729121077749285,0.45101140522966365,0.5789473684210527,0.8421052631578947,0.13080251178463115,0.7,1.210906042013732,-0.45,-0.020000000000000018,0.006230929567280302,1.840075126603395,2.0711,0.6609942797523374,-1.2159362026336376
2020-05-21,0.009420630252196239,0.040512168725484486,-0.03282834083248402,0.12265491925058239,0.4766403330446126,0.6578947368421053,0.8157894736842105,0.13080251178463115,0.7,1.210906042013732,-0.45,-0.020000000000000018,0.006230929567280302,1.840075126603395,2.0711,0.657787472625959,-1.211070960674665
2020-05-22,-0.01605688110178261,0.031985144308908794,-0.055953750079097725,0.13807834212300832,0.541783055193696,0.2631578947368421,0.7368421052631579,0.13080251178463115,0.7,1.210906042013732,-0.45,-0.020000000000000018,0.006230929567280302,1.840075126603395,2.0711,0.6545912564912526,-1.2062380314782009
2020-05-25,-0.018071478949680527,0.030038799315660666,-0.053627539454514074,0.13753532477375904,0.5449145406533595,0.23684210526315788,0.6052631578947368,-0.12438994973212464,0.2,1.212928475856438,-0.46,-0.010000000000000009,-0.0059753331316096114,1.84664214395123,2.0198,-0.7512439687369784,-0.7602855850314201
2020-05-26,-0.011445870892171361,0.045710465784450316,-0.015110543619191237,0.14864728493127946,0.5946621241671557,0.4473684210526316,0.8421052631578947,-0.12438994973212464,0.2,1.212928475856438,-0.46,-0.010000000000000009,-0.0059753331316096114,1.84664214395123,2.0198,-0.7448419764093768,-0.7596423593990501
2020-05-27,-0.013972548466131232,0.04606624731133613,-0.02108491074525778,0.14834952839296833,0.599286178362125,0.2631578947368421,0.868421052631579,-0.12438994973212464,0.2,1.212928475856438,-0.46,-0.010000000000000009,-0.0059753331316096114,1.84664214395123,2.0198,-0.7384644026641068,-0.7589997148719687
2020-05-28,-0.004975874718684069,0.042846147661375525,0.015967598189615448,0.14815253917570448,0.6052354372797718,0.3684210526315789,0.8421052631578947,-0.12438994973212464,0.2,1.212928475856438,-0.46,-0.010000000000000009,-0.0059753331316096114,1.84664214395123,2.0198,-0.7321104273752366,-0.758357650249647
2020-05-29,0.018108653988309062,0.039772793182362876,-0.005199679940663604,0.1475112242612832,0.6058510746934328,0.7631578947368421,0.7894736842105263,-0.12438994973212464,0.2,1.212928475856438,-0.46,-0.010000000000000009,-0.0059753331316096114,1.84664214395123,2.0198,-0.7257792354796258,-0.7577161643350045
2020-06-01,0.04043795801577035,0.06254012996208291,0.016624897246490564,0.1700724851432377,0.7006553916628826,0.9736842105263158,0.9210526315789473,-0.02335295635335847,0.5,1.219611991084176,-0.5,-0.03999999999999998,-0.015316227023807163,1.852289138108091,2.0751,-0.16159900830450766,0.7063853264028797
2020-06-02,0.023375227638946696,0.04376444377372206,0.01578849852403286,0.159420933888127,0.6591652706107975,0.8157894736842105,0.8421052631578947,-0.02335295635335847,0.5,1.219611991084176,-0.5,-0.03999999999999998,-0.015316227023807163,1.852289138108091,2.0751,-0.16118540810062887,0.7010808898725553
2020-06-03,0.030767256658159107,0.0360065730699218,-0.00034548671259392993,0.15787819406270442,0.6551396603019566,0.9473684210526315,0.8157894736842105,-0.02335295635335847,0.5,1.219611991084176,-0.5,-0.03999999999999998,-0.015316227023807163,1.852289138108091,2.0751,-0.16077187205381405,0.695797974345548
2020-06-04,0.030793866081482647,0.04091238763875243,0.012747277149814775,0.15661501838882363,0.6525844401874162,0.8947368421052632,0.8421052631578947,-0.02335295635335847,0.5,1.219611991084176,-0.5,-0.03999999999999998,-0.015316227023807163,1.852289138108091,2.0751,-0.16035839994369933,0.6905361333216002
2020-06-05,0.03357983446510085,0.034942510113431025,0.05710466141211598,0.15317519430340706,0.6430308988589417,0.9210526315789473,0.8421052631578947,-0.02335295635335847,0.5,1.219611991084176,-0.5,-0.03999999999999998,-0.015316227023807163,1.852289138108091,2.0751,-0.159944991550076,0.6852949259823853
2020-06-08,0.00803015580672718,0.03707915519507336,0.03146924513255874,0.15269099965750932,0.6465463315301703,0.7368421052631579,0.8421052631578947,-0.11506046386847257,0.35,1.22421607937927,-0.36,0.14,-0.01359765006291987,1.860635046471705,1.996,-0.6685540814539676,1.6790806430801055
2020-06-09,0.014835675298211167,0.04447016973448692,0.05464846136022786,0.15357936742475434,0.656115848369028,0.868421052631579,0.8421052631578947,-0.11506046386847257,0.35,1.22421607937927,-0.36,0.14,-0.01359765006291987,1.860635046471705,1.996,-0.66557749518189,1.6624796503657524
2020-06-10,0.01619842862197289,0.04162756052513025,0.07715223569315455,0.1533027797663922,0.6612692444802072,0.8157894736842105,0.868421052631579,-0.11506046386847257,0.35,1.22421607937927,-0.36,0.14,-0.01359765006291987,1.860635046471705,1.996,-0.6626104317325525,1.6461978343278838
2020-06-11,0.008593311866523819,0.04383193348151861,0.08310862224396612,0.15147618303582763,0.6599729952535633,0.7894736842105263,0.8157894736842105,-0.11506046386847257,0.35,1.22421607937927,-0.36,0.14,-0.01359765006291987,1.860635046471705,1.996,-0.659652797350017,1.6302238197900187
2020-06-12,-0.0005564038602597406,0.03507520349136754,0.12478331596008922,0.15231986615380755,0.671619410460854,0.5,0.7894736842105263,-0.11506046386847257,0.35,1.22421607937927,-0.36,0.14,-0.01359765006291987,1.860635046471705,1.996,-0.6567044992899498,1.614546786053779
2020-06-15,-0.012382644453187257,0.01801399041962972,0.12030247674092975,0.15867490992830607,0.7077931325664569,0.2631578947368421,0.631578947368421,0.3865267075866866,0.95,1.223049711500794,-0.5,-0.14,0.0017058615153430683,1.869669635900735,2.0801,2.1088734645470115,1.3543685764590376
2020-06-16,0.0007367802439491311,0.027501812288935612,0.15996147167639005,0.16968121359613195,0.7653603130339336,0.4473684210526316,0.7105263157894737,0.3865267075866866,0.95,1.223049711500794,-0.5,-0.14,0.0017058615153430683,1.869669635900735,2.0801,2.0889321351233003,1.3436071498632574
2020-06-17,0.0018528925723605067,0.03484602938636125,0.1680134975899527,0.1683800588440291,0.7674758967931226,0.4473684210526316,0.7631578947368421,0.3865267075866866,0.95,1.223049711500794,-0.5,-0.14,0.0017058615153430683,1.869669635900735,2.0801,2.0694275641567748,1.3329858890797401
2020-06-18,0.012069757682340369,0.046481060911662736,0.1509941394934357,0.1647522330911066,0.7599244907250504,0.6842105263157895,0.8421052631578947,0.3865267075866866,0.95,1.223049711500794,-0.5,-0.14,0.0017058615153430683,1.869669635900735,2.0801,2.0503431376328742,1.322501149134696
2020-06-19,0.026907975175417303,0.07804005976856745,0.19940075454604284,0.14426235158788872,0.675332192775831,0.8421052631578947,0.9210526315789473,0.3865267075866866,0.95,1.223049711500794,-0.5,-0.14,0.0017058615153430683,1.869669635900735,2.0801,2.0247890299772138,1.3120264562026178
2020-06-22,0.044487451088541206,0.08057292045785146,0.17207979306698631,0.14444325112827427,0.6880780973006391,0.9736842105263158,0.9736842105263158,-0.027245049887781498,0.5,1.225359872305555,-0.6,-0.09999999999999998,0.00598609280675509,1.877713120029731,2.2283999999999997,-0.19553965010580904,1.777996410126164
2020-06-23,0.03172117424728233,0.07066885742838931,0.1497766895531828,0.13635377797320553,0.6626035813161494,0.8947368421052632,0.9736842105263158,-0.027245049887781498,0.5,1.225359872305555,-0.6,-0.09999999999999998,0.00598609280675509,1.877713120029731,2.2283999999999997,-0.19812724297862686,1.7592686645050808
2020-06-24,0.033645966365356814,0.0824645442178493,0.1634191639025187,0.13069638140740963,0.6484467950211649,0.8947368421052632,0.9473684210526315,-0.027245049887781498,0.5,1.225359872305555,-0.6,-0.09999999999999998,0.00598609280675509,1.877713120029731,2.2283999999999997,-0.20072229526042698,1.7409394853745057
2020-06-29,0.018487079782622245,0.06994401541296906,0.15042558205818723,0.1414056975163607,0.7149554284630063,0.6842105263157895,0.9210526315789473,-0.01116690201093326,0.55,1.225687018326356,-0.68,-0.08000000000000007,-0.001897704880131153,1.885091730409195,2.2706,-0.1170933751908706,1.7889370097413693
2020-06-30,0.020475417665308533,0.08040682344556692,0.178821820331972,0.1455903862199987,0.7493484408770172,0.7368421052631579,0.9210526315789473,-0.01116690201093326,0.55,1.225687018326356,-0.68,-0.08000000000000007,-0.001897704880131153,1.885091730409195,2.2706,-0.11827118567374945,1.769550156100148
2020-07-01,0.026664874423226494,0.0667998368653076,0.1865006499959969,0.12516483788269311,0.6571971810113195,0.868421052631579,0.8947368421052632,-0.01116690201093326,0.55,1.225687018326356,-0.68,-0.08000000000000007,-0.001897704880131153,1.885091730409195,2.2706,-0.11944987086409913,1.7505860932330604
2020-07-02,0.03386226248148419,0.0811558922709268,0.2090471384146098,0.13081154475694087,0.7005717249131801,0.8157894736842105,0.8947368421052632,-0.01116690201093326,0.55,1.225687018326356,-0.68,-0.08000000000000007,-0.001897704880131153,1.885091730409195,2.2706,-0.12062943666525226,1.7320279434129024
2020-07-03,0.04618876200104992,0.09788604956074011,0.2053238346641329,0.1380464645317682,0.7541654176823822,0.9210526315789473,0.8947368421052632,-0.01116690201093326,0.55,1.225687018326356,-0.68,-0.08000000000000007,-0.001897704880131153,1.885091730409195,2.2706,-0.12180988900199911,1.713859749888812
2020-07-06,0.10103263645762364,0.14018278578911006,0.25534772193911864,0.19388570016852705,1.0752736639273006,0.9210526315789473,0.9473684210526315,-0.2268937360065138,0.15,1.225333557445893,-0.73,-0.04999999999999993,-0.0032298588408889335,1.895717806966995,2.178,-1.277745300584598,1.62664922827327
2020-07-07,0.08716618881388077,0.13399317779434686,0.22453910962643878,0.19570151431104343,1.1016359692051407,0.8947368421052632,0.8947368421052632,-0.2268937360065138,0.15,1.225333557445893,-0.73,-0.04999999999999993,-0.0032298588408889335,1.895717806966995,2.178,-1.2686352968946688,1.6106708881030978
2020-07-08,0.08969468331249633,0.14846436437107677,0.24189135135332224,0.19612278445514025,1.1191634399607535,0.9210526315789473,0.8947368421052632,-0.2268937360065138,0.15,1.225333557445893,-0.73,-0.04999999999999993,-0.0032298588408889335,1.895717806966995,2.178,-1.259628145087759,1.5949881062912117
2020-07-09,0.09200209083976373,0.15832230781247936,0.25163855413033703,0.19902220399806894,1.1510038198908,0.9736842105263158,0.8947368421052632,-0.2268937360065138,0.15,1.225333557445893,-0.73,-0.04999999999999993,-0.0032298588408889335,1.895717806966995,2.178,-1.250721503217471,1.5795905942917805
2020-07-10,0.06628581344327239,0.1479734343820396,0.2536260391090504,0.20645259397052934,1.2087394787474894,0.8421052631578947,0.8947368421052632,-0.2268937360065138,0.15,1.225333557445893,-0.73,-0.04999999999999993,-0.0032298588408889335,1.895717806966995,2.178,-1.241913101200571,1.56446855145396
2020-07-13,0.048756889683087626,0.18034636360567388,0.28868962017016697,0.20995125374140078,1.24403480697454,0.7368421052631579,0.9210526315789473,-0.014189796029221689,0.55,1.229485244261323,-0.76,-0.030000000000000027,-0.005289491922019167,1.907725072465151,2.4153000000000002,-0.11231081957234874,2.3443858346492803
2020-07-14,0.04057550833971203,0.17512508999431864,0.2586199629403773,0.2148440160231505,1.2834916254372668,0.8421052631578947,0.9736842105263158,-0.014189796029221689,0.55,1.229485244261323,-0.76,-0.030000000000000027,-0.005289491922019167,1.907725072465151,2.4153000000000002,-0.11245634908659195,2.3102581398235147
2020-07-15,0.01368637848167061,0.17453338730593465,0.2492189500755974,0.21559546246736794,1.2983800540836006,0.6052631578947368,0.9736842105263158,-0.014189796029221689,0.55,1.229485244261323,-0.76,-0.030000000000000027,-0.005289491922019167,1.907725072465151,2.4153000000000002,-0.11260188643345559,2.2772985569628212
2020-07-16,-0.04459227849428927,0.11299324907424096,0.20422540404416534,0.2745958822076991,1.655380365198809,0.23684210526315788,0.8947368421052632,-0.014189796029221689,0.55,1.229485244261323,-0.76,-0.030000000000000027,-0.005289491922019167,1.907725072465151,2.4153000000000002,-0.11274743162268633,2.245438679543351
2020-07-17,-0.030816313276768623,0.11530422853291049,0.2025327441763425,0.2744195716411602,1.6557698483535175,0.3157894736842105,0.9210526315789473,-0.014189796029221689,0.55,1.229485244261323,-0.76,-0.030000000000000027,-0.005289491922019167,1.907725072465151,2.4153000000000002,-0.11289298466403334,2.214615603129607
2020-07-20,-0.03703043858048365,0.13124616734284986,0.21823939697999714,0.27880877650413144,1.6817830432031755,0.15789473684210525,0.9210526315789473,-0.06080785589848671,0.4,1.229107991012571,-0.82,-0.05999999999999994,-0.00682875660951683,1.920930886026543,2.3087,-0.35946105835602216,2.1159950169939963
2020-07-21,-0.019601459257891016,0.12861565556101032,0.23864085963848664,0.27836828859600105,1.672532225283357,0.34210526315789475,0.9210526315789473,-0.06080785589848671,0.4,1.229107991012571,-0.82,-0.05999999999999994,-0.00682875660951683,1.920930886026543,2.3087,-0.36112905815833546,2.089897170760558
2020-07-22,0.001702812158419562,0.131748748375813,0.24236046814932516,0.2785274526718265,1.6626848628925635,0.47368421052631576,0.9736842105263158,-0.06080785589848671,0.4,1.229107991012571,-0.82,-0.05999999999999994,-0.00682875660951683,1.920930886026543,2.3087,-0.362800488357795,2.0645399573500343
2020-07-23,0.04468980374343908,0.12596187857039773,0.2423412017832374,0.27903981850143195,1.6509385686912406,0.9736842105263158,0.9473684210526315,-0.06080785589848671,0.4,1.229107991012571,-0.82,-0.05999999999999994,-0.00682875660951683,1.920930886026543,2.3087,-0.36447537153050386,2.039887459918263
2020-07-24,0.0025975984297031754,0.08425586059725686,0.21278665212644232,0.31832186856084765,1.8594349521653746,0.3684210526315789,0.8947368421052632,-0.06080785589848671,0.4,1.229107991012571,-0.82,-0.05999999999999994,-0.00682875660951683,1.920930886026543,2.3087,-0.3661537304256055,2.0159061901824966
2020-07-27,-0.011090145088064596,0.10166894247216303,0.21445910554650763,0.31307987240190044,1.806837777099953,0.42105263157894735,0.9736842105263158,0.0062112000926406764,0.75,1.229820933900432,-0.92,-0.10000000000000009,-0.01751453936186763,1.929602243470033,2.3217000000000003,-0.012192996510124177,2.1189523431388815
2020-07-28,-0.011297320651124099,0.09684291724457769,0.21702253387250756,0.3118627553007678,1.7768507064400112,0.3157894736842105,0.9736842105263158,0.0062112000926406764,0.75,1.229820933900432,-0.92,-0.10000000000000009,-0.01751453936186763,1.929602243470033,2.3217000000000003,-0.013796100639513644,2.0926376394525716
2020-07-29,-0.001000768833998883,0.10408310511858762,0.23342307194597817,0.31516933571715094,1.7725026295242758,0.4473684210526316,0.9736842105263158,0.0062112000926406764,0.75,1.229820933900432,-0.92,-0.10000000000000009,-0.01751453936186763,1.929602243470033,2.3217000000000003,-0.015400350128870406,2.0670725834991477
2020-07-30,-0.00818399586877714,0.0839156202201364,0.20883595626478532,0.3152636687739052,1.7510855166430048,0.2894736842105263,0.9473684210526315,0.0062112000926406764,0.75,1.229820933900432,-0.92,-0.10000000000000009,-0.01751453936186763,1.929602243470033,2.3217000000000003,-0.017005759155095578,2.0422205734029033
2020-07-31,0.03739432304621178,0.0754614216424187,0.20935404427308069,0.312041675723252,1.7109022073780158,0.868421052631579,0.868421052631579,0.0062112000926406764,0.75,1.229820933900432,-0.92,-0.10000000000000009,-0.01751453936186763,1.929602243470033,2.3217000000000003,-0.01861234195203859,2.0180474934374657
2020-08-03,0.04637537765188266,0.04701168366642204,0.22810685709428458,0.27838321903268615,1.5113077838457958,0.7894736842105263,0.6842105263157895,-0.05488454865537475,0.5,1.232242213331893,-1.0,-0.07999999999999996,-0.009188106448681364,1.937827207188004,2.4268,-0.3450065952199986,2.4089945788449683
2020-08-04,0.036887321977889666,0.046564050408586584,0.21549973831636451,0.27844958475313825,1.4931340633445696,0.8947368421052632,0.8157894736842105,-0.05488454865537475,0.5,1.232242213331893,-1.0,-0.07999999999999996,-0.009188106448681364,1.937827207188004,2.4268,-0.3409107000272809,2.3743154083300557
2020-08-05,0.024999265956421723,0.03938768776251301,0.22493120732866317,0.27535940401826897,1.4590317378500046,0.868421052631579,0.7368421052631579,-0.05488454865537475,0.5,1.232242213331893,-1.0,-0.07999999999999996,-0.009188106448681364,1.937827207188004,2.4268,-0.3368139397267343,2.340852634529409
2020-08-06,0.030450543436322787,0.02236407281669546,0.22515655036366178,0.2696218581812842,1.4124998544561154,0.7894736842105263,0.5789473684210527,-0.05488454865537475,0.5,1.232242213331893,-1.0,-0.07999999999999996,-0.009188106448681364,1.937827207188004,2.4268,-0.3327160784452317,2.308534787426147
2020-08-07,0.011441670700738706,0.020617278899885037,0.21021827380705493,0.2705174563821822,1.400239017168702,0.6578947368421053,0.5,-0.05488454865537475,0.5,1.232242213331893,-1.0,-0.07999999999999996,-0.009188106448681364,1.937827207188004,2.4268,-0.32861687875530976,2.2772962151661
2020-08-10,-0.003357521529528017,-0.005102727546193604,0.2190755695409989,0.2538058205004723,1.2999948366620053,0.5,0.3684210526315789,-0.09649649235269021,0.35,1.233653219076313,-1.04,-0.040000000000000036,-0.0007576349739126065,1.939488589322404,2.4301000000000004,-0.5466202745184663,2.4778831767291765
2020-08-11,-0.012016075711045491,-0.006027533642170938,0.20417275984351527,0.2542362741816226,1.2866832201579097,0.3157894736842105,0.39473684210526316,-0.09649649235269021,0.35,1.233653219076313,-1.04,-0.040000000000000036,-0.0007576349739126065,1.939488589322404,2.4301000000000004,-0.5489086447165485,2.4409131147322873
2020-08-12,-0.03208090582439324,-0.006379596543550834,0.18616778118201358,0.25445709127744104,1.2724827702949768,0.21052631578947367,0.3157894736842105,-0.09649649235269021,0.35,1.233653219076313,-1.04,-0.040000000000000036,-0.0007576349739126065,1.939488589322404,2.4301000000000004,-0.551204899813378,2.4053009772800475
2020-08-13,-0.029461715384379184,0.037494635926605555,0.17798969728978217,0.2032477891272145,1.0089937401987832,0.2894736842105263,0.7894736842105263,-0.09649649235269021,0.35,1.233653219076313,-1.04,-0.040000000000000036,-0.0007576349739126065,1.939488589322404,2.4301000000000004,-0.5535091059216498,2.3709635185041127
2020-08-14,-0.0064984804284591025,0.04493511174819456,0.19508536966746634,0.20659155395717715,1.0180712067882502,0.5263157894736842,0.9473684210526315,-0.09649649235269021,0.35,1.233653219076313,-1.04,-0.040000000000000036,-0.0007576349739126065,1.939488589322404,2.4301000000000004,-0.5558213298908035,2.33782455201337
2020-08-17,0.009766269017400507,0.04169398005169057,0.2194212083062032,0.20321584612669216,0.99485330845605,0.7631578947368421,0.9473684210526315,-0.007230036013481125,0.8,1.235077987513218,-0.94,0.10000000000000009,-0.003364919684741692,1.941134617306237,2.2624,-0.07851058350366125,2.528561841909323
2020-08-18,0.02245397637580383,0.03602790199152391,0.24268361732110175,0.2017600713142099,0.982620840187668,0.8421052631578947,0.8157894736842105,-0.007230036013481125,0.8,1.235077987513218,-0.94,0.10000000000000009,-0.003364919684741692,1.941134617306237,2.2624,-0.07096935193041426,2.490086218999316
2020-08-19,0.0208298114702367,0.012747402768266318,0.22506907160193082,0.20737122800239474,1.004255787807146,0.7105263157894737,0.5789473684210527,-0.007230036013481125,0.8,1.235077987513218,-0.94,0.10000000000000009,-0.003364919684741692,1.941134617306237,2.2624,-0.06331833837721461,2.4530675035405
2020-08-20,0.004684589277850381,-0.002510578538983144,0.1941201574598039,0.21333268864029073,1.0277600032284155,0.6052631578947368,0.47368421052631576,-0.007230036013481125,0.8,1.235077987513218,-0.94,0.10000000000000009,-0.003364919684741692,1.941134617306237,2.2624,-0.055552093720231545,2.4174140932709878
2020-08-21,-0.00022880033055363777,0.04210871298793775,0.20882911780304395,0.16485975203118958,0.7931833647481064,0.42105263157894735,0.8947368421052632,-0.007230036013481125,0.8,1.235077987513218,-0.94,0.10000000000000009,-0.003364919684741692,1.941134617306237,2.2624,-0.04766480871280885,2.3830423560428526
2020-08-24,-0.008664421434235391,0.04411970370551978,0.2157326615906519,0.16567297083478597,0.79597768568716,0.2631578947368421,0.8421052631578947,0.021978906718775167,0.85,1.237746466671428,-1.0,-0.06000000000000005,0.0011454293847794174,1.947080061098095,2.3733999999999997,0.12390778819068621,2.74712893448424
2020-08-25,-0.008496863794005782,0.03882835884864224,0.2160780995387869,0.16406733202986282,0.7872197320983614,0.39473684210526316,0.7631578947368421,0.021978906718775167,0.85,1.237746466671428,-1.0,-0.06000000000000005,0.0011454293847794174,1.947080061098095,2.3733999999999997,0.12386834797643106,2.700724603477078
2020-08-26,-0.005971562886827814,0.0077766087154373924,0.17865955069933265,0.15701852448762027,0.7541857989313722,0.39473684210526316,0.5263157894736842,0.021978906718775167,0.85,1.237746466671428,-1.0,-0.06000000000000005,0.0011454293847794174,1.947080061098095,2.3733999999999997,0.12382890831887036,2.6563263525471577
2020-08-27,0.01846791696613074,0.02414133429592474,0.189212846786988,0.15960898978687,0.7666166888869009,0.6578947368421053,0.6842105263157895,0.021978906718775167,0.85,1.237746466671428,-1.0,-0.06000000000000005,0.0011454293847794174,1.947080061098095,2.3733999999999997,0.12378946921781166,2.613791760026258
2020-08-28,0.026073787590129124,0.03078817753185511,0.20413564873501397,0.1654242258368121,0.7940681297421986,0.7105263157894737,0.6842105263157895,0.021978906718775167,0.85,1.237746466671428,-1.0,-0.06000000000000005,0.0011454293847794174,1.947080061098095,2.3733999999999997,0.12375003067306259,2.5729923370857986
2020-08-31,0.01793514682889634,0.015679472882533456,0.20287394233806558,0.15741189611959688,0.7555592356523098,0.631578947368421,0.5526315789473685,0.01846206283973557,0.8,1.239514769322403,-1.03,-0.030000000000000027,-0.009951049689726973,1.954897558587527,2.3388999999999998,0.10401923433651303,2.782597676266888
2020-09-01,0.017405262052755076,0.019346298923507654,0.19990352712644113,0.1573998871431509,0.7552463452577151,0.7368421052631579,0.6052631578947368,0.01846206283973557,0.8,1.239514769322403,-1.03,-0.030000000000000027,-0.009951049689726973,1.954897558587527,2.3388999999999998,0.10422232380018848,2.733401052256138
2020-09-02,0.029778234717428305,0.012555577476443983,0.2004076296100338,0.15546665546092991,0.7458046397450563,0.868421052631579,0.5263157894736842,0.01846206283973557,0.8,1.239514769322403,-1.03,-0.030000000000000027,-0.009951049689726973,1.954897558587527,2.3388999999999998,0.10442542811619435,2.6864060557107217
2020-09-03,0.016802173453610833,0.01049296431321279,0.19117934494238767,0.15575693575685573,0.7470671051242012,0.7368421052631579,0.4473684210526316,0.01846206283973557,0.8,1.239514769322403,-1.03,-0.030000000000000027,-0.009951049689726973,1.954897558587527,2.3388999999999998,0.10462854731100561,2.6414496768442324
2020-09-04,-0.012034650986442255,0.007311855844674146,0.17590256912659882,0.1590471195462706,0.7624978888892181,0.23684210526315788,0.47368421052631576,0.01846206283973557,0.8,1.239514769322403,-1.03,-0.030000000000000027,-0.009951049689726973,1.954897558587527,2.3388999999999998,0.10483168141110674,2.5983854436947236
2020-09-07,-0.034197448662672186,-0.015160454250610715,0.1600831818088696,0.1779208866231121,0.8511832598405431,0.05263157894736842,0.3157894736842105,0.29213642280116114,0.95,1.240028461915483,-0.98,0.050000000000000044,0.005807559213664284,1.961410107724289,2.401,1.6289882036493235,2.625438782074987
2020-09-08,-0.031010416435264573,0.0003519581992885686,0.1694495145514363,0.17614417911686467,0.8410856561172096,0.10526315789473684,0.47368421052631576,0.29213642280116114,0.95,1.240028461915483,-0.98,0.050000000000000044,0.005807559213664284,1.961410107724289,2.401,1.616146937208859,2.581298375033138
2020-09-09,-0.05546132982902048,-0.010824846528183264,0.15732894423420057,0.19056805669017907,0.9076556720024819,0.07894736842105263,0.2894736842105263,0.29213642280116114,0.95,1.240028461915483,-0.98,0.050000000000000044,0.005807559213664284,1.961410107724289,2.401,1.6035068756932935,2.538980288920124
2020-09-10,-0.05760061411536871,-0.01764593441777674,0.13284195058306983,0.19062655745119161,0.9064272114833801,0.13157894736842105,0.3157894736842105,0.29213642280116114,0.95,1.240028461915483,-0.98,0.050000000000000044,0.005807559213664284,1.961410107724289,2.401,1.5910622499883822,2.498358184075137
2020-09-11,-0.03682992280817828,-0.02301958653504503,0.13721975374606005,0.18644780878938946,0.8852896908228924,0.13157894736842105,0.23684210526315788,0.29213642280116114,0.95,1.240028461915483,-0.98,0.050000000000000044,0.005807559213664284,1.961410107724289,2.401,1.5788075194446616,2.4593177104839605
2020-09-14,-0.007804473086655355,-0.032731196354666585,0.14020895103987388,0.17711315812599104,0.8401451620533457,0.3684210526315789,0.21052631578947367,-0.13487957162512693,0.15,1.239694376999841,-0.98,0.0,0.0046251020929623,1.967510456385925,2.4362,-0.7585870450886346,2.379428127439826
2020-09-15,-0.007308931625315135,-0.0294109498018304,0.13523260775070386,0.17865944549769835,0.8451816620320771,0.3157894736842105,0.13157894736842105,-0.13487957162512693,0.15,1.239694376999841,-0.98,0.0,0.0046251020929623,1.967510456385925,2.4362,-0.7558955020153832,2.343930525000377
2020-09-16,0.010475417224697074,-0.0211792407737229,0.12331691037035644,0.17322496949849844,0.8176174555957167,0.7894736842105263,0.18421052631578946,-0.13487957162512693,0.15,1.239694376999841,-0.98,0.0,0.0046251020929623,1.967510456385925,2.4362,-0.7532128952776885,2.3096824349517586
2020-09-17,0.007399160438752168,-0.014931363256874957,0.10851993677453967,0.16859804222039726,0.7937650634081341,0.6052631578947368,0.2894736842105263,-0.13487957162512693,0.15,1.239694376999841,-0.98,0.0,0.0046251020929623,1.967510456385925,2.4362,-0.7505391496055125,2.2766086777438344
2020-09-18,0.018433468837103652,-0.004357317367387748,0.12200725621780689,0.17953947636031325,0.8420504641396744,0.6842105263157895,0.3157894736842105,-0.13487957162512693,0.15,1.239694376999841,-0.98,0.0,0.0046251020929623,1.967510456385925,2.4362,-0.7478741905193309,2.244640278772872
2020-09-21,0.0035697649676246605,-0.02049700995280654,0.1252916362248763,0.17864109375933962,0.8354054648853465,0.5263157894736842,0.3157894736842105,-0.0394738155196508,0.45,1.239849982684261,-0.97,0.010000000000000009,-0.0026092685662527943,1.972053180345161,2.4413,-0.22714912133142007,2.2326315193729696
2020-09-22,-0.015875570646511555,-0.03678965665433618,0.0988816194388838,0.18284247366106768,0.852577570193207,0.2631578947368421,0.15789473684210525,-0.0394738155196508,0.45,1.239849982684261,-0.97,0.010000000000000009,-0.0026092685662527943,1.972053180345161,2.4413,-0.23214937402115102,2.202145638376696
2020-09-23,-0.0068497072525121674,-0.02205738513940726,0.0898023286946178,0.17985172283593884,0.8350828745264093,0.5,0.18421052631578946,-0.0394738155196508,0.45,1.239849982684261,-0.97,0.010000000000000009,-0.0026092685662527943,1.972053180345161,2.4413,-0.2371893407763419,2.1726194345528693
2020-09-24,-0.01855733613957846,-0.051956616362584154,0.056100338153477015,0.18470213902147609,0.8540425111213605,0.21052631578947367,0.05263157894736842,-0.0394738155196508,0.45,1.239849982684261,-0.97,0.010000000000000009,-0.0026092685662527943,1.972053180345161,2.4413,-0.24226992904281902,2.1440008245112314
2020-09-25,-0.03538272542581483,-0.0658138303833317,0.04043576879094214,0.17295233096836052,0.797567214474347,0.13157894736842105,0.07894736842105263,-0.0394738155196508,0.45,1.239849982684261,-0.97,0.010000000000000009,-0.0026092685662527943,1.972053180345161,2.4413,-0.24739207314839196,2.116241613910351
2020-09-28,-0.026808599498099054,-0.06524075627980193,-0.0025495997308464056,0.17311153805285984,0.7995780520135268,0.10526315789473684,0.13157894736842105,0.02106954018141939,0.8,1.240969563048368,-0.92,0.04999999999999993,0.01683451698835735,1.968822549028485,2.4459,0.08523866206084114,2.220046526848252
2020-09-29,-0.006105644126750878,-0.06030056283384214,0.00560978649825213,0.17621720563510646,0.8151453516927547,0.3157894736842105,0.10526315789473684,0.02106954018141939,0.8,1.240969563048368,-0.92,0.04999999999999993,0.01683451698835735,1.968822549028485,2.4459,0.08289167048197853,2.189711563652817
2020-09-30,-0.010650294813706423,-0.062485914670541993,-0.010542649431584974,0.1757664507032094,0.8143382766771801,0.3157894736842105,0.10526315789473684,0.02106954018141939,0.8,1.240969563048368,-0.92,0.04999999999999993,0.01683451698835735,1.968822549028485,2.4459,0.08054271488243403,2.1603260780569373
2020-10-09,0.030643958478669263,-0.03811483133752574,-0.005257794207617458,0.19757463259933114,0.9154794415942109,0.9210526315789473,0.10526315789473684,0.04629599164615669,0.9,1.241638508629523,-0.94,-0.019999999999999907,-0.008278424979229837,1.966010276148473,2.461,0.21748546196586346,2.2081966082870377
2020-10-12,0.05609463338048485,0.002315453983595391,0.030244588728154605,0.2174469414568156,1.0067047855993123,0.9736842105263158,0.5,-0.10002631406712434,0.2,1.242767378765478,-0.94,0.0,-0.00852598755742925,1.966367461655403,2.4206,-0.5933631612265431,2.3058118391356586
2020-10-13,0.056744934169750814,0.025701626552621062,0.005438444755816775,0.20097739098930578,0.9311011376793958,0.9473684210526315,0.7105263157894737,-0.10002631406712434,0.2,1.242767378765478,-0.94,0.0,-0.00852598755742925,1.966367461655403,2.4206,-0.5887356258224661,2.27253248309959
2020-10-14,0.04240488539749109,0.013114738998913517,0.007439163556031179,0.2021424324047147,0.9374179857420271,0.868421052631579,0.6052631578947368,-0.10002631406712434,0.2,1.242767378765478,-0.94,0.0,-0.00852598755742925,1.966367461655403,2.4206,-0.5841209882120485,2.240368309499824
2020-10-15,0.03866445751995025,0.03163987267842873,0.014435429606694661,0.18226788936289895,0.8474344198312512,0.9210526315789473,0.7105263157894737,-0.10002631406712434,0.2,1.242767378765478,-0.94,0.0,-0.00852598755742925,1.966367461655403,2.4206,-0.5795189523735367,2.209254976303739
2020-10-16,0.01580640586743693,0.035292188645279894,0.05514089015410874,0.1811769083341792,0.8485043641113349,0.7368421052631579,0.7368421052631579,-0.10002631406712434,0.2,1.242767378765478,-0.94,0.0,-0.00852598755742925,1.966367461655403,2.4206,-0.5749292247316354,2.1791332328772235
2020-10-19,-0.016033311197791382,0.02311206559398228,0.04502759080713184,0.18135465747298796,0.8555516876673084,0.23684210526315788,0.7631578947368421,0.09203208544649372,0.9,1.24274716000186,-0.95,-0.010000000000000009,0.007449799420366436,1.969627562026135,2.5031999999999996,0.49004257568821935,2.1477580866355406
2020-10-20,-0.01290421779699839,0.020601881842278017,0.029564665539302034,0.1805126131432428,0.8582121010149598,0.21052631578947367,0.6578947368421053,0.09203208544649372,0.9,1.24274716000186,-0.95,-0.010000000000000009,0.007449799420366436,1.969627562026135,2.5031999999999996,0.49074075752496005,2.119365577057814
2020-10-21,-0.009593473748182852,0.010830196876045792,0.01744714906573934,0.18002292322143945,0.8626060229190521,0.34210526315789475,0.631578947368421,0.09203208544649372,0.9,1.24274716000186,-0.95,-0.010000000000000009,0.007449799420366436,1.969627562026135,2.5031999999999996,0.4882572671754805,2.091716104096344
2020-10-22,-0.008225248376521112,0.012939207077210533,0.004507369071753984,0.17917466652852335,0.8654079608003808,0.3157894736842105,0.5789473684210527,0.09203208544649372,0.9,1.24274716000186,-0.95,-0.010000000000000009,0.007449799420366436,1.969627562026135,2.5031999999999996,0.4857786677311672,2.0648707506561994
2020-10-23,-0.019738861221179814,0.008154166985347907,-0.009287774810510163,0.18276632971441523,0.8896503391444196,0.23684210526315788,0.6052631578947368,0.09203208544649372,0.9,1.24274716000186,-0.95,-0.010000000000000009,0.007449799420366436,1.969627562026135,2.5031999999999996,0.48330490939138676,2.038788551461904
2020-10-26,-0.01948298139290929,-0.014804384636030666,0.022947010984519366,0.17057736110497296,0.8403913236070091,0.15789473684210525,0.39473684210526316,0.00509462528422907,0.6,1.242521696099242,-0.9,0.04999999999999993,-0.01040219502790263,1.973310428161125,2.3564,0.0015215503612970912,1.9898518310568503
2020-10-27,-0.0183257879175071,-0.001293671042853748,0.022329022709859522,0.1697540906697537,0.8462951822552446,0.2894736842105263,0.5,0.00509462528422907,0.6,1.242521696099242,-0.9,0.04999999999999993,-0.01040219502790263,1.973310428161125,2.3564,-0.0005591906140671102,1.9656789911591537
2020-10-28,-0.009177096687542578,0.017528670835014762,0.01956737302932085,0.16363289929873853,0.8259512811792387,0.3157894736842105,0.5789473684210527,0.00509462528422907,0.6,1.242521696099242,-0.9,0.04999999999999993,-0.01040219502790263,1.973310428161125,2.3564,-0.002642221340661491,1.9421382533378813
2020-10-29,-0.004999818535430825,0.01478909579429187,0.0005083193703220328,0.16342369742304058,0.8355619513650953,0.42105263157894735,0.5263157894736842,0.00509462528422907,0.6,1.242521696099242,-0.9,0.04999999999999993,-0.01040219502790263,1.973310428161125,2.3564,-0.004727574751052833,1.919200228685853
2020-10-30,-0.008907427742156127,0.01780407538277023,-0.010011206683889159,0.15887352381274059,0.8232690027325549,0.34210526315789475,0.6052631578947368,0.00509462528422907,0.6,1.242521696099242,-0.9,0.04999999999999993,-0.01040219502790263,1.973310428161125,2.3564,-0.0068152839808686685,1.8968374023382308
2020-11-02,0.002947310477154374,0.023525651266938535,-0.01150000158453804,0.1604832629380427,0.8426401694114924,0.42105263157894735,0.631578947368421,0.3221098014613597,1.0,1.242753736202455,-0.82,0.08000000000000007,0.013716640176338711,1.979072758131442,2.3443,1.7340647305171617,1.8985511859507527
2020-11-03,0.012763664114969797,0.0382785925702151,-0.011282690827053353,0.16818218727214465,0.8916634622218611,0.6842105263157895,0.7105263157894737,0.3221098014613597,1.0,1.242753736202455,-0.82,0.08000000000000007,0.013716640176338711,1.979072758131442,2.3443,1.7158550017234264,1.8766530121615435
2020-11-04,0.012863093425104702,0.03649740838687034,-0.004456855523464121,0.16749947944805035,0.8968363667086364,0.6842105263157895,0.6842105263157895,0.3221098014613597,1.0,1.242753736202455,-0.82,0.08000000000000007,0.013716640176338711,1.979072758131442,2.3443,1.698021733853555,1.8552834157028515
2020-11-05,0.026597874555470247,0.052037265163468543,0.002106927969370549,0.17250797757256303,0.9322092141691364,0.7894736842105263,0.7894736842105263,0.3221098014613597,1.0,1.242753736202455,-0.82,0.08000000000000007,0.013716640176338711,1.979072758131442,2.3443,1.6805505414424289,1.8344194368368505
2020-11-06,0.04099493663230113,0.028155053536402103,0.0005331865120891781,0.15648937554057732,0.8543520756984054,0.9210526315789473,0.6578947368421053,0.3221098014613597,1.0,1.242753736202455,-0.82,0.08000000000000007,0.013716640176338711,1.979072758131442,2.3443,1.6634277891523233,1.814039482270957
2020-11-09,0.05565332468552671,0.023084342571980394,0.03271165240024996,0.1461819621351034,0.8072112235723512,0.9473684210526315,0.6052631578947368,-0.42485225097771806,0.05,1.242780650237711,-0.82,0.0,-0.018170306946990462,1.987242155347812,2.3912999999999998,-2.3437545579211196,1.7967751542393575
2020-11-10,0.027591541336424746,0.009125199736889036,0.01966637203889941,0.15419471067367777,0.8593352536823861,0.7894736842105263,0.5526315789473685,-0.42485225097771806,0.05,1.242780650237711,-0.82,0.0,-0.018170306946990462,1.987242155347812,2.3912999999999998,-2.3144073387121407,1.7772134027139395
2020-11-11,0.011015781173019146,0.005108304162398401,0.018575001360600512,0.15730543723972423,0.884636181104088,0.6842105263157895,0.5263157894736842,-0.42485225097771806,0.05,1.242780650237711,-0.82,0.0,-0.018170306946990462,1.987242155347812,2.3912999999999998,-2.2859359164959656,1.758081489769057
2020-11-12,-0.000836877389435053,0.012535930254083234,0.033350956404328724,0.15611535263438397,0.8861111456037392,0.47368421052631576,0.5789473684210527,-0.42485225097771806,0.05,1.242780650237711,-0.82,0.0,-0.018170306946990462,1.987242155347812,2.3912999999999998,-2.258295510356655,1.7393621483547874
2020-11-13,-0.0024951849697227094,0.009853462699242465,0.027499716926745646,0.15668274166730664,0.8932665358884938,0.34210526315789475,0.47368421052631576,-0.42485225097771806,0.05,1.242780650237711,-0.82,0.0,-0.018170306946990462,1.987242155347812,2.3912999999999998,-2.231444489354924,1.7210390597494751
2020-11-16,-0.015852717025043837,0.02326493674472794,0.023357415803665217,0.15786845373562736,0.9042125617233827,0.2631578947368421,0.6052631578947368,-0.07342746855481708,0.3,1.242343222432742,-0.83,-0.010000000000000009,0.004358769954692322,1.993976782361418,2.4087,-0.42217934894558684,1.661068607139699
2020-11-17,-0.00874820277465703,0.013281214759230397,0.001151900246841863,0.15911464076008394,0.9152032007333357,0.3157894736842105,0.5263157894736842,-0.07342746855481708,0.3,1.242343222432742,-0.83,-0.010000000000000009,0.004358769954692322,1.993976782361418,2.4087,-0.4211318227044867,1.6444091358703594
2020-11-18,-0.0034102043092971027,0.01129157360128415,-0.00728917932450043,0.1599463635288146,0.9236896933875013,0.3684210526315789,0.5526315789473685,-0.07342746855481708,0.3,1.242343222432742,-0.83,-0.010000000000000009,0.004358769954692322,1.993976782361418,2.4087,-0.42008528754824864,1.6280688616595864
2020-11-19,-0.0013947538496168381,0.01936642478098751,0.011126391084475173,0.15959335031760508,0.925908944822067,0.5,0.6052631578947368,-0.07342746855481708,0.3,1.242343222432742,-0.83,-0.010000000000000009,0.004358769954692322,1.993976782361418,2.4087,-0.4190397393375687,1.6120363331479666
2020-11-20,0.008079718508604465,0.03767204242902675,0.030894846157499725,0.15278478106130816,0.8916280056847156,0.5789473684210527,0.6842105263157895,-0.07342746855481708,0.3,1.242343222432742,-0.83,-0.010000000000000009,0.004358769954692322,1.993976782361418,2.4087,-0.417995173948239,1.596300658426903
2020-11-23,0.007722882997536094,0.05047080113517333,0.03130909913175494,0.15236454426954854,0.8902575304305921,0.6052631578947368,0.7368421052631579,0.025642430613337652,0.8,1.240069381125172,-0.86,-0.030000000000000027,-0.0036376621459831026,2.003182289424392,2.5414,0.0909661251670505,1.3668536189022238
2020-11-24,0.01110679235341031,0.04271379503014781,0.02092311403448755,0.1527940665709946,0.8938883008934595,0.6578947368421053,0.7368421052631579,0.025642430613337652,0.8,1.240069381125172,-0.86,-0.030000000000000027,-0.0036376621459831026,2.003182289424392,2.5414,0.09005853269877064,1.3551970786176977
2020-11-25,0.005218458924868339,0.02568712921369507,0.006426143394373682,0.15929713217032737,0.9323667247486619,0.5789473684210527,0.6842105263157895,0.025642430613337652,0.8,1.240069381125172,-0.86,-0.030000000000000027,-0.0036376621459831026,2.003182289424392,2.5414,0.08915097438827081,1.3437001094573544
2020-11-26,0.001850771889596772,0.026217015206015108,0.01894872586089975,0.15926832073160016,0.9319935487442256,0.5526315789473685,0.6578947368421053,0.025642430613337652,0.8,1.240069381125172,-0.86,-0.030000000000000027,-0.0036376621459831026,2.003182289424392,2.5414,0.08824344797983096,1.3323582578399948
2020-11-27,0.001942391949572288,0.04852186212075516,0.014369321140941263,0.1462333231899883,0.8568341480086467,0.5526315789473685,0.7631578947368421,0.025642430613337652,0.8,1.240069381125172,-0.86,-0.030000000000000027,-0.0036376621459831026,2.003182289424392,2.5414,0.0873359512176552,1.3211672349086359
2020-11-30,-0.010676086895126488,0.036847403762892465,-0.00544077535350068,0.14696237520207475,0.8626612303356029,0.4473684210526316,0.7368421052631579,-0.12860083125591934,0.15,1.23836265902176,-0.91,-0.050000000000000044,-0.006588297962399456,2.016651389321894,2.486,-0.7039758854147502,1.151423362460347
2020-12-01,0.00541871165030792,0.03536884256548593,0.008406678855899128,0.1452385476350168,0.8535589999952858,0.6842105263157895,0.7368421052631579,-0.12860083125591934,0.15,1.23836265902176,-0.91,-0.050000000000000044,-0.006588297962399456,2.016651389321894,2.486,-0.7006990923211571,1.142548119371327
2020-12-02,0.019230523359885687,0.032054559148476054,0.00825140470150428,0.14448403274271132,0.850200342436287,0.7631578947368421,0.7105263157894737,-0.12860083125591934,0.15,1.23836265902176,-0.91,-0.050000000000000044,-0.006588297962399456,2.016651389321894,2.486,-0.6974340458941416,1.133763007953961
2020-12-03,0.017982319702458536,0.017601460353003404,0.007152810845929972,0.13678755930383676,0.8063885316866181,0.7631578947368421,0.5526315789473685,-0.12860083125591934,0.15,1.23836265902176,-0.91,-0.050000000000000044,-0.006588297962399456,2.016651389321894,2.486,-0.6941806215465304,1.1250659368861038
2020-12-04,0.01579534080679498,0.023322266295249007,0.013362488494125396,0.13690948606804174,0.8086047044679157,0.7894736842105263,0.6052631578947368,-0.12860083125591934,0.15,1.23836265902176,-0.91,-0.050000000000000044,-0.006588297962399456,2.016651389321894,2.486,-0.69093869617281,1.1164548756601864
2020-12-07,0.014308924973473391,-0.004496995949160854,0.02090280060641496,0.11474252538058989,0.6806522580967361,0.6842105263157895,0.39473684210526316,-0.002402115015244625,0.5,1.2373751853453,-0.92,-0.010000000000000009,-0.010746708214441281,2.030393708736885,2.3613999999999997,-0.04422419308662741,1.0168828345611252
2020-12-08,0.0027609144770901813,0.010538215706151367,0.04536504199566149,0.10511407439135942,0.6280571782792032,0.4473684210526316,0.5,-0.002402115015244625,0.5,1.2373751853453,-0.92,-0.010000000000000009,-0.010746708214441281,2.030393708736885,2.3613999999999997,-0.04369228933349748,1.0091498093484494
2020-12-09,-0.008385082014647608,0.012653695960809298,0.030876739122121244,0.10233638582879505,0.6159880058080045,0.39473684210526316,0.5526315789473685,-0.002402115015244625,0.5,1.2373751853453,-0.92,-0.010000000000000009,-0.010746708214441281,2.030393708736885,2.3613999999999997,-0.043160384718313426,1.0014799937740249
2020-12-10,-0.00958166132844906,0.008856676413989396,0.053032479346501384,0.1024222089951895,0.622004899412392,0.2631578947368421,0.5263157894736842,-0.002402115015244625,0.5,1.2373751853453,-0.92,-0.010000000000000009,-0.010746708214441281,2.030393708736885,2.3613999999999997,-0.04262847878704903,0.9938720036927354
2020-12-11,-0.020082597226966176,0.005734854038005541,0.050880505382527925,0.1045037804788769,0.6402270290913866,0.18421052631578946,0.42105263157894735,-0.002402115015244625,0.5,1.2373751853453,-0.92,-0.010000000000000009,-0.010746708214441281,2.030393708736885,2.3613999999999997,-0.04209657108563979,0.9863244887574575
2020-12-14,-0.009976931881376981,0.001378789194506,0.04775579153321625,0.10100297310009808,0.6242258566156105,0.2631578947368421,0.4473684210526316,0.11441035117774412,0.9,1.236532316006838,-0.97,-0.04999999999999993,0.0018803192069527894,2.04107487486012,2.4189000000000003,0.5543589592764148,0.901508595944493
2020-12-15,-0.010552827606145933,0.008733590874662462,0.04261668747617091,0.09890945170778428,0.6162514374090905,0.2894736842105263,0.5263157894736842,0.11441035117774412,0.9,1.236532316006838,-0.97,-0.04999999999999993,0.0018803192069527894,2.04107487486012,2.4189000000000003,0.5521603682214822,0.8948849417384441
2020-12-16,-0.00022376433301270746,0.015840135937093693,0.03796190641442366,0.09652734268847506,0.6065831550201743,0.47368421052631576,0.5263157894736842,0.11441035117774412,0.9,1.236532316006838,-0.97,-0.04999999999999993,0.0018803192069527894,2.04107487486012,2.4189000000000003,0.5499665165353287,0.8883047325919246
2020-12-17,0.013658663815326273,0.023910094078932506,0.056215725937130576,0.10432720382863175,0.6603630642881271,0.7105263157894737,0.6578947368421053,0.11441035117774412,0.9,1.236532316006838,-0.97,-0.04999999999999993,0.0018803192069527894,2.04107487486012,2.4189000000000003,0.547777366708498,0.8817670888656624
2020-12-18,0.020918481664499264,0.018573617193900337,0.06439982660827502,0.10263889088437178,0.6542288809854536,0.7368421052631579,0.5526315789473685,0.11441035117774412,0.9,1.236532316006838,-0.97,-0.04999999999999993,0.0018803192069527894,2.04107487486012,2.4189000000000003,0.5455928815212209,0.8752711487803142
2020-12-21,0.029992061038678845,0.02364796723564875,0.059314383734791434,0.10881784795806479,0.6988647060428591,0.8421052631578947,0.6578947368421053,-0.07757899264660063,0.3,1.235666824289693,-1.0,-0.030000000000000027,-0.011656662901695944,2.049959732389695,2.3826,-0.4332056149870034,0.7897102338966523
2020-12-22,0.010361994018377573,0.007988792539629724,0.049408916526923814,0.12778922879079052,0.8251969279811183,0.6578947368421053,0.5526315789473685,-0.07757899264660063,0.3,1.235666824289693,-1.0,-0.030000000000000027,-0.011656662901695944,2.049959732389695,2.3826,-0.430035375120678,0.7840031633595498
2020-12-23,0.01628723077127529,0.026908907783500646,0.0701247078322105,0.12235338311945496,0.7952723608100449,0.7105263157894737,0.631578947368421,-0.07757899264660063,0.3,1.235666824289693,-1.0,-0.030000000000000027,-0.011656662901695944,2.049959732389695,2.3826,-0.4268700755482084,0.7783252907554541
2020-12-24,-0.0005323543907515696,0.021526967798584165,0.06253307879889117,0.12408682920094415,0.8114413364023093,0.42105263157894735,0.631578947368421,-0.07757899264660063,0.3,1.235666824289693,-1.0,-0.030000000000000027,-0.011656662901695944,2.049959732389695,2.3826,-0.42370962045501337,0.7726760528509405
2020-12-25,0.005541760453773038,0.02217298569810109,0.08849892320162653,0.12446746472546917,0.8193090927509139,0.5263157894736842,0.5789473684210527,-0.07757899264660063,0.3,1.235666824289693,-1.0,-0.030000000000000027,-0.011656662901695944,2.049959732389695,2.3826,-0.420553914513537,0.7670548956041688
2020-12-28,-0.007124203333243981,0.027199850797531254,0.0875729058273623,0.12278802313557069,0.8127269484827232,0.5,0.6578947368421053,-0.0018561490247932634,0.5,1.234139965415581,-1.03,-0.030000000000000027,0.004583563037043971,2.054255757143345,2.3427000000000002,-0.032374114781124765,0.6222059581210765
2020-12-29,0.009412914876539773,0.011982995765861577,0.08563043090156264,0.1137063258241647,0.7575803832873188,0.7105263157894737,0.5526315789473685,-0.0018561490247932634,0.5,1.234139965415581,-1.03,-0.030000000000000027,0.004583563037043971,2.054255757143345,2.3427000000000002,-0.03387703452122136,0.6175686939901268
2020-12-30,0.014526621366165705,0.022205005789780668,0.0907569733251271,0.12151197584821462,0.8145343655640015,0.7894736842105263,0.631578947368421,-0.0018561490247932634,0.5,1.234139965415581,-1.03,-0.030000000000000027,0.004583563037043971,2.054255757143345,2.3427000000000002,-0.035381033324022815,0.6129461229286772
2020-12-31,0.033887770632632014,0.03743241872875765,0.10707114424522962,0.1307728044644907,0.8810415230567894,0.9736842105263158,0.7368421052631579,-0.0018561490247932634,0.5,1.234139965415581,-1.03,-0.030000000000000027,0.004583563037043971,2.054255757143345,2.3427000000000002,-0.03688612294927075,0.6083379460322967
2021-01-04,0.040824503970869355,0.04720214886217546,0.0986794686938266,0.13741376696785523,0.932079398359882,0.9473684210526315,0.6842105263157895,0.05511783402068779,0.8,1.232573611383418,-1.06,-0.030000000000000027,-0.004157719557549476,2.056657724670313,2.2874,0.25177002123870357,0.46084917125427416
2021-01-05,0.04778478946710102,0.060675715291158894,0.07926306191397846,0.13499994085438788,0.9243216641006222,0.8421052631578947,0.8157894736842105,0.05511783402068779,0.8,1.232573611383418,-1.06,-0.030000000000000027,-0.004157719557549476,2.056657724670313,2.2874,0.24917578114332548,0.4569981820944697
2021-01-06,0.050270148906516224,0.05949223019528762,0.07915564563832805,0.1351434657593619,0.9323083789911145,0.8421052631578947,0.7631578947368421,0.05511783402068779,0.8,1.232573611383418,-1.06,-0.030000000000000027,-0.004157719557549476,2.056657724670313,2.2874,0.24783628833350618,0.4531402035775947
2021-01-07,0.04348010437585319,0.07407019218028146,0.0918321923034892,0.1282714047153917,0.8924806863826978,0.7631578947368421,0.7894736842105263,0.05511783402068779,0.8,1.232573611383418,-1.06,-0.030000000000000027,-0.004157719557549476,2.056657724670313,2.2874,0.24649751798279512,0.4492879850978026
2021-01-08,0.029356274594348718,0.07637035465155544,0.0977629613196281,0.1272814844254144,0.8912761666264891,0.868421052631579,0.868421052631579,0.05511783402068779,0.8,1.232573611383418,-1.06,-0.030000000000000027,-0.004157719557549476,2.056657724670313,2.2874,0.24515946273060346,0.4454413536556536
2021-01-11,0.004377961716856834,0.07166270780599848,0.08725102454324651,0.13324999762274012,0.9383184804769599,0.6578947368421053,0.8947368421052632,-0.0537253993561631,0.35,1.233282398794627,-0.93,0.13,0.0011865125592510908,2.061223075608916,2.0274,-0.3103586280778429,0.5063378394565924
2021-01-12,0.013813403656881,0.08446605082941687,0.10910977676865084,0.14156044780770502,1.0015163806456013,0.7368421052631579,0.9736842105263158,-0.0537253993561631,0.35,1.233282398794627,-0.93,0.13,0.0011865125592510908,2.061223075608916,2.0274,-0.3094076532471403,0.50219776312895
2021-01-13,0.009129800907650202,0.07917485870908375,0.10118966434297665,0.14399426569555127,1.0231408979139764,0.631578947368421,0.9210526315789473,-0.0537253993561631,0.35,1.233282398794627,-0.93,0.13,0.0011865125592510908,2.061223075608916,2.0274,-0.30688704567617464,0.49756685921874166
2021-01-14,-0.005652158241606418,0.06864179827168776,0.09577350781006563,0.15087718219938623,1.0757600049127811,0.5263157894736842,0.868421052631579,-0.0537253993561631,0.35,1.233282398794627,-0.93,0.13,0.0011865125592510908,2.061223075608916,2.0274,-0.3043682584623216,0.49294261568714565
2021-01-15,-0.007204411001071506,0.055507279835157644,0.0987837986950777,0.14775486998369916,1.0574460283403728,0.39473684210526316,0.8421052631578947,-0.0537253993561631,0.35,1.233282398794627,-0.93,0.13,0.0011865125592510908,2.061223075608916,2.0274,-0.30185124345203485,0.4883247232802628
2021-01-18,0.013143032548155981,0.0638872586896552,0.12013291831258231,0.14930192858602015,1.0728001551843376,0.6052631578947368,0.7894736842105263,0.12128134151858469,0.9,1.234814019805165,-0.99,-0.05999999999999994,0.008016405199539512,2.065972748832906,2.0194,0.5913539971006574,0.6239005746921031
2021-01-19,-0.01037243854506611,0.044101551245671916,0.11822031961649404,0.1480540287885729,1.0667107207909952,0.4473684210526316,0.8421052631578947,0.12128134151858469,0.9,1.234814019805165,-0.99,-0.05999999999999994,0.008016405199539512,2.065972748832906,2.0194,0.5894001462549469,0.618835789599336
2021-01-20,0.0023869542224843245,0.07119981891319051,0.12190240648296809,0.12946038639224128,0.9372809084824739,0.5526315789473685,0.8947368421052632,0.12128134151858469,0.9,1.234814019805165,-0.99,-0.05999999999999994,0.008016405199539512,2.065972748832906,2.0194,0.5874504325291616,0.6137859237217038
2021-01-21,0.024657494884186705,0.07701206238459916,0.12960809938179493,0.1334619982875355,0.9697827649850096,0.8421052631578947,0.9210526315789473,0.12128134151858469,0.9,1.234814019805165,-0.99,-0.05999999999999994,0.008016405199539512,2.065972748832906,2.0194,0.5855048280909932,0.608750588358659
2021-01-22,0.023474297713710162,0.07951393193961939,0.1272579149442187,0.131676174243422,0.9604992686403329,0.8157894736842105,0.8421052631578947,0.12128134151858469,0.9,1.234814019805165,-0.99,-0.05999999999999994,0.008016405199539512,2.065972748832906,2.0194,0.5835633053126917,0.603729397873831
2021-01-25,0.019488029428157166,0.07783352766403931,0.1485283754828956,0.13130963846977256,0.9610461080520551,0.6842105263157895,0.8421052631578947,-0.105177933952006,0.2,1.234855619510545,-0.99,0.0,-0.006395559508947336,2.074589774472359,2.0494,-0.5672065153870283,0.6025319171399559
2021-01-26,0.007877343946796879,0.059103098525712786,0.12315035308613655,0.15258252610882347,1.1178181888350978,0.5,0.8421052631578947,-0.105177933952006,0.2,1.234855619510545,-0.99,0.0,-0.006395559508947336,2.074589774472359,2.0494,-0.5673352776269251,0.5977204129385043
2021-01-27,0.0003087409175534831,0.06209564495420422,0.10944748328555177,0.15184154336594619,1.114613622141064,0.5263157894736842,0.868421052631579,-0.105177933952006,0.2,1.234855619510545,-0.99,0.0,-0.006395559508947336,2.074589774472359,2.0494,-0.5674640615137223,0.5929224028834909
2021-01-28,-0.03670372516469773,0.025781715853735742,0.08004128079199249,0.17433614719687224,1.278668828526106,0.0,0.7368421052631579,-0.105177933952006,0.2,1.234855619510545,-0.99,0.0,-0.006395559508947336,2.074589774472359,2.0494,-0.5675928670571482,0.5881375541428653
2021-01-29,-0.0410328356119513,0.004593325695036069,0.059627204776797144,0.168541194735794,1.236765453172478,0.15789473684210525,0.5526315789473685,-0.105177933952006,0.2,1.234855619510545,-0.99,0.0,-0.006395559508947336,2.074589774472359,2.0494,-0.5677216942669367,0.583365536507943
2021-02-01,-0.035932310784541434,0.001076712908628541,0.07160112806605304,0.16519459038530518,1.2109186561345677,0.18421052631578946,0.5263157894736842,0.4122879683261457,1.0,1.23723539210506,-1.02,-0.030000000000000027,0.0036182732197639943,2.083057179687376,2.0869,2.0421282067063853,0.7964980244857119
2021-02-02,-0.007265906208735851,0.004052402849875911,0.06023112219187398,0.16732002619703062,1.2233394234626502,0.2894736842105263,0.5526315789473685,0.4122879683261457,1.0,1.23723539210506,-1.02,-0.030000000000000027,0.0036182732197639943,2.083057179687376,2.0869,2.016718139513841,0.790614503610116
2021-02-03,-0.015046308259044603,-0.003220812211356602,0.06680963369008243,0.16874376549943113,1.2315654810391599,0.23684210526315788,0.5526315789473685,0.4122879683261457,1.0,1.23723539210506,-1.02,-0.030000000000000027,0.0036182732197639943,2.083057179687376,2.0869,1.9919994579477758,0.7847614147653643
2021-02-04,0.0018017827018771458,-0.0158966058202403,0.07082728232085049,0.16865714450378083,1.2292359194504605,0.5789473684210527,0.39473684210526316,0.4122879683261457,1.0,1.23723539210506,-1.02,-0.030000000000000027,0.0036182732197639943,2.083057179687376,2.0869,1.9679389307836581,0.7789381455703682
2021-02-05,0.0067505802256876,-0.018012368673625052,0.06721466239191981,0.1685648128080274,1.226707856417752,0.6052631578947368,0.42105263157894735,0.4122879683261457,1.0,1.23723539210506,-1.02,-0.030000000000000027,0.0036182732197639943,2.083057179687376,2.0869,1.9445055183384534,0.7731440936299903
2021-02-08,0.006982447389346355,0.0036811985811180618,0.0810787604251221,0.16873521508086883,1.2261554958221432,0.5526315789473685,0.5263157894736842,-0.4609184008444114,0.05,1.237794746092276,-1.02,0.0,0.005000828467071367,2.089536083247254,2.0415,-2.30033451964644,0.8183613784134741
2021-02-09,0.014171297792185105,0.004410296985180017,0.09025513700910293,0.16971759976427628,1.231526895531472,0.631578947368421,0.5263157894736842,-0.4609184008444114,0.05,1.237794746092276,-1.02,0.0,0.005000828467071367,2.089536083247254,2.0415,-2.2674130438252287,0.8122298980384138
2021-02-10,0.030867763626197822,0.018517150507191014,0.10642560009093727,0.17296520511131463,1.2529937377843041,0.8947368421052632,0.5789473684210527,-0.4609184008444114,0.05,1.237794746092276,-1.02,0.0,0.005000828467071367,2.089536083247254,2.0415,-2.2355869994320083,0.8061316791348558
2021-02-18,0.038977360490939084,0.0287329129123052,0.11321484712108669,0.1690764284660863,1.2234740043716668,0.9210526315789473,0.631578947368421,-0.04408157366138563,0.45,1.237340703872438,-1.01,0.010000000000000009,-0.0060384979481054295,2.093792305600096,2.0936,-0.2433485078271645,0.7587148549020528
2021-02-19,0.04234302284564729,0.03153506517309375,0.11095243908718393,0.16888003433485366,1.2206856758550517,0.9210526315789473,0.6578947368421053,-0.04408157366138563,0.45,1.237340703872438,-1.01,0.010000000000000009,-0.0060384979481054295,2.093792305600096,2.0936,-0.2393250326957919,0.7529612243452654
2021-02-22,0.016397253452194175,0.006935419485156254,0.08939629536871183,0.17647443699195836,1.271948985574471,0.6578947368421053,0.6052631578947368,0.09908145446513128,0.8,1.237738335666954,-0.8,0.20999999999999996,-0.0011560752481969147,2.099806812052082,1.9309999999999998,0.4403835114218747,0.783195640530158
2021-02-23,-0.0041324491555130415,0.010650286374733083,0.07839980485605377,0.1750536631907418,1.2582791783437426,0.42105263157894735,0.6052631578947368,0.09908145446513128,0.8,1.237738335666954,-0.8,0.20999999999999996,-0.0011560752481969147,2.099806812052082,1.9309999999999998,0.4354235959707009,0.7770245812177637
2021-02-24,-0.03127144631351615,-0.015141250028809462,0.06404736142401081,0.1818214754466602,1.3023969191843394,0.2631578947368421,0.42105263157894735,0.09908145446513128,0.8,1.237738335666954,-0.8,0.20999999999999996,-0.0011560752481969147,2.099806812052082,1.9309999999999998,0.43046319224662616,0.7708831901911567
2021-02-25,-0.029212054272372813,-0.02513663624425432,0.07878433392384553,0.1747995123962002,1.249785196652963,0.2894736842105263,0.3684210526315789,0.09908145446513128,0.8,1.237738335666954,-0.8,0.20999999999999996,-0.0011560752481969147,2.099806812052082,1.9309999999999998,0.42550185480440705,0.7647707697433549
2021-02-26,-0.057390458816707984,-0.0493296913573244,0.051711208380879184,0.19592780295204407,1.3947557279201621,0.07894736842105263,0.15789473684210525,0.09908145446513128,0.8,1.237738335666954,-0.8,0.20999999999999996,-0.0011560752481969147,2.099806812052082,1.9309999999999998,0.4205391338704052,0.7586866319669373
2021-03-01,-0.027240130871733274,-0.03979274081473419,0.06021377254740626,0.20368443954004822,1.440156521350192,0.21052631578947367,0.23684210526315788,0.23710459770825318,0.9,1.237612721567146,-0.71,0.09000000000000008,0.006620732404881051,2.115535549572569,1.8508,1.077359625753213,0.7410812810372915
2021-03-02,-0.03252527922663712,-0.029752336798700922,0.05655061252454315,0.19613172057704192,1.378765937009033,0.2631578947368421,0.23684210526315788,0.23710459770825318,0.9,1.237612721567146,-0.71,0.09000000000000008,0.006620732404881051,2.115535549572569,1.8508,1.0689527956746026,0.7350116074846684
2021-03-03,-0.0026422350273834997,-0.018092225973746448,0.055986414746319386,0.20288393501767554,1.416664583812598,0.5789473684210527,0.2894736842105263,0.23710459770825318,0.9,1.237612721567146,-0.71,0.09000000000000008,0.006620732404881051,2.115535549572569,1.8508,1.0606221930109223,0.7289667685458914
2021-03-04,-0.03301050686115969,-0.021443417940716282,0.026543303702800163,0.20813181516581938,1.4426228878458667,0.05263157894736842,0.2894736842105263,0.23710459770825318,0.9,1.237612721567146,-0.71,0.09000000000000008,0.006620732404881051,2.115535549572569,1.8508,1.0523660601714306,0.7229460941464783
2021-03-05,-0.010154931413774031,-0.018451787159147144,0.023573957264646603,0.20740488472471033,1.4259516555121996,0.34210526315789475,0.34210526315789475,0.23710459770825318,0.9,1.237612721567146,-0.71,0.09000000000000008,0.006620732404881051,2.115535549572569,1.8508,1.0441826862810202,0.7169489212359724
2021-03-08,-0.0491518216077583,-0.05301225163795106,-0.004733389867147029,0.21846348662703535,1.4880757551366715,0.13157894736842105,0.21052631578947367,-0.1252347018649099,0.2,1.23834504658991,-0.66,0.04999999999999993,0.011557119051580344,2.128444048526938,1.7254999999999998,-0.684437412728248,0.7781945805676814
2021-03-09,-0.06022336543059796,-0.08270979602056304,-0.017981677879528202,0.22005533826136428,1.4812097917733535,0.07894736842105263,0.15789473684210525,-0.1252347018649099,0.2,1.23834504658991,-0.66,0.04999999999999993,0.011557119051580344,2.128444048526938,1.7254999999999998,-0.6785135652975894,0.7722097807915179
2021-03-10,-0.06841677899329106,-0.0714626967079929,-0.015191278724061858,0.22233616375619214,1.4771370891129885,0.02631578947368421,0.13157894736842105,-0.1252347018649099,0.2,1.23834504658991,-0.66,0.04999999999999993,0.011557119051580344,2.128444048526938,1.7254999999999998,-0.6726080791485937,0.7662539700178126
2021-03-11,-0.021344538653205056,-0.044589739295798486,0.01358384706424271,0.2372403145161881,1.5529583090678685,0.23684210526315788,0.2894736842105263,-0.1252347018649099,0.2,1.23834504658991,-0.66,0.04999999999999993,0.011557119051580344,2.128444048526938,1.7254999999999998,-0.6667203091830721,0.7603265104505135
2021-03-12,-0.0188135691272632,-0.04401593651209794,0.014342049465832462,0.23727724165141362,1.5306798656924623,0.3684210526315789,0.23684210526315788,-0.1252347018649099,0.2,1.23834504658991,-0.66,0.04999999999999993,0.011557119051580344,2.128444048526938,1.7254999999999998,-0.6608496134502949,0.7544267736978166
2021-03-15,-0.011046131509764225,-0.07104083053706164,0.004303075850054922,0.23734919999543655,1.509582495855601,0.4473684210526316,0.15789473684210525,-0.1755320059787465,0.15,1.239206777926199,-0.62,0.040000000000000036,-0.0035869770569040204,2.140473670942103,1.6311000000000002,-0.9121993930118832,0.8270410632504608
2021-03-16,0.014104036414479952,-0.08277705739826818,0.006099290416328729,0.22679461315750485,1.4234724919573813,0.7105263157894737,0.15789473684210525,-0.1755320059787465,0.15,1.239206777926199,-0.62,0.040000000000000036,-0.0035869770569040204,2.140473670942103,1.6311000000000002,-0.9236091852926223,0.8206436542570156
2021-03-17,0.016217077372418905,-0.08611338296177183,0.01157862625450298,0.22421327898533724,1.3890632449611777,0.7894736842105263,0.13157894736842105,-0.1755320059787465,0.15,1.239206777926199,-0.62,0.040000000000000036,-0.0035869770569040204,2.140473670942103,1.6311000000000002,-0.9375829767699665,0.8142810760084908
2021-03-18,0.004238923452145511,-0.07932817633459205,0.018046534849400928,0.22776117591555892,1.392178732211511,0.6842105263157895,0.10526315789473684,-0.1755320059787465,0.15,1.239206777926199,-0.62,0.040000000000000036,-0.0035869770569040204,2.140473670942103,1.6311000000000002,-0.9547341895013544,0.8079525511627481
2021-03-19,-0.01343285718446045,-0.09979181654220569,-0.012749471533954265,0.23217399871871675,1.4009060893976601,0.23684210526315788,0.10526315789473684,-0.1755320059787465,0.15,1.239206777926199,-0.62,0.040000000000000036,-0.0035869770569040204,2.140473670942103,1.6311000000000002,-0.9758975419830741,0.8016573151572963
2021-03-22,0.009047217386440617,-0.0783908666028152,-0.007568188428003728,0.2319264940176711,1.3814514243158222,0.7105263157894737,0.10526315789473684,0.012488154610694874,0.65,1.239413165699325,-0.57,0.050000000000000044,0.003068347423481799,2.146793858321408,1.5193,0.12226699182790814,0.8140054153180133
2021-03-23,-0.003029773160600869,-0.08167438140335602,-0.026922543782950985,0.23200372746838913,1.3652160783633862,0.5,0.10526315789473684,0.012488154610694874,0.65,1.239413165699325,-0.57,0.050000000000000044,0.003068347423481799,2.146793858321408,1.5193,0.12303108637408637,0.8074807110150745
2021-03-24,-0.02072404711879268,-0.07556598376704834,-0.01950741488266728,0.22864340217255105,1.3322646882343956,0.21052631578947367,0.13157894736842105,0.012488154610694874,0.65,1.239413165699325,-0.57,0.050000000000000044,0.003068347423481799,2.146793858321408,1.5193,0.1237955002360338,0.8009892264697485
2021-03-25,-0.02839512009003645,-0.0785112421522557,-0.02663581601191082,0.22764699798312224,1.3130324631901564,0.10526315789473684,0.07894736842105263,0.012488154610694874,0.65,1.239413165699325,-0.57,0.050000000000000044,0.003068347423481799,2.146793858321408,1.5193,0.12456023494082333,0.7945301361601801
2021-03-26,0.00706212589410217,-0.03533923183139552,-0.005154991249100526,0.22324982057477485,1.2755112743297745,0.6842105263157895,0.21052631578947367,0.012488154610694874,0.65,1.239413165699325,-0.57,0.050000000000000044,0.003068347423481799,2.146793858321408,1.5193,0.1253252920186629,0.7881026262949258
2021-03-29,0.003322658890832023,-0.047828076840249895,-0.009787289990944742,0.21522012942043617,1.2190994463411295,0.631578947368421,0.18421052631578946,-0.10509536916283528,0.3,1.23932638627996,-0.67,-0.10000000000000009,0.008402942100648179,2.142408858659751,1.5465,-0.5554469926415153,0.7737193677508258
2021-03-30,0.014142395148035534,-0.03500670702868336,-0.0056559453016714716,0.21555579396803234,1.2104001789905898,0.6842105263157895,0.21052631578947367,-0.10509536916283528,0.3,1.23932638627996,-0.67,-0.10000000000000009,0.008402942100648179,2.142408858659751,1.5465,-0.549370085322136,0.7673262666074939
2021-03-31,0.017661208184498216,-0.05526254055516664,-0.011259121574708838,0.20862239987906098,1.1611529442787067,0.7368421052631579,0.10526315789473684,-0.10509536916283528,0.3,1.23932638627996,-0.67,-0.10000000000000009,0.008402942100648179,2.142408858659751,1.5465,-0.5432896164830777,0.7609611398854994
2021-04-01,0.03207949384987177,-0.013421241441224238,-0.009082943528204754,0.19687903088026532,1.0881837327352357,0.8421052631578947,0.42105263157894735,-0.10509536916283528,0.3,1.23932638627996,-0.67,-0.10000000000000009,0.008402942100648179,2.142408858659751,1.5465,-0.5372045215328108,0.754623198880881
2021-04-02,0.027506056846882305,0.002321756429260812,-0.011536705034850239,0.20194794082348155,1.1089296290920614,0.8947368421052632,0.47368421052631576,-0.10509536916283528,0.3,1.23932638627996,-0.67,-0.10000000000000009,0.008402942100648179,2.142408858659751,1.5465,-0.5311137110372921,0.7483116631510783
2021-04-06,0.02357469353532703,0.024898438302835432,-0.027037100426487066,0.1806670535070015,0.9881610964935114,0.8947368421052632,0.7631578947368421,-0.08460417347779679,0.35,1.23930087726654,-0.64,0.030000000000000027,0.0029344813757005033,2.141530407120366,1.4961,-0.40228583643830784,0.7396406640581702
2021-04-07,0.01508669880381589,0.04030335720573049,-0.0383540359649566,0.165244146090888,0.9013203213808123,0.7631578947368421,0.868421052631579,-0.08460417347779679,0.35,1.23930087726654,-0.64,0.030000000000000027,0.0029344813757005033,2.141530407120366,1.4961,-0.3975961059070875,0.7333438243439889
2021-04-08,0.025578855789111947,0.03873309422723637,-0.03595041469211312,0.16494261373893038,0.8972450021551712,0.9210526315789473,0.868421052631579,-0.08460417347779679,0.35,1.23930087726654,-0.64,0.030000000000000027,0.0029344813757005033,2.141530407120366,1.4961,-0.39290513509805597,0.7270704802410286
2021-04-09,0.0043215088035080725,0.01224480601548889,-0.048241539100549874,0.15249070811258322,0.8276924384250568,0.47368421052631576,0.6052631578947368,-0.08460417347779679,0.35,1.23930087726654,-0.64,0.030000000000000027,0.0029344813757005033,2.141530407120366,1.4961,-0.3882125510914723,0.720819857827861
2021-04-12,-0.021143963104781234,-8.637548257221447e-06,-0.062036942733980194,0.15999009435477698,0.8658358150417871,0.15789473684210525,0.5526315789473685,-0.03762936605377088,0.55,1.239431131797712,-0.64,0.0,-0.008868459409215454,2.14198444208393,1.5695999999999999,-0.09810601472729875,0.7265965898702597
2021-04-13,-0.02023227328709462,0.01571229652550504,-0.05164733543043852,0.14784026789281482,0.7990317536587026,0.18421052631578946,0.631578947368421,-0.03762936605377088,0.55,1.239431131797712,-0.64,0.0,-0.008868459409215454,2.14198444208393,1.5695999999999999,-0.09737840226984885,0.7202409762173921
2021-04-14,-0.006390962728676149,0.019808358062574395,-0.05855840235051375,0.15045637064521863,0.8125198985603604,0.34210526315789475,0.7105263157894737,-0.03762936605377088,0.55,1.239431131797712,-0.64,0.0,-0.008868459409215454,2.14198444208393,1.5695999999999999,-0.09665084762465828,0.7139060624472986
2021-04-15,-0.012938580425795662,0.009577436429021804,-0.05801879602555898,0.14917544250364836,0.8052269063993177,0.2631578947368421,0.6052631578947368,-0.03762936605377088,0.55,1.239431131797712,-0.64,0.0,-0.008868459409215454,2.14198444208393,1.5695999999999999,-0.0959233496316606,0.7075910104404627
2021-04-16,3.651220801727251e-05,0.008042394771360652,-0.04255286865092618,0.14822278829633218,0.8002757264975254,0.47368421052631576,0.5526315789473685,-0.03762936605377088,0.55,1.239431131797712,-0.64,0.0,-0.008868459409215454,2.14198444208393,1.5695999999999999,-0.09519590713108542,0.7012949835344295
2021-04-19,0.029204156623633338,0.042628376259836565,-0.025628375109275355,0.14052553746865915,0.7592110787841075,0.9736842105263158,0.8947368421052632,-0.026716828897997275,0.55,1.239316488589853,-0.77,-0.13,-0.006970687335565692,2.139696366723415,1.5967999999999998,-0.028142644090485155,0.6842853905963598
2021-04-20,0.02550275386450221,0.03216783300356663,-0.0392876141140923,0.1415648779799712,0.7653594859400658,0.8947368421052632,0.7631578947368421,-0.026716828897997275,0.55,1.239316488589853,-0.77,-0.13,-0.006970687335565692,2.139696366723415,1.5967999999999998,-0.035916676504084435,0.6780985797945177
2021-04-21,0.0161770470188776,0.03901517824205286,-0.032008916786570044,0.13870646440751025,0.7505378596229744,0.7368421052631579,0.7368421052631579,-0.026716828897997275,0.55,1.239316488589853,-0.77,-0.13,-0.006970687335565692,2.139696366723415,1.5967999999999998,-0.0438125076373444,0.6719280175861969
2021-04-22,0.024113416204446167,0.05441489975226065,-0.036292334043597135,0.13103474330428422,0.7089256792409089,0.7894736842105263,0.8947368421052632,-0.026716828897997275,0.55,1.239316488589853,-0.77,-0.13,-0.006970687335565692,2.139696366723415,1.5967999999999998,-0.051835822997484696,0.665772935039344
2021-04-23,0.021212208519907842,0.057649723381304946,-0.04599815501520505,0.13080882674052396,0.7078727721926398,0.7105263157894737,0.9473684210526315,-0.026716828897997275,0.55,1.239316488589853,-0.77,-0.13,-0.006970687335565692,2.139696366723415,1.5967999999999998,-0.059992670025639315,0.6596325644096188
2021-04-26,0.0015473875808382463,0.037113637946572645,-0.04755528524214727,0.12136592650962835,0.6573837602092537,0.5,0.7894736842105263,0.06434619495176812,0.75,1.239077701138471,-0.76,0.010000000000000009,-0.0077514922100541854,2.141606894106419,1.6010999999999997,0.5086822227043879,0.6312539457164089
2021-04-27,0.008443401047460504,0.03728857516019511,-0.05033224249478895,0.12137608730270427,0.6580288895498655,0.631578947368421,0.7631578947368421,0.06434619495176812,0.75,1.239077701138471,-0.76,0.010000000000000009,-0.0077514922100541854,2.141606894106419,1.6010999999999997,0.5043152940914395,0.6258265835332237
2021-04-28,0.014579915446441123,0.03945269854045845,-0.025306345286925803,0.12230157323266343,0.6648654539283075,0.7105263157894737,0.7368421052631579,0.06434619495176812,0.75,1.239077701138471,-0.76,0.010000000000000009,-0.0077514922100541854,2.141606894106419,1.6010999999999997,0.49995618117959606,0.6204419750170739
2021-04-29,0.014972614225163015,0.051726305792925455,-0.021628460735987613,0.11816700167375246,0.6443547414772236,0.6842105263157895,0.8421052631578947,0.06434619495176812,0.75,1.239077701138471,-0.76,0.010000000000000009,-0.0077514922100541854,2.141606894106419,1.6010999999999997,0.4956046319607073,0.6151023320557071
2021-04-30,0.0038188974187613562,0.029389126950194532,-0.0054755324317459705,0.11378180207597571,0.6238759904080733,0.47368421052631576,0.6842105263157895,0.06434619495176812,0.75,1.239077701138471,-0.76,0.010000000000000009,-0.0077514922100541854,2.141606894106419,1.6010999999999997,0.4912603953581363,0.6098101987025736
2021-05-06,0.003687523303744783,0.013295104403435119,-0.0028349263264511935,0.10737113202945527,0.5920351891567877,0.6052631578947368,0.5526315789473685,0.07125996692664466,0.8,1.240247390055822,-0.76,0.0,0.005150235402376579,2.148165928305314,1.5539,0.5307795954071924,0.7232978328449916
2021-05-07,-0.007310345806654061,0.006403535818214016,-0.02171027751690159,0.11200883957318085,0.6206406113190788,0.3157894736842105,0.4473684210526316,0.07125996692664466,0.8,1.240247390055822,-0.76,0.0,0.005150235402376579,2.148165928305314,1.5539,0.5267354877413458,0.718640170242731
2021-05-10,-0.012770633041490662,0.0115953666951519,-0.030811072119680618,0.11103505755276051,0.6184595879557302,0.3157894736842105,0.5,-0.10888933298041559,0.2,1.240693912794111,-0.89,-0.13,-0.01166711115792399,2.151054164152251,1.5749999999999997,-0.6076774590894938,0.7604635798292062
2021-05-11,-0.02024361152065463,0.00590383848315888,-0.02682576399759764,0.11083241848817911,0.6206676414834598,0.23684210526315788,0.5,-0.10888933298041559,0.2,1.240693912794111,-0.89,-0.13,-0.01166711115792399,2.151054164152251,1.5749999999999997,-0.6069912203054515,0.7562883744175501
2021-05-12,-0.005222282712613643,0.01984533543407281,-0.012499597846236762,0.1108036782673114,0.6238754410607458,0.2894736842105263,0.5263157894736842,-0.10888933298041559,0.2,1.240693912794111,-0.89,-0.13,-0.01166711115792399,2.151054164152251,1.5749999999999997,-0.6063055762747623,0.752256377594608
2021-05-13,-0.012451435133041385,0.021987632375174964,-0.02203694168518018,0.10741698584731148,0.6082973262154604,0.34210526315789475,0.5789473684210527,-0.10888933298041559,0.2,1.240693912794111,-0.89,-0.13,-0.01166711115792399,2.151054164152251,1.5749999999999997,-0.6047478712256507,0.7503890570322301
2021-05-14,0.010493908260144836,0.03712971736545347,-0.018198816646103108,0.11704003316561383,0.6660418897375541,0.6578947368421053,0.7105263157894737,-0.10888933298041559,0.2,1.240693912794111,-0.89,-0.13,-0.01166711115792399,2.151054164152251,1.5749999999999997,-0.6031929788616258,0.748885504466265
2021-05-17,0.019008922786182193,0.03699525221001024,-0.02597344712568353,0.11691504805174191,0.6686794309402215,0.6578947368421053,0.7105263157894737,0.11957890563919514,0.85,1.241836777521596,-0.88,0.010000000000000009,0.0007743055038536029,2.158861520072749,1.5262000000000002,0.8280832776058608,0.8762860570902724
2021-05-18,0.025550891371351123,0.04439331028030566,-0.03214263625244433,0.1158169556299091,0.6660272434298848,0.8421052631578947,0.7631578947368421,0.11957890563919514,0.85,1.241836777521596,-0.88,0.010000000000000009,0.0007743055038536029,2.158861520072749,1.5262000000000002,0.8226406450558779,0.877432804792867
2021-05-19,0.013948442242936673,0.033757265468992215,-0.03752851609423917,0.11659501800055243,0.6738913590568404,0.7105263157894737,0.7368421052631579,0.11957890563919514,0.85,1.241836777521596,-0.88,0.010000000000000009,0.0007743055038536029,2.158861520072749,1.5262000000000002,0.8195553733747784,0.8778471039285078
2021-05-20,0.02598270398951405,0.018766179741055673,-0.03839726054131343,0.10334475869976985,0.6011027688676828,0.9210526315789473,0.7105263157894737,0.11957890563919514,0.85,1.241836777521596,-0.88,0.010000000000000009,0.0007743055038536029,2.158861520072749,1.5262000000000002,0.8164821534547633,0.8788568790206531
2021-05-21,0.007189717693940722,0.018816681194891983,-0.02740635240435656,0.10331019916093512,0.6051941780085918,0.6578947368421053,0.6578947368421053,0.11957890563919514,0.85,1.241836777521596,-0.88,0.010000000000000009,0.0007743055038536029,2.158861520072749,1.5262000000000002,0.8134208722374121,0.8805375885216921
2021-05-24,0.0024424444674888707,0.02326064965862151,-0.019398553502681617,0.10442392467553004,0.6159660248925638,0.7105263157894737,0.6842105263157895,0.06881564507975299,0.7,1.24205654963662,-0.8,0.07999999999999996,-0.0029519972909946754,2.163210005509014,1.4795000000000003,0.489947843664499,0.9077119768083582
2021-05-25,0.016723087034446964,0.03700298111030645,0.015851897095518784,0.12112628181009634,0.7187772994294199,0.8421052631578947,0.7105263157894737,0.06881564507975299,0.7,1.24205654963662,-0.8,0.07999999999999996,-0.0029519972909946754,2.163210005509014,1.4795000000000003,0.48381721797248295,0.9085052385629607
2021-05-26,0.021192657184414494,0.03373771413349886,0.012876195362548136,0.12100877559601562,0.7219206268671272,0.868421052631579,0.7631578947368421,0.06881564507975299,0.7,1.24205654963662,-0.8,0.07999999999999996,-0.0029519972909946754,2.163210005509014,1.4795000000000003,0.4776709499834723,0.9099304868130048
2021-05-27,0.024542845601367158,0.041761637761584584,0.04353604387676173,0.11976839083028346,0.719972737368045,0.9210526315789473,0.7631578947368421,0.06881564507975299,0.7,1.24205654963662,-0.8,0.07999999999999996,-0.0029519972909946754,2.163210005509014,1.4795000000000003,0.47150761731010027,0.9120673835766165
2021-05-28,0.028539936490425938,0.03891321663785741,0.028373714957802654,0.120071469528753,0.7278923195202504,0.8947368421052632,0.7631578947368421,0.06881564507975299,0.7,1.24205654963662,-0.8,0.07999999999999996,-0.0029519972909946754,2.163210005509014,1.4795000000000003,0.4653257441856161,0.9150106220688927
2021-05-31,0.03036494629040731,0.03904568050258769,0.04349167201436282,0.12014528519724454,0.733974793488027,0.8421052631578947,0.7631578947368421,-0.18420919333875488,0.1,1.243729539108334,-0.84,-0.039999999999999925,0.000127708318815721,2.164629433283494,1.5377999999999998,-1.1529179860879757,1.14640989741855
2021-06-01,0.017459329630815305,0.039489696515958746,0.035953461753717594,0.12032264694507988,0.7412897354969028,0.7631578947368421,0.7368421052631579,-0.18420919333875488,0.1,1.243729539108334,-0.84,-0.039999999999999925,0.000127708318815721,2.164629433283494,1.5377999999999998,-1.1436244393962407,1.1521939606251175
2021-06-02,0.007375358421908836,0.03729417513664634,0.05326206064561665,0.12282360910028367,0.7633846683875068,0.5263157894736842,0.8421052631578947,-0.18420919333875488,0.1,1.243729539108334,-0.84,-0.039999999999999925,0.000127708318815721,2.164629433283494,1.5377999999999998,-1.1344258816902628,1.1591750276709094
2021-06-03,0.0013760841436252498,0.03945019860146506,0.055067059434161014,0.12177150736618574,0.763619316090667,0.42105263157894735,0.7894736842105263,-0.18420919333875488,0.1,1.243729539108334,-0.84,-0.039999999999999925,0.000127708318815721,2.164629433283494,1.5377999999999998,-1.125319977790138,1.167520069138029
2021-06-04,0.0033085897250253408,0.04953215216953682,0.0808341262905863,0.11533977126479722,0.7311669405155892,0.47368421052631576,0.7631578947368421,-0.18420919333875488,0.1,1.243729539108334,-0.84,-0.039999999999999925,0.000127708318815721,2.164629433283494,1.5377999999999998,-1.1163044608763688,1.1774310235502745
2021-06-07,0.0009356089777445235,0.05275192252182288,0.1046506464227053,0.11553272680717581,0.7405684064982376,0.42105263157894735,0.7368421052631579,-0.020494991029654852,0.6,1.244262107753682,-0.84,0.0,0.0009389880486141938,2.166089179792357,1.5608,-0.07133551365625598,1.2664509384511782
2021-06-08,-0.010311271473395195,0.04942203656321818,0.09405896927361346,0.1179275981734919,0.7644465263471103,0.3684210526315789,0.8157894736842105,-0.020494991029654852,0.6,1.244262107753682,-0.84,0.0,0.0009389880486141938,2.166089179792357,1.5608,-0.07405637535565643,1.276335501806599
2021-06-09,0.0002563229632897657,0.04277278081254975,0.07486292226211148,0.11644674859247149,0.7648284857036982,0.42105263157894735,0.868421052631579,-0.020494991029654852,0.6,1.244262107753682,-0.84,0.0,0.0009389880486141938,2.166089179792357,1.5608,-0.07678373272926439,1.2879555869024506
2021-06-10,0.007408132157690391,0.05930976589219683,0.0812887607191146,0.10625997926254153,0.7080765721287677,0.631578947368421,0.9210526315789473,-0.020494991029654852,0.6,1.244262107753682,-0.84,0.0,0.0009389880486141938,2.166089179792357,1.5608,-0.07951767623168765,1.3015801374056846
2021-06-11,0.001965115569638509,0.04100335947903049,0.09384537336998904,0.0997409757820165,0.6749515489714998,0.5526315789473685,0.8947368421052632,-0.020494991029654852,0.6,1.244262107753682,-0.84,0.0,0.0009389880486141938,2.166089179792357,1.5608,-0.0822582973576644,1.317540681167323
2021-06-15,-0.008307432229532414,0.025435567506108273,0.08223917777869294,0.09861896107383097,0.6771477904456287,0.3684210526315789,0.6578947368421053,-0.04802918703812,0.4,1.245335312154301,-0.85,-0.010000000000000009,0.004096356322577022,2.167359880863537,1.6876,-0.2587620917909231,1.5029315898206794
2021-06-16,-0.017989887476515816,0.005881257715351241,0.05985200442467874,0.11359853755582913,0.7900024244573212,0.18421052631578946,0.5,-0.04802918703812,0.4,1.245335312154301,-0.85,-0.010000000000000009,0.004096356322577022,2.167359880863537,1.6876,-0.2581028756801027,1.5051265594629855
2021-06-17,-0.010935972755459213,0.017888365814153866,0.05968802605450676,0.1155501853471448,0.8141637576359569,0.2631578947368421,0.5789473684210527,-0.04802918703812,0.4,1.245335312154301,-0.85,-0.010000000000000009,0.004096356322577022,2.167359880863537,1.6876,-0.25744391468878014,1.5081617360166466
2021-06-18,-0.011758741655616235,0.02156832024706655,0.08296287624795881,0.11639176469892193,0.8313977256596935,0.3684210526315789,0.5789473684210527,-0.04802918703812,0.4,1.245335312154301,-0.85,-0.010000000000000009,0.004096356322577022,2.167359880863537,1.6876,-0.25678520788228826,1.512112168608489
2021-06-21,-0.009625277103367814,0.024188364681721957,0.07517287888018061,0.11513086730341894,0.8339873643720876,0.2894736842105263,0.5,0.2796627832851611,1.0,1.24574357106405,-0.79,0.05999999999999994,0.0198266089445657,2.167271651984038,1.7408,1.830637727975491,1.5911110188116806
2021-06-22,0.0016517576376264562,0.02464488067624586,0.08692070857692026,0.11535384601867316,0.8475386216108206,0.5263157894736842,0.6052631578947368,0.2796627832851611,1.0,1.24574357106405,-0.79,0.05999999999999994,0.0198266089445657,2.167271651984038,1.7408,1.8103874050941813,1.585321706956002
2021-06-23,0.02541928932839886,0.014577460009303139,0.10599534087187028,0.09957675017569949,0.7433684827554597,0.7368421052631579,0.5,0.2796627832851611,1.0,1.24574357106405,-0.79,0.05999999999999994,0.0198266089445657,2.167271651984038,1.7408,1.7905957539845556,1.579923652820239
2021-06-24,0.013580449755072381,0.010276158384811752,0.10166359589961559,0.10089015271336346,0.7652422361725569,0.7368421052631579,0.42105263157894735,0.2796627832851611,1.0,1.24574357106405,-0.79,0.05999999999999994,0.0198266089445657,2.167271651984038,1.7408,1.7712439126085064,1.574929237079221
2021-06-25,0.02135196272764449,0.01837743737334388,0.09725271308150113,0.10891093741837812,0.8381945246716556,0.8421052631578947,0.47368421052631576,0.2796627832851611,1.0,1.24574357106405,-0.79,0.05999999999999994,0.0198266089445657,2.167271651984038,1.7408,1.752314081202408,1.5703524884965225
2021-06-28,0.026167563545903584,0.021815991737199607,0.09801778353525216,0.10905533302609972,0.8508929889725643,0.9210526315789473,0.5789473684210527,-0.2815815558597835,0.05,1.244554752889296,-0.8,-0.010000000000000009,-0.005604829599573131,2.16823955819576,1.6038999999999999,-1.7433475304609731,1.3425825763681387
2021-06-29,0.011844846961593858,0.006124781347432407,0.0846231603904786,0.1118488052208523,0.8846187820478546,0.6578947368421053,0.5,-0.2815815558597835,0.05,1.244554752889296,-0.8,-0.010000000000000009,-0.005604829599573131,2.16823955819576,1.6038999999999999,-1.7367384145801037,1.342078243062364
2021-06-30,0.012012564068202137,0.00913069444668997,0.1003466967555742,0.11429160290908254,0.9153205326739267,0.6842105263157895,0.47368421052631576,-0.2815815558597835,0.05,1.244554752889296,-0.8,-0.010000000000000009,-0.005604829599573131,2.16823955819576,1.6038999999999999,-1.7305940434048241,1.342129821420753
2021-07-01,0.012990744820035269,0.015891544782938187,0.08257484686977909,0.10877245586418337,0.8814861427663593,0.6842105263157895,0.5,-0.2815815558597835,0.05,1.244554752889296,-0.8,-0.010000000000000009,-0.005604829599573131,2.16823955819576,1.6038999999999999,-1.724927078859999,1.342780220355081
2021-07-02,-0.015901832546803923,0.0010995206829147106,0.05384482368781491,0.12445839616638336,1.0192720508764055,0.2894736842105263,0.3684210526315789,-0.2815815558597835,0.05,1.244554752889296,-0.8,-0.010000000000000009,-0.005604829599573131,2.16823955819576,1.6038999999999999,-1.7197520783215614,1.3440782019657256
2021-07-05,-0.012498103048008836,0.00600929896416543,0.061944986951916296,0.12645175071632722,1.0433175845811635,0.34210526315789475,0.42105263157894735,-0.03584613177313577,0.5,1.24498374399736,-0.89,-0.08999999999999997,0.004775861844457678,2.165313232937005,1.7025000000000001,-0.1438785733551562,1.432303364019402
2021-07-06,-0.006648664087329883,-0.001459491717641999,0.0628877974993328,0.12579164830526404,1.0435326290739348,0.4473684210526316,0.39473684210526316,-0.03584613177313577,0.5,1.24498374399736,-0.89,-0.08999999999999997,0.004775861844457678,2.165313232937005,1.7025000000000001,-0.14365437379024143,1.4294938174607523
2021-07-07,-0.008610039859520626,0.010831926060564538,0.06615780110694162,0.12640060347631782,1.0542020867800588,0.39473684210526316,0.42105263157894735,-0.03584613177313577,0.5,1.24498374399736,-0.89,-0.08999999999999997,0.004775861844457678,2.165313232937005,1.7025000000000001,-0.14343019283433628,1.4271277179789315
2021-07-08,-0.011570592141299862,0.0040646296783485615,0.06668274592497114,0.12837909584071297,1.0743036584187515,0.39473684210526316,0.39473684210526316,-0.03584613177313577,0.5,1.24498374399736,-0.89,-0.08999999999999997,0.004775861844457678,2.165313232937005,1.7025000000000001,-0.14320603045219366,1.4252301082475138
2021-07-09,0.005613368208999815,-0.0006952432657758641,0.08060215500159595,0.12680336240298548,1.066051870865013,0.5263157894736842,0.34210526315789475,-0.03584613177313577,0.5,1.24498374399736,-0.89,-0.08999999999999997,0.004775861844457678,2.165313232937005,1.7025000000000001,-0.14256764269554398,1.4230485552231447
2021-07-12,0.012216154263056297,0.01626033765758322,0.09439341450206722,0.13405993504267036,1.1292392220026521,0.631578947368421,0.42105263157894735,0.07106989899194151,0.8,1.245260077686379,-0.91,-0.020000000000000018,-0.0015622765542316205,2.161058331116954,1.6902999999999997,0.5456676731328959,1.4795975837714261
2021-07-13,0.019030001119865143,0.02587794163175556,0.0883087613478741,0.13230853114601596,1.1173331731735225,0.7368421052631579,0.5526315789473685,0.07106989899194151,0.8,1.245260077686379,-0.91,-0.020000000000000018,-0.0015622765542316205,2.161058331116954,1.6902999999999997,0.5432401480736041,1.478284401614607
2021-07-14,0.005511581225526797,0.034333394762607154,0.08460796275826409,0.12134347355239555,1.028764271868346,0.6578947368421053,0.5789473684210527,0.07106989899194151,0.8,1.245260077686379,-0.91,-0.020000000000000018,-0.0015622765542316205,2.161058331116954,1.6902999999999997,0.5408180780536161,1.4775327813403794
2021-07-15,0.01881690049372796,0.033817502927535735,0.08546313421068184,0.12100239779348007,1.0298336349852288,0.8421052631578947,0.6842105263157895,0.07106989899194151,0.8,1.245260077686379,-0.91,-0.020000000000000018,-0.0015622765542316205,2.161058331116954,1.6902999999999997,0.5384014141735584,1.4773802644926302
2021-07-16,0.01215264912398656,0.023216147513826932,0.06355064750194919,0.12319099293095113,1.0510448216595605,0.7894736842105263,0.6052631578947368,0.07106989899194151,0.8,1.245260077686379,-0.91,-0.020000000000000018,-0.0015622765542316205,2.161058331116954,1.6902999999999997,0.5325177665991851,1.4789184559631523
2021-07-19,-0.0025143600056564373,0.0233712547552946,0.06637630063190857,0.12314366513158949,1.0534003529195093,0.4473684210526316,0.5789473684210527,0.13128845885619056,0.95,1.245870374764012,-1.02,-0.10999999999999999,0.006634749239628578,2.156113383780107,1.7094999999999998,0.9147244487707806,1.617482926227129
2021-07-20,-0.005571875959247069,0.018654308034882036,0.06655983836974944,0.12197781412174843,1.0459219236723545,0.3157894736842105,0.5789473684210527,0.13128845885619056,0.95,1.245870374764012,-1.02,-0.10999999999999999,0.006634749239628578,2.156113383780107,1.7094999999999998,0.9076180784439697,1.620628802009742
2021-07-21,0.009814637661929805,0.018728743096138104,0.07030918421574772,0.12204050214616587,1.0478062837736586,0.6052631578947368,0.6578947368421053,0.13128845885619056,0.95,1.245870374764012,-1.02,-0.10999999999999999,0.006634749239628578,2.156113383780107,1.7094999999999998,0.9005609139384086,1.6247503136348564
2021-07-22,0.004648077996247139,0.024885131168710495,0.06889900368702113,0.12079701056228721,1.0386179770345032,0.42105263157894735,0.631578947368421,0.13128845885619056,0.95,1.245870374764012,-1.02,-0.10999999999999999,0.006634749239628578,2.156113383780107,1.7094999999999998,0.8935519696067451,1.6299359196451786
2021-07-23,0.0033818927922252377,0.005246077578407681,0.06538515271333618,0.11634912175794185,1.0010945333194754,0.5,0.4473684210526316,0.13128845885619056,0.95,1.245870374764012,-1.02,-0.10999999999999999,0.006634749239628578,2.156113383780107,1.7094999999999998,0.8883837316527552,1.622393791644388
2021-07-26,-0.016896082881268183,-0.01969239167187717,0.04103681670317989,0.13970178104905903,1.198875556358413,0.42105263157894735,0.39473684210526316,-0.07015498666712887,0.35,1.244730474232491,-1.05,-0.030000000000000027,0.00209133980644208,2.152238443370104,1.6786,-0.4228599442679554,1.3467014896125824
2021-07-27,-0.039647487362367964,-0.03283802628907979,0.012332435560940349,0.15607635515404064,1.3329576926504048,0.2631578947368421,0.42105263157894735,-0.07015498666712887,0.35,1.244730474232491,-1.05,-0.030000000000000027,0.00209133980644208,2.152238443370104,1.6786,-0.421266356393992,1.3416404735224237
2021-07-28,-0.04947597274929046,-0.042759793721354494,0.005860597241294251,0.15115800150647477,1.2849189692346126,0.2894736842105263,0.3684210526315789,-0.07015498666712887,0.35,1.244730474232491,-1.05,-0.030000000000000027,0.00209133980644208,2.152238443370104,1.6786,-0.419674809578597,1.3368630393261336
2021-07-29,-0.030807510631097372,-0.01891312428242215,0.034272595637162416,0.17192433902561793,1.4495032131771675,0.39473684210526316,0.4473684210526316,-0.07015498666712887,0.35,1.244730474232491,-1.05,-0.030000000000000027,0.00209133980644208,2.152238443370104,1.6786,-0.41808529014649065,1.3323796026243044
2021-07-30,-0.030530134874345995,-0.009382224749134391,0.031167494535245407,0.16377398482929975,1.369929643416015,0.3157894736842105,0.4473684210526316,-0.07015498666712887,0.35,1.244730474232491,-1.05,-0.030000000000000027,0.00209133980644208,2.152238443370104,1.6786,-0.4178046514807534,1.3290477868992236
2021-08-02,0.005058557745600437,-0.002135730878267895,0.053405720255434386,0.16975858667465887,1.4086482967073304,0.5,0.5,0.05870760082677791,0.65,1.244647064047653,-1.16,-0.10999999999999988,-0.00870437403817627,2.146929194124085,1.6780000000000002,0.41764402781587334,1.3055700910053052
2021-08-03,0.020831082813764293,-0.0053582793879856086,0.04593415141619531,0.1708138092703639,1.405782383813967,0.6842105263157895,0.5789473684210527,0.05870760082677791,0.65,1.244647064047653,-1.16,-0.10999999999999988,-0.00870437403817627,2.146929194124085,1.6780000000000002,0.4145230036779316,1.3030107269293671
2021-08-04,0.032722665147790514,-0.001427088714043354,0.0588268739097394,0.17353514200281084,1.4160002148083473,0.7894736842105263,0.5526315789473685,0.05870760082677791,0.65,1.244647064047653,-1.16,-0.10999999999999988,-0.00870437403817627,2.146929194124085,1.6780000000000002,0.4114064419494883,1.300849593714876
2021-08-05,0.006036571986475258,-0.0013059601546470262,0.04553145033625132,0.17348245355386566,1.4036059077633265,0.5789473684210527,0.5,0.05870760082677791,0.65,1.244647064047653,-1.16,-0.10999999999999988,-0.00870437403817627,2.146929194124085,1.6780000000000002,0.4082942513227047,1.2991111575641932
2021-08-06,0.012895067101768768,-0.0021005258563654336,0.056513996770055565,0.17344740996324734,1.3909375468770102,0.7631578947368421,0.47368421052631576,0.05870760082677791,0.65,1.244647064047653,-1.16,-0.10999999999999988,-0.00870437403817627,2.146929194124085,1.6780000000000002,0.4068079630726842,1.296039929409267
2021-08-09,0.0007539398239078388,-0.01359794531741635,0.04366575181919739,0.166522364276708,1.3266292881403907,0.5263157894736842,0.4473684210526316,-0.12169693497751982,0.15,1.245977663147528,-1.06,0.09999999999999987,0.00734727913268911,2.141492191860941,1.5114,-0.762242095380351,1.6363704077513612
2021-08-10,0.016374040728556707,-0.00801423977929404,0.04329926935856983,0.16976655323101839,1.3430498146584635,0.7368421052631579,0.4473684210526316,-0.12169693497751982,0.15,1.245977663147528,-1.06,0.09999999999999987,0.00734727913268911,2.141492191860941,1.5114,-0.758079338048681,1.6328301339809947
2021-08-11,0.004467612111653633,-0.0024710578279165145,0.037743594650041914,0.16818557848492596,1.3214181628249915,0.631578947368421,0.42105263157894735,-0.12169693497751982,0.15,1.245977663147528,-1.06,0.09999999999999987,0.00734727913268911,2.141492191860941,1.5114,-0.75393523581664,1.6298142655519383
2021-08-12,0.0060145015495400396,-0.014108359098834938,0.037597509642854694,0.16626404013283758,1.2978793070516792,0.631578947368421,0.42105263157894735,-0.12169693497751982,0.15,1.245977663147528,-1.06,0.09999999999999987,0.00734727913268911,2.141492191860941,1.5114,-0.7498095438609207,1.6273483571690301
2021-08-13,0.002156212279044747,-0.012096962701307242,0.03268750505958627,0.1656025467293092,1.2823288950740959,0.5263157894736842,0.42105263157894735,-0.12169693497751982,0.15,1.245977663147528,-1.06,0.09999999999999987,0.00734727913268911,2.141492191860941,1.5114,-0.7474073647328892,1.6179267363751864
2021-08-16,-0.0014927222502891843,-0.012576307562049093,0.0349833118749675,0.16564915301382233,1.272452561113832,0.4473684210526316,0.42105263157894735,-0.04431104632491102,0.4,1.247458951077008,-1.08,-0.020000000000000018,-0.00280402763254786,2.139441869815877,1.5977999999999999,-0.24716910612692963,2.0004787999365368
2021-08-17,-0.028992669142363578,-0.03143503296241054,0.011864155748717384,0.1764028925400438,1.3426854469357699,0.23684210526315788,0.39473684210526316,-0.04431104632491102,0.4,1.247458951077008,-1.08,-0.020000000000000018,-0.00280402763254786,2.139441869815877,1.5977999999999999,-0.24745949391687527,1.9859143554397245
2021-08-18,-0.019130458882532543,-0.03141615437237886,0.001890048733062413,0.17641751174470635,1.3334437775518906,0.3157894736842105,0.3157894736842105,-0.04431104632491102,0.4,1.247458951077008,-1.08,-0.020000000000000018,-0.00280402763254786,2.139441869815877,1.5977999999999999,-0.24774994605017278,1.9718495147234223
2021-08-19,-0.0202841585925308,-0.039040595687612874,-0.0038793061340905957,0.17626344662970148,1.3230698367845521,0.23684210526315788,0.21052631578947367,-0.04431104632491102,0.4,1.247458951077008,-1.08,-0.020000000000000018,-0.00280402763254786,2.139441869815877,1.5977999999999999,-0.24804046261580728,1.958276422197531
2021-08-20,-0.029182335285759354,-0.04466119077929183,-0.021037675827540236,0.17951506046363597,1.3374801079764453,0.23684210526315788,0.23684210526315788,-0.04431104632491102,0.4,1.247458951077008,-1.08,-0.020000000000000018,-0.00280402763254786,2.139441869815877,1.5977999999999999,-0.24952047291676566,1.9409041847139967
2021-08-23,-0.01201329476357261,-0.007693519444353517,-0.005569919379031046,0.17375072139391282,1.2859610492969364,0.3684210526315789,0.4473684210526316,0.1833997240143,0.95,1.247512315809267,-1.01,0.07000000000000006,0.010049568473129027,2.135968608705072,1.5989000000000002,1.214634084214329,1.9380748751015802
2021-08-24,0.01911209511157896,0.027324549511536383,0.000611304569889037,0.1605319467019283,1.182236777237106,0.7894736842105263,0.7105263157894737,0.1833997240143,0.95,1.247512315809267,-1.01,0.07000000000000006,0.010049568473129027,2.135968608705072,1.5989000000000002,1.204797943352142,1.9213502609051274
2021-08-25,0.012558765935449601,0.030618584312361207,-0.0030105149623032897,0.16028384666305195,1.174648112751254,0.5789473684210527,0.6842105263157895,0.1833997240143,0.95,1.247512315809267,-1.01,0.07000000000000006,0.010049568473129027,2.135968608705072,1.5989000000000002,1.1950720739739853,1.9050776263269362
2021-08-26,0.004721447544356862,-0.00351163751215864,-0.006533217011642566,0.15084073898771963,1.101673812013767,0.42105263157894735,0.39473684210526316,0.1833997240143,0.95,1.247512315809267,-1.01,0.07000000000000006,0.010049568473129027,2.135968608705072,1.5989000000000002,1.1854537102842273,1.8892442060816625
2021-08-27,0.018695357293254215,0.004564301388308382,-0.0037184026779112653,0.14887337712300844,1.083729848815602,0.7894736842105263,0.5,0.1833997240143,0.95,1.247512315809267,-1.01,0.07000000000000006,0.010049568473129027,2.135968608705072,1.5989000000000002,1.1773251623990018,1.8706649754473907
2021-08-30,0.0034320447394244197,-0.009320032450529536,-0.005446464364631965,0.14008368972024055,1.0166927734861029,0.5,0.3684210526315789,-0.12433733460231614,0.15,1.247647291652731,-1.08,-0.07000000000000006,-0.008126483689645888,2.133476286975699,1.5713,-0.7881327634753087,1.88787267530663
2021-08-31,-0.008810063916215041,-0.002316597218442952,-0.009134368324070524,0.13861043375815463,1.0031997756386353,0.3684210526315789,0.4473684210526316,-0.12433733460231614,0.15,1.247647291652731,-1.08,-0.07000000000000006,-0.008126483689645888,2.133476286975699,1.5713,-0.7841986411664772,1.8694469787642336
2021-09-01,-0.006201347395282591,-0.008305428230711905,0.0010994091158093187,0.1339159506348082,0.9673575714752857,0.5263157894736842,0.47368421052631576,-0.12433733460231614,0.15,1.247647291652731,-1.08,-0.07000000000000006,-0.008126483689645888,2.133476286975699,1.5713,-0.780282216293252,1.851460734973171
2021-09-02,0.005295936095429943,-0.004252273403203956,-0.0014936038795023854,0.13256124314288562,0.9557175123885462,0.6578947368421053,0.5,-0.12433733460231614,0.15,1.247647291652731,-1.08,-0.07000000000000006,-0.008126483689645888,2.133476286975699,1.5713,-0.7763832741612108,1.8338981878072504
2021-09-03,0.0006449091546582696,-0.00768585655880212,-0.010481625680943383,0.13301529906585358,0.9559178760442096,0.631578947368421,0.4473684210526316,-0.12433733460231614,0.15,1.247647291652731,-1.08,-0.07000000000000006,-0.008126483689645888,2.133476286975699,1.5713,-0.7718018425330138,1.8137067616849771
2021-09-06,0.02053920989627506,0.010465237621837686,0.013127629962004589,0.1509610204020282,1.0782701822731184,0.7894736842105263,0.5263157894736842,0.0012195123462611901,0.55,1.247943739449767,-1.01,0.07000000000000006,-0.006141753123166756,2.132866331129754,1.5118999999999998,0.027409662135406444,1.8702070186587414
2021-09-07,0.029737485072510474,0.011046847125510812,0.028910548977972367,0.1514390797583183,1.0749257123029643,0.8157894736842105,0.5263157894736842,0.0012195123462611901,0.55,1.247943739449767,-1.01,0.07000000000000006,-0.006141753123166756,2.132866331129754,1.5118999999999998,0.02793508749429481,1.8492129584517176
2021-09-08,0.021523296026265647,0.008750255683900116,0.040612592618590786,0.151994692599172,1.073991090283326,0.7368421052631579,0.47368421052631576,0.0012195123462611901,0.55,1.247943739449767,-1.01,0.07000000000000006,-0.006141753123166756,2.132866331129754,1.5118999999999998,0.028460572584267832,1.8287104555739688
2021-09-09,0.021315960064449704,0.011049185111705707,0.030758328940406535,0.15129158651347477,1.064542159632337,0.6842105263157895,0.5526315789473685,0.0012195123462611901,0.55,1.247943739449767,-1.01,0.07000000000000006,-0.006141753123166756,2.132866331129754,1.5118999999999998,0.028986117854012176,1.8086788144910944
2021-09-10,0.030637799706327382,0.02079573086848051,0.03191491568100024,0.15155899577703205,1.0620437144014683,0.7894736842105263,0.5789473684210527,0.0012195123462611901,0.55,1.247943739449767,-1.01,0.07000000000000006,-0.006141753123166756,2.132866331129754,1.5118999999999998,0.029422532819147692,1.7889766056859653
2021-09-13,0.006364770672518691,0.01832273054464556,0.029117677737891097,0.15248354664330085,1.0638813314918043,0.42105263157894735,0.5526315789473685,0.2442477412661471,0.95,1.24906501414612,-1.05,-0.040000000000000036,0.005484584267015791,2.131220430149484,1.5402,1.562400406167641,2.0492316981496392
2021-09-14,-0.010403657565055433,0.029635858702818957,0.01685513377529048,0.13864503311367768,0.9647168677103295,0.2631578947368421,0.5526315789473685,0.2442477412661471,0.95,1.24906501414612,-1.05,-0.040000000000000036,0.005484584267015791,2.131220430149484,1.5402,1.54929081214925,2.0234121752999843
2021-09-15,-0.012859539942304134,0.015021174624128523,0.0023337633478877975,0.13820499808586417,0.9573663078550835,0.2894736842105263,0.3684210526315789,0.2442477412661471,0.95,1.24906501414612,-1.05,-0.040000000000000036,0.005484584267015791,2.131220430149484,1.5402,1.5363893063414324,1.9983035364367832
2021-09-16,-0.02182160563816643,0.009511738066070077,-0.0046437264528322725,0.14271699511481029,0.983870452047487,0.13157894736842105,0.3684210526315789,0.2442477412661471,0.95,1.24906501414612,-1.05,-0.040000000000000036,0.005484584267015791,2.131220430149484,1.5402,1.5236897197956771,1.9738711899029682
2021-09-17,-0.021898055787353696,0.02808001036688617,-0.011335102833997947,0.135060893785134,0.9283012462571135,0.18421052631578946,0.6578947368421053,0.2442477412661471,0.95,1.24906501414612,-1.05,-0.040000000000000036,0.005484584267015791,2.131220430149484,1.5402,1.5279251959599127,1.9502541316176583
2021-09-22,-0.021339870439499732,0.008996154868718444,-0.018389756247512212,0.12608671273120844,0.8649323722987073,0.15789473684210525,0.47368421052631576,-0.006705005962603731,0.55,1.249881447096382,-0.96,0.09000000000000008,0.006632761635836169,2.132179920034077,1.5255,-0.03468842041031279,2.1224230512046276
2021-09-23,-0.007886736258551004,0.0026370273326889963,-0.002876449444854377,0.11937089967564855,0.818159471700738,0.21052631578947367,0.3684210526315789,-0.006705005962603731,0.55,1.249881447096382,-0.96,0.09000000000000008,0.006632761635836169,2.132179920034077,1.5255,-0.027407947628266524,2.094596481225627
2021-09-24,-0.006282503798631052,-0.0038200951099521254,-0.01596130451894539,0.12009639969103629,0.8225865436726859,0.3684210526315789,0.3157894736842105,-0.006705005962603731,0.55,1.249881447096382,-0.96,0.09000000000000008,0.006632761635836169,2.132179920034077,1.5255,-0.020028513918435336,2.0675822170628555
2021-09-27,0.004172497736379042,0.00896278825809226,-0.013461973536488496,0.10995658553636606,0.7530332551730471,0.4473684210526316,0.5,-0.15904812448411818,0.15,1.249297109171557,-0.87,0.08999999999999997,0.00015761767881091463,2.131753006853569,1.4113,-0.9865544129296406,1.9050669634638964
2021-09-28,-0.0007271299590463562,0.008657523114585598,0.0038395997537596207,0.10993011928833142,0.7541025092146515,0.42105263157894735,0.47368421052631576,-0.15904812448411818,0.15,1.249297109171557,-0.87,0.08999999999999997,0.00015761767881091463,2.131753006853569,1.4113,-0.9853854878383399,1.8830492714788067
2021-09-29,-0.010247127374780313,-0.004683017245486289,-0.01613878057428369,0.12057614222874713,0.8276884823175946,0.34210526315789475,0.4473684210526316,-0.15904812448411818,0.15,1.249297109171557,-0.87,0.08999999999999997,0.00015761767881091463,2.131753006853569,1.4113,-0.9842185572320916,1.8615655239012279
2021-09-30,-0.00993297504442113,0.0015141162044829074,-0.00616076040194562,0.1233916169668882,0.8472477966679514,0.39473684210526316,0.5,-0.15904812448411818,0.15,1.249297109171557,-0.87,0.08999999999999997,0.00015761767881091463,2.131753006853569,1.4113,-0.9830536141864185,1.8405924466185413
2021-10-08,-0.003826009225217167,-0.0014447569398867018,-0.011177273884641925,0.12233364627241548,0.8403745441433272,0.5,0.42105263157894735,0.17525438957086215,0.85,1.24864836429095,-0.9,-0.030000000000000027,0.008579913287069764,2.130834305434897,1.3607,1.1499238407511823,1.6720938384003896
2021-10-11,0.001072827361841913,0.004739679524504232,-0.0008185540333467195,0.12324537222480723,0.8471355939022907,0.47368421052631576,0.3684210526315789,-0.11938005489386946,0.3,1.249680956747017,-0.89,0.010000000000000009,0.0002975915301904532,2.131404550146283,1.3074000000000001,-0.736413969848869,1.8894629734211255
2021-10-12,-0.011916648421493259,-0.0039040344615659285,-0.01369041687673345,0.13019518021136534,0.8945579861467132,0.3684210526315789,0.3684210526315789,-0.11938005489386946,0.3,1.249680956747017,-0.89,0.010000000000000009,0.0002975915301904532,2.131404550146283,1.3074000000000001,-0.7336670930493717,1.867834308688705
2021-10-13,0.008799894946541873,-0.016422332195219474,-0.01955503989079811,0.11094623464780166,0.764323478737548,0.631578947368421,0.2894736842105263,-0.11938005489386946,0.3,1.249680956747017,-0.89,0.010000000000000009,0.0002975915301904532,2.131404550146283,1.3074000000000001,-0.7309292809062246,1.8467226333069504
2021-10-14,0.0027145007193329716,-0.025508868148694592,-0.022476260802477787,0.1034079123543561,0.7147627902267122,0.4473684210526316,0.18421052631578946,-0.11938005489386946,0.3,1.249680956747017,-0.89,0.010000000000000009,0.0002975915301904532,2.131404550146283,1.3074000000000001,-0.728200454715019,1.8261056906148034
2021-10-15,0.008110445235807022,-0.014857607730345324,-0.008578409874361696,0.10731502425630761,0.7429697323396446,0.6842105263157895,0.2631578947368421,-0.11938005489386946,0.3,1.249680956747017,-0.89,0.010000000000000009,0.0002975915301904532,2.131404550146283,1.3074000000000001,-0.725480536605154,1.8059625368761378
2021-10-18,-0.0017267491990338663,-0.018303029738979338,-0.021362203726108538,0.10847805104813212,0.7521085817801266,0.39473684210526316,0.21052631578947367,-0.14109474278570075,0.15,1.251139125003598,-0.97,-0.07999999999999996,-0.0014569169965086481,2.137747012474928,1.3949,-0.8601975079397391,2.105063046752346
2021-10-19,0.02098849900953703,-0.013553335158356274,-0.004854566991182972,0.11366971369782912,0.7889718758595915,0.7368421052631579,0.2894736842105263,-0.14109474278570075,0.15,1.251139125003598,-0.97,-0.07999999999999996,-0.0014569169965086481,2.137747012474928,1.3949,-0.8548979168397867,2.0780041433558454
2021-10-20,0.008463865126062491,-0.014323237741675671,-0.008576814759079175,0.11404922879354809,0.7924397537367576,0.5789473684210527,0.34210526315789475,-0.14109474278570075,0.15,1.251139125003598,-0.97,-0.07999999999999996,-0.0014569169965086481,2.137747012474928,1.3949,-0.8496290937302923,2.0517185382135334
2021-10-21,0.0053048494697384915,-0.009800361113900664,-0.011599535373492224,0.11208355737756745,0.7796751712415648,0.5789473684210527,0.39473684210526316,-0.14109474278570075,0.15,1.251139125003598,-0.97,-0.07999999999999996,-0.0014569169965086481,2.137747012474928,1.3949,-0.8443905500470821,2.026167457842534
2021-10-22,0.0007472710438177128,-0.0012507967442234769,-0.017645776492473786,0.11073432308408225,0.7713006541513762,0.6052631578947368,0.47368421052631576,-0.14109474278570075,0.15,1.251139125003598,-0.97,-0.07999999999999996,-0.0014569169965086481,2.137747012474928,1.3949,-0.8386909287922631,2.001753268042903
2021-10-25,0.009250289299825125,0.01276886519901222,-0.016759992422530547,0.10363453351071422,0.7232893661936985,0.8157894736842105,0.5789473684210527,-0.054851441437647204,0.4,1.251765580901002,-0.98,-0.010000000000000009,-0.0037755146345187195,2.147351330979091,1.3326,-0.2936397456284774,2.1100548704500524
2021-10-26,-0.0032500370998284713,0.005094683529168956,-0.011486496883236677,0.10202855776952088,0.7132690362923313,0.7105263157894737,0.5789473684210527,-0.054851441437647204,0.4,1.251765580901002,-0.98,-0.010000000000000009,-0.0037755146345187195,2.147351330979091,1.3326,-0.2949230927932507,2.0842406952370913
2021-10-27,-0.011660029630588572,-0.004643396932764509,-0.0033407615083995597,0.11269428049903717,0.7903187355205252,0.42105263157894735,0.5,-0.054851441437647204,0.4,1.251765580901002,-0.98,-0.010000000000000009,-0.0037755146345187195,2.147351330979091,1.3326,-0.29620818066196225,2.059137026932331
2021-10-28,-0.016795293423798645,-0.0187089182791483,0.011252658565077102,0.11197237017394067,0.7893249729098025,0.4473684210526316,0.47368421052631576,-0.054851441437647204,0.4,1.251765580901002,-0.98,-0.010000000000000009,-0.0037755146345187195,2.147351330979091,1.3326,-0.29749501851716065,2.0347097018220177
2021-10-29,-0.012194926646930587,-0.007163219592523012,0.019635269609886093,0.11487135074257374,0.8132277000191191,0.42105263157894735,0.5263157894736842,-0.054851441437647204,0.4,1.251765580901002,-0.98,-0.010000000000000009,-0.0037755146345187195,2.147351330979091,1.3326,-0.2987836156918905,2.0109268151594653
2021-11-01,-0.013531380006319083,-0.004935012543685901,0.0005161382022477428,0.11514300195103329,0.8206489398832679,0.34210526315789475,0.5789473684210527,0.05239443774459514,0.65,1.253166797838031,-0.96,0.020000000000000018,0.005637226490029341,2.156752557149591,1.4399,0.3834944218269706,2.2679118954497905
2021-11-02,-0.01541003260217249,-0.009588219113957176,0.0036336053889368283,0.11565479392514767,0.8290352994166929,0.39473684210526316,0.5789473684210527,0.05239443774459514,0.65,1.253166797838031,-0.96,0.020000000000000018,0.005637226490029341,2.156752557149591,1.4399,0.3846907233101866,2.2368324616735746
2021-11-03,-0.0008405916821212133,0.004763138759894589,-0.00923991093612121,0.10493935769543926,0.7580956863333136,0.39473684210526316,0.5526315789473685,0.05239443774459514,0.65,1.253166797838031,-0.96,0.020000000000000018,0.005637226490029341,2.156752557149591,1.4399,0.3858887396061626,2.206738462121758
2021-11-04,0.01372198299389434,0.00494603975916717,0.004143558745207151,0.10510212342776588,0.7653266622776199,0.5263157894736842,0.6578947368421053,0.05239443774459514,0.65,1.253166797838031,-0.96,0.020000000000000018,0.005637226490029341,2.156752557149591,1.4399,0.3870884786722129,2.1775759341773786
2021-11-05,0.0027011454341802996,-0.0006360649331255443,-0.010386250103724123,0.10584916934843214,0.7771503847424712,0.47368421052631576,0.5789473684210527,0.05239443774459514,0.65,1.253166797838031,-0.96,0.020000000000000018,0.005637226490029341,2.156752557149591,1.4399,0.3882899485079924,2.1492949701635093
2021-11-08,0.0006969663355119213,-0.005310873570015893,-0.004823467448715593,0.1044631429997931,0.7735069310198722,0.5263157894736842,0.5526315789473685,0.013439420361661146,0.65,1.253305177088128,-1.09,-0.13000000000000012,0.0008844535837639391,2.162896851321543,1.4732,0.14004925735889154,2.147988245698983
2021-11-09,0.007182018582567288,0.009510447890103371,-0.0020794431302646526,0.09525578802240763,0.7122027095796346,0.6578947368421053,0.5789473684210527,0.013439420361661146,0.65,1.253305177088128,-1.09,-0.13000000000000012,0.0008844535837639391,2.162896851321543,1.4732,0.1398350680891232,2.1203438991156904
2021-11-10,0.0041407539121799085,0.0001039977255326242,-0.005853096847849141,0.09223821354174389,0.6960845516428771,0.6052631578947368,0.5526315789473685,0.013439420361661146,0.65,1.253305177088128,-1.09,-0.13000000000000012,0.0008844535837639391,2.162896851321543,1.4732,0.13962089541029657,2.093502425535336
2021-11-11,0.010100932964772758,0.012332472004606956,-0.0021295490185768012,0.10368794190757147,0.789048926887723,0.6842105263157895,0.631578947368421,0.013439420361661146,0.65,1.253305177088128,-1.09,-0.13000000000000012,0.0008844535837639391,2.162896851321543,1.4732,0.139406739291726,2.0674231534581096
2021-11-12,0.013251032460586858,0.0045045222916542905,-0.001602829754790897,0.10074688029480683,0.7732820223026508,0.7105263157894737,0.6052631578947368,0.013439420361661146,0.65,1.253305177088128,-1.09,-0.13000000000000012,0.0008844535837639391,2.162896851321543,1.4732,0.13919259970273687,2.0420682409742077
2021-11-15,0.01222503102758171,0.008640906656599683,0.0013870620293260775,0.09879026028894687,0.7648659971600171,0.7368421052631579,0.7631578947368421,-0.011596101867371901,0.5,1.254751871248834,-1.15,-0.05999999999999983,0.009427519918340524,2.162377882525863,1.3733,-0.01186458752459933,2.2809251278090463
2021-11-16,0.010290025973231696,-0.0011880251462019669,0.006054370563922297,0.09105618962456147,0.711833720678235,0.6842105263157895,0.6052631578947368,-0.011596101867371901,0.5,1.254751871248834,-1.15,-0.05999999999999983,0.009427519918340524,2.162377882525863,1.3733,-0.0033895134279916823,2.248980361545568
2021-11-17,0.015141822709692356,0.006781955309162489,0.0107814481121324,0.08933522673330536,0.7053938550822858,0.868421052631579,0.6052631578947368,-0.011596101867371901,0.5,1.254751871248834,-1.15,-0.05999999999999983,0.009427519918340524,2.162377882525863,1.3733,0.00524403189414617,2.2180705164156973
2021-11-18,-0.004507627640250932,0.002519994894617533,0.022355492483535848,0.09208347588299666,0.7352528388321699,0.4473684210526316,0.631578947368421,-0.011596101867371901,0.5,1.254751871248834,-1.15,-0.05999999999999983,0.009427519918340524,2.162377882525863,1.3733,0.014044890181597982,2.1881376999785713
2021-11-19,0.0034081850019411497,0.007165436249777727,0.020935814129682796,0.09521092621402891,0.7685296909596547,0.631578947368421,0.5526315789473685,-0.011596101867371901,0.5,1.254751871248834,-1.15,-0.05999999999999983,0.009427519918340524,2.162377882525863,1.3733,0.02302258926996733,2.159128460893152
2021-11-22,0.010618160974347226,0.010008778331121784,0.032289381596204106,0.09685925212905747,0.7902767526377921,0.631578947368421,0.5789473684210527,0.09480779345866662,0.8,1.254837447275247,-1.11,0.039999999999999813,0.009944439161387212,2.156966610710416,1.3875000000000002,0.7295836725584404,2.145838852063758
2021-11-23,0.006918766074017382,0.008980778027643884,0.042155471923699034,0.09724653361476163,0.8024133318625016,0.5526315789473685,0.6052631578947368,0.09480779345866662,0.8,1.254837447275247,-1.11,0.039999999999999813,0.009944439161387212,2.156966610710416,1.3875000000000002,0.7262476578545406,2.118098164930701
2021-11-24,0.006862552630637954,0.025304537570389016,0.02965729550634297,0.081715857150312,0.6829080351786049,0.6052631578947368,0.7631578947368421,0.09480779345866662,0.8,1.254837447275247,-1.11,0.039999999999999813,0.009944439161387212,2.156966610710416,1.3875000000000002,0.7231254147467355,2.091165454517761
2021-11-25,0.011277871521288708,0.03059315983970488,0.014521268893245598,0.07645177542353147,0.6464866278770225,0.7105263157894737,0.6842105263157895,0.09480779345866662,0.8,1.254837447275247,-1.11,0.039999999999999813,0.009944439161387212,2.156966610710416,1.3875000000000002,0.7202379559945253,2.0649996497083376
2021-11-26,-0.005296122076531872,0.014064240820176441,0.0030809261177013273,0.08227375079069059,0.7034520782032845,0.3684210526315789,0.631578947368421,0.09480779345866662,0.8,1.254837447275247,-1.11,0.039999999999999813,0.009944439161387212,2.156966610710416,1.3875000000000002,0.7176095385270864,2.0395625460171924
2021-11-29,-0.013539591026591764,0.0100005673108491,0.01402834302525548,0.08277316368423632,0.7146541219053402,0.23684210526315788,0.631578947368421,0.46874655805568444,1.0,1.254657222950784,-1.07,0.040000000000000036,-3.33105711129217e-05,2.152986259558017,1.4081000000000001,3.3235574570418382,1.9845838995637117
2021-11-30,-0.014173606400723689,0.010217204229092683,0.00928650822972113,0.08263267365618386,0.7203070504812001,0.23684210526315788,0.6052631578947368,0.46874655805568444,1.0,1.254657222950784,-1.07,0.040000000000000036,-3.33105711129217e-05,2.152986259558017,1.4081000000000001,3.239808171067452,1.9610733074976472
2021-12-01,-0.014286343172792995,0.011858786079717229,0.011938907594125553,0.08292587926509704,0.7289158739909122,0.18421052631578946,0.631578947368421,0.46874655805568444,1.0,1.254657222950784,-1.07,0.040000000000000036,-3.33105711129217e-05,2.152986259558017,1.4081000000000001,3.16143718686341,1.9381649522427047
2021-12-02,-0.015843890758312607,0.0010272860874979313,0.007487442051148034,0.08002931598563555,0.7095445582904432,0.18421052631578946,0.5526315789473685,0.46874655805568444,1.0,1.254657222950784,-1.07,0.040000000000000036,-3.33105711129217e-05,2.152986259558017,1.4081000000000001,3.087878409822592,1.9158314637191713
2021-12-03,0.002307522009416899,0.01367061739541304,0.011589795522400819,0.08452665843695363,0.7549278254468407,0.5263157894736842,0.631578947368421,0.46874655805568444,1.0,1.254657222950784,-1.07,0.040000000000000036,-3.33105711129217e-05,2.152986259558017,1.4081000000000001,3.0186459596917805,1.8940471801482675
2021-12-06,-0.0034235255812056064,0.005880075394131571,0.005308881348619935,0.08988167285587695,0.8078872689159738,0.4473684210526316,0.6052631578947368,0.06917920399785536,0.75,1.255907074619285,-1.08,-0.010000000000000009,0.0011184199713961671,2.146394446335988,1.5667999999999997,0.41076105677916747,2.0726650668887476
2021-12-07,0.0024956318470973887,0.005530817493622784,0.011137230922160252,0.08975900746024774,0.8120468056710627,0.47368421052631576,0.6052631578947368,0.06917920399785536,0.75,1.255907074619285,-1.08,-0.010000000000000009,0.0011184199713961671,2.146394446335988,1.5667999999999997,0.4095101076681762,2.0461405040740015
2021-12-08,0.012231602898379774,0.01994963506591709,0.003631300596230267,0.0986447652486926,0.8995318244436168,0.6842105263157895,0.7105263157894737,0.06917920399785536,0.75,1.255907074619285,-1.08,-0.010000000000000009,0.0011184199713961671,2.146394446335988,1.5667999999999997,0.40826047436211627,2.020361646474113
2021-12-09,0.022951829577589386,0.013878182700314556,0.0007017865562269441,0.09059421797565972,0.8338303659283196,0.8157894736842105,0.7368421052631579,0.06917920399785536,0.75,1.255907074619285,-1.08,-0.010000000000000009,0.0011184199713961671,2.146394446335988,1.5667999999999997,0.4070121500517403,1.9952915217499005
2021-12-10,0.010220656796084028,0.010640241730910209,0.00028715629221919784,0.09192568897651333,0.853954086233874,0.7105263157894737,0.7105263157894737,0.06917920399785536,0.75,1.255907074619285,-1.08,-0.010000000000000009,0.0011184199713961671,2.146394446335988,1.5667999999999997,0.4057651279557352,1.970895670719635
2021-12-13,0.023836320136083868,0.017491364502633725,0.007829241420254096,0.09345586824763948,0.8760131404588491,0.8157894736842105,0.7368421052631579,-0.49529635665868865,0.05,1.255484498610675,-0.96,0.1200000000000001,-0.0012683312741560853,2.140086268429413,1.4161000000000001,-3.199163635375004,1.8821420774287483
2021-12-14,0.014777402452018605,0.010018193972409689,-0.0047231663321485266,0.0971183423041275,0.9181524386613217,0.7105263157894737,0.6052631578947368,-0.49529635665868865,0.05,1.255484498610675,-0.96,0.1200000000000001,-0.0012683312741560853,2.140086268429413,1.4161000000000001,-3.1312847966764057,1.860909889202469
2021-12-15,-0.004949542112854697,-0.0001417297566299611,-0.00768301218914312,0.10075553056888431,0.9603657836066722,0.34210526315789475,0.5526315789473685,-0.49529635665868865,0.05,1.255484498610675,-0.96,0.1200000000000001,-0.0012683312741560853,2.140086268429413,1.4161000000000001,-3.0670992171909903,1.840179868536241
2021-12-16,-0.00421474444186931,0.014171065898696178,0.00689069967941307,0.10168779811711465,0.9749759609860906,0.47368421052631576,0.6052631578947368,-0.49529635665868865,0.05,1.255484498610675,-0.96,0.1200000000000001,-0.0012683312741560853,2.140086268429413,1.4161000000000001,-3.0062755234362495,1.8199307149807935
2021-12-17,-0.012139612923541076,-0.004907556194572017,0.001007083310982258,0.10761791999116485,1.03690173122406,0.3684210526315789,0.47368421052631576,-0.49529635665868865,0.05,1.255484498610675,-0.96,0.1200000000000001,-0.0012683312741560853,2.140086268429413,1.4161000000000001,-2.948522617456566,1.8001423701909391
2021-12-20,-0.03388022687251739,-0.027007023344230885,-0.004229379814096858,0.11851436184455018,1.1463445862812414,0.18421052631578946,0.2894736842105263,0.1433148389335935,0.8,1.254807249388426,-0.97,-0.010000000000000009,0.006496319127385274,2.131867639191361,1.5023000000000002,0.8514712089491937,1.6787865662370256
2021-12-21,-0.01827582988789335,-0.015176401989501048,-0.0011009404326881803,0.12391738750452204,1.2007631187542958,0.2894736842105263,0.34210526315789475,0.1433148389335935,0.8,1.254807249388426,-0.97,-0.010000000000000009,0.006496319127385274,2.131867639191361,1.5023000000000002,0.846814505920708,1.6622417374762442
2021-12-22,-0.007964178918196918,-0.014968461305464836,0.005692679332159694,0.12399432138268345,1.20191476400157,0.3157894736842105,0.34210526315789475,0.1433148389335935,0.8,1.254807249388426,-0.97,-0.010000000000000009,0.006496319127385274,2.131867639191361,1.5023000000000002,0.8421828231726086,1.646018506164393
2021-12-23,-0.010775117765192375,-0.007881923387784904,0.0040023181727717,0.12566681227004173,1.2168889857125298,0.2894736842105263,0.5,0.1433148389335935,0.8,1.254807249388426,-0.97,-0.010000000000000009,0.006496319127385274,2.131867639191361,1.5023000000000002,0.8375758126684234,1.630105501141902
2021-12-24,-0.0031586443220905118,-0.0027700784401306572,0.004130942787522799,0.12214656618155546,1.1824096056892788,0.4473684210526316,0.5263157894736842,0.1433148389335935,0.8,1.254807249388426,-0.97,-0.010000000000000009,0.006496319127385274,2.131867639191361,1.5023000000000002,0.8329931322053782,1.614491910710973
2021-12-27,0.012839412569101273,-0.0006280197485378487,0.004437535018625375,0.1219046855717377,1.177797726608466,0.8421052631578947,0.631578947368421,-0.1831563975270114,0.1,1.255051844559965,-0.97,0.0,-0.005631515186761348,2.124955472718904,1.3866999999999998,-1.0896511920192697,1.6360215543772283
2021-12-28,0.009563369373047765,0.008560573784270411,0.009189558899405943,0.1228665850857893,1.184623526571641,0.7368421052631579,0.6842105263157895,-0.1831563975270114,0.1,1.255051844559965,-0.97,0.0,-0.005631515186761348,2.124955472718904,1.3866999999999998,-1.0811078715769806,1.6207525500403188
2021-12-29,-0.00299779108068466,-0.0036799092133564977,0.012942015626255347,0.12773160174442746,1.2301153753995142,0.39473684210526316,0.5789473684210527,-0.1831563975270114,0.1,1.255051844559965,-0.97,0.0,-0.005631515186761348,2.124955472718904,1.3866999999999998,-1.07264360280463,1.605769017226222
2021-12-30,-0.0018814211197679944,0.006080546250759707,0.012053872097424836,0.12911203068296284,1.2422689394677224,0.39473684210526316,0.6842105263157895,-0.1831563975270114,0.1,1.255051844559965,-0.97,0.0,-0.005631515186761348,2.124955472718904,1.3866999999999998,-1.064256545306784,1.591061601110728
2021-12-31,0.006221439743581822,0.0011438392940342655,0.014178391756321788,0.12590426116154327,1.2107117128331908,0.7368421052631579,0.5789473684210527,-0.1831563975270114,0.1,1.255051844559965,-0.97,0.0,-0.005631515186761348,2.124955472718904,1.3866999999999998,-1.055944908422227,1.5766213928437498
2022-01-04,0.0030170024039156656,0.005812508236583424,0.0063817100606991285,0.12303604384281455,1.18317025687236,0.5526315789473685,0.6052631578947368,-0.042075563874468966,0.4,1.253935975488588,-1.04,-0.07000000000000006,-0.0016928440275779106,2.124592987445064,1.3152,-0.22807099461335098,1.3980334105434582
2022-01-05,-0.014865291025243654,-0.00880034908807063,0.0062409162956555495,0.13029280340505242,1.2529349356282768,0.2631578947368421,0.5263157894736842,-0.042075563874468966,0.4,1.253935975488588,-1.04,-0.07000000000000006,-0.0016928440275779106,2.124592987445064,1.3152,-0.22896218665446952,1.386804864189984
2022-01-06,-0.015005501866048172,-0.03091701397778444,-0.0108633811863347,0.12534015566448234,1.202534606661209,0.18421052631578946,0.2631578947368421,-0.042075563874468966,0.4,1.253935975488588,-1.04,-0.07000000000000006,-0.0016928440275779106,2.124592987445064,1.3152,-0.22985404798859962,1.3757450860609883
2022-01-07,-0.02189742062191794,-0.03876870394874762,-0.012558049243826077,0.1210409724028532,1.1580223848835483,0.21052631578947367,0.2631578947368421,-0.042075563874468966,0.4,1.253935975488588,-1.04,-0.07000000000000006,-0.0016928440275779106,2.124592987445064,1.3152,-0.23074658136894136,1.364850002727774
2022-01-10,-0.022880186291840632,-0.031957003793890396,-0.016812239771325867,0.12203598883996326,1.1648077402022665,0.2631578947368421,0.3157894736842105,0.08565544457849401,0.75,1.254895775926321,-0.72,0.32000000000000006,-0.0024130346815743314,2.124404584713797,1.0666,0.5165423384676955,1.4960210350947312
2022-01-11,-0.027509295769971593,-0.04553310766947204,-0.0194008365102386,0.12079181280821677,1.1506783124533213,0.23684210526315788,0.2631578947368421,0.08565544457849401,0.75,1.254895775926321,-0.72,0.32000000000000006,-0.0024130346815743314,2.124404584713797,1.0666,0.5142282235211534,1.4848501541566195
2022-01-12,-0.0018978723547024082,-0.025475623894791643,-0.016645455068583892,0.13181622768078513,1.2520909039661596,0.3684210526315789,0.34210526315789475,0.08565544457849401,0.75,1.254895775926321,-0.72,0.32000000000000006,-0.0024130346815743314,2.124404584713797,1.0666,0.5119188371007526,1.4738881831628197
2022-01-13,-0.002009425472729689,-0.027976897337659436,-0.021336671785126878,0.1336700725040669,1.2657683678695628,0.5526315789473685,0.3684210526315789,0.08565544457849401,0.75,1.254895775926321,-0.72,0.32000000000000006,-0.0024130346815743314,2.124404584713797,1.0666,0.509614137343077,1.4631312787148747
2022-01-14,-0.006430703280680032,-0.040984662787558336,-0.0242936019942446,0.12944156969903925,1.2223785187608323,0.39473684210526316,0.3157894736842105,0.08565544457849401,0.75,1.254895775926321,-0.72,0.32000000000000006,-0.0024130346815743314,2.124404584713797,1.0666,0.5073140826991034,1.4525758593923388
2022-01-17,-0.002463227048370222,-0.022280617918719537,-0.020022737863513797,0.1278475083456946,1.2040818827066508,0.47368421052631576,0.2894736842105263,0.022662366441529923,0.6,1.255307462573061,-0.66,0.05999999999999994,-0.006057659354589316,2.127319131098937,1.0146,0.13846498518113673,1.5049525860557191
2022-01-18,0.00762573737285952,-0.0040271434240951275,-0.021025388437204202,0.11537238395503423,1.0845914600929716,0.6052631578947368,0.39473684210526316,0.022662366441529923,0.6,1.255307462573061,-0.66,0.05999999999999994,-0.006057659354589316,2.127319131098937,1.0146,0.13924557614801628,1.495733737763765
2022-01-19,-0.014257152293225179,-0.02145694630012347,-0.027652570261980598,0.1134389705839583,1.0645127324822214,0.2631578947368421,0.34210526315789475,0.022662366441529923,0.6,1.255307462573061,-0.66,0.05999999999999994,-0.006057659354589316,2.127319131098937,1.0146,0.14002652935697824,1.48675238063052
2022-01-20,-8.40781145352255e-05,-0.020096796533997742,-0.009760720269073531,0.11415662527177635,1.0710022631043665,0.631578947368421,0.3157894736842105,0.022662366441529923,0.6,1.255307462573061,-0.66,0.05999999999999994,-0.006057659354589316,2.127319131098937,1.0146,0.1408078464665226,1.4780081957968934
2022-01-21,-0.003422232494913898,-0.03363177751727986,-0.010920541065359855,0.11451928392846675,1.073976970495631,0.5263157894736842,0.3157894736842105,0.022662366441529923,0.6,1.255307462573061,-0.66,0.05999999999999994,-0.006057659354589316,2.127319131098937,1.0146,0.14158952913885992,1.4695012889606764
2022-01-24,-0.011421213652121181,-0.030543187248750207,-0.01924902486870439,0.11416275694197951,1.0707520042188476,0.4473684210526316,0.2894736842105263,0.4077206829345,0.95,1.254328668457284,-0.59,0.07000000000000006,0.004938364466595197,2.129626600553733,0.9784000000000002,2.3658023593741757,1.3123332088225144
2022-01-25,-0.035639763371552044,-0.05250631936474845,-0.04313377180243717,0.1351005661177369,1.2631904471853677,0.21052631578947367,0.2894736842105263,0.4077206829345,0.95,1.254328668457284,-0.59,0.07000000000000006,0.004938364466595197,2.129626600553733,0.9784000000000002,2.329917373086937,1.3046728046329565
2022-01-26,-0.025504453021994264,-0.056524768695165505,-0.03774699068180237,0.1325215010797119,1.2358279415169595,0.21052631578947367,0.2631578947368421,0.4077206829345,0.95,1.254328668457284,-0.59,0.07000000000000006,0.004938364466595197,2.129626600553733,0.9784000000000002,2.295301691776491,1.2971885082259451
2022-01-27,-0.050575869911587044,-0.06767487536490013,-0.059495998498539364,0.14552383275645184,1.348574470699053,0.05263157894736842,0.21052631578947367,0.4077206829345,0.95,1.254328668457284,-0.59,0.07000000000000006,0.004938364466595197,2.129626600553733,0.9784000000000002,2.261878105100581,1.2898813569738934
2022-01-28,-0.0459692236241433,-0.07771958002165517,-0.07061174768339751,0.14094565818019084,1.2989572672768572,0.05263157894736842,0.21052631578947367,0.4077206829345,0.95,1.254328668457284,-0.59,0.07000000000000006,0.004938364466595197,2.129626600553733,0.9784000000000002,2.2295758292714893,1.282752720568633
2022-02-07,-0.02677323944453679,-0.06353786643686882,-0.04872340974742148,0.15922001041764416,1.455442577579815,0.13157894736842105,0.18421052631578946,-0.04212266671749647,0.35,1.25539567783102,-0.66,-0.07000000000000006,0.016405235659399216,2.128849746648306,0.9494999999999998,-0.27431840143510416,1.4391788478775698
2022-02-08,-0.008401062030665915,-0.06392438379933003,-0.052231800168615006,0.15922850906364408,1.4434765099012676,0.3157894736842105,0.2894736842105263,-0.04212266671749647,0.35,1.25539567783102,-0.66,-0.07000000000000006,0.016405235659399216,2.128849746648306,0.9494999999999998,-0.2708820699091725,1.4296072549229575
2022-02-09,0.0022420406107197654,-0.03941743705920209,-0.042686968653649904,0.16467416978565724,1.4773486939470488,0.47368421052631576,0.2894736842105263,-0.04212266671749647,0.35,1.25539567783102,-0.66,-0.07000000000000006,0.016405235659399216,2.128849746648306,0.9494999999999998,-0.2674447997903049,1.4202338181542065
2022-02-10,0.023361072530218473,-0.02930830096863349,-0.040275679880500806,0.16211350447762463,1.4393379928954688,0.7105263157894737,0.34210526315789475,-0.04212266671749647,0.35,1.25539567783102,-0.66,-0.07000000000000006,0.016405235659399216,2.128849746648306,0.9494999999999998,-0.26400645605302997,1.4110569198767076
2022-02-11,0.014355439907805112,-0.041466719491932126,-0.06635724074036516,0.16690888570626192,1.4681790604447904,0.6052631578947368,0.3157894736842105,-0.04212266671749647,0.35,1.25539567783102,-0.66,-0.07000000000000006,0.016405235659399216,2.128849746648306,0.9494999999999998,-0.26056690299573343,1.4020752244454557
2022-02-14,-0.009351181918668034,-0.05000886206369623,-0.07132562412667638,0.16623409777600934,1.448338305519553,0.3684210526315789,0.3157894736842105,0.16406811648460434,0.85,1.256859865689744,-0.51,-0.030000000000000027,0.00587575946661943,2.132177217524248,0.8751000000000002,0.8859064219592097,1.6215578044960808
2022-02-15,0.0038112795922106493,-0.03260380843714779,-0.06064555160398606,0.17018850841535996,1.4675761506443235,0.5263157894736842,0.3157894736842105,0.16406811648460434,0.85,1.256859865689744,-0.51,-0.030000000000000027,0.00587575946661943,2.132177217524248,0.8751000000000002,0.8792476170397142,1.6105012349669823
2022-02-16,-0.005839041096721963,-0.04335860580122164,-0.05881603572360356,0.1615815669425593,1.37937515735669,0.34210526315789475,0.2894736842105263,0.16406811648460434,0.85,1.256859865689744,-0.51,-0.030000000000000027,0.00587575946661943,2.132177217524248,0.8751000000000002,0.8726308872184356,1.5997190305682263
2022-02-17,-0.004790710468971534,-0.03208958596487534,-0.060208213059164704,0.15926722698281853,1.346223621135093,0.34210526315789475,0.3157894736842105,0.16406811648460434,0.85,1.256859865689744,-0.51,-0.030000000000000027,0.00587575946661943,2.132177217524248,0.8751000000000002,0.8660553484532201,1.5892082027659602
2022-02-18,0.01139313243511272,-0.02364288377613938,-0.05045648066500151,0.15969792369026592,1.337127579577167,0.6052631578947368,0.39473684210526316,0.16406811648460434,0.85,1.256859865689744,-0.51,-0.030000000000000027,0.00587575946661943,2.132177217524248,0.8751000000000002,0.8595201339165067,1.578966210345878
2022-02-21,0.015377535253193565,-0.03216809976213245,-0.05935627387542398,0.15678512151304375,1.301555454270159,0.6578947368421053,0.3157894736842105,0.014153747438093766,0.55,1.257583157253847,-0.49,0.020000000000000018,0.000744274972642431,2.133868028780921,0.8696999999999999,0.033345629786477,1.6797384575322327
2022-02-22,-0.005711838356933112,-0.045941384166940435,-0.07697555093526641,0.15993583390723123,1.3162242221747051,0.2894736842105263,0.21052631578947367,0.014153747438093766,0.55,1.257583157253847,-0.49,0.020000000000000018,0.000744274972642431,2.133868028780921,0.8696999999999999,0.04268233683099316,1.6657054833799094
2022-02-23,0.005474230334216075,-0.023627223173780396,-0.06026057146340488,0.16805873608321142,1.36976909868026,0.5263157894736842,0.2631578947368421,0.014153747438093766,0.55,1.257583157253847,-0.49,0.020000000000000018,0.000744274972642431,2.133868028780921,0.8696999999999999,0.05222750526513854,1.6519660720591776
2022-02-24,-0.012934818663941193,-0.044940326514281315,-0.08000558435374386,0.17590566234229868,1.415613056687102,0.3684210526315789,0.18421052631578946,0.014153747438093766,0.55,1.257583157253847,-0.49,0.020000000000000018,0.000744274972642431,2.133868028780921,0.8696999999999999,0.06199403846037883,1.6385124694139936
2022-02-25,-0.010317795544095142,-0.030538446825320628,-0.07205214773038536,0.1767141174534766,1.4032485455964234,0.42105263157894735,0.21052631578947367,0.014153747438093766,0.55,1.257583157253847,-0.49,0.020000000000000018,0.000744274972642431,2.133868028780921,0.8696999999999999,0.07199597428985019,1.6253373678322793
2022-02-28,-0.007439963914440951,-0.028186850024452228,-0.06150011571333306,0.1769942977718123,1.3880726258579525,0.4473684210526316,0.21052631578947367,-0.005782451963248853,0.45,1.259635968001839,-0.57,-0.07999999999999996,0.004577322720484807,2.134493291137427,0.8392000000000002,-0.056700356303925656,1.9317508356118525
2022-03-01,0.014205487033624896,0.003903866238236504,-0.04923047287504976,0.1635887863191858,1.2695299480862832,0.6842105263157895,0.4473684210526316,-0.005782451963248853,0.45,1.259635968001839,-0.57,-0.07999999999999996,0.004577322720484807,2.134493291137427,0.8392000000000002,-0.06854365667601993,1.9128597521461883
2022-03-02,-0.0057416134518127335,-0.0038643836035988713,-0.051828578514493934,0.16493420514551818,1.2664892727139623,0.2894736842105263,0.34210526315789475,-0.005782451963248853,0.45,1.259635968001839,-0.57,-0.07999999999999996,0.004577322720484807,2.134493291137427,0.8392000000000002,-0.08079645025845959,1.894438045720036
2022-03-03,0.008156166308094496,0.013791709705400225,-0.05756307487285636,0.1463956145951923,1.1150784182123188,0.6052631578947368,0.5526315789473685,-0.005782451963248853,0.45,1.259635968001839,-0.57,-0.07999999999999996,0.004577322720484807,2.134493291137427,0.8392000000000002,-0.08174836237037471,1.8770337874344787
2022-03-04,-0.009183416536926156,0.006247360261896517,-0.06539167350899891,0.15177057148608852,1.1455855202120915,0.2894736842105263,0.47368421052631576,-0.005782451963248853,0.45,1.259635968001839,-0.57,-0.07999999999999996,0.004577322720484807,2.134493291137427,0.8392000000000002,-0.08270070719028302,1.8600597184596264
2022-03-07,-0.02916641381018685,-0.030580024390102288,-0.09297405153293681,0.1506873350829457,1.1280203974987715,0.21052631578947367,0.23684210526315788,0.14765731917661348,0.85,1.262010683320637,-0.93,-0.3600000000000001,0.020179650039978316,2.136441073749141,1.0795000000000001,0.8613184367511394,2.2067530743097974
2022-03-08,-0.05965433202033491,-0.0473494037514325,-0.10546127931417906,0.16489590966320197,1.2229378703710914,0.13157894736842105,0.23684210526315788,0.14765731917661348,0.85,1.262010683320637,-0.93,-0.3600000000000001,0.020179650039978316,2.136441073749141,1.0795000000000001,0.8594028795545847,2.181706746960993
2022-03-09,-0.0587926907695764,-0.06489911498389503,-0.11311690113116772,0.15557789379963535,1.1445200725820304,0.15789473684210525,0.21052631578947367,0.14765731917661348,0.85,1.262010683320637,-0.93,-0.3600000000000001,0.020179650039978316,2.136441073749141,1.0795000000000001,0.8574923863456813,2.1574136851915546
2022-03-10,-0.04537374804055137,-0.05494311086536963,-0.11516842581178753,0.16238047050070303,1.1853010615681456,0.13157894736842105,0.23684210526315788,0.14765731917661348,0.85,1.262010683320637,-0.93,-0.3600000000000001,0.020179650039978316,2.136441073749141,1.0795000000000001,0.8555869275431977,2.1338398589345076
2022-03-11,-0.031027678652512686,-0.03913575829842128,-0.119371181739101,0.15913961783671474,1.1520373457221316,0.15789473684210525,0.2894736842105263,0.14765731917661348,0.85,1.262010683320637,-0.93,-0.3600000000000001,0.020179650039978316,2.136441073749141,1.0795000000000001,0.853686473797283,2.1109536003525657
2022-03-14,-0.037125425853934205,-0.058354268325368455,-0.14032013418295505,0.17837919018877968,1.2779852424976683,0.07894736842105263,0.2894736842105263,-0.03922071315328127,0.3,1.260406293054742,-0.94,-0.009999999999999898,0.006223532212815959,2.131772789089867,0.8527,-0.2879004165250186,1.8479771848204414
2022-03-15,-0.057291090280314795,-0.10845177362395794,-0.1865886897305777,0.2165995292022495,1.5293246401623426,0.10526315789473684,0.13157894736842105,-0.03922071315328127,0.3,1.260406293054742,-0.94,-0.009999999999999898,0.006223532212815959,2.131772789089867,0.8527,-0.2822308147862253,1.831716104126444
2022-03-16,-0.013975224302858774,-0.07303529819003185,-0.1418695278860451,0.2652955183468749,1.8367967635691718,0.3684210526315789,0.18421052631578946,-0.03922071315328127,0.3,1.260406293054742,-0.94,-0.009999999999999898,0.006223532212815959,2.131772789089867,0.8527,-0.2765342273566223,1.8158492279881764
2022-03-17,-0.001004742120293018,-0.051157142516691116,-0.11122362581922585,0.2815417050024115,1.9094448117117375,0.5,0.23684210526315788,-0.03922071315328127,0.3,1.260406293054742,-0.94,-0.009999999999999898,0.006223532212815959,2.131772789089867,0.8527,-0.27080947512160664,1.8003648682420785
2022-03-18,0.0045380873488292,-0.0459908033847048,-0.11061834994840247,0.28359203616675127,1.884600062090912,0.47368421052631576,0.2894736842105263,-0.03922071315328127,0.3,1.260406293054742,-0.94,-0.009999999999999898,0.006223532212815959,2.131772789089867,0.8527,-0.265055338849914,1.7852520707292865
2022-03-21,0.03153783224923025,-0.04219397132933176,-0.09664268901018372,0.28403944408896314,1.8513969210619388,0.8947368421052632,0.34210526315789475,-0.2532675539017882,0.1,1.260365104750714,-0.72,0.21999999999999997,-0.009101451445060247,2.122070347420225,0.6494,-1.5959072157974954,1.763466035602227
2022-03-22,0.07455527402790622,-0.028184661239118596,-0.07815318883015411,0.2821975221773319,1.8072550010463226,0.9736842105263158,0.3157894736842105,-0.2532675539017882,0.1,1.260365104750714,-0.72,0.21999999999999997,-0.009101451445060247,2.122070347420225,0.6494,-1.5867170302037321,1.7483195274948038
2022-03-23,0.04716368351020335,-0.03134584501404457,-0.0764300144879484,0.2801357056105855,1.7646268025860699,0.868421052631579,0.3684210526315789,-0.2532675539017882,0.1,1.260365104750714,-0.72,0.21999999999999997,-0.009101451445060247,2.122070347420225,0.6494,-1.5776341146808333,1.7335141309372157
2022-03-24,0.017939490901046615,-0.0202828329517033,-0.08531995599998232,0.2746756907883648,1.7032879939190204,0.7105263157894737,0.42105263157894735,-0.2532675539017882,0.1,1.260365104750714,-0.72,0.21999999999999997,-0.009101451445060247,2.122070347420225,0.6494,-1.5686561931541043,1.7190402433112248
2022-03-25,-0.00023452671385652997,-0.03590753455446618,-0.10007775889706663,0.2749376679772347,1.679009846972359,0.47368421052631576,0.3684210526315789,-0.2532675539017882,0.1,1.260365104750714,-0.72,0.21999999999999997,-0.009101451445060247,2.122070347420225,0.6494,-1.5597810566529455,1.7048888370057567
2022-03-28,-0.008723023416114853,-0.04347703083100566,-0.10220706810420806,0.27512155914903363,1.6543742650434403,0.47368421052631576,0.34210526315789475,-0.13718879994519573,0.25,1.261512918416049,-0.47,0.25,0.0059085071541561986,2.123182349377272,0.32379999999999987,-0.8482126406149686,1.8614634381803616
2022-03-29,-0.012557199391941925,-0.05494734766468541,-0.10354980079119733,0.27133522465094867,1.607531622851452,0.39473684210526316,0.3157894736842105,-0.13718879994519573,0.25,1.261512918416049,-0.47,0.25,0.0059085071541561986,2.123182349377272,0.32379999999999987,-0.849920641855573,1.8439839025814184
2022-03-30,-0.00456855674929196,-0.030172788311523785,-0.09056194061028812,0.28142562231571105,1.6416106271016235,0.5,0.3684210526315789,-0.13718879994519573,0.25,1.261512918416049,-0.47,0.25,0.0059085071541561986,2.123182349377272,0.32379999999999987,-0.8516332094297343,1.8269173344129088
2022-03-31,-0.006543458844010001,-0.03498245810380779,-0.08886562376330764,0.2823360506710025,1.6225336268671278,0.2894736842105263,0.34210526315789475,-0.13718879994519573,0.25,1.261512918416049,-0.47,0.25,0.0059085071541561986,2.123182349377272,0.32379999999999987,-0.8533503686409486,1.81024984090558
2022-04-01,0.005330311951371905,-0.02139380606616811,-0.09286602582592673,0.28036583700840195,1.588202666907786,0.631578947368421,0.39473684210526316,-0.13718879994519573,0.25,1.261512918416049,-0.47,0.25,0.0059085071541561986,2.123182349377272,0.32379999999999987,-0.8550721449870713,1.7939683408010887
2022-04-06,0.007637640504351433,-0.00667297651646737,-0.10079086734343844,0.2728666923098511,1.5245683513926351,0.631578947368421,0.42105263157894735,-0.058374632117173364,0.3,1.261073037216191,-0.41,0.06,-0.002425764129434883,2.127376208375103,0.3898999999999999,-0.3667376127704167,1.7128009835266613
2022-04-07,-0.005757126981342172,-0.0010501426256926648,-0.11232393017645514,0.26806655214990616,1.4777908545425307,0.34210526315789475,0.47368421052631576,-0.058374632117173364,0.3,1.261073037216191,-0.41,0.06,-0.002425764129434883,2.127376208375103,0.3898999999999999,-0.36490868145539923,1.6981539823906475
2022-04-08,-0.02383376177083121,0.004786140687221414,-0.09953041135587568,0.2673894922162567,1.4557215401060604,0.2631578947368421,0.5789473684210527,-0.058374632117173364,0.3,1.261073037216191,-0.41,0.06,-0.002425764129434883,2.127376208375103,0.3898999999999999,-0.3630818082252341,1.6838195129967557
2022-04-11,-0.04247365033118395,-0.03208236039444035,-0.11633377222844343,0.28090961564182665,1.5080405041417952,0.15789473684210525,0.34210526315789475,0.0750535987017289,0.7,1.261654997672767,-0.15,0.26,0.012822866043832402,2.130228325551627,0.030899999999999928,0.45819080042126864,1.7556515604927858
2022-04-12,-0.03208240620635652,-0.02244853362001195,-0.10305101141036532,0.2850846315175785,1.5083153125748292,0.18421052631578946,0.3684210526315789,0.0750535987017289,0.7,1.261654997672767,-0.15,0.26,0.012822866043832402,2.130228325551627,0.030899999999999928,0.45647449838288534,1.7405171461846412
2022-04-13,-0.034344788290151904,-0.003892338952685063,-0.11225546934174971,0.27196465643939527,1.4201256899927115,0.18421052631578946,0.5526315789473685,0.0750535987017289,0.7,1.261654997672767,-0.15,0.26,0.012822866043832402,2.130228325551627,0.030899999999999928,0.45227051825859227,1.7258115580019424
2022-04-14,-0.006536441116372992,0.04970450653824914,-0.09135107552285657,0.22966171087205148,1.1879753289468562,0.39473684210526316,0.7894736842105263,0.0750535987017289,0.7,1.261654997672767,-0.15,0.26,0.012822866043832402,2.130228325551627,0.030899999999999928,0.44807162013413143,1.7114329579783014
2022-04-15,-0.012536625878090346,0.006224739111989844,-0.11016916487926362,0.18823157733454948,0.9689562284740797,0.3684210526315789,0.6052631578947368,0.0750535987017289,0.7,1.261654997672767,-0.15,0.26,0.012822866043832402,2.130228325551627,0.030899999999999928,0.443877574814633,1.697372488423697
2022-04-18,0.012988757707412408,-0.018088860566734918,-0.10133558904830132,0.16779355051350403,0.8612264357291518,0.6842105263157895,0.39473684210526316,0.07025231749725828,0.7,1.262769622443737,-0.06,0.09,0.006758755255190574,2.139149840514088,-0.07279999999999998,0.4101795780532767,1.8472532882577961
2022-04-19,-0.003608308755114867,-0.030594929723956013,-0.10022861688480016,0.16422296133534836,0.8403993520293338,0.47368421052631576,0.3157894736842105,0.07025231749725828,0.7,1.262769622443737,-0.06,0.09,0.006758755255190574,2.139149840514088,-0.07279999999999998,0.406116517417691,1.8310343368015354
2022-04-20,-0.00899926168249037,-0.04442943288440568,-0.11879150397586986,0.16735101294789925,0.8535311547028563,0.3157894736842105,0.3157894736842105,0.07025231749725828,0.7,1.262769622443737,-0.06,0.09,0.006758755255190574,2.139149840514088,-0.07279999999999998,0.40243350162352676,1.815239827860065
2022-04-21,-0.033593690804477334,-0.05844445829413441,-0.1325705037001934,0.1695547023100218,0.8608058808463324,0.21052631578947367,0.23684210526315788,0.07025231749725828,0.7,1.262769622443737,-0.06,0.09,0.006758755255190574,2.139149840514088,-0.07279999999999998,0.3987542112020566,1.7998270587251566
2022-04-22,-0.03389496931321911,-0.07483391371143261,-0.12980698189925755,0.16182064563512785,0.8181916391570377,0.23684210526315788,0.18421052631578946,0.07025231749725828,0.7,1.262769622443737,-0.06,0.09,0.006758755255190574,2.139149840514088,-0.07279999999999998,0.3950784937478289,1.784785203506073
2022-04-25,-0.07755152268789287,-0.1135798741556744,-0.17880303362165897,0.21796054759883296,1.0924876330584556,0.10526315789473684,0.07894736842105263,0.21731160052654797,0.95,1.264126275837235,-0.08,-0.020000000000000004,0.00598285685792774,2.141105350664039,-0.05940000000000012,1.29357736303969,1.9678366347388334
2022-04-26,-0.07851571745030865,-0.10887612046040812,-0.1753221018401949,0.2174874026933254,1.080819073015449,0.10526315789473684,0.05263157894736842,0.21731160052654797,0.95,1.264126275837235,-0.08,-0.020000000000000004,0.00598285685792774,2.141105350664039,-0.05940000000000012,1.2832904632012883,1.9496239696305784
2022-04-27,-0.04540471508626877,-0.0811111245545596,-0.15277500541001746,0.2374936862610108,1.1683074227712038,0.07894736842105263,0.13157894736842105,0.21731160052654797,0.95,1.264126275837235,-0.08,-0.020000000000000004,0.00598285685792774,2.141105350664039,-0.05940000000000012,1.273129693595482,1.9318932240147764
2022-04-28,-0.030246305308143377,-0.07613356421033586,-0.12717704563678472,0.23888626302495497,1.1652426117916321,0.10526315789473684,0.15789473684210525,0.21731160052654797,0.95,1.264126275837235,-0.08,-0.020000000000000004,0.00598285685792774,2.141105350664039,-0.05940000000000012,1.263091855634976,1.9146285789389648
2022-04-29,0.005902340787374713,-0.06436301617476595,-0.09840018808988857,0.2566204748352118,1.2392442253415676,0.5263157894736842,0.18421052631578946,0.21731160052654797,0.95,1.264126275837235,-0.08,-0.020000000000000004,0.00598285685792774,2.141105350664039,-0.05940000000000012,1.2531738581275444,1.8978152520184208
2022-05-05,0.05032210954472123,-0.05671430576694317,-0.07790505416535069,0.25614351059568335,1.22602535624798,0.9210526315789473,0.21052631578947367,0.16887937496874975,0.9,1.265811627149067,0.01,0.09,0.02049591029736544,2.135703196505934,-0.04519999999999991,0.9515645337071419,2.124363498856274
2022-05-06,0.03179301682740006,-0.08241341558437998,-0.09755986138865153,0.2653747400288866,1.2577258900013277,0.7368421052631579,0.15789473684210525,0.16887937496874975,0.9,1.265811627149067,0.01,0.09,0.02049591029736544,2.135703196505934,-0.04519999999999991,0.9452572803230394,2.103370442820733
2022-05-09,0.00405712803841696,-0.08469163702049408,-0.1219446379270637,0.2654803022268403,1.2477531050826325,0.5263157894736842,0.10526315789473684,-0.10104515626390723,0.25,1.266460925317937,0.26,0.25,0.004296237738469627,2.1327420598933,-0.27879999999999994,-0.6913793998935446,2.175789485714965
2022-05-10,0.006767631688665173,-0.06360880554032851,-0.11200835191745365,0.2649094466263313,1.234847639650181,0.5789473684210527,0.18421052631578946,-0.10104515626390723,0.25,1.266460925317937,0.26,0.25,0.004296237738469627,2.1327420598933,-0.27879999999999994,-0.689014522861254,2.153757447136345
2022-05-11,-0.011917199336992172,-0.05244645374092691,-0.1125594280376005,0.2699759138938981,1.2482526359220103,0.3157894736842105,0.15789473684210525,-0.10104515626390723,0.25,1.266460925317937,0.26,0.25,0.004296237738469627,2.1327420598933,-0.27879999999999994,-0.6866562665588054,2.1323954801572174
2022-05-12,-0.014441926798899402,-0.02868258223465862,-0.11570805349446857,0.25461114549195824,1.1688809718720734,0.3157894736842105,0.3157894736842105,-0.10104515626390723,0.25,1.266460925317937,0.26,0.25,0.004296237738469627,2.1327420598933,-0.27879999999999994,-0.684304580321856,2.1116777569603333
2022-05-13,0.019561185979564195,-0.030769823398459253,-0.09235411531689246,0.2531780769519908,1.1546801461714349,0.7894736842105263,0.2631578947368421,-0.10104515626390723,0.25,1.266460925317937,0.26,0.25,0.004296237738469627,2.1327420598933,-0.27879999999999994,-0.6798397889524004,2.091976019897242
2022-05-16,0.023161642747705498,-0.027185205982636677,-0.08943181326069016,0.25261653788850785,1.144603489576895,0.8421052631578947,0.34210526315789475,-0.04470775004390377,0.3,1.267023654919655,0.24,-0.020000000000000018,0.007584392132841724,2.121201987267061,-0.11150000000000038,-0.3365134795776371,2.152334489920446
2022-05-17,0.027982447444966214,-0.02908991697898931,-0.08783718406469807,0.2512656269300551,1.1315543969384476,0.868421052631579,0.34210526315789475,-0.04470775004390377,0.3,1.267023654919655,0.24,-0.020000000000000018,0.007584392132841724,2.121201987267061,-0.11150000000000038,-0.33389165574034224,2.1319533329518725
2022-05-18,0.013295618944974443,-0.026614208917862113,-0.09342476799590407,0.250912549880095,1.1224384894035053,0.8157894736842105,0.3684210526315789,-0.04470775004390377,0.3,1.267023654919655,0.24,-0.020000000000000018,0.007584392132841724,2.121201987267061,-0.11150000000000038,-0.3312721849308162,2.1122031005832684
2022-05-19,0.013252201882857615,-0.028419138059213412,-0.09766514114263941,0.2509791208924706,1.1151114128961563,0.7105263157894737,0.3157894736842105,-0.04470775004390377,0.3,1.267023654919655,0.24,-0.020000000000000018,0.007584392132841724,2.121201987267061,-0.11150000000000038,-0.32865501301100647,2.0930621765401227
2022-05-20,0.017507866143823336,-0.009653648499521047,-0.08623938160818181,0.2572843229070441,1.134924351029415,0.7631578947368421,0.39473684210526316,-0.04470775004390377,0.3,1.267023654919655,0.24,-0.020000000000000018,0.007584392132841724,2.121201987267061,-0.11150000000000038,-0.3258934153285322,2.0726196113628883
2022-05-23,0.019090411646653142,0.0009044673465068364,-0.08571893686723057,0.25393075952782745,1.112187868024598,0.8947368421052632,0.5263157894736842,0.0192115685705376,0.55,1.267458544399688,0.23,-0.009999999999999981,-0.01366389701885668,2.110918012570336,0.04430000000000023,0.06193496684641744,2.113555083461401
2022-05-24,-0.015676644559453286,-0.01117287073396526,-0.09780199026721824,0.2646542700497808,1.1503619737777422,0.18421052631578946,0.4473684210526316,0.0192115685705376,0.55,1.267458544399688,0.23,-0.009999999999999981,-0.01366389701885668,2.110918012570336,0.04430000000000023,0.058919399136300996,2.0921802502036186
2022-05-25,-0.006433278435097832,0.0008474819602591705,-0.10533227676521797,0.2650375137785886,1.143990626723887,0.2631578947368421,0.5526315789473685,0.0192115685705376,0.55,1.267458544399688,0.23,-0.009999999999999981,-0.01366389701885668,2.110918012570336,0.04430000000000023,0.05589831614451127,2.0714222724753815
2022-05-26,0.0010480718658206932,0.05018045649450015,-0.08368225061287751,0.20540687041053718,0.884727166467447,0.5526315789473685,0.7631578947368421,0.0192115685705376,0.55,1.267458544399688,0.23,-0.009999999999999981,-0.01366389701885668,2.110918012570336,0.04430000000000023,0.052871606863078034,2.0512574810007522
2022-05-27,-0.00738444611890811,0.06147762283187949,-0.08330603218299477,0.20394006746713123,0.8766958974453408,0.42105263157894735,0.8157894736842105,0.0192115685705376,0.55,1.267458544399688,0.23,-0.009999999999999981,-0.01366389701885668,2.110918012570336,0.04430000000000023,0.04983915909873381,2.031663814436612
2022-05-30,0.001682990283710854,0.04799217271648647,-0.07659598266907876,0.19311779699699436,0.8292153059455122,0.5,0.7631578947368421,-0.13474566287596274,0.2,1.26803753617095,0.11,-0.12000000000000001,-0.013587517390626466,2.103184777982232,0.01629999999999976,-0.8842662468158001,2.092548483850772
2022-05-31,0.03644615690906451,0.05551959148324262,-0.07556132039177861,0.19556206086128844,0.8377935820149187,0.9210526315789473,0.7894736842105263,-0.13474566287596274,0.2,1.26803753617095,0.11,-0.12000000000000001,-0.013587517390626466,2.103184777982232,0.01629999999999976,-0.8775498815430919,2.0706276122200107
2022-06-01,0.02921598660580778,0.024161127778692233,-0.07037467670759745,0.1660093916063854,0.711134490587147,0.8157894736842105,0.6842105263157895,-0.13474566287596274,0.2,1.26803753617095,0.11,-0.12000000000000001,-0.013587517390626466,2.103184777982232,0.01629999999999976,-0.8708756519553755,2.0493200988069926
2022-06-02,0.026635254879062483,0.026493601828841407,-0.06520316204190951,0.1659146744739447,0.709739683528338,0.7894736842105263,0.6842105263157895,-0.13474566287596274,0.2,1.26803753617095,0.11,-0.12000000000000001,-0.013587517390626466,2.103184777982232,0.01629999999999976,-0.8642426545772105,2.0286011999118685
2022-06-06,0.038573759618926465,0.0682583656234059,-0.035548856027142146,0.14874619624210778,0.6364346446993469,0.8421052631578947,0.7894736842105263,-0.03682855332231945,0.5,1.269331298059353,0.22,0.11,0.005176317520305326,2.100041034057549,-0.16389999999999993,-0.2673427324670093,2.1844867500934786
2022-06-07,0.03106754878944065,0.07500259346751016,-0.016362020069451248,0.1448133822244011,0.619867112661643,0.7105263157894737,0.8157894736842105,-0.03682855332231945,0.5,1.269331298059353,0.22,0.11,0.005176317520305326,2.100041034057549,-0.16389999999999993,-0.26378701113962816,2.1605729982657156
2022-06-08,0.031593435766277045,0.0803453955608545,0.01568644739483336,0.14727833382996863,0.6312115668987417,0.8421052631578947,0.8947368421052632,-0.03682855332231945,0.5,1.269331298059353,0.22,0.11,0.005176317520305326,2.100041034057549,-0.16389999999999993,-0.26128144177448265,2.1370690586329513
2022-06-09,0.021355409946724333,0.05743373706240874,0.00977342400870329,0.15347837432653513,0.6578826193063588,0.7631578947368421,0.868421052631579,-0.03682855332231945,0.5,1.269331298059353,0.22,0.11,0.005176317520305326,2.100041034057549,-0.16389999999999993,-0.25877681738026737,2.1142530581790586
2022-06-10,0.0288087434661703,0.06974427209391111,0.008979329464812181,0.15352421112189027,0.6584957306168677,0.6842105263157895,0.8947368421052632,-0.03682855332231945,0.5,1.269331298059353,0.22,0.11,0.005176317520305326,2.100041034057549,-0.16389999999999993,-0.2562730901351079,2.0920956402844886
2022-06-13,-0.0024563458248139554,0.04624083381902776,-0.006977523199443409,0.16151552947957046,0.6926544323514104,0.5789473684210527,0.7894736842105263,0.1127954941453445,0.8,1.27038919312806,0.39,0.17,0.019599101883724882,2.106043799350751,-0.3908999999999998,0.6508226254103845,2.2115786310183045
2022-06-14,-0.0020520925435783413,0.049788858176226324,0.01871131324090462,0.1605598936322641,0.6894342979890881,0.4473684210526316,0.8157894736842105,0.1127954941453445,0.8,1.27038919312806,0.39,0.17,0.019599101883724882,2.106043799350751,-0.3908999999999998,0.649406705098311,2.187067706405587
2022-06-15,-0.008559791544830945,0.04380315657105734,0.06441774613031723,0.15767572426204576,0.6799170078067092,0.39473684210526316,0.7368421052631579,0.1127954941453445,0.8,1.27038919312806,0.39,0.17,0.019599101883724882,2.106043799350751,-0.3908999999999998,0.6434362935998075,2.161178000674936
2022-06-16,0.00015727371101695352,0.044295391828451255,0.023905922022579025,0.15747639723823847,0.6843604718368905,0.6052631578947368,0.7894736842105263,0.1127954941453445,0.8,1.27038919312806,0.39,0.17,0.019599101883724882,2.106043799350751,-0.3908999999999998,0.6374790390974243,2.136053934514635
2022-06-17,-0.00160025712344167,0.05489181308761183,0.00838381446166354,0.15733567198262885,0.6899559153528322,0.6052631578947368,0.8421052631578947,0.1127954941453445,0.8,1.27038919312806,0.39,0.17,0.019599101883724882,2.106043799350751,-0.3908999999999998,0.6315342286765421,2.111659365900186
2022-06-20,0.012945494527074754,0.04167846220227917,0.0014298839788021561,0.15068106365355846,0.6672556136143556,0.631578947368421,0.7368421052631579,0.11493614426107317,0.8,1.271118017461144,0.67,0.28,0.004554237291418356,2.105967170363857,-0.4799000000000002,0.6386120214396948,2.182718669419155
2022-06-21,0.010935665444513626,0.041634111974086806,-0.001890853563811994,0.15069342250126164,0.6739429679942962,0.6052631578947368,0.7105263157894737,0.11493614426107317,0.8,1.271118017461144,0.67,0.28,0.004554237291418356,2.105967170363857,-0.4799000000000002,0.632644591418126,2.1571817076194932
2022-06-22,-0.008451531886230773,0.051028269244279854,-0.018589059783819768,0.13193703853698913,0.5967427796685905,0.3157894736842105,0.7368421052631579,0.11493614426107317,0.8,1.271118017461144,0.67,0.28,0.004554237291418356,2.105967170363857,-0.4799000000000002,0.6289038862871594,2.1318210829199993
2022-06-23,0.008393763654685069,0.05912243391823415,-0.01486399783293925,0.13804627580939036,0.6311345657965652,0.6842105263157895,0.7105263157894737,0.11493614426107317,0.8,1.271118017461144,0.67,0.28,0.004554237291418356,2.105967170363857,-0.4799000000000002,0.6251756171609805,2.1071948231626694
2022-06-24,0.009688552337862194,0.06353229355965333,0.00013287589847912895,0.1395815631341314,0.6447912099515163,0.7105263157894737,0.6842105263157895,0.11493614426107317,0.8,1.271118017461144,0.67,0.28,0.004554237291418356,2.105967170363857,-0.4799000000000002,0.6214596161115012,2.0832686701574312
2022-06-27,0.021179995208009166,0.07024290352919645,0.022844405900667858,0.14363386827971067,0.6702867319796297,0.8157894736842105,0.7105263157894737,-0.13385267776784857,0.2,1.271679313777054,0.57,-0.10000000000000009,-0.005152347262595301,2.099147163297772,-0.3388,-0.8948937731414324,2.131201770765782
2022-06-28,0.03095865317189189,0.07090977486226785,0.03779082302419476,0.1439298220095611,0.6785920100866687,0.7894736842105263,0.7105263157894737,-0.13385267776784857,0.2,1.271679313777054,0.57,-0.10000000000000009,-0.005152347262595301,2.099147163297772,-0.3388,-0.8908053505579445,2.106757200053026
2022-06-29,0.029552343767744897,0.04413445610296025,0.023520483375867058,0.156130291500381,0.7428387699582767,0.8421052631578947,0.7105263157894737,-0.13385267776784857,0.2,1.271679313777054,0.57,-0.10000000000000009,-0.005152347262595301,2.099147163297772,-0.3388,-0.8875692070075747,2.081993024463926
2022-06-30,0.02446723525804678,0.05437368257047315,0.014171794174399495,0.15770147944914115,0.7577484125908923,0.7105263157894737,0.7105263157894737,-0.13385267776784857,0.2,1.271679313777054,0.57,-0.10000000000000009,-0.005152347262595301,2.099147163297772,-0.3388,-0.8843468166173251,2.057921034092642
2022-07-01,0.009279604361671115,0.04617664304226197,0.01595593910416025,0.16090077452964938,0.7807131976915963,0.5789473684210527,0.7105263157894737,-0.13385267776784857,0.2,1.271679313777054,0.57,-0.10000000000000009,-0.005152347262595301,2.099147163297772,-0.3388,-0.8811380473598592,2.034509214740579
2022-07-04,0.0028073725933142925,0.03447651650358428,0.02032146654261025,0.15042480383414394,0.7376335165343987,0.5526315789473685,0.631578947368421,-0.019655741279464435,0.5,1.271638140241474,0.54,-0.029999999999999916,0.00942150271016223,2.088721303909076,-0.05899999999999972,-0.1887631733037312,2.0066291701409904
2022-07-05,-0.005927027529934911,0.03391519854289229,0.02422615498990842,0.15049854107679597,0.7454502602609102,0.3157894736842105,0.631578947368421,-0.019655741279464435,0.5,1.271638140241474,0.54,-0.029999999999999916,0.00942150271016223,2.088721303909076,-0.05899999999999972,-0.18251107764766147,1.9842495327862755
2022-07-06,-0.0035100111010123013,0.009031009235670899,0.025767599256196934,0.15456733972032444,0.7728452237904462,0.42105263157894735,0.5526315789473685,-0.019655741279464435,0.5,1.271638140241474,0.54,-0.029999999999999916,0.00942150271016223,2.088721303909076,-0.05899999999999972,-0.17620699235240844,1.9624490311744556
2022-07-07,-0.010449406066580583,0.02256886655716824,0.027556149878650127,0.148524073091844,0.7500583055253541,0.39473684210526316,0.6578947368421053,-0.019655741279464435,0.5,1.271638140241474,0.54,-0.029999999999999916,0.00942150271016223,2.088721303909076,-0.05899999999999972,-0.16984874936314964,1.9412027295925685
2022-07-08,-0.003806251935513003,0.01356164764057866,0.054623337499831205,0.1452949781951762,0.7422231610429255,0.4473684210526316,0.5789473684210527,-0.019655741279464435,0.5,1.271638140241474,0.54,-0.029999999999999916,0.00942150271016223,2.088721303909076,-0.05899999999999972,-0.16343408014575875,1.9204872364022576
2022-07-11,-0.02481215616067932,0.012120706167718914,0.027591716588287473,0.1471577724522654,0.7606716546489641,0.18421052631578946,0.6052631578947368,-0.08029242674088476,0.3,1.274070775619287,0.72,0.17999999999999994,0.016783477487450876,2.07125738903645,-0.24580000000000002,-0.5335135829135235,2.1945448480961542
2022-07-12,-0.036692122330251084,-0.0007248312437804546,0.021878820949809245,0.153729701296714,0.8028201614171029,0.13157894736842105,0.5526315789473685,-0.08029242674088476,0.3,1.274070775619287,0.72,0.17999999999999994,0.016783477487450876,2.07125738903645,-0.24580000000000002,-0.5416560591007313,2.168590362123503
2022-07-13,-0.02390231170708749,-0.006311510926585648,0.00840172866548244,0.15251500709045895,0.801860938900302,0.21052631578947367,0.5,-0.08029242674088476,0.3,1.274070775619287,0.72,0.17999999999999994,0.016783477487450876,2.07125738903645,-0.24580000000000002,-0.549927905982051,2.143407422610627
2022-07-14,-0.023932593647723297,-0.0015210008015720117,0.01616018210901718,0.15261022543831454,0.8048738689743067,0.05263157894736842,0.5,-0.08029242674088476,0.3,1.274070775619287,0.72,0.17999999999999994,0.016783477487450876,2.07125738903645,-0.24580000000000002,-0.5583335712897646,2.1189596020835926
2022-07-15,-0.03640401836170615,-0.021242113597685817,0.005230561430712651,0.1554481672661453,0.8207319475451709,0.05263157894736842,0.39473684210526316,-0.08029242674088476,0.3,1.274070775619287,0.72,0.17999999999999994,0.016783477487450876,2.07125738903645,-0.24580000000000002,-0.5668777191659141,2.095212992099342
2022-07-18,-0.007673202756212484,-0.00849799111556832,0.023526822587189855,0.16470961358298397,0.8695930969224533,0.3157894736842105,0.5,-0.016779603836884645,0.6,1.273430253854489,0.57,-0.15000000000000002,0.010113788573058984,2.054785552119394,-0.12680000000000025,-0.1690555862470826,1.9965388606133772
2022-07-19,0.00010373568395330175,-0.01155676100434078,0.030981818316252917,0.16523424272386744,0.8725254207437059,0.3684210526315789,0.47368421052631576,-0.016779603836884645,0.6,1.273430253854489,0.57,-0.15000000000000002,0.010113788573058984,2.054785552119394,-0.12680000000000025,-0.1695612995336207,1.9755143284765724
2022-07-20,0.00992178239751882,0.012061803357163944,0.0519172018674786,0.16049702820812534,0.8481865246358006,0.5526315789473685,0.6842105263157895,-0.016779603836884645,0.6,1.273430253854489,0.57,-0.15000000000000002,0.010113788573058984,2.054785552119394,-0.12680000000000025,-0.1700671694127702,1.955031673565267
2022-07-21,0.002161742150732323,-0.007753022305524759,0.05221689357296862,0.15300651536869048,0.809229281647093,0.39473684210526316,0.4473684210526316,-0.016779603836884645,0.6,1.273430253854489,0.57,-0.15000000000000002,0.010113788573058984,2.054785552119394,-0.12680000000000025,-0.1705731963323445,1.935069094813994
2022-07-22,0.012978442160202969,-0.017952223775345045,0.09576052627880849,0.14901297756450868,0.792927102475745,0.6842105263157895,0.23684210526315788,-0.016779603836884645,0.6,1.273430253854489,0.57,-0.15000000000000002,0.010113788573058984,2.054785552119394,-0.12680000000000025,-0.17107938074080634,1.9156061300625944
2022-07-25,-0.006247392548474507,-0.035925378872051994,0.095795147489024,0.13992555131359163,0.7497282884953234,0.39473684210526316,0.21052631578947367,-0.050793820995840504,0.4,1.273722914028621,0.43,-0.13999999999999996,-0.013330516443269876,2.043420079100309,0.012799999999999923,-0.389506354470104,1.9306654141430906
2022-07-26,0.006242944135147388,-0.03627247004108529,0.08262947753766908,0.139586117123091,0.7545064054945924,0.631578947368421,0.21052631578947367,-0.050793820995840504,0.4,1.273722914028621,0.43,-0.13999999999999996,-0.013330516443269876,2.043420079100309,0.012799999999999923,-0.38640008992729075,1.9111905805963885
2022-07-27,-0.00698829519809154,-0.024478835608672495,0.07517521197753044,0.13001249093444484,0.7097190979407442,0.2894736842105263,0.2631578947368421,-0.050793820995840504,0.4,1.273722914028621,0.43,-0.13999999999999996,-0.013330516443269876,2.043420079100309,0.012799999999999923,-0.383297471793602,1.892194119112586
2022-07-28,0.005226066796873257,-0.026994190766698286,0.05154061958246717,0.1275705910490473,0.704662620125788,0.5526315789473685,0.23684210526315788,-0.050793820995840504,0.4,1.273722914028621,0.43,-0.13999999999999996,-0.013330516443269876,2.043420079100309,0.012799999999999923,-0.3801984100992463,1.8736579750623517
2022-07-29,-0.002373792851008673,-0.029605620988024838,0.04306462388307859,0.12923310831179924,0.7222847645014274,0.4473684210526316,0.2631578947368421,-0.050793820995840504,0.4,1.273722914028621,0.43,-0.13999999999999996,-0.013330516443269876,2.043420079100309,0.012799999999999923,-0.37710281517085376,1.8555651630108092
2022-08-01,0.00831964645125089,-0.030413105014115403,0.07232177711287484,0.128587455756324,0.727951586193669,0.6578947368421053,0.2631578947368421,-0.07668318134933477,0.35,1.274187409227173,0.14,-0.29,-0.006739580823942527,2.034528302319302,0.09640000000000004,-0.5397721899271107,1.8912023229129649
2022-08-02,-0.01567786620720224,-0.04602330871835261,0.06289448329204989,0.13784306834002655,0.7898610997571482,0.3157894736842105,0.2631578947368421,-0.07668318134933477,0.35,1.274187409227173,0.14,-0.29,-0.006739580823942527,2.034528302319302,0.09640000000000004,-0.5348392588429108,1.872391050672712
2022-08-03,-0.014475411520837969,-0.035444236028498166,0.05393216876802729,0.13167639741547962,0.7642495413749788,0.42105263157894735,0.34210526315789475,-0.07668318134933477,0.35,1.274187409227173,0.14,-0.29,-0.006739580823942527,2.034528302319302,0.09640000000000004,-0.5299146846483905,1.8540270912215004
2022-08-04,-0.013204940119916716,-0.029749724820034417,0.05025287879954262,0.13559611267335336,0.7973645031097941,0.34210526315789475,0.34210526315789475,-0.07668318134933477,0.35,1.274187409227173,0.14,-0.29,-0.006739580823942527,2.034528302319302,0.09640000000000004,-0.524998092226165,1.8360939519943738
2022-08-05,0.012773327044877037,-0.013026042007634797,0.07027987772685504,0.15077987142711582,0.8957671777045264,0.6842105263157895,0.39473684210526316,-0.07668318134933477,0.35,1.274187409227173,0.14,-0.29,-0.006739580823942527,2.034528302319302,0.09640000000000004,-0.520089106881756,1.8185760928559214
2022-08-08,0.005313144325862707,-0.0002878045275733808,0.058073735459173347,0.14197425904342056,0.8528445006004861,0.42105263157894735,0.4473684210526316,-0.008474626990972232,0.65,1.273367195481132,0.37,0.22999999999999998,0.006923511996665933,2.028088905308708,-0.09580000000000011,-0.07654213271973916,1.708417893513345
2022-08-09,0.022054656850474103,0.012723470462372564,0.06178749739481849,0.1348087366780204,0.8194662214261387,0.8157894736842105,0.5263157894736842,-0.008474626990972232,0.65,1.273367195481132,0.37,0.22999999999999998,0.006923511996665933,2.028088905308708,-0.09580000000000011,-0.07815775266269906,1.6941890989704196
2022-08-10,0.01459851588640587,0.0030565915649951956,0.04054823720946695,0.14011315592716372,0.861410800851673,0.7894736842105263,0.5,-0.008474626990972232,0.65,1.273367195481132,0.37,0.22999999999999998,0.006923511996665933,2.028088905308708,-0.09580000000000011,-0.079775009009009,1.6802689418794228
2022-08-11,0.02733977476566528,0.02152264359335415,0.06429703462023345,0.15824895807277406,0.9822352823405436,0.868421052631579,0.5789473684210527,-0.008474626990972232,0.65,1.273367195481132,0.37,0.22999999999999998,0.006923511996665933,2.028088905308708,-0.09580000000000011,-0.08139391736856533,1.6666493467357055
2022-08-12,0.008799857343177342,0.03217783369724869,0.06582753318717477,0.15082729612460408,0.9459705402837476,0.6842105263157895,0.631578947368421,-0.008474626990972232,0.65,1.273367195481132,0.37,0.22999999999999998,0.006923511996665933,2.028088905308708,-0.09580000000000011,-0.08301449343154536,1.653322723191716
2022-08-15,0.011456403439843586,0.01884180166848269,0.05202227275519359,0.14305578735904714,0.9080713672265037,0.7368421052631579,0.6052631578947368,-0.07968816060369929,0.25,1.276370331548278,0.37,0.0,-0.008410877936360995,2.027604808273518,-0.09819999999999984,-0.5435934914228859,1.979821897799051
2022-08-16,0.007757142263470392,0.020376877041889653,0.050454228011635745,0.1424314735402194,0.9149006102743947,0.5789473684210527,0.5789473684210527,-0.07968816060369929,0.25,1.276370331548278,0.37,0.0,-0.008410877936360995,2.027604808273518,-0.09819999999999984,-0.5398585109392113,1.961081180095186
2022-08-17,0.022603337884363476,0.01573814705183985,0.07882821965328371,0.13975553230055893,0.9098781360572937,0.7631578947368421,0.631578947368421,-0.07968816060369929,0.25,1.276370331548278,0.37,0.0,-0.008410877936360995,2.027604808273518,-0.09819999999999984,-0.5361328840451227,1.9428355002103923
2022-08-18,-0.00493274920399408,0.014428152238627746,0.0657975638513372,0.14059110294554752,0.9278472739335748,0.42105263157894735,0.6578947368421053,-0.07968816060369929,0.25,1.276370331548278,0.37,0.0,-0.008410877936360995,2.027604808273518,-0.09819999999999984,-0.5324164523671608,1.925067915097261
2022-08-19,-0.009632156089585297,0.00956723544746042,0.055147305231768765,0.14255587102945794,0.9473633077267809,0.2894736842105263,0.5789473684210527,-0.07968816060369929,0.25,1.276370331548278,0.37,0.0,-0.008410877936360995,2.027604808273518,-0.09819999999999984,-0.5287090588858441,1.9077625743371298
2022-08-22,-0.006043775539842069,0.019045418677115122,0.05336294333425963,0.141846556435517,0.9491774213450681,0.3684210526315789,0.6842105263157895,0.053339330906947945,0.7,1.275132122242044,0.43,0.06,0.022746772155058315,2.025006124345365,-0.34750000000000014,0.3311992828466679,1.7522545850133693
2022-08-23,-0.006953223405981655,0.007180709500760608,0.04181801432194323,0.13990492970634494,0.9417739576042339,0.39473684210526316,0.5789473684210527,0.053339330906947945,0.7,1.275132122242044,0.43,0.06,0.022746772155058315,2.025006124345365,-0.34750000000000014,0.32705906578481936,1.7371364261394886
2022-08-24,-0.02556291398646094,-0.0028364717365295545,0.016819148757758258,0.14819601303418958,1.0029152072120717,0.15789473684210525,0.47368421052631576,0.053339330906947945,0.7,1.275132122242044,0.43,0.06,0.022746772155058315,2.025006124345365,-0.34750000000000014,0.3229169226078542,1.7223533537261069
2022-08-25,-0.009191695132501303,1.0390309253182836e-05,0.027389882113028112,0.15031507899836757,1.0190598922832148,0.34210526315789475,0.39473684210526316,0.053339330906947945,0.7,1.275132122242044,0.43,0.06,0.022746772155058315,2.025006124345365,-0.34750000000000014,0.31877260241060223,1.7078958328629992
2022-08-26,-0.0046808428541559415,0.0072601854443131485,0.023831207498550337,0.14679335576881178,0.9973391957925241,0.34210526315789475,0.5789473684210527,0.053339330906947945,0.7,1.275132122242044,0.43,0.06,0.022746772155058315,2.025006124345365,-0.34750000000000014,0.3146258522666959,1.6937548875052817
2022-08-29,-0.016722575898727318,-0.0059968036728630875,-0.0019333921833941514,0.14773989449139835,1.0038845343731573,0.23684210526315788,0.34210526315789475,0.2157375537137985,0.95,1.276406548966954,0.47,0.03999999999999998,0.006878505190472482,2.022038640724959,-0.36739999999999995,1.3570130590653293,1.8222329106608413
2022-08-30,-0.014193609308693053,0.008664966399269794,-0.0034431437761904757,0.13622537172989382,0.926545122830205,0.2631578947368421,0.5526315789473685,0.2157375537137985,0.95,1.276406548966954,0.47,0.03999999999999998,0.006878505190472482,2.022038640724959,-0.36739999999999995,1.345718187514884,1.8051030701685176
2022-08-31,-0.004884037789997878,0.006754901994310537,-0.019658324798516667,0.13696913320202375,0.9326938488358532,0.42105263157894735,0.5263157894736842,0.2157375537137985,0.95,1.276406548966954,0.47,0.03999999999999998,0.006878505190472482,2.022038640724959,-0.36739999999999995,1.3345746975252883,1.7883619894808152
2022-09-01,-0.023237997353031392,-0.010022666923861492,-0.017203525186727613,0.13721945633154808,0.9361258212834862,0.18421052631578946,0.34210526315789475,0.2157375537137985,0.95,1.276406548966954,0.47,0.03999999999999998,0.006878505190472482,2.022038640724959,-0.36739999999999995,1.3235784763151923,1.7719965882095357
2022-09-02,-0.021867338765295938,-0.027380480365859827,-0.026844874732915906,0.12051502229580661,0.8252637669752023,0.21052631578947367,0.2631578947368421,0.2157375537137985,0.95,1.276406548966954,0.47,0.03999999999999998,0.006878505190472482,2.022038640724959,-0.36739999999999995,1.3127255599659278,1.7559945223514093
2022-09-05,-0.014645362610938186,-0.025955310609663985,-0.014122408969518385,0.12058606799294516,0.8296256924106917,0.21052631578947367,0.23684210526315788,-0.0035273405179684107,0.65,1.27514287618408,0.73,0.26,0.006918187418909633,2.019634177398426,-0.5872000000000002,-0.08969236964803255,1.6004259319126743
2022-09-06,-0.006758937121538581,-0.020148627572742897,-0.00814998835415072,0.12381671421558632,0.8554565623371198,0.34210526315789475,0.2894736842105263,-0.0035273405179684107,0.65,1.27514287618408,0.73,0.26,0.006918187418909633,2.019634177398426,-0.5872000000000002,-0.08515754983962351,1.5872996875524643
2022-09-07,-0.004260884164087697,-0.012104498056183036,-0.015359417417773424,0.11916451068728384,0.8269815635484108,0.4473684210526316,0.3157894736842105,-0.0035273405179684107,0.65,1.27514287618408,0.73,0.26,0.006918187418909633,2.019634177398426,-0.5872000000000002,-0.0806028862847799,1.5744268885190573
2022-09-08,0.002518031899397123,-0.03484440979012964,-0.014842766998347447,0.08801787014214296,0.6157761902058357,0.5526315789473685,0.18421052631578946,-0.0035273405179684107,0.65,1.27514287618408,0.73,0.26,0.006918187418909633,2.019634177398426,-0.5872000000000002,-0.07602785365014834,1.561801128009216
2022-09-09,0.014455780890378512,-0.02172455681865866,-0.010788836719095729,0.10009598155029718,0.7049802594590169,0.7894736842105263,0.2631578947368421,-0.0035273405179684107,0.65,1.27514287618408,0.73,0.26,0.006918187418909633,2.019634177398426,-0.5872000000000002,-0.07143191419939016,1.5494163485928376
2022-09-13,0.01917950127718934,-0.018232212772318235,-0.007888402219403803,0.10184323760503217,0.7214220129848514,0.8421052631578947,0.2631578947368421,-0.11117944573377275,0.15,1.27552579486609,0.91,0.18000000000000005,-0.005916451513353235,2.014071282225868,-0.7037,-0.7600318913846349,1.5796999146547068
2022-09-14,-0.000809024805399166,-0.028714794641612456,-0.01989467860406352,0.1106080990260653,0.7872348325677512,0.42105263157894735,0.21052631578947367,-0.11117944573377275,0.15,1.27552579486609,0.91,0.18000000000000005,-0.005916451513353235,2.014071282225868,-0.7037,-0.7605764667104655,1.5671230697766059
2022-09-15,-0.00708904942402646,-0.041796885364572975,-0.01399693495556912,0.1106990537225164,0.7898721102724107,0.34210526315789475,0.18421052631578946,-0.11117944573377275,0.15,1.27552579486609,0.91,0.18000000000000005,-0.005916451513353235,2.014071282225868,-0.7037,-0.7611214821963507,1.5547896398394352
2022-09-16,-0.024116708582781365,-0.05402836916891693,-0.04735323923581389,0.12496526830240186,0.8930552319914795,0.18421052631578946,0.15789473684210525,-0.11117944573377275,0.15,1.27552579486609,0.91,0.18000000000000005,-0.005916451513353235,2.014071282225868,-0.7037,-0.7616669386283015,1.5426939734591212
2022-09-19,-0.041577817154821436,-0.0536702178838948,-0.062055206211779367,0.12484077265871121,0.8937346925495832,0.05263157894736842,0.15789473684210525,0.14324709592612594,0.95,1.277196799296381,1.07,0.16000000000000003,0.006350615876921474,2.012383782196218,-0.7614000000000001,0.8777819081529057,1.7158130291039306
2022-09-20,-0.04052430215924892,-0.052712739391725084,-0.0695926995866619,0.12563073272272635,0.9013261285937713,0.02631578947368421,0.21052631578947367,0.14324709592612594,0.95,1.277196799296381,1.07,0.16000000000000003,0.006350615876921474,2.012383782196218,-0.7614000000000001,0.8708593581954992,1.7015111860046923
2022-09-21,-0.033605214236621515,-0.055366785472252315,-0.08445854601257693,0.12623549001670847,0.9075851479283278,0.07894736842105263,0.15789473684210525,0.14324709592612594,0.95,1.277196799296381,1.07,0.16000000000000003,0.006350615876921474,2.012383782196218,-0.7614000000000001,0.8659154120398498,1.6872944099008473
2022-09-22,-0.03242149623070894,-0.048655467608820974,-0.07597077495402296,0.12051171723767665,0.8701472456383759,0.21052631578947367,0.21052631578947367,0.14324709592612594,0.95,1.277196799296381,1.07,0.16000000000000003,0.006350615876921474,2.012383782196218,-0.7614000000000001,0.8609995844275794,1.6733827011673597
2022-09-23,-0.019973359251193746,-0.06481003328760938,-0.09179383374505441,0.11224797541095365,0.8149370457889095,0.2631578947368421,0.15789473684210525,0.14324709592612594,0.95,1.277196799296381,1.07,0.16000000000000003,0.006350615876921474,2.012383782196218,-0.7614000000000001,0.8561114638531587,1.6597680082664497
2022-09-26,-0.023102196553990574,-0.07209157158372943,-0.09443700712744106,0.1138306138320796,0.8311612039436193,0.10526315789473684,0.07894736842105263,0.12895821392255763,0.9,1.276898566871489,1.32,0.25,0.030292569034565554,2.009042121351479,-1.0282999999999998,0.7599327540762927,1.6135289759874198
2022-09-27,-0.013270507252549912,-0.04926067074554768,-0.08567057943252611,0.13127384759099334,0.9607662589209092,0.13157894736842105,0.15789473684210525,0.12895821392255763,0.9,1.276898566871489,1.32,0.25,0.030292569034565554,2.009042121351479,-1.0282999999999998,0.7558122065246766,1.6009584636189007
2022-09-28,-0.023600394581579913,-0.06477357074513918,-0.10213191306422194,0.14023873231627626,1.027664516536837,0.13157894736842105,0.13157894736842105,0.12895821392255763,0.9,1.276898566871489,1.32,0.25,0.030292569034565554,2.009042121351479,-1.0282999999999998,0.7612909344692192,1.5878804269935183
2022-09-29,-0.012415855848156366,-0.05618728566697947,-0.08487661970116704,0.14244421641117969,1.045374039266915,0.2631578947368421,0.15789473684210525,0.12895821392255763,0.9,1.276898566871489,1.32,0.25,0.030292569034565554,2.009042121351479,-1.0282999999999998,0.7668218321511228,1.5750559876212222
2022-09-30,-0.015895413588609037,-0.057467449523187025,-0.09723984126708288,0.14320782541439014,1.0516618806363773,0.23684210526315788,0.15789473684210525,0.12895821392255763,0.9,1.276898566871489,1.32,0.25,0.030292569034565554,2.009042121351479,-1.0282999999999998,0.772405922081668,1.5624788050087492
2022-10-10,-0.022826353988318285,-0.07305058680675178,-0.11345710918024635,0.1499646048095203,1.1006519505510255,0.2631578947368421,0.15789473684210525,0.05526267867504952,0.75,1.278020450038386,1.68,0.3599999999999999,-0.00782743406752824,2.004278531771008,-1.0985,0.30018314443332955,1.673867354076894
2022-10-11,-0.03923972484630835,-0.07385503298091786,-0.10009814811815515,0.14974369454269126,1.0986830647442567,0.18421052631578946,0.13157894736842105,0.05526267867504952,0.75,1.278020450038386,1.68,0.3599999999999999,-0.00782743406752824,2.004278531771008,-1.0985,0.3064591930219355,1.6599835422765206
2022-10-12,-0.00961755746600866,-0.06763219108960926,-0.07505734819997953,0.15702169680065672,1.151618830227257,0.42105263157894735,0.13157894736842105,0.05526267867504952,0.75,1.278020450038386,1.68,0.3599999999999999,-0.00782743406752824,2.004278531771008,-1.0985,0.3047977486438451,1.6458294800872333
2022-10-13,-0.019973892483634834,-0.0719002939865266,-0.08094820047771438,0.1572837726634334,1.1528689084450887,0.23684210526315788,0.13157894736842105,0.05526267867504952,0.75,1.278020450038386,1.68,0.3599999999999999,-0.00782743406752824,2.004278531771008,-1.0985,0.3031376534192355,1.631960024133707
2022-10-14,0.014793672721344317,-0.045191808701239844,-0.05851357489801527,0.18699090988390174,1.3648855791988992,0.6578947368421053,0.21052631578947367,0.05526267867504952,0.75,1.278020450038386,1.68,0.3599999999999999,-0.00782743406752824,2.004278531771008,-1.0985,0.3014788931975641,1.6183672695206266
2022-10-17,0.027343899787283295,-0.06016246790984701,-0.049709191031256914,0.1796000539104606,1.3070977195189812,0.6842105263157895,0.18421052631578946,0.020827512086361626,0.65,1.278617754696756,1.59,-0.030000000000000027,0.004895046925063527,2.002242784203091,-1.2820999999999998,0.07151602758880253,1.6710260336071496
2022-10-18,0.03316018691911525,-0.05987434733899194,-0.05926475844282743,0.17976383484876454,1.305905062654513,0.7105263157894737,0.13157894736842105,0.020827512086361626,0.65,1.278617754696756,1.59,-0.030000000000000027,0.004895046925063527,2.002242784203091,-1.2820999999999998,0.066995586262169,1.6573913729302203
2022-10-19,0.009297337655670333,-0.05752582862853976,-0.06586374622826249,0.1781971104649247,1.2924949397126486,0.5526315789473685,0.13157894736842105,0.020827512086361626,0.65,1.278617754696756,1.59,-0.030000000000000027,0.004895046925063527,2.002242784203091,-1.2820999999999998,0.06245461796070221,1.6440449839580202
2022-10-20,0.013595344570296836,-0.051215899992203315,-0.07727463830493639,0.17702461626024593,1.2814303888144705,0.5526315789473685,0.15789473684210525,0.020827512086361626,0.65,1.278617754696756,1.59,-0.030000000000000027,0.004895046925063527,2.002242784203091,-1.2820999999999998,0.05789259401144642,1.630979715457655
2022-10-21,-0.015445865292242372,-0.03652096541070085,-0.07612118234098998,0.16643275545517666,1.202810621796339,0.18421052631578946,0.2631578947368421,0.020827512086361626,0.65,1.278617754696756,1.59,-0.030000000000000027,0.004895046925063527,2.002242784203091,-1.2820999999999998,0.06208909061214554,1.6186864121193991
2022-10-24,-0.026262413736921113,-0.04484706449194669,-0.088950046928381,0.1716046034071772,1.236822005778968,0.34210526315789475,0.2894736842105263,-0.07555041879290025,0.3,1.279415805912664,1.69,0.09999999999999987,-0.012959854510708272,1.997522436502186,-1.4813,-0.5783383298629212,1.6934493624083673
2022-10-25,-0.033758985652526996,-0.053109030832270025,-0.08677635154687993,0.1690780977235801,1.21435991883418,0.34210526315789475,0.23684210526315788,-0.07555041879290025,0.3,1.279415805912664,1.69,0.09999999999999987,-0.012959854510708272,1.997522436502186,-1.4813,-0.5799788732107197,1.6796130703641186
2022-10-26,-0.01276498275619141,-0.036685597148109664,-0.08487167311960131,0.17448507222958087,1.2479806250302512,0.4473684210526316,0.3684210526315789,-0.07555041879290025,0.3,1.279415805912664,1.69,0.09999999999999987,-0.012959854510708272,1.997522436502186,-1.4813,-0.5816233661407241,1.6660768173182856
2022-10-27,-0.014403012197639727,-0.03319741595913411,-0.08468935530448458,0.1735047299973793,1.2345681952282366,0.4473684210526316,0.42105263157894735,-0.07555041879290025,0.3,1.279415805912664,1.69,0.09999999999999987,-0.012959854510708272,1.997522436502186,-1.4813,-0.5832718317836989,1.6528331432487073
2022-10-28,-0.032239462638262516,-0.04878706879776963,-0.11358671177612577,0.18744823359611176,1.3243784549678872,0.34210526315789475,0.34210526315789475,-0.07555041879290025,0.3,1.279415805912664,1.69,0.09999999999999987,-0.012959854510708272,1.997522436502186,-1.4813,-0.5849242934495044,1.6398750509265472
2022-10-31,-0.015098659394039881,-0.03684352733199601,-0.10167491347141222,0.18676823013284122,1.310694006685113,0.3684210526315789,0.47368421052631576,-0.14237566166592328,0.05,1.279588702915852,1.51,-0.17999999999999994,-0.010553433546157696,1.992113087325324,-1.3204999999999996,-1.0296404372348642,1.645099005572588
2022-11-01,0.012962001173140966,-0.02687652240657916,-0.08213399682498987,0.2017513083196828,1.4038284336501359,0.7894736842105263,0.47368421052631576,-0.14237566166592328,0.05,1.279588702915852,1.51,-0.17999999999999994,-0.010553433546157696,1.992113087325324,-1.3204999999999996,-1.029570749563358,1.6313682038118722
2022-11-02,0.010489496684411986,-0.002595705882117773,-0.05870431022798708,0.19584629093895278,1.3536346485576953,0.7368421052631579,0.6578947368421053,-0.14237566166592328,0.05,1.279588702915852,1.51,-0.17999999999999994,-0.010553433546157696,1.992113087325324,-1.3204999999999996,-1.0295010691768431,1.61791323549916
2022-11-03,0.008416987756111586,-0.012364572354866165,-0.06179695602753503,0.19617944678818097,1.3459364153389177,0.7368421052631579,0.5526315789473685,-0.14237566166592328,0.05,1.279588702915852,1.51,-0.17999999999999994,-0.010553433546157696,1.992113087325324,-1.3204999999999996,-1.0294313960738115,1.604726819289311
2022-11-04,0.053037554181237484,0.020145898972076887,-0.04734421747497158,0.20927270774637347,1.4237711864082234,0.8947368421052632,0.6578947368421053,-0.14237566166592328,0.05,1.279588702915852,1.51,-0.17999999999999994,-0.010553433546157696,1.992113087325324,-1.3204999999999996,-1.0293617302527551,1.5918020764746657
2022-11-07,0.05396494773487317,0.03994777439119544,-0.060483292781416106,0.1997068024081826,1.3511940508520752,0.8157894736842105,0.7105263157894737,-0.04772277286921557,0.45,1.280942120216445,1.69,0.17999999999999994,0.0009717322432374255,1.987206958769426,-1.4646,-0.39968623265716346,1.7265250275517285
2022-11-08,0.025095369702489895,0.037458572142219086,-0.06235177144836268,0.20039200418071826,1.3469570160306898,0.868421052631579,0.7105263157894737,-0.04772277286921557,0.45,1.280942120216445,1.69,0.17999999999999994,0.0009717322432374255,1.987206958769426,-1.4646,-0.39990651474333255,1.711409751187884
2022-11-09,0.013575577832743121,0.020597429416634006,-0.0671833892457181,0.196768315213055,1.3134829263176524,0.7894736842105263,0.6578947368421053,-0.04772277286921557,0.45,1.280942120216445,1.69,0.17999999999999994,0.0009717322432374255,1.987206958769426,-1.4646,-0.4001268489121855,1.696616599540017
2022-11-10,0.012161328854423892,0.019770648983192557,-0.06423414305951702,0.1972009945830699,1.308063297710836,0.6578947368421053,0.6578947368421053,-0.04772277286921557,0.45,1.280942120216445,1.69,0.17999999999999994,0.0009717322432374255,1.987206958769426,-1.4646,-0.400347235208052,1.6821361032210698
2022-11-11,0.014644556770304663,0.01999678302103723,-0.060039435470332185,0.19756539640771562,1.3048090385203555,0.631578947368421,0.6578947368421053,-0.04772277286921557,0.45,1.280942120216445,1.69,0.17999999999999994,0.0009717322432374255,1.987206958769426,-1.4646,-0.40056767367530166,1.6679593186582244
2022-11-14,0.0100411501344628,0.02264502473837495,-0.05924199999013065,0.19702448041889561,1.2946531373777146,0.5789473684210527,0.6578947368421053,-0.08630805096904005,0.15,1.282616352865298,1.43,-0.26,-0.04029787551200042,1.987580331090879,-1.1185999999999998,-0.6533175056246234,1.8344908213866986
2022-11-15,0.03307451647370217,0.037372901696806016,-0.04073365841450409,0.2073688975892234,1.3530962005848235,0.8157894736842105,0.8421052631578947,-0.08630805096904005,0.15,1.282616352865298,1.43,-0.26,-0.04029787551200042,1.987580331090879,-1.1185999999999998,-0.6492022306810705,1.8167563520600052
2022-11-16,0.03385050337797687,0.04515059513894054,-0.041090028131211605,0.20287424734231485,1.3151237032587062,0.8421052631578947,0.8421052631578947,-0.08630805096904005,0.15,1.282616352865298,1.43,-0.26,-0.04029787551200042,1.987580331090879,-1.1185999999999998,-0.645101671979957,1.7994248491027236
2022-11-17,0.03997719237916775,0.04615249679206347,-0.04686028856471275,0.20262299266019157,1.304633544219472,0.8421052631578947,0.8421052631578947,-0.08630805096904005,0.15,1.282616352865298,1.43,-0.26,-0.04029787551200042,1.987580331090879,-1.1185999999999998,-0.6410156100713453,1.7824821294354574
2022-11-18,0.009841300098717946,0.04528394841199756,-0.045265386167620165,0.20301482418837857,1.2984583026512548,0.6842105263157895,0.868421052631579,-0.08630805096904005,0.15,1.282616352865298,1.43,-0.26,-0.04029787551200042,1.987580331090879,-1.1185999999999998,-0.6369438281872067,1.7659148022844835
2022-11-21,0.003514047149333928,0.052421485624630004,-0.04609579675121143,0.19686589938041812,1.2518829463495984,0.5526315789473685,0.8947368421052632,0.026294240532687217,0.75,1.279841896036726,1.57,0.14000000000000012,0.005244273208657042,1.995907614893716,-0.9930999999999996,0.10980105202165107,1.4519963450812232
2022-11-22,-0.02263132491005858,0.04850056243927443,-0.05732120778472061,0.19874198387261707,1.2562379384113904,0.21052631578947367,0.8157894736842105,0.026294240532687217,0.75,1.279841896036726,1.57,0.14000000000000012,0.005244273208657042,1.995907614893716,-0.9930999999999996,0.10946012278415505,1.4405087986395237
2022-11-23,-0.018735892237802167,0.039179685657329794,-0.052872696963032116,0.1966292533178601,1.2355003004877214,0.15789473684210525,0.7894736842105263,0.026294240532687217,0.75,1.279841896036726,1.57,0.14000000000000012,0.005244273208657042,1.995907614893716,-0.9930999999999996,0.10911922166982657,1.4292103085015064
2022-11-24,-0.016128046223164407,0.044427462766538806,-0.03742542080141621,0.19550882928590585,1.2224035166459302,0.2631578947368421,0.9210526315789473,0.026294240532687217,0.75,1.279841896036726,1.57,0.14000000000000012,0.005244273208657042,1.995907614893716,-0.9930999999999996,0.10877834855777793,1.4180965312387654
2022-11-25,-0.009873018514889658,0.06765039253537043,-0.04594670955000851,0.1734615324159896,1.0819448582014835,0.34210526315789475,0.9473684210526315,0.026294240532687217,0.75,1.279841896036726,1.57,0.14000000000000012,0.005244273208657042,1.995907614893716,-0.9930999999999996,0.10843750332716677,1.4071633384737017
2022-11-28,-0.012198012286244361,0.05532213273242552,-0.053612966183299846,0.17922032958416007,1.114108996105416,0.3157894736842105,0.9210526315789473,-0.12027315765981425,0.1,1.279220831467121,1.36,-0.20999999999999996,-0.008405974763806834,2.003841608364584,-0.8580000000000001,-0.8597878039637287,1.3288742812769436
2022-11-29,0.015375218786606522,0.05091378005274,-0.025223413099386763,0.1723864287501557,1.0688971060784203,0.7105263157894737,0.868421052631579,-0.12027315765981425,0.1,1.279220831467121,1.36,-0.20999999999999996,-0.008405974763806834,2.003841608364584,-0.8580000000000001,-0.8557085874170389,1.3184302704284154
2022-11-30,0.013259373433692538,0.041949562406610345,-0.02541971422064653,0.17172672825391788,1.0609142709567463,0.7105263157894737,0.7631578947368421,-0.12027315765981425,0.1,1.279220831467121,1.36,-0.20999999999999996,-0.008405974763806834,2.003841608364584,-0.8580000000000001,-0.8516496587398131,1.30813124658457
2022-12-01,0.024504609473383558,0.06051508448381078,-0.008036773538034779,0.17309593078794347,1.0654099755803417,0.9210526315789473,0.8421052631578947,-0.12027315765981425,0.1,1.279220831467121,1.36,-0.20999999999999996,-0.008405974763806834,2.003841608364584,-0.8580000000000001,-0.8476107717364972,1.2979739223808
2022-12-02,0.0193079552337353,0.033920793587868245,-0.0034007569632418253,0.1583068268128833,0.972279398173613,0.7368421052631579,0.631578947368421,-0.12027315765981425,0.1,1.279220831467121,1.36,-0.20999999999999996,-0.008405974763806834,2.003841608364584,-0.8580000000000001,-0.8435916839692513,1.2879551488137007
2022-12-05,0.03868480129664398,0.040041986294196336,0.006939173878640072,0.16093472769994766,0.9843465924282864,0.8157894736842105,0.6578947368421053,-0.0728329879183065,0.4,1.278702275065367,1.08,-0.28,-0.01484103291665156,2.015263569281399,-0.6414,-0.5267656926727237,1.2219984943788513
2022-12-06,0.015947056022192038,0.04176546637244215,0.0053690055337434605,0.160273632698438,0.9763529466428718,0.7368421052631579,0.7368421052631579,-0.0728329879183065,0.4,1.278702275065367,1.08,-0.28,-0.01484103291665156,2.015263569281399,-0.6414,-0.5224466729276954,1.2127432478754576
2022-12-07,0.012801986878047447,0.041175971451914685,-0.005858790221060496,0.16057237700625546,0.9745360648137773,0.7105263157894737,0.7368421052631579,-0.0728329879183065,0.4,1.278702275065367,1.08,-0.28,-0.01484103291665156,2.015263569281399,-0.6414,-0.5181366068295794,1.2036020724068683
2022-12-08,0.0007966163549448224,0.04915037198433172,-0.0029792730190022565,0.15694310066326722,0.948883427064116,0.5,0.8157894736842105,-0.0728329879183065,0.4,1.278702275065367,1.08,-0.28,-0.01484103291665156,2.015263569281399,-0.6414,-0.5138352526650337,1.1945727239839365
2022-12-09,0.014334135761722695,0.033610372579286285,0.008415346899083749,0.13544324827129758,0.8149997517874146,0.6578947368421053,0.6842105263157895,-0.0728329879183065,0.4,1.278702275065367,1.08,-0.28,-0.01484103291665156,2.015263569281399,-0.6414,-0.5095423700177308,1.1856530544249457
2022-12-12,-0.003416864873288906,0.026583971286444637,-0.010933471885027343,0.13928739376926255,0.8348497297624696,0.42105263157894735,0.6578947368421053,0.18048356231564813,0.95,1.274297827562955,1.31,0.22999999999999998,0.003971633717264177,2.025438130433305,-0.6715999999999998,1.1869721826181512,0.6963325818588851
2022-12-13,-0.0020371357041746316,0.006653814194565348,-0.015847631447620504,0.12149628208944653,0.7267879114600136,0.3684210526315789,0.42105263157894735,0.18048356231564813,0.95,1.274297827562955,1.31,0.22999999999999998,0.003971633717264177,2.025438130433305,-0.6715999999999998,1.2149665867336672,0.6900689467243956
2022-12-14,0.006538137470486149,0.013863605544423969,0.0014883720548248217,0.12158009818155435,0.726494582007803,0.5789473684210527,0.5526315789473685,0.18048356231564813,0.95,1.274297827562955,1.31,0.22999999999999998,0.003971633717264177,2.025438130433305,-0.6715999999999998,1.2443819156214417,0.6838220127528863
2022-12-15,0.0026666822534440445,0.011839861858608018,0.00677645865846825,0.12217570514336056,0.7292201208712839,0.5263157894736842,0.5526315789473685,0.18048356231564813,0.95,1.274297827562955,1.31,0.22999999999999998,0.003971633717264177,2.025438130433305,-0.6715999999999998,1.2753530277847147,0.6775909429401551
2022-12-16,-0.01336065678024273,0.010408415700325606,0.019171398701622384,0.12315372966316979,0.7351900616214752,0.15789473684210525,0.4473684210526316,0.18048356231564813,0.95,1.274297827562955,1.31,0.22999999999999998,0.003971633717264177,2.025438130433305,-0.6715999999999998,1.3080335555781732,0.6713748983269056
2022-12-19,-0.018168081633393625,0.004901842503717084,0.012476263636400465,0.12901092734756434,0.7698363264636946,0.18421052631578946,0.47368421052631576,-0.009240989853729672,0.45,1.271964622441705,1.35,0.040000000000000036,-0.0007541510842848007,2.028622528530289,-0.5785,-0.05527720539221923,0.4053368224975473
2022-12-20,-0.029821536172062926,-0.0005363970674389963,-0.005144865460434511,0.13416431674358403,0.7999088449877941,0.10526315789473684,0.4473684210526316,-0.009240989853729672,0.45,1.271964622441705,1.35,0.040000000000000036,-0.0007541510842848007,2.028622528530289,-0.5785,-0.053063551022932434,0.39962783326228585
2022-12-21,-0.03276452902175492,-0.00016503123952878087,0.002329057269691421,0.1342051794403085,0.7995193015646573,0.13157894736842105,0.4473684210526316,-0.009240989853729672,0.45,1.271964622441705,1.35,0.040000000000000036,-0.0007541510842848007,2.028622528530289,-0.5785,-0.05084789105085647,0.3939033204238673
2022-12-22,-0.02741631581830325,0.0005515922634691762,0.01178163907087394,0.13434013258509234,0.7992259136112871,0.18421052631578946,0.4473684210526316,-0.009240989853729672,0.45,1.271964622441705,1.35,0.040000000000000036,-0.0007541510842848007,2.028622528530289,-0.5785,-0.04863018739643489,0.38816227448865964
2022-12-23,-0.024781991263343586,-0.0045005570481283196,0.014362766689472548,0.1349469757718106,0.8010332959407513,0.21052631578947367,0.3684210526315789,-0.009240989853729672,0.45,1.271964622441705,1.35,0.040000000000000036,-0.0007541510842848007,2.028622528530289,-0.5785,-0.046410401766344915,0.38240365699399376
2022-12-26,-0.007373190985497357,0.009726663804464093,0.028205269204893683,0.13166652140930998,0.7801841436861758,0.3157894736842105,0.5526315789473685,-0.08052174959886503,0.25,1.269847109877276,1.55,0.19999999999999996,-0.005001681316060587,2.033426932588948,-0.9011999999999998,-0.5872885755346362,0.13589451226747046
2022-12-27,0.015340429342039132,-0.0005711865120063813,0.023466071134154536,0.11431836932983544,0.6785246139797105,0.7105263157894737,0.5263157894736842,-0.08052174959886503,0.25,1.269847109877276,1.55,0.19999999999999996,-0.005001681316060587,2.033426932588948,-0.9011999999999998,-0.6157074809752582,0.12997354652337711
2022-12-28,0.008462435411454371,-0.004961969261766945,0.034391887262725705,0.1159686354134288,0.6899761417200306,0.6052631578947368,0.5263157894736842,-0.08052174959886503,0.25,1.269847109877276,1.55,0.19999999999999996,-0.005001681316060587,2.033426932588948,-0.9011999999999998,-0.6463174434126072,0.12400675692610769
2022-12-29,0.0030491080660066095,-0.02090390914390777,0.02724660298503692,0.1055076623917868,0.6300443605438834,0.5789473684210527,0.42105263157894735,-0.08052174959886503,0.25,1.269847109877276,1.55,0.19999999999999996,-0.005001681316060587,2.033426932588948,-0.9011999999999998,-0.6794616521456812,0.11799246418786037
2022-12-30,0.010895257890742048,-0.012913254391121568,0.041153438168823636,0.10636011700622819,0.6374726395310325,0.7368421052631579,0.4473684210526316,-0.08052174959886503,0.25,1.269847109877276,1.55,0.19999999999999996,-0.005001681316060587,2.033426932588948,-0.9011999999999998,-0.7155647937649917,0.11192892083355771
2023-01-03,0.011916857058982135,-0.017041280433197747,0.06294848025219411,0.1017502182261291,0.6127944342946414,0.7894736842105263,0.3684210526315789,0.03761609445915836,0.7,1.269871597553124,1.58,0.030000000000000027,-0.008026489945294903,2.035782221391457,-1.0389999999999997,0.2722386568045563,0.108405191975273
2023-01-04,0.0025126712596188682,-0.01400557127457955,0.06521846724008176,0.1019700509921478,0.6170774621899511,0.5,0.42105263157894735,0.03761609445915836,0.7,1.269871597553124,1.58,0.030000000000000027,-0.008026489945294903,2.035782221391457,-1.0389999999999997,0.27643542857581216,0.10197317433813889
2023-01-05,0.02049213599444438,0.0027281798546299873,0.06450158072317874,0.11093089178415766,0.6744397487657533,0.7894736842105263,0.5526315789473685,0.03761609445915836,0.7,1.269871597553124,1.58,0.030000000000000027,-0.008026489945294903,2.035782221391457,-1.0389999999999997,0.2806587168330457,0.0954778748736744
2023-01-06,0.021285221967066566,-0.0004153035317860257,0.06850571743573833,0.11124310218046506,0.6795080510967351,0.8421052631578947,0.5526315789473685,0.03761609445915836,0.7,1.269871597553124,1.58,0.030000000000000027,-0.008026489945294903,2.035782221391457,-1.0389999999999997,0.28490900523779467,0.08891676743538292
2023-01-09,0.025615010603432235,-0.001632379549412026,0.05197477605091157,0.10993062191257859,0.67680060439308,0.8421052631578947,0.5263157894736842,-0.02523498392030252,0.45,1.27344496072252,1.34,-0.24,0.004046320201764619,2.035323561595243,-0.7075,-0.2387327988314744,0.5076143448698932
2023-01-10,0.020410282875865254,0.006785867315956415,0.05601486334077608,0.106217282567927,0.6589004057683499,0.7105263157894737,0.6052631578947368,-0.02523498392030252,0.45,1.27344496072252,1.34,-0.24,0.004046320201764619,2.035323561595243,-0.7075,-0.2452009085613825,0.5015152374275322
2023-01-11,0.019537100920709646,0.007568665350304728,0.051595381241676175,0.10618545014583777,0.6637522202786483,0.7631578947368421,0.5526315789473685,-0.02523498392030252,0.45,1.27344496072252,1.34,-0.24,0.004046320201764619,2.035323561595243,-0.7075,-0.25174522589509796,0.4954041368435167
2023-01-12,0.007515360979419194,0.0037054033635630333,0.06271960404692763,0.10521064033187758,0.6626978418188271,0.7105263157894737,0.631578947368421,-0.02523498392030252,0.45,1.27344496072252,1.34,-0.24,0.004046320201764619,2.035323561595243,-0.7075,-0.25836811693475,0.4892797425291782
2023-01-13,0.01982513399144283,0.016743148206212758,0.07473550685688433,0.10992701920048184,0.6973170510553465,0.9210526315789473,0.6052631578947368,-0.02523498392030252,0.45,1.27344496072252,1.34,-0.24,0.004046320201764619,2.035323561595243,-0.7075,-0.2650720475441964,0.4831407096319441
2023-01-16,0.022271619268031402,0.03399989649886211,0.08969226061118535,0.11174689877208471,0.7129835750740622,0.8157894736842105,0.7105263157894737,-0.14106425712738588,0.1,1.275484660744942,1.31,-0.030000000000000027,-0.016896003733358107,2.038243782794323,-0.6003000000000003,-1.2655073596297068,0.7261484267412371
2023-01-17,0.023606932660101422,0.04856088160945146,0.10588420973779863,0.09839233557811963,0.6327026723828924,0.8947368421052632,0.8421052631578947,-0.14106425712738588,0.1,1.275484660744942,1.31,-0.030000000000000027,-0.016896003733358107,2.038243782794323,-0.6003000000000003,-1.2585446193940328,0.72023427747305
2023-01-18,0.024688893025949975,0.062079094548317636,0.11004325992015315,0.0824967377046133,0.5354561395013248,0.868421052631579,0.9210526315789473,-0.14106425712738588,0.1,1.275484660744942,1.31,-0.030000000000000027,-0.016896003733358107,2.038243782794323,-0.6003000000000003,-1.25164547147946,0.7143546815823305
2023-01-19,0.028966319403287002,0.06543625178860496,0.10445090620640604,0.08237361986617349,0.5400381625348235,0.868421052631579,0.868421052631579,-0.14106425712738588,0.1,1.275484660744942,1.31,-0.030000000000000027,-0.016896003733358107,2.038243782794323,-0.6003000000000003,-1.2448087803451664,0.7085097807849084
2023-01-20,0.02540988493597967,0.06956934896049569,0.11454840399050373,0.08301389502221944,0.5496706892295042,0.868421052631579,0.8947368421052632,-0.14106425712738588,0.1,1.275484660744942,1.31,-0.030000000000000027,-0.016896003733358107,2.038243782794323,-0.6003000000000003,-1.2380334382667126,0.7026997945108064
2023-01-30,0.019902028928280455,0.07868391669048616,0.1418337521777283,0.07853417606854766,0.5263347970916099,0.7894736842105263,0.9210526315789473,0.07857443263262023,0.85,1.276795719633306,1.25,-0.06000000000000005,-0.0016809953567722463,2.044965022350567,-0.5686,0.6345155325693274,0.862012681665229
2023-01-31,0.007591223917286685,0.06352529651223551,0.1285740930491252,0.09307941397080759,0.6304140428083974,0.6842105263157895,0.9736842105263158,0.07857443263262023,0.85,1.276795719633306,1.25,-0.06000000000000005,-0.0016809953567722463,2.044965022350567,-0.5686,0.6348566096178723,0.8560483633863618
2023-02-01,0.017450936577278895,0.0641896017835574,0.1145321953242911,0.09381872556443331,0.6432584647343803,0.7894736842105263,0.9736842105263158,0.07857443263262023,0.85,1.276795719633306,1.25,-0.06000000000000005,-0.0016809953567722463,2.044965022350567,-0.5686,0.6351978486586746,0.8501493278042082
2023-02-02,0.014204153531120754,0.07117796990827133,0.10816556305311481,0.08823188421042487,0.6124848636630202,0.7631578947368421,0.9736842105263158,0.07857443263262023,0.85,1.276795719633306,1.25,-0.06000000000000005,-0.0016809953567722463,2.044965022350567,-0.5686,0.6355392498801615,0.8443164550423433
2023-02-03,0.0032223176943693473,0.06974255858885842,0.10935373392876152,0.08981008797699194,0.6312083561139589,0.4473684210526316,0.9736842105263158,0.07857443263262023,0.85,1.276795719633306,1.25,-0.06000000000000005,-0.0016809953567722463,2.044965022350567,-0.5686,0.6358808134710464,0.8385507754259195
2023-02-06,-0.015103699739185412,0.05268495906055869,0.07369249825730544,0.10723346207533228,0.7627815509448004,0.2894736842105263,0.8947368421052632,-0.009772064733792715,0.55,1.278611624201016,1.31,0.1200000000000001,0.010481366746891013,2.050654928358481,-0.6266999999999996,-0.11669543224443434,1.0684373088723993
2023-02-07,-0.00237505185786638,0.04923338759538699,0.07223409345638566,0.1065161551278291,0.7661436429494582,0.3684210526315789,0.8947368421052632,-0.009772064733792715,0.55,1.278611624201016,1.31,0.1200000000000001,0.010481366746891013,2.050654928358481,-0.6266999999999996,-0.11560024595441648,1.0623086696786483
2023-02-08,-0.01713360459142647,0.044543325932512055,0.07230322103037473,0.1084787663249329,0.7889532694627733,0.21052631578947367,0.868421052631579,-0.009772064733792715,0.55,1.278611624201016,1.31,0.1200000000000001,0.010481366746891013,2.050654928358481,-0.6266999999999996,-0.11450514473147289,1.0563030811935592
2023-02-09,-0.006400133513958458,0.04428570039986851,0.08818985170641325,0.1081622698133774,0.7951920730259127,0.2894736842105263,0.8947368421052632,-0.009772064733792715,0.55,1.278611624201016,1.31,0.1200000000000001,0.010481366746891013,2.050654928358481,-0.6266999999999996,-0.1134101246136041,1.0504228225739602
2023-02-10,-0.008509739473434034,0.03994759714835783,0.0886826656009036,0.11162859262976846,0.8293721081940236,0.23684210526315788,0.8421052631578947,-0.009772064733792715,0.55,1.278611624201016,1.31,0.1200000000000001,0.010481366746891013,2.050654928358481,-0.6266999999999996,-0.11231518163906978,1.0446704845468615
2023-02-13,0.009619386416850569,0.03668933487397703,0.06866732790385136,0.10975987057800489,0.8244521465214465,0.6578947368421053,0.868421052631579,0.11334816917922878,0.95,1.281371871162396,1.41,0.09999999999999987,0.005613564716149441,2.054368922287558,-0.8399000000000001,0.9696835421899521,1.40810982268804
2023-02-14,0.007330713384902457,0.036153818104424196,0.06952365670682532,0.10984688494578829,0.8342101401040725,0.7631578947368421,0.8157894736842105,0.11334816917922878,0.95,1.281371871162396,1.41,0.09999999999999987,0.005613564716149441,2.054368922287558,-0.8399000000000001,1.0033489165110858,1.4022338174173772
2023-02-15,0.006529572541845045,0.03153579755364746,0.045758277098517604,0.11182338128471006,0.8596158847422212,0.5263157894736842,0.7368421052631579,0.11334816917922878,0.95,1.281371871162396,1.41,0.09999999999999987,0.005613564716149441,2.054368922287558,-0.8399000000000001,1.0394123633835204,1.396638865059427
2023-02-16,-0.00966207124177506,0.027108268178674254,0.044677277086661325,0.11355282783447218,0.8830157912592088,0.2631578947368421,0.6842105263157895,0.11334816917922878,0.95,1.281371871162396,1.41,0.09999999999999987,0.005613564716149441,2.054368922287558,-0.8399000000000001,1.078202202126983,1.391333068895247
2023-02-17,-0.01563607985593907,0.004486383300975925,0.03306939336579677,0.11906509732048673,0.936017166096836,0.18421052631578946,0.42105263157894735,0.11334816917922878,0.95,1.281371871162396,1.41,0.09999999999999987,0.005613564716149441,2.054368922287558,-0.8399000000000001,1.1201139921864363,1.3863255641278427
2023-02-20,-0.00572423686430505,0.008693478741640576,0.05310179094082837,0.12480912588071601,0.9913311454060549,0.39473684210526316,0.47368421052631576,-0.02515545714376775,0.55,1.284059972221073,1.46,0.050000000000000044,0.00294519219008441,2.053496843688944,-0.9190999999999998,-0.22033908815517936,1.7487079661262743
2023-02-21,-0.006597449509169118,0.005949435935153661,0.05941216004832228,0.12470969147410794,1.0000942725273874,0.2894736842105263,0.47368421052631576,-0.02515545714376775,0.55,1.284059972221073,1.46,0.050000000000000044,0.00294519219008441,2.053496843688944,-0.9190999999999998,-0.22103427687228105,1.7397812305063136
2023-02-22,-0.008073532853265782,-0.0012266283255682941,0.06031606915531042,0.12637717660393152,1.023364462560774,0.3684210526315789,0.42105263157894735,-0.02515545714376775,0.55,1.284059972221073,1.46,0.050000000000000044,0.00294519219008441,2.053496843688944,-0.9190999999999998,-0.2217298442605457,1.7312510308138276
2023-02-23,-0.004846988747059532,-0.0067050399716722785,0.05856618057740397,0.12516533690890186,1.0234221414883953,0.42105263157894735,0.3684210526315789,-0.02515545714376775,0.55,1.284059972221073,1.46,0.050000000000000044,0.00294519219008441,2.053496843688944,-0.9190999999999998,-0.2224257915791067,1.723121478439504
2023-02-24,0.003914613903563628,-0.01700888773144011,0.05311205349252482,0.12313053875684085,1.0168137557890935,0.6052631578947368,0.39473684210526316,-0.02515545714376775,0.55,1.284059972221073,1.46,0.050000000000000044,0.00294519219008441,2.053496843688944,-0.9190999999999998,-0.2231221200901287,1.7153978033886979
2023-02-27,-0.01740562767486266,-0.02861417786150253,0.04556918178085537,0.12236772721283191,1.0176709360165683,0.15789473684210525,0.2631578947368421,0.07919704166119329,0.9,1.287372336885602,1.57,0.1100000000000001,0.013202641774082284,2.050375201288128,-1.0277000000000003,0.793676642205368,2.165403262818327
2023-02-28,-0.013133836025992978,-0.014775624008126001,0.05847633630857367,0.11897922143455068,0.9978221678009049,0.15789473684210525,0.3157894736842105,0.07919704166119329,0.9,1.287372336885602,1.57,0.1100000000000001,0.013202641774082284,2.050375201288128,-1.0277000000000003,0.8001334957890144,2.1482053563792163
2023-03-01,0.002279409181893755,-0.016398155720953433,0.04722025955059765,0.11691118404677626,0.9881406380616818,0.631578947368421,0.3157894736842105,0.07919704166119329,0.9,1.287372336885602,1.57,0.1100000000000001,0.013202641774082284,2.050375201288128,-1.0277000000000003,0.8066639235180759,2.1316345584848473
2023-03-02,-0.0021231960409653543,-0.023032389543758386,0.043183611102746086,0.11761623778981542,1.0017354454968423,0.47368421052631576,0.23684210526315788,0.07919704166119329,0.9,1.287372336885602,1.57,0.1100000000000001,0.013202641774082284,2.050375201288128,-1.0277000000000003,0.8132696197711711,2.1156771920766015
2023-03-03,0.007529178269549203,-0.01270202715626025,0.03613662228869047,0.11933275311712035,1.0241711099073156,0.6052631578947368,0.2894736842105263,0.07919704166119329,0.9,1.287372336885602,1.57,0.1100000000000001,0.013202641774082284,2.050375201288128,-1.0277000000000003,0.8199523340656768,2.100321172863723
2023-03-06,0.014876317634315444,0.001365839511998328,0.04113754418143552,0.10999525386184332,0.9506013791127416,0.8157894736842105,0.6052631578947368,-0.1586987701492343,0.05,1.289938919900133,1.45,-0.1200000000000001,-0.006987948771622507,2.046935010364848,-1.0442,-1.5166960668665819,2.43773812140724
2023-03-07,-0.0003192971173591446,-0.012719869267618764,0.019472237894570553,0.11701066701594424,1.0176684685759652,0.5263157894736842,0.39473684210526316,-0.1586987701492343,0.05,1.289938919900133,1.45,-0.1200000000000001,-0.006987948771622507,2.046935010364848,-1.0442,-1.503211839577023,2.413163103397659
2023-03-08,-0.013921801743284147,-0.013186352872811103,0.01735140178512147,0.11716801604327103,1.0254442760774938,0.34210526315789475,0.3684210526315789,-0.1586987701492343,0.05,1.289938919900133,1.45,-0.1200000000000001,-0.006987948771622507,2.046935010364848,-1.0442,-1.4899437083068237,2.3895141454100135
2023-03-09,-0.008335464658446892,-0.024967720688246813,0.022046159566251746,0.10715343118830432,0.9451621728367556,0.3684210526315789,0.2631578947368421,-0.1586987701492343,0.05,1.289938919900133,1.45,-0.1200000000000001,-0.006987948771622507,2.046935010364848,-1.0442,-1.476885042519048,2.366755710112876
2023-03-10,-0.02728601366350626,-0.03147830134633248,0.00805399227023939,0.11381855187432616,1.0103582634968178,0.15789473684210525,0.23684210526315788,-0.1586987701492343,0.05,1.289938919900133,1.45,-0.1200000000000001,-0.006987948771622507,2.046935010364848,-1.0442,-1.4640294883069476,2.3448553518432935
2023-03-13,-0.021582678657876483,-0.029836225562728726,0.005220729761836348,0.11523101592114422,1.0259646118369286,0.15789473684210525,0.2631578947368421,0.2936136077719031,1.0,1.291200701379415,1.44,-0.010000000000000009,0.0011607285017147537,2.04405315792868,-0.8170000000000002,2.848815188222055,2.4903230353641908
2023-03-14,-0.015747926844575842,-0.03579850949709706,0.007141175923283625,0.11600536780151761,1.0364398607296592,0.23684210526315788,0.21052631578947367,0.2936136077719031,1.0,1.291200701379415,1.44,-0.010000000000000009,0.0011607285017147537,2.04405315792868,-0.8170000000000002,2.7929028946307084,2.4605720071027877
2023-03-15,-0.009577240476086822,-0.029293165890742972,0.009811297013209286,0.11651491534445559,1.0417651083685544,0.21052631578947367,0.18421052631578946,0.2936136077719031,1.0,1.291200701379415,1.44,-0.010000000000000009,0.0011607285017147537,2.04405315792868,-0.8170000000000002,2.739707985319554,2.4319021576534046
2023-03-16,-0.01845822746536991,-0.03376387691184166,-0.0029502053696043072,0.11889538674409784,1.0634744733389099,0.18421052631578946,0.18421052631578946,0.2936136077719031,1.0,1.291200701379415,1.44,-0.010000000000000009,0.0011607285017147537,2.04405315792868,-0.8170000000000002,2.6890096380355013,2.4042600815837933
2023-03-17,0.003007958385841971,-0.012834263104551432,0.00839526840263732,0.1164701979229995,1.0426689250821335,0.47368421052631576,0.39473684210526316,0.2936136077719031,1.0,1.291200701379415,1.44,-0.010000000000000009,0.0011607285017147537,2.04405315792868,-0.8170000000000002,2.6406114156864544,2.377596674488879
2023-03-20,-0.006063227231949998,-0.03017521593037367,0.012518159310129085,0.10082619961098546,0.9056371295231752,0.2894736842105263,0.3684210526315789,0.02822687898278348,0.7,1.293242487728724,1.29,-0.1499999999999999,-0.007543897361260897,2.040225330700034,-0.5131000000000001,0.2694251199574017,2.616651934576414
2023-03-21,0.010781352523166692,-0.018419707464761244,0.036090610079843946,0.11031873421870479,0.9936811906315178,0.6578947368421053,0.39473684210526316,0.02822687898278348,0.7,1.293242487728724,1.29,-0.1499999999999999,-0.007543897361260897,2.040225330700034,-0.5131000000000001,0.27463384147851344,2.578492215511984
2023-03-22,0.0146429372826757,-0.006576695754801485,0.05427577046794792,0.11156039394200458,1.0082867572447887,0.7894736842105263,0.3684210526315789,0.02822687898278348,0.7,1.293242487728724,1.29,-0.1499999999999999,-0.007543897361260897,2.040225330700034,-0.5131000000000001,0.27988743279404565,2.541819394464844
2023-03-23,0.030290707120555243,0.0013738189557731192,0.06010503077270586,0.1146053943653816,1.0388747439056767,0.9210526315789473,0.39473684210526316,0.02822687898278348,0.7,1.293242487728724,1.29,-0.1499999999999999,-0.007543897361260897,2.040225330700034,-0.5131000000000001,0.28518694562546704,2.5065419949844303
2023-03-24,0.02395469955244796,0.007205822544332897,0.05976628377338853,0.11379614091125938,1.0347506690386368,0.8947368421052632,0.39473684210526316,0.02822687898278348,0.7,1.293242487728724,1.29,-0.1499999999999999,-0.007543897361260897,2.040225330700034,-0.5131000000000001,0.29053346432024424,2.4725765449692543
2023-03-27,0.026214007044162237,0.013444418788651233,0.0635141576176349,0.11104948303415654,1.013445620935781,0.8421052631578947,0.39473684210526316,-0.15991665046065673,0.05,1.294345818001366,1.16,-0.13000000000000012,-0.0073218774053853426,2.036368856451016,-0.48740000000000006,-1.414230841690281,2.582345414850951
2023-03-28,0.00970737707481864,0.004421505636050377,0.05317117814015995,0.11249639610616391,1.0296525143358304,0.7368421052631579,0.42105263157894735,-0.15991665046065673,0.05,1.294345818001366,1.16,-0.13000000000000012,-0.0073218774053853426,2.036368856451016,-0.48740000000000006,-1.4045938496465324,2.548625966804605
2023-03-29,0.00741972195505473,-0.001436382981640508,0.04635506308096352,0.10774084133320462,0.9871165114436459,0.6842105263157895,0.42105263157894735,-0.15991665046065673,0.05,1.294345818001366,1.16,-0.13000000000000012,-0.0073218774053853426,2.036368856451016,-0.48740000000000006,-1.3950744625047955,2.5161872547218214
2023-03-30,0.00654083888934937,0.010037853886087847,0.058183434250600866,0.10813504282834546,0.9919146788754114,0.5526315789473685,0.4473684210526316,-0.15991665046065673,0.05,1.294345818001366,1.16,-0.13000000000000012,-0.0073218774053853426,2.036368856451016,-0.48740000000000006,-1.3856699490159754,2.4849587233976975
2023-03-31,0.009144398293515103,0.008821042568298798,0.06586157400089702,0.10743486979132866,0.9852017684432529,0.7631578947368421,0.4473684210526316,-0.15991665046065673,0.05,1.294345818001366,1.16,-0.13000000000000012,-0.0073218774053853426,2.036368856451016,-0.48740000000000006,-1.3763776651223507,2.4548757365503255
2023-04-03,0.019853046070015527,0.018421147224351314,0.0724719457969084,0.11335320146729654,1.0383643862921366,0.8421052631578947,0.5526315789473685,-0.15063035783252243,0.15,1.294376009973751,1.16,0.0,-0.004948892712785193,2.035085122976236,-0.5945,-1.3053557185143567,2.429676935416853
2023-04-04,0.027473016077127953,0.03221381883053748,0.06872733715830578,0.1032905438478461,0.9459636273475579,0.8947368421052632,0.631578947368421,-0.15063035783252243,0.15,1.294376009973751,1.16,0.0,-0.004948892712785193,2.035085122976236,-0.5945,-1.317633083104773,2.401666887552062
2023-04-06,0.0244166652194596,0.03690208398110324,0.06825905704080426,0.10131976039130015,0.9280067555033942,0.8421052631578947,0.6578947368421053,-0.15063035783252243,0.15,1.294376009973751,1.16,0.0,-0.004948892712785193,2.035085122976236,-0.5945,-1.3301497865372753,2.374642666376805
2023-04-07,0.026789972653646098,0.045163291198180834,0.06448127090980259,0.10390682353220904,0.952723707974955,0.8157894736842105,0.8157894736842105,-0.15063035783252243,0.15,1.294376009973751,1.16,0.0,-0.004948892712785193,2.035085122976236,-0.5945,-1.342914412861097,2.3485579122680655
2023-04-10,0.013927092639092326,0.05003414887089738,0.0585034446729228,0.09538865106789307,0.8767446199533266,0.7368421052631579,0.8947368421052632,-0.016172859245601072,0.55,1.296496523499289,1.14,-0.020000000000000018,-0.004804058827486595,2.034819135161478,-0.5261,-0.11781943655100979,2.5802507201651457
2023-04-11,0.006156203828043582,0.04616002971027138,0.05301313902151976,0.09410134430383502,0.8670149999340111,0.6842105263157895,0.868421052631579,-0.016172859245601072,0.55,1.296496523499289,1.14,-0.020000000000000018,-0.004804058827486595,2.034819135161478,-0.5261,-0.12265163992918472,2.5456076508221677
2023-04-12,0.005152304279829075,0.0531140499549424,0.0534693585622696,0.08931514650670166,0.8250581817174757,0.5789473684210527,0.868421052631579,-0.016172859245601072,0.55,1.296496523499289,1.14,-0.020000000000000018,-0.004804058827486595,2.034819135161478,-0.5261,-0.12751733342615068,2.5122776252444434
2023-04-13,-0.0018750620600169214,0.04460426239717315,0.0468468940600777,0.0946954838838824,0.8763098104252103,0.4473684210526316,0.8421052631578947,-0.016172859245601072,0.55,1.296496523499289,1.14,-0.020000000000000018,-0.004804058827486595,2.034819135161478,-0.5261,-0.1324173007589029,2.4801862446788063
2023-04-14,-0.004172263324900611,0.05944925533865014,0.052793646605482795,0.08662530711217523,0.8039330323371034,0.39473684210526316,0.8947368421052632,-0.016172859245601072,0.55,1.296496523499289,1.14,-0.020000000000000018,-0.004804058827486595,2.034819135161478,-0.5261,-0.1373523479735295,2.4492653727750993
2023-04-17,0.009133995789903843,0.056160186274959265,0.04781230647138382,0.08472252842199758,0.7893514604102579,0.7631578947368421,0.8947368421052632,-0.07502812780859057,0.3,1.297748117805426,1.22,0.08000000000000007,-0.005182579789296702,2.035821925142501,-0.6934,-0.6944205749841611,2.566126363599855
2023-04-18,0.005954080652902055,0.058177337595123446,0.036695600406390416,0.0833839433345933,0.7803167029518965,0.5526315789473685,0.9210526315789473,-0.07502812780859057,0.3,1.297748117805426,1.22,0.08000000000000007,-0.005182579789296702,2.035821925142501,-0.6934,-0.6935312151319599,2.5331646451810137
2023-04-19,-0.002387831647533406,0.0399448657842423,0.027474594254634783,0.08476134036122565,0.7948965014799525,0.5,0.868421052631579,-0.07502812780859057,0.3,1.297748117805426,1.22,0.08000000000000007,-0.005182579789296702,2.035821925142501,-0.6934,-0.6926429105376033,2.5014445646199763
2023-04-20,0.004664170151090823,0.03462549526558827,0.026822171185218558,0.08337697010715801,0.7818062394796224,0.5789473684210527,0.7894736842105263,-0.07502812780859057,0.3,1.297748117805426,1.22,0.08000000000000007,-0.005182579789296702,2.035821925142501,-0.6934,-0.6917556581306747,2.470899021653337
2023-04-21,-0.01962461243251102,0.009533935785583876,0.004202714769684781,0.10632065397449743,0.9932266872295041,0.23684210526315788,0.6578947368421053,-0.07502812780859057,0.3,1.297748117805426,1.22,0.08000000000000007,-0.005182579789296702,2.035821925142501,-0.6934,-0.6862179449889032,2.44050506864098
2023-04-24,-0.033029139954909914,-0.0008236532323986009,-0.010626718419505748,0.11070204614895661,1.029717726856267,0.13157894736842105,0.5,-0.01773096097123186,0.5,1.299413919188727,1.29,0.07000000000000006,0.0014028697179595867,2.038493385569196,-0.7351999999999999,-0.14371694410910898,2.6006963237697813
2023-04-25,-0.03978654927252081,-0.007823218721559602,-0.022992977794410837,0.11350110574130703,1.0500615079310127,0.18421052631578946,0.4473684210526316,-0.01773096097123186,0.5,1.299413919188727,1.29,0.07000000000000006,0.0014028697179595867,2.038493385569196,-0.7351999999999999,-0.140392936539165,2.5659475103626717
2023-04-26,-0.03339682853278332,-0.0031593398233596536,-0.013513458195435209,0.1119593511056633,1.032791277164458,0.18421052631578946,0.4473684210526316,-0.01773096097123186,0.5,1.299413919188727,1.29,0.07000000000000006,0.0014028697179595867,2.038493385569196,-0.7351999999999999,-0.13706388937014677,2.532531218496261
2023-04-27,-0.033917963640203566,-0.006712190329670027,-0.0245467290322639,0.11096320324908011,1.0209111168768104,0.15789473684210525,0.4473684210526316,-0.01773096097123186,0.5,1.299413919188727,1.29,0.07000000000000006,0.0014028697179595867,2.038493385569196,-0.7351999999999999,-0.13372966049555143,2.50037212327854
2023-04-28,-0.0038367238099744176,-0.0008436269137399085,-0.01383816257141038,0.1173419192829223,1.0748005113443975,0.5263157894736842,0.47368421052631576,-0.01773096097123186,0.5,1.299413919188727,1.29,0.07000000000000006,0.0014028697179595867,2.038493385569196,-0.7351999999999999,-0.1305532207219101,2.467680557588616
2023-05-04,0.0034898003206645396,-0.006478251205249159,-0.010359235793210545,0.1161223189250773,1.0593742039867031,0.631578947368421,0.39473684210526316,-0.060848260417389353,0.4,1.300004721543914,1.26,-0.030000000000000027,-0.0005467474074741708,2.035230407907498,-0.6427,-0.533667304808904,2.501264096677182
2023-05-05,0.00782564967590213,-0.019850615115672997,-6.362837932328332e-05,0.10889546689776274,0.9931932519253145,0.7894736842105263,0.3157894736842105,-0.060848260417389353,0.4,1.300004721543914,1.26,-0.030000000000000027,-0.0005467474074741708,2.035230407907498,-0.6427,-0.5289775433614188,2.468680513358901
2023-05-08,0.015703139473046576,-0.014929216427441029,0.004564733135477754,0.11216354667687947,1.022122685529019,0.7105263157894737,0.47368421052631576,0.08558450397702974,0.9,1.30025392302622,1.23,-0.030000000000000027,-0.003686537488728471,2.033214708150364,-0.6886000000000001,0.8562373695552734,2.464390481551744
2023-05-09,0.007523743572459824,-0.0236051119766698,0.00011061913162240498,0.11474482742377762,1.0446511690469291,0.5789473684210527,0.39473684210526316,0.08558450397702974,0.9,1.30025392302622,1.23,-0.030000000000000027,-0.003686537488728471,2.033214708150364,-0.6886000000000001,0.8552745012032104,2.4332039383257777
2023-05-10,-0.008703874072480567,-0.03633747363986657,-0.016141903129932477,0.10910583733472878,0.9931709076168619,0.3684210526315789,0.3684210526315789,0.08558450397702974,0.9,1.30025392302622,1.23,-0.030000000000000027,-0.003686537488728471,2.033214708150364,-0.6886000000000001,0.8666108846138605,2.4013241138411443
2023-05-11,-0.006833818750244642,-0.027239162594586124,-0.008683315070021146,0.10666178439165643,0.971655305270789,0.34210526315789475,0.3684210526315789,0.08558450397702974,0.9,1.30025392302622,1.23,-0.030000000000000027,-0.003686537488728471,2.033214708150364,-0.6886000000000001,0.8781884476664176,2.3705530988046437
2023-05-12,-0.012345263492128547,-0.03835208243584512,-0.02202827828830239,0.10813739443289896,0.9853403748331145,0.23684210526315788,0.2894736842105263,0.08558450397702974,0.9,1.30025392302622,1.23,-0.030000000000000027,-0.003686537488728471,2.033214708150364,-0.6886000000000001,0.8900172254124052,2.340830762830243
2023-05-15,-0.008440584689654333,-0.028522105396924437,-0.011206564939079027,0.11714991336330496,1.0662792300723802,0.39473684210526316,0.39473684210526316,-0.009351324720160998,0.65,1.300644838837431,1.28,0.050000000000000044,0.013859425821351398,2.02701356355334,-0.7460999999999998,-0.019894321189898315,2.3534410071871252
2023-05-16,-0.003833251746960802,-0.025563301663613678,-0.010252205157183435,0.1160167913213182,1.0552944365603618,0.47368421052631576,0.42105263157894735,-0.009351324720160998,0.65,1.300644838837431,1.28,0.050000000000000044,0.013859425821351398,2.02701356355334,-0.7460999999999998,-0.011218643811632505,2.3243883730993367
2023-05-17,0.0009283204682178543,-0.0312368898467481,-0.0055515114199395565,0.11279979609839255,1.0261496353605433,0.47368421052631576,0.2894736842105263,-0.009351324720160998,0.65,1.300644838837431,1.28,0.050000000000000044,0.013859425821351398,2.02701356355334,-0.7460999999999998,-0.004270101650761478,2.2944828577044776
2023-05-18,0.004903899299820974,-0.031469259084668987,0.011856664085738908,0.11262386399788625,1.0255507263920296,0.5263157894736842,0.2894736842105263,-0.009351324720160998,0.65,1.300644838837431,1.28,0.050000000000000044,0.013859425821351398,2.02701356355334,-0.7460999999999998,0.0027647662041689726,2.2655503576481815
2023-05-19,0.0160043486629168,-0.028301814425830376,-0.00029969276108053654,0.11364115675299993,1.0365710815078137,0.7368421052631579,0.2894736842105263,-0.009351324720160998,0.65,1.300644838837431,1.28,0.050000000000000044,0.013859425821351398,2.02701356355334,-0.7460999999999998,-0.0008696952309116545,2.2369446836376934
2023-05-22,0.003123174797508698,-0.023011098951882324,-0.0014859406324012042,0.11163900363280481,1.0203360276825393,0.5,0.2894736842105263,-0.013002547254072858,0.6,1.302434405524125,1.46,0.17999999999999994,0.0047412351603128835,2.018461616809176,-0.9815,-0.040949389496423294,2.3926618007705347
2023-05-23,-0.004536570702931801,-0.0347640425176363,-0.0067152430068494464,0.11652778134513549,1.0666177829943273,0.39473684210526316,0.2631578947368421,-0.013002547254072858,0.6,1.302434405524125,1.46,0.17999999999999994,0.0047412351603128835,2.018461616809176,-0.9815,-0.04452519954995518,2.360116035685995
2023-05-24,-0.013903816169666999,-0.025516093583904075,-0.014608338842547015,0.10330423133005248,0.9487422913743551,0.21052631578947367,0.23684210526315788,-0.013002547254072858,0.6,1.302434405524125,1.46,0.17999999999999994,0.0047412351603128835,2.018461616809176,-0.9815,-0.04811395348582999,2.3286827354832567
2023-05-25,-0.02021716643547699,-0.018657285565236065,-0.0122751162533017,0.09982164207323967,0.9200408412885107,0.18421052631578946,0.3684210526315789,-0.013002547254072858,0.6,1.302434405524125,1.46,0.17999999999999994,0.0047412351603128835,2.018461616809176,-0.9815,-0.05171588738805436,2.2982998370690026
2023-05-26,-0.021924292455760483,-0.010439557609070046,-0.004818357541978351,0.09732318443923244,0.9004772505704647,0.15789473684210525,0.3157894736842105,-0.013002547254072858,0.6,1.302434405524125,1.46,0.17999999999999994,0.0047412351603128835,2.018461616809176,-0.9815,-0.05299711856603473,2.268422579756942
2023-05-29,-0.018954495356162625,-0.008568765775261632,-0.007306599962570841,0.09749086629486538,0.9050276742882568,0.2631578947368421,0.2631578947368421,0.06561616751376365,0.75,1.302221117196078,1.57,0.1100000000000001,0.00984842016977695,2.009213487329934,-1.0873,0.7339022695666138,2.2183722008451703
2023-05-30,-0.00622036905986726,-0.007066447937299988,-0.015215021248610456,0.09779188488558571,0.9105155234236949,0.2894736842105263,0.2631578947368421,0.06561616751376365,0.75,1.302221117196078,1.57,0.1100000000000001,0.00984842016977695,2.009213487329934,-1.0873,0.7289270932496306,2.190980821109799
2023-05-31,-0.004120479101600388,-0.025799848875530045,-0.016605621903182044,0.08829802571715147,0.8258779936207911,0.3684210526315789,0.2631578947368421,0.06561616751376365,0.75,1.302221117196078,1.57,0.1100000000000001,0.00984842016977695,2.009213487329934,-1.0873,0.7239741793346063,2.1644192303313
2023-06-01,0.002595645403064953,-0.019551440482835653,-0.017208649119785945,0.09121808422906695,0.8569459584570559,0.47368421052631576,0.2631578947368421,0.06561616751376365,0.75,1.302221117196078,1.57,0.1100000000000001,0.00984842016977695,2.009213487329934,-1.0873,0.7190431468329794,2.13864635857782
2023-06-02,0.014664363470844499,-0.003600843814127678,-0.005030311705449292,0.1037895821524005,0.9759969018352366,0.7368421052631579,0.34210526315789475,0.06561616751376365,0.75,1.302221117196078,1.57,0.1100000000000001,0.00984842016977695,2.009213487329934,-1.0873,0.7165489636851348,2.113301970290442
2023-06-05,0.01361911585969407,-0.010652789388614137,0.006631813014482379,0.10016161271182664,0.9443746965363815,0.7894736842105263,0.34210526315789475,-0.20656858621999707,0.05,1.301830062544701,1.51,-0.06000000000000005,-0.0016076108550449248,2.003987135310667,-0.9771000000000001,-1.989503249395485,2.050890295811139
2023-06-06,0.0028774206472807658,-0.011712770862479046,0.0015842011419544607,0.1012528910500085,0.9570573596126052,0.5263157894736842,0.34210526315789475,-0.20656858621999707,0.05,1.301830062544701,1.51,-0.06000000000000005,-0.0016076108550449248,2.003987135310667,-0.9771000000000001,-1.965484525452936,2.02792222884013
2023-06-07,0.007900042654032742,-0.009195932149016737,-0.0003701145907024051,0.10047642375120416,0.9507181051437522,0.5526315789473685,0.39473684210526316,-0.20656858621999707,0.05,1.301830062544701,1.51,-0.06000000000000005,-0.0016076108550449248,2.003987135310667,-0.9771000000000001,-1.9420909085475957,2.005569056170746
2023-06-08,0.0010621239795794376,-0.01165549775301157,0.011139488523299759,0.10045492714952425,0.9525221102655763,0.5789473684210527,0.39473684210526316,-0.20656858621999707,0.05,1.301830062544701,1.51,-0.06000000000000005,-0.0016076108550449248,2.003987135310667,-0.9771000000000001,-1.9192934905334806,1.9838039898257123
2023-06-09,-0.0024069966288200687,0.0063374230491808,0.014145370323607128,0.10247281747289542,0.9736189650158988,0.5263157894736842,0.5,-0.20656858621999707,0.05,1.301830062544701,1.51,-0.06000000000000005,-0.0016076108550449248,2.003987135310667,-0.9771000000000001,-1.9082017604108608,1.9622345361421536
2023-06-12,0.00087472149655156,-0.0013374832024082434,0.023254461355609782,0.09519375584218863,0.9074494366456217,0.6052631578947368,0.42105263157894735,-0.05418138303762383,0.4,1.302081480103666,1.55,0.040000000000000036,-0.004718648538493721,2.002354741328931,-1.0419,-0.43555392182194874,1.9650334860930336
2023-06-13,0.019166228260050183,0.01128670914453194,0.03032766987809147,0.10003825075241524,0.9561332857880397,0.868421052631579,0.5,-0.05418138303762383,0.4,1.302081480103666,1.55,0.040000000000000036,-0.004718648538493721,2.002354741328931,-1.0419,-0.43979811502368676,1.943994168508694
2023-06-14,0.022414191884203037,0.012289939266968447,0.040502304758870546,0.10011090880245421,0.9596994040536404,0.9210526315789473,0.5263157894736842,-0.05418138303762383,0.4,1.302081480103666,1.55,0.040000000000000036,-0.004718648538493721,2.002354741328931,-1.0419,-0.4440717342662503,1.923481868287118
2023-06-15,0.03389860840509211,0.017339211352259562,0.042030138542549896,0.10439048714990289,1.0026601330305736,0.868421052631579,0.5526315789473685,-0.05418138303762383,0.4,1.302081480103666,1.55,0.040000000000000036,-0.004718648538493721,2.002354741328931,-1.0419,-0.4432917205350584,1.9027629717870198
2023-06-16,0.033571326500847896,0.023904400887111897,0.053779924056405026,0.10854557724853701,1.0412826106905304,0.868421052631579,0.6842105263157895,-0.05418138303762383,0.4,1.302081480103666,1.55,0.040000000000000036,-0.004718648538493721,2.002354741328931,-1.0419,-0.4425123114832887,1.8825455463068839
2023-06-19,0.026622427062409873,0.022161769062492925,0.03909553589485296,0.10936742949493512,1.0493262772370504,0.7894736842105263,0.5789473684210527,-0.02119187819253794,0.45,1.303657250652306,1.55,0.0,-0.012055238614089919,2.002482114389833,-1.0667,-0.12107567368873576,2.0090242414370496
2023-06-20,0.016293426821524525,0.03211670666898826,0.0319781594169403,0.10019622124669246,0.9630832204507116,0.7368421052631579,0.6578947368421053,-0.02119187819253794,0.45,1.303657250652306,1.55,0.0,-0.012055238614089919,2.002482114389833,-1.0667,-0.12169614233848744,1.98640776323261
2023-06-21,-7.789658865523137e-05,0.026115858847980213,0.010133701049660075,0.11017598608636195,1.0597604298594183,0.34210526315789475,0.6052631578947368,-0.02119187819253794,0.45,1.303657250652306,1.55,0.0,-0.012055238614089919,2.002482114389833,-1.0667,-0.12231680713136642,1.9643779300724475
2023-06-26,-0.025090450851477625,0.012465926936258925,-0.0070150118613756755,0.12459997204091512,1.1964296075489638,0.23684210526315788,0.5263157894736842,-0.007412932389125411,0.7,1.303733577369415,1.53,-0.020000000000000018,0.005520562566658582,2.004855075763686,-1.0172000000000003,0.016953674283895583,1.9493547272364726
2023-06-27,-0.0279041235518859,0.017924569790986476,-0.0003382065396431086,0.12638347615414966,1.2105843451653964,0.10526315789473684,0.5789473684210527,-0.007412932389125411,0.7,1.303733577369415,1.53,-0.020000000000000018,0.005520562566658582,2.004855075763686,-1.0172000000000003,0.021687281906532265,1.9277446538250853
2023-06-28,-0.024430009584133487,0.016686254834522064,0.0049581492359008425,0.12643102632433403,1.2083517312475138,0.18421052631578946,0.6842105263157895,-0.007412932389125411,0.7,1.303733577369415,1.53,-0.020000000000000018,0.005520562566658582,2.004855075763686,-1.0172000000000003,0.026448881900725498,1.9066694707294585
2023-06-29,-0.0245261351591896,0.013810940569665923,3.2302302695973e-05,0.1265409896333348,1.2057917397861657,0.21052631578947367,0.5789473684210527,-0.007412932389125411,0.7,1.303733577369415,1.53,-0.020000000000000018,0.005520562566658582,2.004855075763686,-1.0172000000000003,0.031239162748052572,1.8861065296831507
2023-06-30,-0.0025986013227336895,0.02763773662684691,0.0009942608375770184,0.12544071712048693,1.1920312272182318,0.47368421052631576,0.7105263157894737,-0.007412932389125411,0.7,1.303733577369415,1.53,-0.020000000000000018,0.005520562566658582,2.004855075763686,-1.0172000000000003,0.03605883164346632,1.8660345391889561
2023-07-03,0.023716795933968214,0.033587077467162184,0.0075573857790774395,0.12952408842530025,1.226543440106001,0.9736842105263158,0.7631578947368421,0.011098893068048983,0.75,1.303280006896687,1.59,0.06000000000000005,0.004820127580925403,2.007130972859398,-1.1171000000000002,0.22424360177470753,1.8055223829234115
2023-07-04,0.018237573238103384,0.02149777955824536,-0.0019536793715552473,0.12217414924624924,1.1553338986041501,0.9473684210526315,0.6052631578947368,0.011098893068048983,0.75,1.303280006896687,1.59,0.06000000000000005,0.004820127580925403,2.007130972859398,-1.1171000000000002,0.22903887559699754,1.7869291891051438
2023-07-05,0.012251452191319418,0.01531859116614741,-0.010263414649907689,0.1247870461789461,1.176058134054116,0.7368421052631579,0.6842105263157895,0.011098893068048983,0.75,1.303280006896687,1.59,0.06000000000000005,0.004820127580925403,2.007130972859398,-1.1171000000000002,0.23386984247235673,1.7687427170456962
2023-07-06,0.008723060765635995,0.019656580688021147,-0.01566130215112763,0.12122673204470438,1.1389425256651875,0.7105263157894737,0.7105263157894737,0.011098893068048983,0.75,1.303280006896687,1.59,0.06000000000000005,0.004820127580925403,2.007130972859398,-1.1171000000000002,0.238737280183448,1.7509474789341097
2023-07-07,-0.0029427176651273985,0.016794976307686768,-0.028738429481196474,0.12245795559432945,1.1471776770353928,0.47368421052631576,0.6052631578947368,0.011098893068048983,0.75,1.303280006896687,1.59,0.06000000000000005,0.004820127580925403,2.007130972859398,-1.1171000000000002,0.24364198827784486,1.7335288241607691
2023-07-10,-0.012442260908132228,0.020082692579450518,-0.018811967768147114,0.12211458222092435,1.1392073197542203,0.21052631578947367,0.6842105263157895,0.08731792798678834,0.95,1.304160415907542,1.79,0.19999999999999996,-0.011219439390173839,2.008221519633203,-1.4178999999999995,1.0027629905409867,1.7937641901082217
2023-07-11,-0.006037819956170811,0.01786695623089462,-0.014147703155769634,0.1202558414357606,1.1173234251521669,0.34210526315789475,0.631578947368421,0.08731792798678834,0.95,1.304160415907542,1.79,0.19999999999999996,-0.011219439390173839,2.008221519633203,-1.4178999999999995,0.9949434874610467,1.775355932123192
2023-07-12,-0.005948661828519422,0.008495207841076428,-0.021364380758256186,0.12229545112444815,1.1305002849914942,0.2631578947368421,0.5263157894736842,0.08731792798678834,0.95,1.304160415907542,1.79,0.19999999999999996,-0.011219439390173839,2.008221519633203,-1.4178999999999995,0.9871867288068704,1.7573461392715832
2023-07-13,0.01563746249170401,0.016127814919674976,0.0018512224005933012,0.1323041288589267,1.215974938878564,0.8947368421052632,0.7894736842105263,0.08731792798678834,0.95,1.304160415907542,1.79,0.19999999999999996,-0.011219439390173839,2.008221519633203,-1.4178999999999995,0.9794913236234769,1.739719729935243
2023-07-14,0.020323100317691467,0.014703884741175196,-0.004243065838604397,0.13228203919327697,1.2073282692010712,0.9210526315789473,0.7105263157894737,0.08731792798678834,0.95,1.304160415907542,1.79,0.19999999999999996,-0.011219439390173839,2.008221519633203,-1.4178999999999995,0.9718559158834437,1.722462431000828
2023-07-17,0.013040578368763128,-0.0007753374568784622,-0.014905385189287829,0.12959819175987392,1.174813389055115,0.868421052631579,0.34210526315789475,-0.10588511566236314,0.25,1.306286619442424,1.59,-0.19999999999999996,-0.022377354022183736,2.010060302524481,-1.1814,-0.9778655862395018,1.8891195527813842
2023-07-18,0.005129779188046058,-0.010574591081907217,-0.014972004620625635,0.12471419499886416,1.1235240709927952,0.6052631578947368,0.3157894736842105,-0.10588511566236314,0.25,1.306286619442424,1.59,-0.19999999999999996,-0.022377354022183736,2.010060302524481,-1.1814,-0.9725866816686215,1.8688567314410667
2023-07-19,0.014433014678769274,-0.003694204542564167,-0.004543534431953503,0.12486260298463474,1.1181287221435157,0.8947368421052632,0.4473684210526316,-0.10588511566236314,0.25,1.306286619442424,1.59,-0.19999999999999996,-0.022377354022183736,2.010060302524481,-1.1814,-0.9673423779580048,1.8490706616234558
2023-07-20,-0.011748363420702537,-0.011913975322552083,-0.014561311171200058,0.12887009170970276,1.1462326385000112,0.2631578947368421,0.39473684210526316,-0.10588511566236314,0.25,1.306286619442424,1.59,-0.19999999999999996,-0.022377354022183736,2.010060302524481,-1.1814,-0.9621321595918864,1.8297420631212418
2023-07-21,-0.012820908039919537,0.0019608732899108914,0.00256063855398709,0.11759942524387652,1.0442399561374687,0.3157894736842105,0.5789473684210527,-0.10588511566236314,0.25,1.306286619442424,1.59,-0.19999999999999996,-0.022377354022183736,2.010060302524481,-1.1814,-0.9569555210056706,1.8108527623455337
2023-07-24,-0.010800130704110856,0.013514982690488305,0.007323624061511229,0.10401462088562967,0.9245268563697912,0.39473684210526316,0.6842105263157895,0.019302752254528675,0.75,1.306595565933959,1.49,-0.10000000000000009,0.011165553280415673,2.009551172381218,-1.2199999999999998,0.2944174281084612,1.8176929700115259
2023-07-25,0.009884636370938529,0.02721416884091721,0.0346991810228337,0.12381185654145949,1.098814860030402,0.5789473684210527,0.7894736842105263,0.019302752254528675,0.75,1.306595565933959,1.49,-0.10000000000000009,0.011165553280415673,2.009551172381218,-1.2199999999999998,0.29069180273571127,1.7983144150919221
2023-07-26,0.006118175272878341,0.026853980314447662,0.03497146937370815,0.12387556869202837,1.0974459583795977,0.5789473684210527,0.7894736842105263,0.019302752254528675,0.75,1.306595565933959,1.49,-0.10000000000000009,0.011165553280415673,2.009551172381218,-1.2199999999999998,0.2869647589487951,1.779365685973554
2023-07-27,0.015089610184594553,0.02770177002123207,0.03444626265359807,0.12369571560416698,1.093796244261708,0.6842105263157895,0.7894736842105263,0.019302752254528675,0.75,1.306595565933959,1.49,-0.10000000000000009,0.011165553280415673,2.009551172381218,-1.2199999999999998,0.28323612009601773,1.760829762354886
2023-07-28,0.028807308214688215,0.0333667828273328,0.03520467057864972,0.12875506079520874,1.1366223528585842,0.7631578947368421,0.7894736842105263,0.019302752254528675,0.75,1.306595565933959,1.49,-0.10000000000000009,0.011165553280415673,2.009551172381218,-1.2199999999999998,0.27950570840999855,1.7426905593165245
2023-07-31,0.03739485001097938,0.02719303676749947,0.04122867375182606,0.12455172402089382,1.0981542386517054,0.8157894736842105,0.7368421052631579,-0.020052658551388953,0.45,1.307632097426082,1.58,0.09000000000000008,0.006186449919807419,2.013251730387314,-1.3157999999999999,-0.11659457663087915,1.8108210833411447
2023-08-01,0.016709071276175703,0.025685666878989526,0.04358260262310727,0.1247080281683453,1.0969833799644892,0.7631578947368421,0.7368421052631579,-0.020052658551388953,0.45,1.307632097426082,1.58,0.09000000000000008,0.006186449919807419,2.013251730387314,-1.3157999999999999,-0.11646228147236479,1.7918820111416816
2023-08-02,0.010156418147925604,0.024758946271053843,0.029424748048587177,0.12547742544115997,1.1016010943050893,0.7105263157894737,0.6578947368421053,-0.020052658551388953,0.45,1.307632097426082,1.58,0.09000000000000008,0.006186449919807419,2.013251730387314,-1.3157999999999999,-0.11632999180636368,1.7733594912865012
2023-08-03,0.01240537389532952,0.03138408315092559,0.03932789297646776,0.1236010914430469,1.0837238837391496,0.6578947368421053,0.7368421052631579,-0.020052658551388953,0.45,1.307632097426082,1.58,0.09000000000000008,0.006186449919807419,2.013251730387314,-1.3157999999999999,-0.11619770762569893,1.7552373742860503
2023-08-04,0.003692068112891871,0.04000156860535206,0.04760061276402215,0.12178646200625326,1.0658383214562703,0.5263157894736842,0.7631578947368421,-0.020052658551388953,0.45,1.307632097426082,1.58,0.09000000000000008,0.006186449919807419,2.013251730387314,-1.3157999999999999,-0.11606542892319524,1.737500389297545
2023-08-07,-0.007896817963251314,0.031738479712380384,0.04016567453881939,0.12561576765126906,1.09632029587106,0.2894736842105263,0.7105263157894737,0.24906132931799688,1.0,1.307781341804948,1.67,0.08999999999999986,0.002853965308837858,2.016506944862711,-1.3937,2.5484090866836246,1.7321570051638475
2023-08-08,-0.010600636884985698,0.02112284995017464,0.04532722923025012,0.12462961401494296,1.085110446377128,0.21052631578947367,0.6578947368421053,0.24906132931799688,1.0,1.307781341804948,1.67,0.08999999999999986,0.002853965308837858,2.016506944862711,-1.3937,2.5054692646699253,1.7148340280293082
2023-08-09,-0.006704464353066479,0.024003143746506788,0.031160868385175032,0.1228685141138775,1.0688901078073343,0.2631578947368421,0.6842105263157895,0.24906132931799688,1.0,1.307781341804948,1.67,0.08999999999999986,0.002853965308837858,2.016506944862711,-1.3937,2.464261452788109,1.6978653717164838
2023-08-10,-0.007151633022310185,0.008594987636911394,0.03600951170111837,0.10781023441346389,0.9390084636958487,0.2631578947368421,0.47368421052631576,0.24906132931799688,1.0,1.307781341804948,1.67,0.08999999999999986,0.002853965308837858,2.016506944862711,-1.3937,2.424666914517964,1.6812381624634984
2023-08-11,-0.0241538455359789,-0.004475377248318308,0.022518446759825398,0.1176882075597147,1.0243170223138285,0.18421052631578946,0.42105263157894735,0.24906132931799688,1.0,1.307781341804948,1.67,0.08999999999999986,0.002853965308837858,2.016506944862711,-1.3937,2.386578024184784,1.6649401858127133
2023-08-14,-0.022689265325543856,-0.003991363981926606,0.012572509913454552,0.1174027988599916,1.0211250437941992,0.23684210526315788,0.42105263157894735,-0.1417522257693799,0.15,1.309669771470562,1.8,0.13000000000000012,0.008525012741346672,2.017552348728038,-1.5112,-1.3142903122845941,1.7994124114500856
2023-08-15,-0.02093361751933378,-0.004940546757205201,0.00838926304799954,0.11747316106358809,1.021169779314626,0.23684210526315788,0.42105263157894735,-0.1417522257693799,0.15,1.309669771470562,1.8,0.13000000000000012,0.008525012741346672,2.017552348728038,-1.5112,-1.3086249569353956,1.7807459118574855
2023-08-16,-0.025248946890761875,-0.01567881782302437,0.0027887466969044533,0.11935814058301655,1.0363964631413227,0.15789473684210525,0.2631578947368421,-0.1417522257693799,0.15,1.309669771470562,1.8,0.13000000000000012,0.008525012741346672,2.017552348728038,-1.5112,-1.3030029212194463,1.7624856846699553
2023-08-17,-0.02237841188439231,-0.0020350608267783836,0.018167670519657855,0.1164436812396999,1.011102281040878,0.13157894736842105,0.3684210526315789,-0.1417522257693799,0.15,1.309669771470562,1.8,0.13000000000000012,0.008525012741346672,2.017552348728038,-1.5112,-1.2974235753865322,1.7446161521536865
2023-08-18,-0.023506462844999805,-0.01516093205339858,0.012915800084492585,0.1264658787961691,1.0944583303062267,0.10526315789473684,0.23684210526315788,-0.1417522257693799,0.15,1.309669771470562,1.8,0.13000000000000012,0.008525012741346672,2.017552348728038,-1.5112,-1.2918863023714362,1.7271225764445572
2023-08-21,-0.025413153435580108,-0.01860438671339586,0.00737652291335143,0.12809368094772963,1.1040434923066735,0.15789473684210525,0.23684210526315788,0.153380263764499,0.95,1.31052138855747,1.94,0.1399999999999999,0.0054895366294129486,2.014082610486243,-1.6891999999999996,1.4609729649702758,1.7768310311429727
2023-08-22,-0.01709619862715816,-0.03192138175530189,0.013217356876601858,0.10559397759924542,0.9090378053966358,0.21052631578947367,0.18421052631578946,0.153380263764499,0.95,1.31052138855747,1.94,0.1399999999999999,0.0054895366294129486,2.014082610486243,-1.6891999999999996,1.4488665800510163,1.7590249923970516
2023-08-23,-0.0208224831452127,-0.04261947624111541,0.0009207589078543757,0.11079459424777215,0.9519917117734888,0.23684210526315788,0.18421052631578946,0.153380263764499,0.95,1.31052138855747,1.94,0.1399999999999999,0.0054895366294129486,2.014082610486243,-1.6891999999999996,1.436937621598715,1.7415987086095734
2023-08-24,-0.013651463854093965,-0.0307761348654669,0.010736575725431149,0.12104493842235056,1.0366148708825755,0.2894736842105263,0.21052631578947367,0.153380263764499,0.95,1.31052138855747,1.94,0.1399999999999999,0.0054895366294129486,2.014082610486243,-1.6891999999999996,1.4251810833520553,1.7245382406672032
2023-08-25,-0.01070505007888787,-0.054673290346974664,0.006331229107205101,0.11278638976072645,0.9625253390303099,0.39473684210526316,0.15789473684210525,0.153380263764499,0.95,1.31052138855747,1.94,0.1399999999999999,0.0054895366294129486,2.014082610486243,-1.6891999999999996,1.4135921513771028,1.7078303866317661
2023-08-28,0.008210724631006795,-0.04778851209336844,0.012991602141293267,0.12131514035503416,1.030897074364842,0.6578947368421053,0.21052631578947367,-0.09832048658147148,0.2,1.311936982801351,1.92,-0.020000000000000018,0.0072299498319346595,2.009329557999447,-1.6881,-0.8951258720247185,1.799443802991488
2023-08-29,0.015479909851655888,-0.033150543179821704,0.014032903257413245,0.13486021798528713,1.1409779502171054,0.8157894736842105,0.2631578947368421,-0.09832048658147148,0.2,1.311936982801351,1.92,-0.020000000000000018,0.0072299498319346595,2.009329557999447,-1.6881,-0.8939552314520965,1.7804548244029097
2023-08-30,0.030174744747109454,-0.022601149641931554,0.017476387795269763,0.13448181722802266,1.1322968663888864,0.9473684210526315,0.2631578947368421,-0.09832048658147148,0.2,1.311936982801351,1.92,-0.020000000000000018,0.0072299498319346595,2.009329557999447,-1.6881,-0.8927865609467985,1.76188002208975
2023-08-31,0.014934764905501725,-0.028246743855294694,0.02279391998365211,0.1342002312250712,1.1247258859976519,0.868421052631579,0.3157894736842105,-0.09832048658147148,0.2,1.311936982801351,1.92,-0.020000000000000018,0.0072299498319346595,2.009329557999447,-1.6881,-0.8916198534661521,1.7437032292631727
2023-09-01,0.028428029656449267,-0.029937328803417262,0.026859216109621623,0.1334034358019625,1.1129292526292345,0.8947368421052632,0.3157894736842105,-0.09832048658147148,0.2,1.311936982801351,1.92,-0.020000000000000018,0.0072299498319346595,2.009329557999447,-1.6881,-0.8904551020017794,1.725909155087257
2023-09-04,0.026408640489408507,-0.013483053640708625,0.038338118651122334,0.1376741710433323,1.1426449405367065,0.8421052631578947,0.3684210526315789,-0.1805374350004532,0.1,1.313424100275517,1.92,0.0,0.0007828487458338188,2.006331302493398,-1.5730999999999997,-1.6265406258425399,1.8206457182666127
2023-09-05,0.00603669742425505,-0.016513208870580956,0.022476597310488358,0.13880076371303543,1.1462352489268222,0.7105263157894737,0.3157894736842105,-0.1805374350004532,0.1,1.313424100275517,1.92,0.0,0.0007828487458338188,2.006331302493398,-1.5730999999999997,-1.610489432304851,1.8016639843913895
2023-09-06,0.00365705033076305,-0.012239634958102026,0.020258716629481248,0.13868599962107447,1.138472524886837,0.6052631578947368,0.3684210526315789,-0.1805374350004532,0.1,1.313424100275517,1.92,0.0,0.0007828487458338188,2.006331302493398,-1.5730999999999997,-1.5947353979132657,1.7831031784404998
2023-09-07,-0.005675422097514385,-0.026770532930498893,-0.002047730373912461,0.1450445980611268,1.1833834026724084,0.3157894736842105,0.2894736842105263,-0.1805374350004532,0.1,1.313424100275517,1.92,0.0,0.0007828487458338188,2.006331302493398,-1.5730999999999997,-1.579268130237597,1.7649470049629856
2023-09-08,-0.010281364164615527,-0.016064847432053896,-0.005836339939196945,0.13860395208400095,1.1249474848191987,0.23684210526315788,0.3684210526315789,-0.1805374350004532,0.1,1.313424100275517,1.92,0.0,0.0007828487458338188,2.006331302493398,-1.5730999999999997,-1.5640777305060356,1.7471800599319418
2023-09-11,-0.01345989839308808,-0.004253686708252848,-0.009020388147057856,0.13997366669434314,1.1306223473986174,0.18421052631578946,0.42105263157894735,0.05571437026771498,0.75,1.314061421928418,1.93,0.010000000000000009,0.007542771160935016,2.006052384013053,-1.5945999999999998,0.558704429104401,1.776453182820819
2023-09-12,-0.008108037421463068,-0.0036876287727102457,-0.019202766611822603,0.13992685012064013,1.1254893949835074,0.23684210526315788,0.4473684210526316,0.05571437026771498,0.75,1.314061421928418,1.93,0.010000000000000009,0.007542771160935016,2.006052384013053,-1.5945999999999998,0.5686296303802655,1.7581579343634175
2023-09-13,-0.017068883736768688,-0.004059571804108835,-0.023432594169697306,0.14018904883640448,1.1229584714391596,0.10526315789473684,0.47368421052631576,0.05571437026771498,0.75,1.314061421928418,1.93,0.010000000000000009,0.007542771160935016,2.006052384013053,-1.5945999999999998,0.5787559857897285,1.7402527562411187
2023-09-14,-0.002426345090539097,-0.006818466136645674,-0.02076750228597608,0.13930594500100188,1.1100883674637134,0.5,0.3684210526315789,0.05571437026771498,0.75,1.314061421928418,1.93,0.010000000000000009,0.007542771160935016,2.006052384013053,-1.5945999999999998,0.5890921045037567,1.7227228771879926
2023-09-15,0.000438892228080566,0.007880507641026479,-0.0053195511224611485,0.12964798820131201,1.0304620421751178,0.5263157894736842,0.631578947368421,0.05571437026771498,0.75,1.314061421928418,1.93,0.010000000000000009,0.007542771160935016,2.006052384013053,-1.5945999999999998,0.599647121974015,1.7055543094442527
2023-09-18,-0.00791061375166452,0.013248852975662744,0.008159448952755248,0.12690240417132087,1.0083321776139784,0.23684210526315788,0.7105263157894737,-0.0036192583843130685,0.6,1.314413082748397,1.98,0.050000000000000044,0.0025750854649031238,2.00950226297994,-1.6895000000000002,0.048491490365233376,1.7145528202841456
2023-09-19,-0.01034945263107371,0.0030591172233742025,-0.0016480956910104147,0.12533776002292063,0.9960378727042114,0.3157894736842105,0.6052631578947368,-0.0036192583843130685,0.6,1.314413082748397,1.98,0.050000000000000044,0.0025750854649031238,2.00950226297994,-1.6895000000000002,0.0484948866857355,1.697935265207409
2023-09-20,-0.006432114250010676,0.010330797091093188,-0.0054346988355745,0.11912238811038411,0.9475626172645006,0.2894736842105263,0.6842105263157895,-0.0036192583843130685,0.6,1.314413082748397,1.98,0.050000000000000044,0.0025750854649031238,2.00950226297994,-1.6895000000000002,0.04849828300792835,1.6816525821510289
2023-09-21,-0.017044712392091203,-0.010211714674642915,-0.013286079518877688,0.11593023107675433,0.9234695774266861,0.10526315789473684,0.34210526315789475,-0.0036192583843130685,0.6,1.314413082748397,1.98,0.050000000000000044,0.0025750854649031238,2.00950226297994,-1.6895000000000002,0.04850167933181205,1.665693096638177
2023-09-22,-0.003397175857230603,0.015188381862683746,-0.006118125656958063,0.12031431456305963,0.9590447465981315,0.5,0.7105263157894737,-0.0036192583843130685,0.6,1.314413082748397,1.98,0.050000000000000044,0.0025750854649031238,2.00950226297994,-1.6895000000000002,0.04850507565738669,1.6500457242721032
2023-09-25,-0.007009742030756126,-0.0019716136861001763,-0.022567089011969094,0.11469136404754662,0.916028399432713,0.2894736842105263,0.5,0.22096569201419697,0.95,1.31631888544351,2.07,0.08999999999999986,0.0025968782859919375,2.012868471040935,-1.7598000000000003,2.107343627623874,1.7707179738826215
2023-09-26,-0.00987424359094002,-0.022295036219221704,-0.029759912520053822,0.1031154836801571,0.8256677203310158,0.2631578947368421,0.23684210526315788,0.22096569201419697,0.95,1.31631888544351,2.07,0.08999999999999986,0.0025968782859919375,2.012868471040935,-1.7598000000000003,2.0807727364800104,1.7530853340984316
2023-09-27,-0.003117235139984414,-0.022961182796000682,-0.020803386166878334,0.10274509556745895,0.8251291242577645,0.4473684210526316,0.23684210526315788,0.22096569201419697,0.95,1.31631888544351,2.07,0.08999999999999986,0.0025968782859919375,2.012868471040935,-1.7598000000000003,2.0549575396395636,1.7358267977543713
2023-09-28,0.0030722633026111267,-0.022074216277533514,-0.01893687698190256,0.10251361709652679,0.8253373805968454,0.5526315789473685,0.13157894736842105,0.22096569201419697,0.95,1.31631888544351,2.07,0.08999999999999986,0.0025968782859919375,2.012868471040935,-1.7598000000000003,2.0298607388291963,1.7189287526573305
2023-10-09,-0.01483691077902467,-0.02807655857279019,-0.018012318770855337,0.10196276581971904,0.8231662764917234,0.3157894736842105,0.15789473684210525,0.018433701688837966,0.65,1.316991414079251,2.24,0.17000000000000037,0.005496664716073646,2.013634841943972,-1.8893999999999997,0.204090330675488,1.7492822185092187
2023-10-10,-0.011776862633407862,-0.040157116808916545,-0.02190169073724473,0.09298850410545278,0.753668863164873,0.3157894736842105,0.10526315789473684,0.018433701688837966,0.65,1.316991414079251,2.24,0.17000000000000037,0.005496664716073646,2.013634841943972,-1.8893999999999997,0.209314043205372,1.7317098350843154
2023-10-11,-0.0005711590844967281,-0.02890289272797348,-0.02429325164837974,0.09491651933458439,0.7719376356281327,0.42105263157894735,0.13157894736842105,0.018433701688837966,0.65,1.316991414079251,2.24,0.17000000000000037,0.005496664716073646,2.013634841943972,-1.8893999999999997,0.21458154259920428,1.7145026645937556
2023-10-12,0.004197258345678739,-0.022420974781084995,-0.010657465992680172,0.09991258007571562,0.8150424064552113,0.5789473684210527,0.15789473684210525,0.018433701688837966,0.65,1.316991414079251,2.24,0.17000000000000037,0.005496664716073646,2.013634841943972,-1.8893999999999997,0.21989389618699212,1.6976473266655536
2023-10-13,-0.0014533344928636723,-0.0178521286728828,-0.03602767396647024,0.09389045283936491,0.769937719689659,0.47368421052631576,0.18421052631578946,0.018433701688837966,0.65,1.316991414079251,2.24,0.17000000000000037,0.005496664716073646,2.013634841943972,-1.8893999999999997,0.22525220504442311,1.6811311348435138
2023-10-16,-0.006246481122422332,-0.024041675530596995,-0.04458190021096914,0.0974923527533208,0.8032941938380463,0.4473684210526316,0.18421052631578946,0.10180118013593574,0.85,1.320351688878751,2.29,-0.18000000000000016,0.005353803819150097,2.011438150796759,-1.9385,0.9944880043603379,1.8974103298865699
2023-10-17,-0.000674794001008143,-0.027372012416836605,-0.035617063107016,0.09462499323130465,0.7834310176778614,0.5526315789473685,0.13157894736842105,0.10180118013593574,0.85,1.320351688878751,2.29,-0.18000000000000016,0.005353803819150097,2.011438150796759,-1.9385,0.9965939638207468,1.8769855803652278
2023-10-18,-0.013224578438446086,-0.0340194337449565,-0.042647609274871885,0.0969964881069156,0.8061486954031014,0.2894736842105263,0.15789473684210525,0.10180118013593574,0.85,1.320351688878751,2.29,-0.18000000000000016,0.005353803819150097,2.011438150796759,-1.9385,0.998706882893999,1.857044768719633
2023-10-19,-0.0326902921503383,-0.03804238319465461,-0.05778077282178775,0.10131944625489561,0.8448324223541123,0.13157894736842105,0.10526315789473684,0.10180118013593574,0.85,1.320351688878751,2.29,-0.18000000000000016,0.005353803819150097,2.011438150796759,-1.9385,1.0008268068740902,1.8375682186294455
2023-10-20,-0.031046769104486345,-0.04647255268683005,-0.05532607965025405,0.1017389623738045,0.8515411779190404,0.15789473684210525,0.07894736842105263,0.10180118013593574,0.85,1.320351688878751,2.29,-0.18000000000000016,0.005353803819150097,2.011438150796759,-1.9385,1.002953781467764,1.8185373896035677
2023-10-23,-0.03539306779064844,-0.059873635549326,-0.06715405996169804,0.10739541474943431,0.9001662386096064,0.10526315789473684,0.05263157894736842,0.11663215510582849,0.85,1.323330889898134,2.46,0.16999999999999993,-0.004898706938319536,2.007949019151544,-2.2137,1.1357449240086788,2.0007471618671664
2023-10-24,-0.0309776169290962,-0.050439015594268284,-0.05579454933200135,0.11388846080556736,0.9532747214080555,0.13157894736842105,0.05263157894736842,0.11663215510582849,0.85,1.323330889898134,2.46,0.16999999999999993,-0.004898706938319536,2.007949019151544,-2.2137,1.1313232222077059,1.977682748210809
2023-10-25,-0.02107167031874369,-0.04474165143262648,-0.07360391596455411,0.11520857695880622,0.9654831879932211,0.21052631578947367,0.07894736842105263,0.11663215510582849,0.85,1.323330889898134,2.46,0.16999999999999993,-0.004898706938319536,2.007949019151544,-2.2137,1.1269282417435118,1.955214883825302
2023-10-26,-0.009715883745135337,-0.041326152689779266,-0.07361483183980143,0.11519008867895528,0.9665007284372431,0.3157894736842105,0.10526315789473684,0.11663215510582849,0.85,1.323330889898134,2.46,0.16999999999999993,-0.004898706938319536,2.007949019151544,-2.2137,1.122559660176559,1.9333170414955752
2023-10-27,0.010778778515448676,-0.018649061779290165,-0.05963691131939993,0.12507114984059248,1.0492058183215192,0.7631578947368421,0.3157894736842105,0.11663215510582849,0.85,1.323330889898134,2.46,0.16999999999999993,-0.004898706938319536,2.007949019151544,-2.2137,1.1182171604073357,1.911964347710086
2023-10-30,0.032379065864651155,-0.024097393827444236,-0.0635823023117351,0.11750083500728392,0.9872528657095659,0.8157894736842105,0.23684210526315788,-0.02047535467805474,0.3,1.322830925725322,2.42,-0.040000000000000036,0.00398243593749429,2.003198474006758,-2.1243,-0.13699398527783765,1.8580440475492255
2023-10-31,0.021144739345307997,-0.022284534218204158,-0.07204465999767273,0.11682759770690883,0.9826591541129103,0.7894736842105263,0.21052631578947367,-0.02047535467805474,0.3,1.322830925725322,2.42,-0.040000000000000036,0.00398243593749429,2.003198474006758,-2.1243,-0.1355024332968621,1.8382635178482618
2023-11-01,0.018552743211453723,-0.01631466463023273,-0.07176024402927608,0.11536698771361287,0.9716460441879285,0.7105263157894737,0.23684210526315788,-0.02047535467805474,0.3,1.322830925725322,2.42,-0.040000000000000036,0.00398243593749429,2.003198474006758,-2.1243,-0.13401094716995549,1.8189363775145362
2023-11-02,0.01743221307114759,-0.020776704478647257,-0.06633903691657944,0.114570759196153,0.9664195947230526,0.7631578947368421,0.2631578947368421,-0.02047535467805474,0.3,1.322830925725322,2.42,-0.040000000000000036,0.00398243593749429,2.003198474006758,-2.1243,-0.13251951681501029,1.8000445453233656
2023-11-03,0.014205432520960808,-0.0075158925609404795,-0.05783685269376863,0.12147914522785258,1.02499852230648,0.7631578947368421,0.47368421052631576,-0.02047535467805474,0.3,1.322830925725322,2.42,-0.040000000000000036,0.00398243593749429,2.003198474006758,-2.1243,-0.13102813214602108,1.781570956975964
2023-11-06,0.02069950631443625,0.011439023266016687,-0.04657486411019071,0.1330017569150444,1.120455129807893,0.8421052631578947,0.6578947368421053,-0.35526550043549876,0.05,1.324173186631183,2.18,-0.23999999999999977,-0.014411038638047846,1.998630652055206,-1.9042000000000003,-3.130125610312233,1.8499433285002533
2023-11-07,0.02135924700441598,0.010851575419619688,-0.04278859503000543,0.13318542941968142,1.1208112260177976,0.868421052631579,0.7105263157894737,-0.35526550043549876,0.05,1.324173186631183,2.18,-0.23999999999999977,-0.014411038638047846,1.998630652055206,-1.9042000000000003,-3.0633332756708476,1.8302665025460498
2023-11-08,0.0216573589143293,0.0059138533685933,-0.03950224822996108,0.13208624811159225,1.1103998483149387,0.7894736842105263,0.5,-0.35526550043549876,0.05,1.324173186631183,2.18,-0.23999999999999977,-0.014411038638047846,1.998630652055206,-1.9042000000000003,-3.0001683119584674,1.8110376390879606
2023-11-09,0.022865460999123916,-0.0021085018252020786,-0.03676911156438904,0.1292256621887175,1.0853852130828656,0.868421052631579,0.5,-0.35526550043549876,0.05,1.324173186631183,2.18,-0.23999999999999977,-0.014411038638047846,1.998630652055206,-1.9042000000000003,-2.9403052273592163,1.7922389188192467
2023-11-10,0.0066708217693120025,0.0006082637012351953,-0.044014397902146445,0.1272711429954258,1.0660646938871157,0.631578947368421,0.4473684210526316,-0.35526550043549876,0.05,1.324173186631183,2.18,-0.23999999999999977,-0.014411038638047846,1.998630652055206,-1.9042000000000003,-2.883458094651581,1.773853519563233
2023-11-13,-0.006935637227354659,0.010749867161084363,-0.02935665580156647,0.12345808536795307,1.0332929527937091,0.2631578947368421,0.6842105263157895,-0.05090507507405805,0.3,1.327432381612033,2.29,0.10999999999999988,0.007171467531606377,1.995264016674114,-1.9598000000000004,-0.3325457053971267,1.9616156345317244
2023-11-14,-0.0005228017246472353,0.011003567695980595,-0.0206221314291088,0.1235362333742354,1.0330631595767057,0.39473684210526316,0.7105263157894737,-0.05090507507405805,0.3,1.327432381612033,2.29,0.10999999999999988,0.007171467531606377,1.995264016674114,-1.9598000000000004,-0.33634103688738226,1.939497378985915
2023-11-15,0.008039321840565028,0.027177753647604413,-0.010529308870062273,0.12300883254822745,1.0278597844557804,0.631578947368421,0.868421052631579,-0.05090507507405805,0.3,1.327432381612033,2.29,0.10999999999999988,0.007171467531606377,1.995264016674114,-1.9598000000000004,-0.34015806942549687,1.9179329801754432
2023-11-16,0.0005550406009884358,0.03113683092612466,-0.010965124072638725,0.11807546992565375,0.9868129646851104,0.5789473684210527,0.9736842105263158,-0.05090507507405805,0.3,1.327432381612033,2.29,0.10999999999999988,0.007171467531606377,1.995264016674114,-1.9598000000000004,-0.3439971464357309,1.896898526217652
2023-11-17,0.006646630509880486,0.03830166331560202,-0.014989355507873644,0.11409503479838547,0.9538586226563228,0.631578947368421,0.9210526315789473,-0.05090507507405805,0.3,1.327432381612033,2.29,0.10999999999999988,0.007171467531606377,1.995264016674114,-1.9598000000000004,-0.3478586183521045,1.8763715549246769
2023-11-20,0.0047885583505985355,0.050931493302331335,-0.0010616346059681278,0.10067530459108584,0.8447023431828041,0.631578947368421,0.8947368421052632,-0.026458461539430007,0.35,1.329051762586312,2.16,-0.1299999999999999,-0.018970955146144355,1.99497803415789,-1.7869000000000006,-0.14110413905169,1.9556186874007822
2023-11-21,0.001121890893380064,0.04310307551845686,0.00591291289985137,0.09918373425193232,0.8355655084003281,0.5526315789473685,0.8947368421052632,-0.026458461539430007,0.35,1.329051762586312,2.16,-0.1299999999999999,-0.018970955146144355,1.99497803415789,-1.7869000000000006,-0.14184410382944004,1.9334120646398913
2023-11-22,-0.017103435105314806,0.031145988861033307,-0.01053654534821892,0.1074192516940005,0.9047131113487857,0.10526315789473684,0.8947368421052632,-0.026458461539430007,0.35,1.329051762586312,2.16,-0.1299999999999999,-0.018970955146144355,1.99497803415789,-1.7869000000000006,-0.14258439280325896,1.9117598175108435
2023-11-23,-0.004419899114940681,0.03643281555631932,0.005437459957633293,0.10772104799432501,0.9076465111211807,0.39473684210526316,0.868421052631579,-0.026458461539430007,0.35,1.329051762586312,2.16,-0.1299999999999999,-0.018970955146144355,1.99497803415789,-1.7869000000000006,-0.14332500738174472,1.8906378778374284
2023-11-24,-0.010560936923958377,0.016961947876194976,-0.011898828577738054,0.10100155691748697,0.8534309410226019,0.18421052631578946,0.631578947368421,-0.026458461539430007,0.35,1.329051762586312,2.16,-0.1299999999999999,-0.018970955146144355,1.99497803415789,-1.7869000000000006,-0.14406594897646385,1.870023636063265
2023-11-27,-0.01356594985309912,0.004986477584581062,-0.003922534380179376,0.0971918861320427,0.8230479690578505,0.2631578947368421,0.42105263157894735,-0.10214507880385196,0.25,1.332887640917063,2.21,0.04999999999999982,-0.0037238707748504423,1.997187182931179,-1.7864999999999998,-0.7861673758039885,2.07922014588036
2023-11-28,-0.011415968861207763,0.010542367311941102,-0.013713780592363181,0.09632063784011724,0.8185575997573784,0.21052631578947367,0.5263157894736842,-0.10214507880385196,0.25,1.332887640917063,2.21,0.04999999999999982,-0.0037238707748504423,1.997187182931179,-1.7864999999999998,-0.785331400025376,2.0535527886611713
2023-11-29,-0.007440519882452189,0.005152725767127388,-0.03345697508232699,0.09867334708510825,0.842871602276972,0.3684210526315789,0.39473684210526316,-0.10214507880385196,0.25,1.332887640917063,2.21,0.04999999999999982,-0.0037238707748504423,1.997187182931179,-1.7864999999999998,-0.7844964074355806,2.0285977510499977
2023-11-30,-0.010694441975089307,0.00830616051008242,-0.03543172676456546,0.09851586173650366,0.8458574651194195,0.2631578947368421,0.6052631578947368,-0.10214507880385196,0.25,1.332887640917063,2.21,0.04999999999999982,-0.0037238707748504423,1.997187182931179,-1.7864999999999998,-0.7836623954250931,2.004320733437146
2023-12-01,-0.004479907382153525,-0.001723392026919359,-0.0313135008653933,0.09096228876246655,0.7858648887499304,0.4473684210526316,0.5,-0.10214507880385196,0.25,1.332887640917063,2.21,0.04999999999999982,-0.0037238707748504423,1.997187182931179,-1.7864999999999998,-0.7828293613936603,1.9806897218625759
2023-12-04,-0.006643790700286499,-0.022356819430141686,-0.038994354736915135,0.07182175304638763,0.6260523665199211,0.3684210526315789,0.34210526315789475,0.013551423003092611,0.6,1.334312902308604,2.0,-0.20999999999999996,-0.0023297568359455117,1.996744013911513,-1.5467,0.1985462999983799,2.041123012362405
2023-12-05,-0.026294393128116468,-0.037111272820591346,-0.06641681420988815,0.0926748223953927,0.8131392606385133,0.15789473684210525,0.2631578947368421,0.013551423003092611,0.6,1.334312902308604,2.0,-0.20999999999999996,-0.0023297568359455117,1.996744013911513,-1.5467,0.1989967293618807,2.017401507358918
2023-12-06,-0.014398182360783471,-0.030902815507985383,-0.053891854867365516,0.09699965942499242,0.8563203736064848,0.21052631578947367,0.23684210526315788,0.013551423003092611,0.6,1.334312902308604,2.0,-0.20999999999999996,-0.0023297568359455117,1.996744013911513,-1.5467,0.19944729597624516,1.994312237021003
2023-12-07,-0.01901211548219735,-0.03357141597123885,-0.05810089257752587,0.09704556402784018,0.862006922894281,0.13157894736842105,0.3157894736842105,0.013551423003092611,0.6,1.334312902308604,2.0,-0.20999999999999996,-0.0023297568359455117,1.996744013911513,-1.5467,0.19989800016488002,1.9718266358440324
2023-12-08,-0.01602782975581838,-0.024422043552049744,-0.041665908523697295,0.09753060664984448,0.8724521830497347,0.21052631578947367,0.3157894736842105,0.013551423003092611,0.6,1.334312902308604,2.0,-0.20999999999999996,-0.0023297568359455117,1.996744013911513,-1.5467,0.20034884225164004,1.949917960093715
2023-12-11,-0.005095328803883448,-0.020516511006670478,-0.03380831937618305,0.10008741739230806,0.9004949682155385,0.3684210526315789,0.3157894736842105,-0.022418873288413653,0.4,1.335708495926252,2.02,0.020000000000000018,0.007749327849372247,1.992325470954672,-1.5662000000000003,-0.10827027659071063,2.007740352774701
2023-12-12,0.01430855422369694,-0.02227991687224717,-0.03864836159310313,0.0992126554602196,0.8981140880708031,0.868421052631579,0.2631578947368421,-0.022418873288413653,0.4,1.335708495926252,2.02,0.020000000000000018,0.007749327849372247,1.992325470954672,-1.5662000000000003,-0.11176484982140225,1.9852481443934493
2023-12-13,-0.0021756787033392275,-0.04111781605188964,-0.04795949614924167,0.09690792345805548,0.8829816194621332,0.4473684210526316,0.21052631578947367,-0.022418873288413653,0.4,1.335708495926252,2.02,0.020000000000000018,0.007749327849372247,1.992325470954672,-1.5662000000000003,-0.11527326998458556,1.9633386039529082
2023-12-14,0.001000287788118523,-0.03312616878410876,-0.04003172105263866,0.0946551086003543,0.8684601620939163,0.5526315789473685,0.2894736842105263,-0.022418873288413653,0.4,1.335708495926252,2.02,0.020000000000000018,0.007749327849372247,1.992325470954672,-1.5662000000000003,-0.11879576766685261,1.941986520460178
2023-12-15,-0.0035788714244451036,-0.03464754548637533,-0.0428184348576033,0.09435841569681302,0.8717295978219153,0.3684210526315789,0.2894736842105263,-0.022418873288413653,0.4,1.335708495926252,2.02,0.020000000000000018,0.007749327849372247,1.992325470954672,-1.5662000000000003,-0.1223325774834675,1.9211682464895536
2023-12-18,-0.015218250269590483,-0.0405233196268595,-0.0494654618738541,0.09527546338662297,0.884884995716929,0.34210526315789475,0.2631578947368421,-0.005684140354989807,0.5,1.335227269555189,1.69,-0.33000000000000007,-0.013596115563799263,1.987295761254197,-1.2764000000000002,0.018616259567598516,1.8743594862830226
2023-12-19,-0.01608378364922405,-0.039485591414851286,-0.046821531490662656,0.09562028614120936,0.8924088894967519,0.23684210526315788,0.2894736842105263,-0.005684140354989807,0.5,1.335227269555189,1.69,-0.33000000000000007,-0.013596115563799263,1.987295761254197,-1.2764000000000002,0.01634454727844418,1.8552828255451022
2023-12-20,-0.012293948203568238,-0.03630832915014307,-0.04990399172173619,0.09293694474466516,0.8717592371009512,0.34210526315789475,0.2894736842105263,-0.005684140354989807,0.5,1.335227269555189,1.69,-0.33000000000000007,-0.013596115563799263,1.987295761254197,-1.2764000000000002,0.014070099083145483,1.8366504993786694
2023-12-21,-0.008014680451388183,-0.03672095012055627,-0.041614287254016155,0.09255840519582646,0.8718291002595844,0.34210526315789475,0.2894736842105263,-0.005684140354989807,0.5,1.335227269555189,1.69,-0.33000000000000007,-0.013596115563799263,1.987295761254197,-1.2764000000000002,0.011792871570182056,1.8184456444830983
2023-12-22,-0.011376544892754508,-0.03546315345517146,-0.0371502673582666,0.09197048218727245,0.869562065070673,0.39473684210526316,0.2894736842105263,-0.005684140354989807,0.5,1.335227269555189,1.69,-0.33000000000000007,-0.013596115563799263,1.987295761254197,-1.2764000000000002,0.009512821029697027,1.800652353538465
2023-12-25,-0.0027961679545386634,-0.029753537728299036,-0.04886445397116216,0.09313486102219871,0.8843586800754057,0.5789473684210527,0.2631578947368421,0.059282468417757264,0.8,1.337204552392111,1.71,0.020000000000000018,-0.008717768224232852,1.981901759373049,-1.3152999999999997,0.573972475697124,1.892990716956673
2023-12-26,-0.01005321731812534,-0.03812283987176886,-0.049865006778031865,0.09368809968600662,0.8925788061078179,0.47368421052631576,0.2631578947368421,0.059282468417757264,0.8,1.337204552392111,1.71,0.020000000000000018,-0.008717768224232852,1.981901759373049,-1.3152999999999997,0.5807834860872698,1.875543828989589
2023-12-27,0.0007906468999061087,-0.02807716236778477,-0.03923910123089006,0.09533262086876039,0.909370180011792,0.6578947368421053,0.2631578947368421,0.059282468417757264,0.8,1.337204552392111,1.71,0.020000000000000018,-0.008717768224232852,1.981901759373049,-1.3152999999999997,0.5876804678506845,1.8585267351087167
2023-12-28,0.012568888195572052,-0.013457619949894903,-0.025928163918459684,0.11368249096148653,1.0825257618471371,0.8157894736842105,0.34210526315789475,0.059282468417757264,0.8,1.337204552392111,1.71,0.020000000000000018,-0.008717768224232852,1.981901759373049,-1.3152999999999997,0.5946657694476316,1.8419254433460692
2023-12-29,0.018475125203818086,-0.012508120869199849,-0.021747405457059634,0.11386549325348651,1.0823184588357129,0.8947368421052632,0.3157894736842105,0.059282468417757264,0.8,1.337204552392111,1.71,0.020000000000000018,-0.008717768224232852,1.981901759373049,-1.3152999999999997,0.6017418295319111,1.8257268204631223
2024-01-02,0.007869980602501124,-0.015239766425511413,-0.02615756258963636,0.11572697901682752,1.097618924974478,0.8421052631578947,0.3157894736842105,-0.04553376822603719,0.3,1.337388157921241,1.72,0.010000000000000009,-0.0032036521231021712,1.979801933709719,-1.3148,-0.3179679662970316,1.8209873112719592
2024-01-03,0.009021747234317097,-0.0028066995093352955,-0.029066396910306904,0.09888300204997005,0.9369882298140795,0.8157894736842105,0.4473684210526316,-0.04553376822603719,0.3,1.337388157921241,1.72,0.010000000000000009,-0.0032036521231021712,1.979801933709719,-1.3148,-0.3166391906631337,1.8064807590488505
2024-01-04,-0.002447978928235668,-0.016126958935236968,-0.041115921074629,0.09852842301163192,0.9330960760936216,0.4473684210526316,0.3684210526315789,-0.04553376822603719,0.3,1.337388157921241,1.72,0.010000000000000009,-0.0032036521231021712,1.979801933709719,-1.3148,-0.31531146691862993,1.7923470738095109
2024-01-05,-0.027770477748973562,-0.022215982216671114,-0.057895900013111984,0.10266915503451586,0.9718872867870212,0.13157894736842105,0.3684210526315789,-0.04553376822603719,0.3,1.337388157921241,1.72,0.010000000000000009,-0.0032036521231021712,1.979801933709719,-1.3148,-0.3139847875721602,1.7785777532396796
2024-01-08,-0.04251456305033231,-0.03899485416371378,-0.06280863401452827,0.10968114238104174,1.0356839997551606,0.15789473684210525,0.2631578947368421,0.06979576193554192,0.85,1.340832424675158,1.83,0.1100000000000001,0.010418248137422603,1.980074190743623,-1.5372,0.695201124153915,1.9521552988828277
2024-01-09,-0.029096540108879833,-0.039240977730507796,-0.049007621576093854,0.10945652439653472,1.0316205680393589,0.18421052631578946,0.2894736842105263,0.06979576193554192,0.85,1.340832424675158,1.83,0.1100000000000001,0.010418248137422603,1.980074190743623,-1.5372,0.6898481112809676,1.9370794737883124
2024-01-10,-0.029070204496950296,-0.046185458229982525,-0.05746180740624905,0.10908658785968041,1.0258036635934618,0.23684210526315788,0.2894736842105263,0.06979576193554192,0.85,1.340832424675158,1.83,0.1100000000000001,0.010418248137422603,1.980074190743623,-1.5372,0.6845157939087569,1.9224639713557188
2024-01-11,-0.009642068016493564,-0.023593348248391308,-0.03753341065267647,0.11688666892751552,1.0957365398376788,0.2894736842105263,0.42105263157894735,0.06979576193554192,0.85,1.340832424675158,1.83,0.1100000000000001,0.010418248137422603,1.980074190743623,-1.5372,0.679203714786148,1.9082994790732362
2024-01-12,-0.0067774945758524874,-0.029993764580642124,-0.03198310243862617,0.1181554915508664,1.1047250036156968,0.23684210526315788,0.3684210526315789,0.06979576193554192,0.85,1.340832424675158,1.83,0.1100000000000001,0.010418248137422603,1.980074190743623,-1.5372,0.6739114220334483,1.8945776421247276
2024-01-15,0.0075868219891085005,-0.027829160750160176,-0.02417504292093342,0.11851030148744468,1.1051541078387477,0.5,0.34210526315789475,-0.049914391381712955,0.25,1.343525034301584,1.69,-0.14000000000000012,7.809457057413251e-06,1.976991147465619,-1.4580000000000002,-0.3768563735851433,2.027608255086454
2024-01-16,-0.00013246424701047598,-0.02415519170792779,-0.013747018032455888,0.11735489637910491,1.0926881029265467,0.5526315789473685,0.39473684210526316,-0.049914391381712955,0.25,1.343525034301584,1.69,-0.14000000000000012,7.809457057413251e-06,1.976991147465619,-1.4580000000000002,-0.3738193528976154,2.0120662125325266
2024-01-17,-0.016339373188231643,-0.04644104776899012,-0.04282356366538449,0.13703351518975398,1.2713488394532184,0.21052631578947367,0.3157894736842105,-0.049914391381712955,0.25,1.343525034301584,1.69,-0.14000000000000012,7.809457057413251e-06,1.976991147465619,-1.4580000000000002,-0.3707856294260855,1.9970403238627255
2024-01-18,-0.019432975202843733,-0.030732375247666803,-0.03589471553677651,0.1422176022313826,1.3139574489784858,0.15789473684210525,0.3684210526315789,-0.049914391381712955,0.25,1.343525034301584,1.69,-0.14000000000000012,7.809457057413251e-06,1.976991147465619,-1.4580000000000002,-0.3677551190436996,1.9825205189142439
2024-01-19,-0.014775937620069391,-0.03675502174932333,-0.03704315631356022,0.1404888887800439,1.292948917663137,0.2631578947368421,0.3157894736842105,-0.049914391381712955,0.25,1.343525034301584,1.69,-0.14000000000000012,7.809457057413251e-06,1.976991147465619,-1.4580000000000002,-0.3647277378729547,1.9684978901288228
2024-01-22,-0.03296918447906784,-0.0494218003364735,-0.06792300591544993,0.1504289266738409,1.3790652432735693,0.18421052631578946,0.18421052631578946,0.046162041763162624,0.7,1.34490947372691,1.81,0.1200000000000001,0.007695786552311412,1.969699228024624,-1.6480000000000006,0.47548856720583743,2.0279198487559382
2024-01-23,-0.020058071923706854,-0.04141709567709598,-0.0661841558208139,0.1565984100444426,1.4270990815751246,0.21052631578947367,0.18421052631578946,0.046162041763162624,0.7,1.34490947372691,1.81,0.1200000000000001,0.007695786552311412,1.969699228024624,-1.6480000000000006,0.4728138808765068,2.0109939711635936
2024-01-24,0.011218574199487694,-0.025169256251377087,-0.05274972881120479,0.16126473231206512,1.459771306970738,0.631578947368421,0.2894736842105263,0.046162041763162624,0.7,1.34490947372691,1.81,0.1200000000000001,0.007695786552311412,1.969699228024624,-1.6480000000000006,0.47014432834734066,1.9945834832846838
2024-01-25,0.014813359040393437,-0.016709663107179466,-0.0396340997078368,0.16795222365689327,1.508340370727019,0.7105263157894737,0.42105263157894735,0.046162041763162624,0.7,1.34490947372691,1.81,0.1200000000000001,0.007695786552311412,1.969699228024624,-1.6480000000000006,0.46747984918452473,1.9786751190482237
2024-01-26,0.0074261734306050615,-0.04189773651429032,-0.04704919595410274,0.15762427302184914,1.406523457721101,0.5526315789473685,0.23684210526315788,0.046162041763162624,0.7,1.34490947372691,1.81,0.1200000000000001,0.007695786552311412,1.969699228024624,-1.6480000000000006,0.46482038338358495,1.9632567514419905
2024-01-29,0.014665829942258566,-0.05323109559803302,-0.06746260849415217,0.15934056006086464,1.4138770974372195,0.6052631578947368,0.23684210526315788,-0.003012050469991721,0.6,1.346210948674947,1.85,0.040000000000000036,0.002348262693045584,1.964341999526154,-1.6611000000000002,0.029544032511819498,2.017725310477545
2024-01-30,-0.010515599066126705,-0.05980267534572381,-0.09739926120137685,0.16388035810590726,1.4475497407389843,0.5526315789473685,0.23684210526315788,-0.003012050469991721,0.6,1.346210948674947,1.85,0.040000000000000036,0.002348262693045584,1.964341999526154,-1.6611000000000002,0.024803504811682774,2.000570884308896
2024-01-31,-0.03610838948900464,-0.07029939297469882,-0.1102173653046254,0.16987958528993455,1.4924783896186038,0.21052631578947367,0.23684210526315788,-0.003012050469991721,0.6,1.346210948674947,1.85,0.040000000000000036,0.002348262693045584,1.964341999526154,-1.6611000000000002,0.020036914147141465,1.9839249899594082
2024-02-01,-0.047488596041038875,-0.061750280219982676,-0.10878005466320498,0.1703065132053674,1.4879022611939148,0.18421052631578946,0.2631578947368421,-0.003012050469991721,0.6,1.346210948674947,1.85,0.040000000000000036,0.002348262693045584,1.964341999526154,-1.6611000000000002,0.015243590831086031,1.967773860584296
2024-02-02,-0.04969609282400322,-0.06382335158931997,-0.11961074977722988,0.17144225265446947,1.4886736519392991,0.23684210526315788,0.2631578947368421,-0.003012050469991721,0.6,1.346210948674947,1.85,0.040000000000000036,0.002348262693045584,1.964341999526154,-1.6611000000000002,0.01042284724000724,1.9521048430271417
2024-02-05,-0.04608992901344714,-0.05680646156114785,-0.12022335927691133,0.1677430628496937,1.448071183358294,0.23684210526315788,0.23684210526315788,0.04353324787563112,0.7,1.348402558293089,1.82,-0.030000000000000027,0.004734874221387527,1.958168499980099,-1.6018000000000003,0.425343114956742,2.054753268810879
2024-02-06,0.004775384481122087,-0.025930750755721883,-0.0856882394929001,0.2166745076798945,1.8457259208878893,0.5526315789473685,0.3684210526315789,0.04353324787563112,0.7,1.348402558293089,1.82,-0.030000000000000027,0.004734874221387527,1.958168499980099,-1.6018000000000003,0.4268871662201223,2.0368087341711316
2024-02-07,0.034456877682621526,-0.006772310795126999,-0.07523768589735663,0.22272093180482674,1.8708868126107958,0.7631578947368421,0.5263157894736842,0.04353324787563112,0.7,1.348402558293089,1.82,-0.030000000000000027,0.004734874221387527,1.958168499980099,-1.6018000000000003,0.4284343331143665,2.0194031028805224
2024-02-08,0.04447988080854211,-0.007628331394946997,-0.07233949569522788,0.22208665688664586,1.8400354530259884,0.868421052631579,0.42105263157894735,0.04353324787563112,0.7,1.348402558293089,1.82,-0.030000000000000027,0.004734874221387527,1.958168499980099,-1.6018000000000003,0.4299846339232539,2.0025208083087223
2024-02-19,0.06705038644426592,0.010004529430798435,-0.05311540393395239,0.2246628244111303,1.8343805571462801,0.9473684210526315,0.6052631578947368,-0.06873503984958133,0.15,1.349566314561849,1.92,0.09999999999999987,0.0010392278156265966,1.956079090373458,-1.7454999999999998,-0.5650405696897957,2.0488927114491515
2024-02-20,0.07372109658530432,0.009327813035047969,-0.053148893201487475,0.22465173807712133,1.8071021929771363,0.9210526315789473,0.5526315789473685,-0.06873503984958133,0.15,1.349566314561849,1.92,0.09999999999999987,0.0010392278156265966,1.956079090373458,-1.7454999999999998,-0.5626008360838851,2.0305804418423605
2024-02-21,0.04445598123688483,0.01865769472817342,-0.0460208166066138,0.22558968848140845,1.78475793883818,0.9210526315789473,0.631578947368421,-0.06873503984958133,0.15,1.349566314561849,1.92,0.09999999999999987,0.0010392278156265966,1.956079090373458,-1.7454999999999998,-0.5601668359464761,2.012805040207909
2024-02-22,0.040304593229863385,0.049871655622968025,-0.03605498356087332,0.21141316354243708,1.6482091360074251,0.8947368421052632,0.868421052631579,-0.06873503984958133,0.15,1.349566314561849,1.92,0.09999999999999987,0.0010392278156265966,1.956079090373458,-1.7454999999999998,-0.5577385189094675,1.9955501414169652
2024-02-23,0.0326444800619368,0.04444912386983354,-0.022591580527976274,0.20993502864139238,1.6151705312568587,0.8947368421052632,0.7894736842105263,-0.06873503984958133,0.15,1.349566314561849,1.92,0.09999999999999987,0.0010392278156265966,1.956079090373458,-1.7454999999999998,-0.5553158350275912,1.9788006056116973
2024-02-26,0.017247694859233637,0.04202816191010146,-0.03144780995977807,0.21070019232674658,1.5999306980121286,0.9210526315789473,0.7894736842105263,-0.03501608187124945,0.35,1.349610382738019,1.96,-0.010000000000000009,-0.0029080396809855464,1.958929265101398,-1.8737,-0.25466726356243635,1.964909137413471
2024-02-27,0.03110347406400231,0.07340047157811812,-0.011484482213526787,0.2020431483966637,1.5148235220937,0.9736842105263158,0.9736842105263158,-0.03501608187124945,0.35,1.349610382738019,1.96,-0.010000000000000009,-0.0029080396809855464,1.958929265101398,-1.8737,-0.24997000075558193,1.9475006755820068
2024-02-28,0.008484515626058259,0.04720028227793854,-0.023970351127456418,0.21123007725601026,1.5614519505325328,0.6842105263157895,0.8947368421052632,-0.03501608187124945,0.35,1.349610382738019,1.96,-0.010000000000000009,-0.0029080396809855464,1.958929265101398,-1.8737,-0.2452604648791937,1.930565603089026
2024-02-29,0.01653681710485364,0.055189898528333975,-0.008102197594811913,0.2168423234134217,1.5794854973305616,0.7368421052631579,0.9473684210526315,-0.03501608187124945,0.35,1.349610382738019,1.96,-0.010000000000000009,-0.0029080396809855464,1.958929265101398,-1.8737,-0.2405381684125734,1.9140897233797907
2024-03-01,0.02168038819476297,0.05131615302420307,0.006529327549238892,0.2148441612062488,1.5431672467003268,0.7368421052631579,0.868421052631579,-0.03501608187124945,0.35,1.349610382738019,1.96,-0.010000000000000009,-0.0029080396809855464,1.958929265101398,-1.8737,-0.23580261419795748,1.8980598338445402
2024-03-04,0.030388210983739374,0.06499019946323578,0.00963484299905061,0.21049735879446338,1.4919450104937377,0.868421052631579,0.9473684210526315,-0.04766352633697184,0.3,1.351824107477871,1.87,-0.08999999999999986,-0.0008553888330929093,1.961941507936548,-1.8251000000000004,-0.3442194543385286,2.0008151343024156
2024-03-05,0.013809815218036712,0.07254445685389627,0.006805240386663452,0.20591825037161204,1.4399358732629777,0.8157894736842105,0.9210526315789473,-0.04766352633697184,0.3,1.351824107477871,1.87,-0.08999999999999986,-0.0008553888330929093,1.961941507936548,-1.8251000000000004,-0.343349726025369,1.9818623102157877
2024-03-06,0.02847677920433822,0.08619266054840347,0.011150218777168309,0.1953869578058034,1.3468964419463767,0.8421052631578947,0.9473684210526315,-0.04766352633697184,0.3,1.351824107477871,1.87,-0.08999999999999986,-0.0008553888330929093,1.961941507936548,-1.8251000000000004,-0.34248057211043303,1.9634199952140883
2024-03-07,0.000905419818161373,0.0922037078355,0.01909761535146593,0.18826057592501502,1.2836735834865938,0.4473684210526316,0.9473684210526315,-0.04766352633697184,0.3,1.351824107477871,1.87,-0.08999999999999986,-0.0008553888330929093,1.961941507936548,-1.8251000000000004,-0.3416119903373304,1.9454706888648052
2024-03-08,0.0009211595479649368,0.09972590861320689,0.021848669457987302,0.18856589934928963,1.272513819313401,0.4473684210526316,0.9736842105263158,-0.04766352633697184,0.3,1.351824107477871,1.87,-0.08999999999999986,-0.0008553888330929093,1.961941507936548,-1.8251000000000004,-0.340743978455745,1.9279980396674583
2024-03-11,0.005366049024432838,0.12005234131167183,0.0340130075056808,0.1789334270470691,1.1964903830563773,0.6052631578947368,1.0,0.11718958898558221,1.0,1.351962621002543,1.81,-0.06000000000000005,-0.011062564029002419,1.962977469048637,-1.8161,1.1315026032394975,1.9183278024943695
2024-03-12,0.013808620980607766,0.13244300684795116,0.0366416911230896,0.17298851842072688,1.1470915326619298,0.7368421052631579,0.9736842105263158,0.11718958898558221,1.0,1.351962621002543,1.81,-0.06000000000000005,-0.011062564029002419,1.962977469048637,-1.8161,1.1286833485260055,1.900070470136039
2024-03-13,0.011995923978367583,0.09341320004564896,0.02824147155941934,0.13548290464108534,0.894890158087725,0.7368421052631579,0.9736842105263158,0.11718958898558221,1.0,1.351962621002543,1.81,-0.06000000000000005,-0.011062564029002419,1.962977469048637,-1.8161,1.1258753608013616,1.88226640727317
2024-03-14,0.019761454585030674,0.07750828473790913,0.02455051571279967,0.13270802240437163,0.8733411901777551,0.8157894736842105,0.9736842105263158,0.11718958898558221,1.0,1.351962621002543,1.81,-0.06000000000000005,-0.011062564029002419,1.962977469048637,-1.8161,1.123078551610678,1.8648999789389467
2024-03-15,0.012025792725304667,0.06727182052996944,0.0360501408866312,0.12970826175461703,0.8505400884680089,0.7368421052631579,0.9736842105263158,0.11718958898558221,1.0,1.351962621002543,1.81,-0.06000000000000005,-0.011062564029002419,1.962977469048637,-1.8161,1.120292833460217,1.8479564997853182
2024-03-18,0.012260889668220833,0.06526284453562674,0.04527360938578311,0.12825836675517188,0.8379552873364479,0.7368421052631579,0.9473684210526315,-0.022642476749759777,0.5,1.352858922600241,1.99,0.17999999999999994,0.0068973784454003295,1.970307427119673,-1.9867999999999997,-0.12214560667895294,1.8785034908880542
2024-03-19,0.0009058555409752062,0.05962776580362206,0.04112641808850991,0.13143413494839157,0.8552508900835489,0.42105263157894735,0.9473684210526315,-0.022642476749759777,0.5,1.352858922600241,1.99,0.17999999999999994,0.0068973784454003295,1.970307427119673,-1.9867999999999997,-0.1274132945722423,1.8604268417314915
2024-03-20,0.005813482042541224,0.05477070085130535,0.04927320387155105,0.130557576640223,0.8463087618905131,0.6578947368421053,0.9210526315789473,-0.022642476749759777,0.5,1.352858922600241,1.99,0.17999999999999994,0.0068973784454003295,1.970307427119673,-1.9867999999999997,-0.13272340033922128,1.842779770441349
2024-03-21,0.012171064850402303,0.049374756358448055,0.05280536421242602,0.12804671768763218,0.8271350253414479,0.8421052631578947,0.8947368421052632,-0.022642476749759777,0.5,1.352858922600241,1.99,0.17999999999999994,0.0068973784454003295,1.970307427119673,-1.9867999999999997,-0.13807702034499242,1.825547217773345
2024-03-22,0.00012359111422164705,0.03475093158225429,0.04846768020442108,0.13603533471456786,0.8746800599851016,0.4473684210526316,0.6842105263157895,-0.022642476749759777,0.5,1.352858922600241,1.99,0.17999999999999994,0.0068973784454003295,1.970307427119673,-1.9867999999999997,-0.14347528652820782,1.808715000283147
2024-03-25,-0.019669356102694928,0.028345793573698177,0.03361893373447637,0.14144832869914573,0.9047443876537846,0.2631578947368421,0.7105263157894737,-0.09836828616314568,0.1,1.35279588168612,1.87,-0.11999999999999988,0.00942926264784822,1.973888196665597,-1.9326999999999996,-0.8330233675961605,1.78899136021729
2024-03-26,-0.013385219861539234,0.015139071878080512,0.039117743119725185,0.13304049987693853,0.8472559763287052,0.3157894736842105,0.6842105263157895,-0.09836828616314568,0.1,1.35279588168612,1.87,-0.11999999999999988,0.00942926264784822,1.973888196665597,-1.9326999999999996,-0.8301877262155649,1.7725326663334624
2024-03-27,-0.028518371952649873,0.01776781327259722,0.023550999873439844,0.1290344347286264,0.8186244512272915,0.23684210526315788,0.7631578947368421,-0.09836828616314568,0.1,1.35279588168612,1.87,-0.11999999999999988,0.00942926264784822,1.973888196665597,-1.9326999999999996,-0.8276091644961053,1.756438607870404
2024-03-28,-0.02513864084736011,0.007699298406234305,0.037719940683191254,0.11569926916653411,0.7323186626404188,0.21052631578947367,0.6578947368421053,-0.09836828616314568,0.1,1.35279588168612,1.87,-0.11999999999999988,0.00942926264784822,1.973888196665597,-1.9326999999999996,-0.8253106478186183,1.7406973784993167
2024-03-29,-0.009532765878367728,0.003537777509123587,0.03814426742614726,0.11242886217913435,0.7103375159416536,0.34210526315789475,0.5526315789473685,-0.09836828616314568,0.1,1.35279588168612,1.87,-0.11999999999999988,0.00942926264784822,1.973888196665597,-1.9326999999999996,-0.8233184612188921,1.7252978286472624
2024-04-01,0.014455397890387784,0.01241298048034659,0.03550544342929211,0.1211826372158236,0.7650405854397304,0.8421052631578947,0.7368421052631579,-0.003835831323871171,0.6,1.352588921487927,1.88,0.009999999999999787,0.0007064222497064649,1.976414726620262,-1.9123,0.09904945667027777,1.6995412865274022
2024-04-02,0.008457801257509414,0.009787057917553216,0.029100419173416523,0.1223747003829109,0.7718751427637812,0.631578947368421,0.6052631578947368,-0.003835831323871171,0.6,1.352588921487927,1.88,0.009999999999999787,0.0007064222497064649,1.976414726620262,-1.9123,0.10032728052883323,1.6843335660797742
2024-04-03,0.017186684361,0.006477718429259,0.03286770363193872,0.12342552119753959,0.7778736292419512,0.7368421052631579,0.5789473684210527,-0.003835831323871171,0.6,1.352588921487927,1.88,0.009999999999999787,0.0007064222497064649,1.976414726620262,-1.9123,0.10160609418073833,1.669436079109754
2024-04-08,0.0015644767927139626,0.008358355380786896,0.03026267024158813,0.12157020279869828,0.7643592126189748,0.47368421052631576,0.5526315789473685,0.20874367409704772,1.0,1.352991758597248,2.02,0.14000000000000012,-0.002013373999964053,1.980004771773189,-2.0748,2.157482684914591,1.6755581505732033
2024-04-09,0.0019026869996128576,0.004519304960771511,0.04249493335399579,0.11864741381092407,0.744413079498246,0.4473684210526316,0.47368421052631576,0.20874367409704772,1.0,1.352991758597248,2.02,0.14000000000000012,-0.002013373999964053,1.980004771773189,-2.0748,2.1315957839592747,1.6609189126029753
2024-04-10,-0.019907330548803823,-0.012860399092890069,0.043368590629461856,0.11745431113478816,0.7357897744655701,0.2894736842105263,0.39473684210526316,0.20874367409704772,1.0,1.352991758597248,2.02,0.14000000000000012,-0.002013373999964053,1.980004771773189,-2.0748,2.1064198816647552,1.646574428412485
2024-04-11,-0.016842646169704826,-0.020864209232759372,0.054772336054044,0.11472602172742319,0.7183201120301232,0.2631578947368421,0.3684210526315789,0.20874367409704772,1.0,1.352991758597248,2.02,0.14000000000000012,-0.002013373999964053,1.980004771773189,-2.0748,2.082538070077664,1.6322037849223605
2024-04-12,-0.013965735498238702,-0.019483941047347283,0.047998508242579854,0.11456715514360942,0.7169430674043291,0.3684210526315789,0.3684210526315789,0.20874367409704772,1.0,1.352991758597248,2.02,0.14000000000000012,-0.002013373999964053,1.980004771773189,-2.0748,2.0593228378733595,1.6181130684507885
2024-04-15,0.00019632941678052792,-0.01120676978746325,0.059529204155318954,0.11739763524576907,0.7340194995304313,0.5263157894736842,0.42105263157894735,0.07682240256665612,0.85,1.35388668247459,2.11,0.08999999999999986,0.016413484514822562,1.988990375063408,-2.22,0.8057866485776166,1.650048610858223
2024-04-16,-0.024009761104710835,-0.03151624886924399,0.028127240265778522,0.1338772978986751,0.8355778702707642,0.2631578947368421,0.21052631578947367,0.07682240256665612,0.85,1.35388668247459,2.11,0.08999999999999986,0.016413484514822562,1.988990375063408,-2.22,0.7991761731505773,1.6357877462946429
2024-04-17,-0.0024477916322965775,-0.027569080393407476,0.04769829357301776,0.1387841976411174,0.8643488826008717,0.5789473684210527,0.2631578947368421,0.07682240256665612,0.85,1.35388668247459,2.11,0.08999999999999986,0.016413484514822562,1.988990375063408,-2.22,0.7925979624065885,1.6218075825164602
2024-04-18,0.001268037324549998,-0.020502027449184577,0.04845355138948551,0.1384614457823215,0.8605566285898913,0.631578947368421,0.2894736842105263,0.07682240256665612,0.85,1.35388668247459,2.11,0.08999999999999986,0.016413484514822562,1.988990375063408,-2.22,0.7860050860878207,1.6080915795384996
2024-04-19,-0.007967825447927936,-0.03326524853781644,0.0401631470416624,0.14187147751140058,0.8795168476203046,0.4473684210526316,0.2631578947368421,0.07682240256665612,0.85,1.35388668247459,2.11,0.08999999999999986,0.016413484514822562,1.988990375063408,-2.22,0.7794419869897248,1.5946406631398422
2024-04-22,-0.01636673534821642,-0.039744569986081967,0.059501841995334176,0.14002550601215186,0.8678046724798159,0.2631578947368421,0.2631578947368421,0.07777377109788049,0.85,1.355931186306277,2.21,0.10000000000000009,0.0008683039911017274,1.993819184935827,-2.3636,0.7819918408014117,1.6854334727977915
2024-04-23,-0.0008084022337232267,-0.032448242217188866,0.04675181323489903,0.13638853222883834,0.8457738494601067,0.4473684210526316,0.34210526315789475,0.07777377109788049,0.85,1.355931186306277,2.21,0.10000000000000009,0.0008683039911017274,1.993819184935827,-2.3636,0.7754536110236442,1.6709049999876355
2024-04-24,-0.00253160258569091,-0.01043132687640346,0.05994262860739625,0.13980344750614576,0.8670118757155516,0.39473684210526316,0.39473684210526316,0.07777377109788049,0.85,1.355931186306277,2.21,0.10000000000000009,0.0008683039911017274,1.993819184935827,-2.3636,0.7709689715653975,1.6560586076816055
2024-04-25,-0.0066060060432234936,-0.01372281363086884,0.07481672982532986,0.13979420020828273,0.8679085444177103,0.3157894736842105,0.39473684210526316,0.07777377109788049,0.85,1.355931186306277,2.21,0.10000000000000009,0.0008683039911017274,1.993819184935827,-2.3636,0.766505594686362,1.6415065594452853
2024-04-26,0.02390545032568275,0.01915857374051618,0.084126669291052,0.14998449968038466,0.9318124513210538,0.7631578947368421,0.7368421052631579,0.07777377109788049,0.85,1.355931186306277,2.21,0.10000000000000009,0.0008683039911017274,1.993819184935827,-2.3636,0.7620631803805654,1.6272399437523626
2024-04-29,0.03965464663860118,0.025048717499879317,0.08793791443444765,0.15493525223946072,0.9632013867898891,0.8157894736842105,0.8157894736842105,-0.21900993652111525,0.05,1.356430730287498,2.24,0.03000000000000025,-0.0002327936520993363,2.003694102196936,-2.4023,-2.062699651555871,1.638478909261333
2024-04-30,0.037616619027554137,0.014701142688732998,0.06955507322205973,0.15600237304528528,0.9710377665528498,0.9736842105263158,0.7894736842105263,-0.21900993652111525,0.05,1.356430730287498,2.24,0.03000000000000025,-0.0002327936520993363,2.003694102196936,-2.4023,-2.037964095880161,1.624368837385193
2024-05-06,0.04175531695552135,0.016868592188730103,0.09427177213231254,0.1585280713767113,0.9866664804635276,0.8421052631578947,0.7631578947368421,-0.10809953354521853,0.1,1.356449108645817,2.15,-0.0900000000000003,-0.009519177571697799,2.009492295944832,-2.3748000000000005,-0.9883952322837517,1.6111296718169643
2024-05-07,0.04563353382171636,0.023452918933338094,0.10578443370478764,0.15706593737623448,0.9777969837347579,0.9210526315789473,0.7894736842105263,-0.10809953354521853,0.1,1.356449108645817,2.15,-0.0900000000000003,-0.009519177571697799,2.009492295944832,-2.3748000000000005,-0.9861383183215526,1.5972192973435908
2024-05-08,0.01703297473361836,0.019004864113134533,0.11167524309079706,0.15984927064975005,0.9955407101438434,0.7631578947368421,0.7631578947368421,-0.10809953354521853,0.1,1.356449108645817,2.15,-0.0900000000000003,-0.009519177571697799,2.009492295944832,-2.3748000000000005,-0.983888612578731,1.5835704804742414
2024-05-09,0.01184398124498192,0.03532822195214727,0.13589028516843424,0.1584931354124688,0.9882627449654527,0.6842105263157895,0.7368421052631579,-0.10809953354521853,0.1,1.356449108645817,2.15,-0.0900000000000003,-0.009519177571697799,2.009492295944832,-2.3748000000000005,-0.9816460674897727,1.5701757475880564
2024-05-10,0.019187299109581127,0.03198575479870126,0.13623096837267973,0.15794878153897163,0.9861349427199626,0.7894736842105263,0.8157894736842105,-0.10809953354521853,0.1,1.356449108645817,2.15,-0.0900000000000003,-0.009519177571697799,2.009492295944832,-2.3748000000000005,-0.9794106359185599,1.5570279967864533
2024-05-13,0.0007295378704365364,0.03750546060797046,0.14469740282675228,0.15454490097208168,0.9665827290612363,0.5526315789473685,0.7105263157894737,-0.07222800464187157,0.2,1.35740292472383,2.16,0.010000000000000231,0.002305944386460123,2.020418737390419,-2.182,-0.6398869994131264,1.5915448408301338
2024-05-14,-0.0005330694914043429,0.03976249561163858,0.15134129322683046,0.15402790383379444,0.9647284693128679,0.4473684210526316,0.7894736842105263,-0.07222800464187157,0.2,1.35740292472383,2.16,0.010000000000000231,0.002305944386460123,2.020418737390419,-2.182,-0.6373595525520912,1.5777744239436395
2024-05-15,0.0034142639024586,0.03638486351383184,0.11031412251213359,0.15544822892010685,0.97988724016438,0.42105263157894735,0.7105263157894737,-0.07222800464187157,0.2,1.35740292472383,2.16,0.010000000000000231,0.002305944386460123,2.020418737390419,-2.182,-0.63483904861337,1.5642565280779668
2024-05-16,0.0019394614250283415,0.037071353960395084,0.10337286891084103,0.15573313026546165,0.9886409746727071,0.39473684210526316,0.8421052631578947,-0.07222800464187157,0.2,1.35740292472383,2.16,0.010000000000000231,0.002305944386460123,2.020418737390419,-2.182,-0.632325428783992,1.550983906128478
2024-05-17,0.010033067791539162,0.06602858369495127,0.10178415535567678,0.1373670387118267,0.8799350033417969,0.5789473684210527,0.868421052631579,-0.07222800464187157,0.2,1.35740292472383,2.16,0.010000000000000231,0.002305944386460123,2.020418737390419,-2.182,-0.6298186348007776,1.5379496621391378
2024-05-20,0.01952689866289893,0.05948015090316597,0.09717391504538529,0.13295719722672464,0.8601078258679015,0.8157894736842105,0.9473684210526315,-0.045647696538369996,0.4,1.357845171083087,2.1,-0.06000000000000005,-0.007954444958712633,2.031324658366913,-2.0888999999999998,-0.3817422169860276,1.547069712568631
2024-05-21,0.011874115471358707,0.05036857375844729,0.08949431211288483,0.13781973545891907,0.8999895894276859,0.6578947368421053,0.8421052631578947,-0.045647696538369996,0.4,1.357845171083087,2.1,-0.06000000000000005,-0.007954444958712633,2.031324658366913,-2.0888999999999998,-0.3824050808289432,1.5340488661732485
2024-05-22,0.017635101035221097,0.061987789996980874,0.08349324231046985,0.12910334901572756,0.852017134091722,0.868421052631579,0.9210526315789473,-0.045647696538369996,0.4,1.357845171083087,2.1,-0.06000000000000005,-0.007954444958712633,2.031324658366913,-2.0888999999999998,-0.37796318627212416,1.521202086996754
2024-05-23,-0.0018842424161033301,0.05155384689250818,0.06118403326487432,0.13950299293294013,0.9279894979187713,0.39473684210526316,0.9210526315789473,-0.045647696538369996,0.4,1.357845171083087,2.1,-0.06000000000000005,-0.007954444958712633,2.031324658366913,-2.0888999999999998,-0.3735205204528697,1.5085794903632939
2024-05-24,-0.025345215267946645,0.041491770660727845,0.04379446002579334,0.14939600289507876,1.00051422987648,0.13157894736842105,0.9473684210526315,-0.045647696538369996,0.4,1.357845171083087,2.1,-0.06000000000000005,-0.007954444958712633,2.031324658366913,-2.0888999999999998,-0.36907677602727484,1.4961750834886232
2024-05-27,-0.021402913151037085,0.0406088403378198,0.05852330703511458,0.14868433866667075,1.0026888496225836,0.21052631578947367,0.8947368421052632,-0.0050167329295982025,0.55,1.358536107013671,2.14,0.040000000000000036,0.0023791407798231814,2.043585363361081,-2.1526,0.016089362039111176,1.5183294365034015
2024-05-28,-0.01982977663592969,0.03714480316574109,0.03856106141295283,0.1504951517694255,1.0208148763806844,0.18421052631578946,0.9736842105263158,-0.0050167329295982025,0.55,1.358536107013671,2.14,0.040000000000000036,0.0023791407798231814,2.043585363361081,-2.1526,0.019501943362605575,1.5058898122477453
2024-05-29,-0.02167262573747468,0.016409713933823445,0.053336100946936915,0.1345657490219232,0.920745131798855,0.18421052631578946,0.631578947368421,-0.0050167329295982025,0.55,1.358536107013671,2.14,0.040000000000000036,0.0023791407798231814,2.043585363361081,-2.1526,0.01933984367312715,1.493577542842264
2024-05-30,-0.015572620695221948,-0.003673420441314949,0.029074595464798732,0.1277584858805705,0.883139342103349,0.18421052631578946,0.42105263157894735,-0.0050167329295982025,0.55,1.358536107013671,2.14,0.040000000000000036,0.0023791407798231814,2.043585363361081,-2.1526,0.019177744436619668,1.4814764538660603
2024-05-31,-0.0020338690703205244,0.0018412825628531884,0.02008020276070984,0.12626946345120701,0.8818452901036362,0.34210526315789475,0.4473684210526316,-0.0050167329295982025,0.55,1.358536107013671,2.14,0.040000000000000036,0.0023791407798231814,2.043585363361081,-2.1526,0.019015645640254132,1.4695812234055199
2024-06-03,-0.0136199075689523,-0.014766384186653846,0.01451518848242291,0.11201640275832309,0.7913757168656947,0.18421052631578946,0.3684210526315789,0.07972026224463108,0.85,1.359699536392609,2.16,0.020000000000000018,-0.0010536175731911813,2.047745879704498,-2.1923999999999997,0.813183852994225,1.5156147140074845
2024-06-04,-0.0009964849985777922,-0.009485215654553047,0.023754761196338327,0.11504273404599642,0.8215470179687955,0.5,0.3684210526315789,0.07972026224463108,0.85,1.359699536392609,2.16,0.020000000000000018,-0.0010536175731911813,2.047745879704498,-2.1923999999999997,0.80879800401926,1.5033778758339227
2024-06-05,-0.005522857243859827,-0.006146118043654737,0.019336464498738864,0.1124819152544907,0.8112646899459682,0.39473684210526316,0.4473684210526316,0.07972026224463108,0.85,1.359699536392609,2.16,0.020000000000000018,-0.0010536175731911813,2.047745879704498,-2.1923999999999997,0.8043032361660176,1.4909495815786251
2024-06-06,0.0008405432962974235,-0.014676858389999442,0.02900971894293479,0.10756826925215413,0.7834245298497226,0.6052631578947368,0.42105263157894735,0.07972026224463108,0.85,1.359699536392609,2.16,0.020000000000000018,-0.0010536175731911813,2.047745879704498,-2.1923999999999997,0.7998308975307596,1.4787317915550917
2024-06-07,-0.0021240423269579967,-0.01947005887368593,0.01703500088578691,0.10732479517986086,0.7894362253070325,0.47368421052631576,0.3684210526315789,0.07972026224463108,0.85,1.359699536392609,2.16,0.020000000000000018,-0.0010536175731911813,2.047745879704498,-2.1923999999999997,0.7953806792790913,1.46671904662651
2024-06-11,-0.004220180134663964,-0.019716102191754344,0.0049289593233261125,0.10738288576063797,0.796853190102203,0.34210526315789475,0.3157894736842105,-0.05570254461100648,0.3,1.360132871484032,2.13,-0.03000000000000025,0.002936472895905317,2.046578446230813,-2.1464,-0.47087242848088356,1.4763600264832704
2024-06-12,-0.009256015887852785,-0.018208162051001488,0.0006901243278777823,0.10777287432199821,0.8062501650367311,0.3157894736842105,0.2894736842105263,-0.05570254461100648,0.3,1.360132871484032,2.13,-0.03000000000000025,0.002936472895905317,2.046578446230813,-2.1464,-0.469084699567272,1.4644711920015454
2024-06-13,-0.005389287628769392,-0.014949669574882727,0.0019512528916018912,0.10687370274471973,0.8023856385874336,0.2894736842105263,0.3157894736842105,-0.05570254461100648,0.3,1.360132871484032,2.13,-0.03000000000000025,0.002936472895905317,2.046578446230813,-2.1464,-0.46479236079033137,1.4528280278311836
2024-06-14,-0.0012076064700024093,-0.01782392628503019,0.008040657887901708,0.10455483797244208,0.7877511753896674,0.39473684210526316,0.2894736842105263,-0.05570254461100648,0.3,1.360132871484032,2.13,-0.03000000000000025,0.002936472895905317,2.046578446230813,-2.1464,-0.4605056015027338,1.4413788065316535
2024-06-17,-0.0009285149403431719,-0.03043164160556826,0.0040806932201390735,0.096312329772947,0.728705257414777,0.42105263157894735,0.2631578947368421,0.03537346297258083,0.65,1.360944542795315,2.03,-0.10000000000000009,0.005580007845547798,2.042360289788571,-1.9394,0.3937125441561306,1.4702982754664649
2024-06-18,0.004159688782979258,-0.03508331207167402,-0.003172241561915459,0.09236340657153394,0.7020050018715854,0.5,0.21052631578947367,0.03537346297258083,0.65,1.360944542795315,2.03,-0.10000000000000009,0.005580007845547798,2.042360289788571,-1.9394,0.3950761562884093,1.458739746046603
2024-06-19,0.0009072173390647393,-0.029175060183295454,0.0006914861259673187,0.09004654807491422,0.6880028224212574,0.47368421052631576,0.21052631578947367,0.03537346297258083,0.65,1.360944542795315,2.03,-0.10000000000000009,0.005580007845547798,2.042360289788571,-1.9394,0.3964420712070917,1.4473775892488498
2024-06-20,-0.0033945666269114723,-0.035979337237015296,-0.007256795777850802,0.09074877313064138,0.6969010148743995,0.4473684210526316,0.21052631578947367,0.03537346297258083,0.65,1.360944542795315,2.03,-0.10000000000000009,0.005580007845547798,2.042360289788571,-1.9394,0.3900645695785487,1.4362999835180257
2024-06-21,-0.010892484922444896,-0.02683216879137175,-0.015022891884945485,0.08185400643512378,0.6323325706324627,0.34210526315789475,0.2894736842105263,0.03537346297258083,0.65,1.360944542795315,2.03,-0.10000000000000009,0.005580007845547798,2.042360289788571,-1.9394,0.3836499365577513,1.425410461846887
2024-06-24,-0.02182940068822956,-0.026915827025851175,-0.01787229858231213,0.08201801373786215,0.6380369956880579,0.2894736842105263,0.21052631578947367,0.04176941287629493,0.7,1.361032126243014,2.02,-0.009999999999999787,0.002823729897480033,2.033618245861461,-1.9958999999999998,0.4381739474080877,1.4190511463312627
2024-06-25,-0.028927326988473397,-0.04260772590911033,-0.012430212447693923,0.06948815439886229,0.5456552533739039,0.2894736842105263,0.21052631578947367,0.04176941287629493,0.7,1.361032126243014,2.02,-0.009999999999999787,0.002823729897480033,2.033618245861461,-1.9958999999999998,0.43183943184381024,1.4084786764557964
2024-06-26,-0.01560174626500584,-0.0249470298123716,-0.0015250402774992858,0.0842244809869895,0.6656246932754941,0.13157894736842105,0.2631578947368421,0.04176941287629493,0.7,1.361032126243014,2.02,-0.009999999999999787,0.002823729897480033,2.033618245861461,-1.9958999999999998,0.42547433017436626,1.3980849210816342
2024-06-27,-0.021681730442314043,-0.03598844194185466,-0.0004201542675149692,0.09214621431269732,0.7317856096989569,0.13157894736842105,0.2631578947368421,0.04176941287629493,0.7,1.361032126243014,2.02,-0.009999999999999787,0.002823729897480033,2.033618245861461,-1.9958999999999998,0.4218406485935426,1.3878056771260487
2024-06-28,-0.015778853694269304,-0.02703840179041911,-0.005663104731854678,0.09173243216104222,0.7308178583714048,0.23684210526315788,0.2631578947368421,0.04176941287629493,0.7,1.361032126243014,2.02,-0.009999999999999787,0.002823729897480033,2.033618245861461,-1.9958999999999998,0.41821157916498725,1.3776983645258192
2024-07-01,0.0016525339331833443,-0.023229424022347307,-0.006686998770761055,0.09352513810585514,0.7469750092338303,0.5789473684210527,0.3157894736842105,-0.059299742281291826,0.25,1.36026750178324,2.08,0.06000000000000005,0.00016629832256555285,2.026643960549174,-2.1543,-0.5641299770278159,1.3295755861372824
2024-07-02,0.0038143701847005974,-0.02517344815545743,-0.02307124015338111,0.09371228083876391,0.7512166807475008,0.5526315789473685,0.3157894736842105,-0.059299742281291826,0.25,1.36026750178324,2.08,0.06000000000000005,0.00016629832256555285,2.026643960549174,-2.1543,-0.5638722728019161,1.3201679346974722
2024-07-03,-0.005130845037523598,-0.029081389851317405,-0.015113686572532299,0.09013644960522693,0.7256776861482023,0.4473684210526316,0.3684210526315789,-0.059299742281291826,0.25,1.36026750178324,2.08,0.06000000000000005,0.00016629832256555285,2.026643960549174,-2.1543,-0.5636146521305375,1.3109121463949227
2024-07-04,0.00019581386274173263,-0.030269770835253097,-0.01741102476577324,0.09090429017231279,0.7350671210964576,0.5263157894736842,0.3684210526315789,-0.059299742281291826,0.25,1.36026750178324,2.08,0.06000000000000005,0.00016629832256555285,2.026643960549174,-2.1543,-0.5618319077932306,1.3014544000696293
2024-07-05,-0.0009518229693196711,-0.0288307680560362,-0.00817940449388831,0.09136277456193738,0.7417943745126018,0.39473684210526316,0.2894736842105263,-0.059299742281291826,0.25,1.36026750178324,2.08,0.06000000000000005,0.00016629832256555285,2.026643960549174,-2.1543,-0.5600525331306309,1.292140618181678
2024-07-08,-0.014776446908214797,-0.03588182860360411,-0.02336613267858871,0.09609855845386733,0.78263330431711,0.23684210526315788,0.23684210526315788,0.0032102756302481894,0.65,1.361172883052131,2.0,-0.08000000000000007,-0.009243031071176515,2.023701520945442,-2.0204000000000004,0.045866476557433054,1.3285848418185908
2024-07-09,0.0014695297086213342,-0.019483738312172125,-0.0016943798959559477,0.10996606751233214,0.8964824532179932,0.3684210526315789,0.34210526315789475,0.0032102756302481894,0.65,1.361172883052131,2.0,-0.08000000000000007,-0.009243031071176515,2.023701520945442,-2.0204000000000004,0.04545730672693212,1.3191277962767542
2024-07-10,-0.004480194806258581,-0.0243055687697232,-0.0027512352090860483,0.10962393237356023,0.8943132144104817,0.3684210526315789,0.34210526315789475,0.0032102756302481894,0.65,1.361172883052131,2.0,-0.08000000000000007,-0.009243031071176515,2.023701520945442,-2.0204000000000004,0.04504814248637734,1.309821676591053
2024-07-11,0.015762203433570654,-0.00911827977291305,0.012316914166036124,0.12180347160667407,0.9926973119091791,0.7631578947368421,0.4473684210526316,0.0032102756302481894,0.65,1.361172883052131,2.0,-0.08000000000000007,-0.009243031071176515,2.023701520945442,-2.0204000000000004,0.044638983629423964,1.3006643688834885
2024-07-12,0.011419592994482123,-0.01620356859155167,0.00304385908381329,0.12082409738387125,0.9842573196466137,0.7894736842105263,0.47368421052631576,0.0032102756302481894,0.65,1.361172883052131,2.0,-0.08000000000000007,-0.009243031071176515,2.023701520945442,-2.0204000000000004,0.04422982994973216,1.2916539245388858
2024-07-15,0.02021768098182451,-0.014735632681436427,0.02086130940794664,0.12065442286035015,0.984642816522746,0.8421052631578947,0.42105263157894735,-0.001603849581974516,0.6,1.36162640518728,1.94,-0.06000000000000005,-0.007361904841835363,2.023427753884049,-1.9296999999999995,-0.002733878698506004,1.305857346075402
2024-07-16,0.011507247872156737,-0.012136179222994647,0.012260659608497374,0.12180508830533714,0.9963341601533849,0.7105263157894737,0.47368421052631576,-0.001603849581974516,0.6,1.36162640518728,1.94,-0.06000000000000005,-0.007361904841835363,2.023427753884049,-1.9296999999999995,-0.002244536952555141,1.2970562833098018
2024-07-17,0.014601140827368587,-0.01061164528141935,0.010581868293732546,0.12180210960627222,0.9985777160563863,0.7368421052631579,0.39473684210526316,-0.001603849581974516,0.6,1.36162640518728,1.94,-0.06000000000000005,-0.007361904841835363,2.023427753884049,-1.9296999999999995,-0.0017551671713658204,1.288405415351736
2024-07-18,0.0013479917714865947,-0.0043757213745149815,0.021632731385450656,0.12027024324263559,0.9889378499158731,0.5789473684210527,0.4473684210526316,-0.001603849581974516,0.6,1.36162640518728,1.94,-0.06000000000000005,-0.007361904841835363,2.023427753884049,-1.9296999999999995,-0.001265768998164429,1.279903479757877
2024-07-19,0.0013316466782908342,-0.003979436990815937,0.020742241110320553,0.12014269910297831,0.9905882727304726,0.5,0.5263157894736842,-0.001603849581974516,0.6,1.36162640518728,1.94,-0.06000000000000005,-0.007361904841835363,2.023427753884049,-1.9296999999999995,-0.0007763420760528056,1.2715493994265257
2024-07-22,0.00012501765151804595,0.00721878565831118,0.021794729293187917,0.10983753317018435,0.9089375174749207,0.5,0.5789473684210527,0.28204825473352485,1.0,1.362386302280302,1.93,-0.010000000000000009,0.002549109120669026,2.022168721399318,-1.9924,2.7027860000596475,1.3025206409924581
2024-07-23,-0.022822257141139494,-0.006031109375660744,-0.008029994946951209,0.12715651949849552,1.0540958059327343,0.21052631578947367,0.4473684210526316,0.28204825473352485,1.0,1.362386302280302,1.93,-0.010000000000000009,0.002549109120669026,2.022168721399318,-1.9924,2.66071070236129,1.293932315580986
2024-07-24,-0.031542327676174486,-0.026552226692588,-0.014354453339218448,0.12161905712923145,1.0107296920494515,0.07894736842105263,0.34210526315789475,0.28204825473352485,1.0,1.362386302280302,1.93,-0.010000000000000009,0.002549109120669026,2.022168721399318,-1.9924,2.6202639385980304,1.285496242778246
2024-07-25,-0.04314570639236552,-0.025839697324566455,-0.045418425332597614,0.1208279100124349,1.0082264806923225,0.05263157894736842,0.2631578947368421,0.28204825473352485,1.0,1.362386302280302,1.93,-0.010000000000000009,0.002549109120669026,2.022168721399318,-1.9924,2.5813396487525133,1.2772114912242571
2024-07-26,-0.03156993990120462,-0.019770523197751258,-0.05048234542948525,0.12524648876277245,1.0494294687322463,0.13157894736842105,0.34210526315789475,0.28204825473352485,1.0,1.362386302280302,1.93,-0.010000000000000009,0.002549109120669026,2.022168721399318,-1.9924,2.543841222942584,1.2690773295112903
2024-07-29,-0.03000527544223747,-0.024439023717109633,-0.04582716517660369,0.12390159033924447,1.0428355337008128,0.13157894736842105,0.34210526315789475,-0.007900375337093604,0.45,1.362311908474607,1.93,0.0,-0.000403471779460079,2.015594053244029,-2.0199000000000003,-0.0926534645513326,1.2571991546999914
2024-07-30,-0.016345016578130207,-0.026190496138491545,-0.06613032848060277,0.12436411817106888,1.0517689952739766,0.23684210526315788,0.2631578947368421,-0.007900375337093604,0.45,1.362311908474607,1.93,0.0,-0.000403471779460079,2.015594053244029,-2.0199000000000003,-0.09638341452665727,1.248839660939972
2024-07-31,0.01882295580933114,-0.002598425845733259,-0.041165031351603654,0.15873263446998057,1.3421142228520615,0.6842105263157895,0.47368421052631576,-0.007900375337093604,0.45,1.362311908474607,1.93,0.0,-0.000403471779460079,2.015594053244029,-2.0199000000000003,-0.1001294419740836,1.2406178186508168
2024-08-01,0.026604187338829667,0.0005686761515214843,-0.035847212727386286,0.1574430210005649,1.3316618497035926,0.868421052631579,0.4473684210526316,-0.007900375337093604,0.45,1.362311908474607,1.93,0.0,-0.000403471779460079,2.015594053244029,-2.0199000000000003,-0.10389183646451026,1.2325327514498183
2024-08-02,0.0020461450402558708,-0.01677255518817571,-0.0602801816342113,0.16712890163013142,1.41186681338982,0.47368421052631576,0.3684210526315789,-0.007900375337093604,0.45,1.362311908474607,1.93,0.0,-0.000403471779460079,2.015594053244029,-2.0199000000000003,-0.10767089310430307,1.2245837551250403
2024-08-05,-0.023065196950975017,-0.03272777375986985,-0.08807966123715982,0.18700376630321702,1.5733289104721533,0.2631578947368421,0.34210526315789475,0.3556371878403494,1.0,1.362070869428387,1.76,-0.16999999999999993,-0.01054006620106103,2.006444987988813,-1.6839,3.1569534644328763,1.2039532674051012
2024-08-06,-0.009634039270647361,-0.03729406511776023,-0.07649390562168665,0.182794175160788,1.5318442099006246,0.34210526315789475,0.2894736842105263,0.3556371878403494,1.0,1.362070869428387,1.76,-0.16999999999999993,-0.01054006620106103,2.006444987988813,-1.6839,3.0845829933817144,1.1962778429364593
2024-08-07,-0.0358014586717884,-0.033919689711263065,-0.07643342053198769,0.18292860681940354,1.5268077459800058,0.10526315789473684,0.2894736842105263,0.3556371878403494,1.0,1.362070869428387,1.76,-0.16999999999999993,-0.01054006620106103,2.006444987988813,-1.6839,3.0164125107406643,1.1887324704313136
2024-08-08,-0.03282168022680641,-0.04801520750885557,-0.07208315685665129,0.17375055528851677,1.4465205973058992,0.21052631578947367,0.2631578947368421,0.3556371878403494,1.0,1.362070869428387,1.76,-0.16999999999999993,-0.01054006620106103,2.006444987988813,-1.6839,2.952039881301969,1.1813170782993365
2024-08-09,-0.016573764256875113,-0.044765912439532936,-0.07879340731611474,0.17400653473889652,1.4449879034742932,0.18421052631578946,0.21052631578947367,0.3556371878403494,1.0,1.362070869428387,1.76,-0.16999999999999993,-0.01054006620106103,2.006444987988813,-1.6839,2.8911149991963105,1.1740317829062799
2024-08-12,0.010182357858709877,-0.04276309688298447,-0.08793037116998911,0.17432650227260024,1.4402774984705353,0.5,0.2631578947368421,-0.1382453503573732,0.1,1.363116821860963,1.84,0.08000000000000007,-0.000752975232457085,1.994674477642846,-1.7616,-1.242787323071158,1.2235672460133975
2024-08-13,0.004614071086117649,-0.04418724190379932,-0.09140673319846793,0.1736604186341779,1.426777540348111,0.5263157894736842,0.21052631578947367,-0.1382453503573732,0.1,1.363116821860963,1.84,0.08000000000000007,-0.000752975232457085,1.994674477642846,-1.7616,-1.2352386174255303,1.2159475571296638
2024-08-14,-0.0018905147400446968,-0.05041134527867634,-0.0901980507433911,0.17393185539803116,1.421976115193046,0.34210526315789475,0.10526315789473684,-0.1382453503573732,0.1,1.363116821860963,1.84,0.08000000000000007,-0.000752975232457085,1.994674477642846,-1.7616,-1.2277631781384717,1.2084669560453822
2024-08-15,0.005869514449864525,-0.04349368483047764,-0.08384874344200786,0.1772281144193315,1.4394853526965905,0.5263157894736842,0.10526315789473684,-0.1382453503573732,0.1,1.363116821860963,1.84,0.08000000000000007,-0.000752975232457085,1.994674477642846,-1.7616,-1.2203595881837257,1.2011256569716826
2024-08-16,0.010680209749737239,-0.03541734936808653,-0.06622895515027416,0.179081935156494,1.4467908534612335,0.5789473684210527,0.2894736842105263,-0.1382453503573732,0.1,1.363116821860963,1.84,0.08000000000000007,-0.000752975232457085,1.994674477642846,-1.7616,-1.2130264678358555,1.193924091814819
2024-08-19,0.008689785627653858,-0.03419832890684865,-0.05389537027438859,0.17908658738382077,1.4410673340782592,0.5789473684210527,0.21052631578947367,-0.3194360494686451,0.05,1.3640104900854,1.81,-0.030000000000000027,-0.007275915337593108,1.988236912152496,-1.7158000000000002,-2.6627984687206143,1.236259012191156
2024-08-20,0.00019902793174361895,-0.0211659568309162,-0.06980479211568721,0.16877809373471678,1.354467271822926,0.5,0.2894736842105263,-0.3194360494686451,0.05,1.3640104900854,1.81,-0.030000000000000027,-0.007275915337593108,1.988236912152496,-1.7158000000000002,-2.6281122559343792,1.2290282830034027
2024-08-21,0.0036844339610905413,-0.015184583641411308,-0.06668384014637084,0.16658046947106758,1.3339610889570959,0.5263157894736842,0.39473684210526316,-0.3194360494686451,0.05,1.3640104900854,1.81,-0.030000000000000027,-0.007275915337593108,1.988236912152496,-1.7158000000000002,-2.5948077614652205,1.221951595809356
2024-08-22,-0.0087037316017805,-0.009051710039892611,-0.07087984930631366,0.16291224875499105,1.2996693154500747,0.42105263157894735,0.47368421052631576,-0.3194360494686451,0.05,1.3640104900854,1.81,-0.030000000000000027,-0.007275915337593108,1.988236912152496,-1.7158000000000002,-2.5628084241221503,1.2150301557364236
2024-08-23,-0.01430671204674105,-0.018154121513622952,-0.06496304650179326,0.15933292756792347,1.2658003825760495,0.34210526315789475,0.3684210526315789,-0.3194360494686451,0.05,1.3640104900854,1.81,-0.030000000000000027,-0.007275915337593108,1.988236912152496,-1.7158000000000002,-2.532044331806696,1.2082654633626864
2024-08-26,-0.011478531741662535,-0.015671585206273715,-0.0633400329457306,0.15961232306143017,1.262446552696144,0.42105263157894735,0.47368421052631576,0.06917303543663238,0.75,1.363460226008617,1.68,-0.13000000000000012,-0.0169547664572263,1.988057648522622,-1.6582,0.5749386303711816,1.1705212795621867
2024-08-27,-0.013039486289221476,-0.017860426542007465,-0.06922437083595638,0.16049550486977443,1.2613709691199,0.34210526315789475,0.42105263157894735,0.06917303543663238,0.75,1.363460226008617,1.68,-0.13000000000000012,-0.0169547664572263,1.988057648522622,-1.6582,0.5692763384361442,1.163642295099435
2024-08-28,-0.01260387906770756,-0.04661141851845,-0.0782912342155006,0.12324162576547897,0.9675450975783373,0.2631578947368421,0.2894736842105263,0.06917303543663238,0.75,1.363460226008617,1.68,-0.13000000000000012,-0.0169547664572263,1.988057648522622,-1.6582,0.5636206318314455,1.1569004662407085
2024-08-29,-0.005471903256843329,-0.041127800635565606,-0.07082889531929716,0.12419085171118173,0.9735057948554036,0.5,0.21052631578947367,0.06917303543663238,0.75,1.363460226008617,1.68,-0.13000000000000012,-0.0169547664572263,1.988057648522622,-1.6582,0.5579708708487229,1.150297139974269
2024-08-30,0.011036840139289739,-0.009163426414589077,-0.05476674965880093,0.1286492132541943,1.005684141203058,0.7631578947368421,0.34210526315789475,0.06917303543663238,0.75,1.363460226008617,1.68,-0.13000000000000012,-0.0169547664572263,1.988057648522622,-1.6582,0.552326411451563,1.1438339353935574
2024-09-02,-0.009814644740892322,-0.002421032996191015,-0.07103063535966492,0.11217374678645664,0.8763375291418094,0.23684210526315788,0.3157894736842105,-0.05575001510449183,0.35,1.361931489747229,1.76,0.08000000000000007,0.010370896611149236,1.991081035213563,-1.7396000000000003,-0.4622558958795341,1.0487248975099055
2024-09-03,0.0030760373991614645,-0.005150349872198637,-0.06192815330213095,0.10967964939816562,0.8565966689592801,0.631578947368421,0.3684210526315789,-0.05575001510449183,0.35,1.361931489747229,1.76,0.08000000000000007,0.010370896611149236,1.991081035213563,-1.7396000000000003,-0.4567282706566673,1.0425876504118745
2024-09-04,-0.006905737884935409,-0.017715697731597015,-0.07594095621258323,0.11739315494363345,0.9156923846743432,0.5263157894736842,0.34210526315789475,-0.05575001510449183,0.35,1.361931489747229,1.76,0.08000000000000007,0.010370896611149236,1.991081035213563,-1.7396000000000003,-0.4511952850614089,1.036566285544556
2024-09-05,-0.005052058920039477,-0.013358179328798672,-0.07049166661056724,0.11867345952407728,0.924261214129938,0.47368421052631576,0.39473684210526316,-0.05575001510449183,0.35,1.361931489747229,1.76,0.08000000000000007,0.010370896611149236,1.991081035213563,-1.7396000000000003,-0.4456562062301392,1.03066284839403
2024-09-06,-0.028655160748401798,-0.021244822906115762,-0.08221430393720032,0.12106476329739858,0.9408689972503115,0.05263157894736842,0.42105263157894735,-0.05575001510449183,0.35,1.361931489747229,1.76,0.08000000000000007,0.010370896611149236,1.991081035213563,-1.7396000000000003,-0.44011028761622245,1.024879670015434
2024-09-09,-0.01754950974257479,-0.030152900597475687,-0.08765163016189653,0.12324870951583618,0.9545115128003122,0.2894736842105263,0.2894736842105263,0.40011750178156913,1.0,1.361742860945967,1.69,-0.07000000000000006,-0.0054111459436929545,1.993215585721468,-1.5856000000000003,3.230363203562811,1.007918562416502
2024-09-10,-0.02257011524341519,-0.032334536201731476,-0.0886579573285254,0.12237195970740886,0.9440646970978454,0.21052631578947367,0.2631578947368421,0.40011750178156913,1.0,1.361742860945967,1.69,-0.07000000000000006,-0.0054111459436929545,1.993215585721468,-1.5856000000000003,3.153716741987494,1.0020299687833807
2024-09-11,-0.009151093252858906,-0.024976276244411226,-0.08599926680450687,0.12162273124641221,0.9344905628101347,0.34210526315789475,0.2631578947368421,0.40011750178156913,1.0,1.361742860945967,1.69,-0.07000000000000006,-0.0054111459436929545,1.993215585721468,-1.5856000000000003,3.0816996741328553,0.9962526622114334
2024-09-12,-0.012421998536703675,-0.03164969231536688,-0.07951909852035943,0.11755341194061839,0.9001341011528396,0.2631578947368421,0.2894736842105263,0.40011750178156913,1.0,1.361742860945967,1.69,-0.07000000000000006,-0.0054111459436929545,1.993215585721468,-1.5856000000000003,3.0138523590896242,0.9905890356517781
2024-09-13,-0.006538815124916515,-0.03846384778076952,-0.07786063413967192,0.1148354530577516,0.875636400038959,0.3684210526315789,0.18421052631578946,0.40011750178156913,1.0,1.361742860945967,1.69,-0.07000000000000006,-0.0054111459436929545,1.993215585721468,-1.5856000000000003,2.9497767502702548,0.9850417895859404
2024-09-18,0.002914161448083835,-0.03592852477704571,-0.06290806802558313,0.11543363019875236,0.8764755033791687,0.5,0.21052631578947367,-0.3011775539266656,0.1,1.360817914287986,1.58,-0.10999999999999988,-0.0007118352797440559,1.990821186974548,-1.5735000000000001,-2.2827294216226277,0.9223302279765737
2024-09-19,0.013249837644125365,-0.019283726489349732,-0.04648079269592663,0.1236725720046545,0.9326378828831465,0.6842105263157895,0.34210526315789475,-0.3011775539266656,0.1,1.360817914287986,1.58,-0.10999999999999988,-0.0007118352797440559,1.990821186974548,-1.5735000000000001,-2.2643982651698735,0.9166892158346003
2024-09-20,0.01280891396746189,-0.01585179623803988,-0.05758860657203913,0.12368408564177602,0.9281216556294118,0.6578947368421053,0.39473684210526316,-0.3011775539266656,0.1,1.360817914287986,1.58,-0.10999999999999988,-0.0007118352797440559,1.990821186974548,-1.5735000000000001,-2.2464242175985745,0.9111430234142875
2024-09-23,0.013314781648277516,-0.00963117906530886,-0.04452258642976788,0.12286649953575314,0.9184577367814211,0.6578947368421053,0.39473684210526316,-0.025070099288448087,0.45,1.361150456444956,1.58,0.0,-0.0037405075703912383,1.989679359085951,-1.6871,-0.22637125067045383,0.9267272950684585
2024-09-24,0.04733980752636327,0.023182671792334797,-0.014741972919039358,0.16937201386605516,1.2539685205270845,0.9736842105263158,0.6578947368421053,-0.025070099288448087,0.45,1.361150456444956,1.58,0.0,-0.0037405075703912383,1.989679359085951,-1.6871,-0.23176120012873544,0.9213792102568314
2024-09-25,0.053534412509690835,0.02908441947430767,-0.01102618944907563,0.17093291864756088,1.2535514064995037,0.9736842105263158,0.7631578947368421,-0.025070099288448087,0.45,1.361150456444956,1.58,0.0,-0.0037405075703912383,1.989679359085951,-1.6871,-0.23719909171091152,0.9161400794144455
2024-09-26,0.08141951275747254,0.0751752725573443,0.031124349876845335,0.21422182004563967,1.5482100382441106,0.9473684210526315,0.9210526315789473,-0.025070099288448087,0.45,1.361150456444956,1.58,0.0,-0.0037405075703912383,1.989679359085951,-1.6871,-0.23485714812741268,0.9108499388409858
2024-09-27,0.12425412133413198,0.12100620416379967,0.07179635979961646,0.2553447238719305,1.8094042040228575,0.868421052631579,0.8157894736842105,-0.025070099288448087,0.45,1.361150456444956,1.58,0.0,-0.0037405075703912383,1.989679359085951,-1.6871,-0.23251581935991247,0.9056684629677757
2024-09-30,0.18933811820519175,0.18517884239672622,0.14461971791268216,0.332373426827912,2.2899347310365723,0.8157894736842105,0.868421052631579,0.048937580695091555,0.75,1.359646742444394,1.6,0.020000000000000018,-0.0031180209140848395,1.990936188263643,-1.6341999999999999,0.3167646623111766,0.8017315385551694
2024-10-08,0.20023460399901238,0.21238043565205744,0.18644445404929266,0.3531267055975968,2.3619235167108794,0.8157894736842105,0.8157894736842105,0.12457334641670822,0.85,1.358602411343296,1.75,0.1499999999999999,0.02043410877498722,1.992434026987875,-1.6192000000000002,0.8748077668800712,0.7272983696850781
2024-10-09,0.14668138268691622,0.18558044690211623,0.1504316401460554,0.3935448832036036,2.547784298552595,0.7894736842105263,0.868421052631579,0.12457334641670822,0.85,1.358602411343296,1.75,0.1499999999999999,0.02043410877498722,1.992434026987875,-1.6192000000000002,0.8716873475482068,0.7220808907237858
2024-10-10,0.10937907351698721,0.18147830867517004,0.13903389368521119,0.3942546717018971,2.4764167367892704,0.7894736842105263,0.8947368421052632,0.12457334641670822,0.85,1.358602411343296,1.75,0.1499999999999999,0.02043410877498722,1.992434026987875,-1.6192000000000002,0.8666281906037223,0.7168700951796604
2024-10-11,0.04305530293080255,0.17096724497953764,0.1193318575366776,0.40340439694357055,2.4582835541948365,0.8157894736842105,0.9736842105263158,0.12457334641670822,0.85,1.358602411343296,1.75,0.1499999999999999,0.02043410877498722,1.992434026987875,-1.6192000000000002,0.8615981994551305,0.7117278923240573
2024-10-14,-0.005895850868586832,0.1843350504481789,0.12296166361052469,0.4042026394759674,2.394470649005442,0.42105263157894735,0.9473684210526315,0.0630407837430151,0.7,1.354558555861346,1.75,0.0,0.004209950409926047,1.998379044846844,-1.9727999999999999,0.4054780422435339,0.427450537547695
2024-10-15,-0.06681006335863308,0.17422553304182617,0.10821479769617749,0.41129489734277197,2.3685572541587487,0.2631578947368421,0.9736842105263158,0.0630407837430151,0.7,1.354558555861346,1.75,0.0,0.004209950409926047,1.998379044846844,-1.9727999999999999,0.4034014164919346,0.42095708569394474
2024-10-16,-0.02488413051008533,0.17824582613460568,0.10532982865414559,0.4093718512288477,2.2939161256827045,0.3684210526315789,0.9473684210526315,0.0630407837430151,0.7,1.354558555861346,1.75,0.0,0.004209950409926047,1.998379044846844,-1.9727999999999999,0.40132765144661336,0.414423775603909
2024-10-17,-0.03382714674256634,0.17022127717601893,0.09369949907048816,0.41239105187189273,2.2497790037730825,0.2894736842105263,0.9736842105263158,0.0630407837430151,0.7,1.354558555861346,1.75,0.0,0.004209950409926047,1.998379044846844,-1.9727999999999999,0.407816489798163,0.4078560290418934
2024-10-18,0.021911060313111786,0.20202939854550836,0.1266417770224208,0.4204026842439224,2.23286379107629,0.8157894736842105,0.9473684210526315,0.0630407837430151,0.7,1.354558555861346,1.75,0.0,0.004209950409926047,1.998379044846844,-1.9727999999999999,0.4143832609805254,0.4012432216972482
2024-10-21,0.010470067220365711,0.2072271162052483,0.13208373905940382,0.41927185941433387,2.1694373072604898,0.5789473684210527,0.9210526315789473,-0.12643472330825453,0.2,1.360576313544683,1.77,0.020000000000000018,0.005195108853711334,2.005602982908275,-1.9959000000000002,-0.9882330204173466,0.8330748783029085
2024-10-22,0.03134226385427125,0.21210661202101394,0.13822541487215792,0.41777049830833723,2.1075739030864753,0.8157894736842105,0.8947368421052632,-0.12643472330825453,0.2,1.360576313544683,1.77,0.020000000000000018,0.005195108853711334,2.005602982908275,-1.9959000000000002,-0.9811249413496329,0.8287523876703293
2024-10-23,0.036101750808475074,0.21143341549499697,0.14130656181110265,0.4179728262465948,2.055344576858631,0.7894736842105263,0.8947368421052632,-0.12643472330825453,0.2,1.360576313544683,1.77,0.020000000000000018,0.005195108853711334,2.005602982908275,-1.9959000000000002,-0.9749823529721365,0.8243662653970842
2024-10-24,0.03491284645019569,0.19188428598208926,0.15143460266182335,0.42318442940282547,2.031680519487819,0.8157894736842105,0.8947368421052632,-0.12643472330825453,0.2,1.360576313544683,1.77,0.020000000000000018,0.005195108853711334,2.005602982908275,-1.9959000000000002,-0.9688841433390644,0.8201182921664587
2024-10-25,0.009611301714476963,0.19883178629252346,0.1677954064130723,0.42200145243143117,1.978448583915932,0.6578947368421053,0.8947368421052632,-0.12643472330825453,0.2,1.360576313544683,1.77,0.020000000000000018,0.005195108853711334,2.005602982908275,-1.9959000000000002,-0.9628295467238391,0.8160168391167583
2024-10-28,0.011576286524813167,0.20548862108178398,0.18680573197658254,0.4208433101267948,1.927825946459814,0.6842105263157895,0.8947368421052632,0.12006059042502926,0.8,1.360522694291664,1.96,0.18999999999999995,0.0082184806552919,2.012830178172044,-2.1101,0.8683877681526216,0.8079551975926766
2024-10-29,-9.270643554150013e-05,0.16467409805910918,0.1697026483378211,0.41735825426703543,1.8701530928215968,0.47368421052631576,0.8947368421052632,0.12006059042502926,0.8,1.360522694291664,1.96,0.18999999999999995,0.0082184806552919,2.012830178172044,-2.1101,0.8641178683663713,0.8041541051589111
2024-10-30,-0.004678728000497367,0.15322027498480878,0.16663310925284278,0.41954508439440436,1.8393407753246125,0.3684210526315789,0.8947368421052632,0.12006059042502926,0.8,1.360522694291664,1.96,0.18999999999999995,0.0082184806552919,2.012830178172044,-2.1101,0.863208841884453,0.7994584882394447
2024-10-31,0.004013372313492024,0.11447814553810874,0.17179299155344563,0.40302169293013823,1.731641768408165,0.5789473684210527,0.8947368421052632,0.12006059042502926,0.8,1.360522694291664,1.96,0.18999999999999995,0.0082184806552919,2.012830178172044,-2.1101,0.8623010054350604,0.7948768990328735
2024-11-01,-0.011547212703268958,0.06303045225512251,0.1374252379004722,0.37940163774430335,1.6047953170647824,0.3157894736842105,0.8421052631578947,0.12006059042502926,0.8,1.360522694291664,1.96,0.18999999999999995,0.0082184806552919,2.012830178172044,-2.1101,0.8613943556697312,0.7904156573904827
2024-11-04,-0.008410666185970686,0.0077398366906215495,0.1517908784517822,0.2996582852985916,1.2549149862479587,0.21052631578947367,0.5,0.0734753499135253,0.75,1.358745151706621,2.04,0.08000000000000007,7.18948265271151e-05,2.015761667597126,-2.2264,0.5170712194914284,0.6420529493360287
2024-11-05,0.022110687999403425,-0.013449817940499726,0.18976719129696867,0.2671264932968799,1.1109239648372926,0.7368421052631579,0.39473684210526316,0.0734753499135253,0.75,1.358745151706621,2.04,0.08000000000000007,7.18948265271151e-05,2.015761667597126,-2.2264,0.5181752741001763,0.6370577861386756
2024-11-06,0.02856233645980794,0.035101228757700505,0.21826064266362574,0.20689685038176572,0.8592565189962671,0.868421052631579,0.7631578947368421,0.0734753499135253,0.75,1.358745151706621,2.04,0.08000000000000007,7.18948265271151e-05,2.015761667597126,-2.2264,0.5198971641097985,0.6315921152050327
2024-11-07,0.051924933987371816,0.057024006008493375,0.2333519648114648,0.2213518588461694,0.9168422007079792,0.9210526315789473,0.868421052631579,0.0734753499135253,0.75,1.358745151706621,2.04,0.08000000000000007,7.18948265271151e-05,2.015761667597126,-2.2264,0.5216232873695223,0.6261674735853354
2024-11-08,0.05421617720255022,0.0741913265268702,0.22744287377481084,0.20275778439887937,0.8386772618308097,0.9210526315789473,0.9210526315789473,0.0734753499135253,0.75,1.358745151706621,2.04,0.08000000000000007,7.18948265271151e-05,2.015761667597126,-2.2264,0.523353670557153,0.6207857954552677
2024-11-11,0.0529927577912925,0.06662844535050089,0.23760531646988112,0.19770686932374984,0.8164365385293413,0.8947368421052632,0.7631578947368421,-0.38153079784910915,0.05,1.359401115227275,1.95,-0.09000000000000008,0.006014117285860216,2.012887628372285,-2.2001999999999997,-2.806883176699996,0.6715106247974861
2024-11-12,0.02053811347577257,0.07389835889390593,0.22687906902961635,0.18896085610198524,0.779517301128735,0.7105263157894737,0.7894736842105263,-0.38153079784910915,0.05,1.359401115227275,1.95,-0.09000000000000008,0.006014117285860216,2.012887628372285,-2.2001999999999997,-2.753663550159162,0.6665314169466503
2024-11-13,0.017657782174727073,0.07764314144251291,0.22573606697964296,0.18740553986727954,0.7724065956522634,0.6842105263157895,0.7631578947368421,-0.38153079784910915,0.05,1.359401115227275,1.95,-0.09000000000000008,0.006014117285860216,2.012887628372285,-2.2001999999999997,-2.703026744729082,0.6617478387606162
2024-11-14,-0.026430524957179305,0.06442062779388041,0.20230736876816788,0.2027937594943645,0.8341609774228758,0.2894736842105263,0.7631578947368421,-0.38153079784910915,0.05,1.359401115227275,1.95,-0.09000000000000008,0.006014117285860216,2.012887628372285,-2.2001999999999997,-2.654680952745292,0.6570548613842655
2024-11-15,-0.03802376017765538,0.014256506036103022,0.19130962833720017,0.18179545497103095,0.7473847659294928,0.07894736842105263,0.6578947368421053,-0.38153079784910915,0.05,1.359401115227275,1.95,-0.09000000000000008,0.006014117285860216,2.012887628372285,-2.2001999999999997,-2.6084521119170754,0.6524592731218096
2024-11-18,-0.05461527767519759,0.0015431004549375767,0.177120524344819,0.18254355020489632,0.7501870590302309,0.07894736842105263,0.5,0.0772584831371316,0.75,1.360893897331362,2.1,0.15000000000000013,0.016369013022771533,2.008953012605385,-2.3528,0.5676607274943762,0.7835501606599438
2024-11-19,-0.031775598522021345,0.010780496517613342,0.18442326075785778,0.1875257888711703,0.7702167764320786,0.15789473684210525,0.5789473684210527,0.0772584831371316,0.75,1.360893897331362,2.1,0.15000000000000013,0.016369013022771533,2.008953012605385,-2.3528,0.5646280481569608,0.780219729168587
2024-11-20,-0.026282167137571727,0.015259223496466103,0.19076411421441739,0.1882753922686121,0.7728094835442909,0.21052631578947367,0.7105263157894737,0.0772584831371316,0.75,1.360893897331362,2.1,0.15000000000000013,0.016369013022771533,2.008953012605385,-2.3528,0.559038679910477,0.7765367580452955
2024-11-21,-0.00641031966027375,0.023097461683410966,0.1956980211761505,0.18539025339923723,0.7601030973602808,0.34210526315789475,0.7105263157894737,0.0772584831371316,0.75,1.360893897331362,2.1,0.15000000000000013,0.016369013022771533,2.008953012605385,-2.3528,0.5534760503384507,0.7730369489403313
2024-11-22,-0.012070371732070657,-0.007425167410444598,0.175554822644039,0.20177859654492702,0.8253105253414417,0.2894736842105263,0.42105263157894735,0.0772584831371316,0.75,1.360893897331362,2.1,0.15000000000000013,0.016369013022771533,2.008953012605385,-2.3528,0.5479419515143029,0.7697352932596467
2024-11-25,-0.008769067834601437,-0.01880225390447703,0.1770551881119981,0.1996165451320474,0.8144295490734927,0.3157894736842105,0.23684210526315788,-0.057377112583302595,0.3,1.361875132870789,2.07,-0.03000000000000025,0.007534984825131587,2.003705210570545,-2.3325,-0.4312075629009272,0.8619154888511548
2024-11-26,-0.024410054768521962,-0.013536851815367118,0.1743199180360769,0.19785466982004102,0.8051321394752761,0.21052631578947367,0.2894736842105263,-0.057377112583302595,0.3,1.361875132870789,2.07,-0.03000000000000025,0.007534984825131587,2.003705210570545,-2.3325,-0.44565620771242265,0.8598504708616844
2024-11-27,-0.013808252079427319,0.00612969941753615,0.18843439387665262,0.20588547066741167,0.835190859102442,0.23684210526315788,0.5263157894736842,-0.057377112583302595,0.3,1.361875132870789,2.07,-0.03000000000000025,0.007534984825131587,2.003705210570545,-2.3325,-0.4454315865068875,0.8563149466287755
2024-11-28,-0.021087152508818326,-0.0020030631388993853,0.1876503549565537,0.20777479134909166,0.840169407026222,0.21052631578947367,0.4473684210526316,-0.057377112583302595,0.3,1.361875132870789,2.07,-0.03000000000000025,0.007534984825131587,2.003705210570545,-2.3325,-0.44520702004996726,0.852982130955427
2024-11-29,0.012226019641996065,0.016348064934820425,0.20038472135374263,0.20902762647153944,0.8403768155696172,0.8157894736842105,0.6578947368421053,-0.057377112583302595,0.3,1.361875132870789,2.07,-0.03000000000000025,0.007534984825131587,2.003705210570545,-2.3325,-0.4449825082955631,0.8498670609446549
2024-12-02,0.025064963105965888,0.014673375387459543,0.20759205447480733,0.2080229354611519,0.831665810168015,0.8947368421052632,0.6052631578947368,-0.12049339828639279,0.3,1.362635146901543,1.92,-0.1499999999999999,-0.01608345745788845,1.997738367913953,-2.1468999999999996,-0.9060597181478645,0.9256503409320477
2024-12-03,0.030232609300826458,-0.005414930513944089,0.19351568719761364,0.19232952569799713,0.7656754043628207,0.9473684210526315,0.2894736842105263,-0.12049339828639279,0.3,1.362635146901543,1.92,-0.1499999999999999,-0.01608345745788845,1.997738367913953,-2.1468999999999996,-0.9028375147323423,0.9235431861408047
2024-12-04,0.00912049719866867,-0.013312139843603115,0.20736953581621365,0.19278211153516528,0.7633942032929701,0.7631578947368421,0.23684210526315788,-0.12049339828639279,0.3,1.362635146901543,1.92,-0.1499999999999999,-0.01608345745788845,1.997738367913953,-2.1468999999999996,-0.898725964418037,0.9206931411323039
2024-12-05,0.018430506008523303,-0.03549749111774789,0.20300482356591554,0.17001245172028895,0.6705589999235699,0.9473684210526315,0.2631578947368421,-0.12049339828639279,0.3,1.362635146901543,1.92,-0.1499999999999999,-0.01608345745788845,1.997738367913953,-2.1468999999999996,-0.8946357141117913,0.9181073924466102
2024-12-06,0.017459019481918803,-0.020409092785810986,0.22474947872059686,0.17407074145408913,0.6840171157922725,0.868421052631579,0.3157894736842105,-0.12049339828639279,0.3,1.362635146901543,1.92,-0.1499999999999999,-0.01608345745788845,1.997738367913953,-2.1468999999999996,-0.8905665075800797,0.915806689410957
2024-12-09,0.005403685897382105,-0.03291569650645085,0.21804779929222895,0.169335639637609,0.6632098489893687,0.6578947368421053,0.2894736842105263,-0.05633148192765964,0.4,1.36354649317685,1.91,-0.010000000000000009,0.0018333265267499697,1.99083104990672,-2.2014000000000005,-0.42096501595786706,1.014475813134325
2024-12-10,0.009866788739602018,-0.016086255250114635,0.23203763668561747,0.16834602394198686,0.657305327327351,0.7894736842105263,0.39473684210526316,-0.05633148192765964,0.4,1.36354649317685,1.91,-0.010000000000000009,0.0018333265267499697,1.99083104990672,-2.2014000000000005,-0.4199857752664024,1.0134869830316462
2024-12-11,0.017306206928790608,-0.013663715089539575,0.24222525248757903,0.1686745723513142,0.656647039866741,0.8947368421052632,0.42105263157894735,-0.05633148192765964,0.4,1.36354649317685,1.91,-0.010000000000000009,0.0018333265267499697,1.99083104990672,-2.2014000000000005,-0.42164326013326975,1.0098809061238543
2024-12-12,0.02610306986143504,0.01703610370086646,0.2516780086707658,0.15636485069216322,0.6073858904192431,0.8947368421052632,0.6578947368421053,-0.05633148192765964,0.4,1.36354649317685,1.91,-0.010000000000000009,0.0018333265267499697,1.99083104990672,-2.2014000000000005,-0.4233043581415841,1.0065048956308191
2024-12-13,-0.0011981101811486192,0.016416557210695785,0.2327024617923072,0.15731797125968575,0.6096792866399191,0.39473684210526316,0.6052631578947368,-0.05633148192765964,0.4,1.36354649317685,1.91,-0.010000000000000009,0.0018333265267499697,1.99083104990672,-2.2014000000000005,-0.42496909215071516,1.0033730019420757
2024-12-16,-0.006469167635505794,0.015230413533240955,0.22400063019342684,0.15813129669502318,0.6112292850082253,0.39473684210526316,0.6578947368421053,0.07829429737675297,0.8,1.361624104560937,2.07,0.15999999999999992,0.009136189572556361,1.984815560008473,-2.6265,0.5551518104725869,0.7755428886973882
2024-12-17,-0.015910616710700345,-0.00022127343879363567,0.22266583509983365,0.15238907997306508,0.5876121345404532,0.18421052631578946,0.42105263157894735,0.07829429737675297,0.8,1.361624104560937,2.07,0.15999999999999992,0.009136189572556361,1.984815560008473,-2.6265,0.5502225081586987,0.7717984360875803
2024-12-18,-0.014419942439785387,-0.0018014903917532347,0.22489114859970985,0.15176588248996228,0.5838458336240668,0.18421052631578946,0.39473684210526316,0.07829429737675297,0.8,1.361624104560937,2.07,0.15999999999999992,0.009136189572556361,1.984815560008473,-2.6265,0.54801743388731,0.7675348248942949
2024-12-19,-0.02699368291915721,-0.0035472595580169977,0.21143448810748325,0.15192541358781622,0.5834027266527888,0.21052631578947367,0.3684210526315789,0.07829429737675297,0.8,1.361624104560937,2.07,0.15999999999999992,0.009136189572556361,1.984815560008473,-2.6265,0.5458170824853417,0.7634091211022718
2024-12-20,-0.00963956259631079,0.018847366346455653,0.21025398522853453,0.12655926507034107,0.48590577690141373,0.18421052631578946,0.7631578947368421,0.07829429737675297,0.8,1.361624104560937,2.07,0.15999999999999992,0.009136189572556361,1.984815560008473,-2.6265,0.5436214162652601,0.7594310148762106
2024-12-23,-0.004165893725206637,0.019833587642635757,0.20651995481994273,0.12615113055779534,0.4842370267455247,0.47368421052631576,0.7894736842105263,0.28478141777114363,0.95,1.360029611049778,2.23,0.16000000000000014,0.00836195344998509,1.975305278710512,-2.7964999999999995,2.028756924869551,0.5568956244646642
2024-12-24,0.005930466269252059,0.030119247598980384,0.18125649384272247,0.12691055377051477,0.48847906419533804,0.5526315789473685,0.868421052631579,0.28478141777114363,0.95,1.360029611049778,2.23,0.16000000000000014,0.00836195344998509,1.975305278710512,-2.7964999999999995,2.004658370567654,0.5516761219425047
2024-12-25,0.0003842159232992405,0.012390977610973328,0.17174095201331827,0.11538889428808205,0.44572033488457924,0.5,0.6578947368421053,0.28478141777114363,0.95,1.360029611049778,2.23,0.16000000000000014,0.00836195344998509,1.975305278710512,-2.7964999999999995,1.9803395632126093,0.5461789722545292
2024-12-26,0.007028436784142919,0.02456832973494425,0.13704341213415364,0.11194859306849805,0.43529738066709356,0.631578947368421,0.7631578947368421,0.28478141777114363,0.95,1.360029611049778,2.23,0.16000000000000014,0.00836195344998509,1.975305278710512,-2.7964999999999995,1.956660134336354,0.5407153856872285
2024-12-27,0.0067365540221885145,0.013357900726648107,0.09273641791659105,0.10642876714419648,0.4178669590428926,0.6578947368421053,0.5789473684210527,0.28478141777114363,0.95,1.360029611049778,2.23,0.16000000000000014,0.00836195344998509,1.975305278710512,-2.7964999999999995,1.9335902818886297,0.5352882621696623
2024-12-30,0.008121626719804213,0.0028902512564740845,0.02530346333455519,0.10144603332639753,0.40441470430641746,0.6578947368421053,0.47368421052631576,-0.14071555596149085,0.2,1.359007198591546,2.28,0.04999999999999982,0.0016149666317474669,1.967109950040671,-2.915,-1.0524217782912997,0.3935191441189713
2024-12-31,-0.014833538017783456,-0.014946899719629526,-0.033811648174073325,0.115899258756447,0.46943158294305165,0.21052631578947367,0.3684210526315789,-0.14071555596149085,0.2,1.359007198591546,2.28,0.04999999999999982,0.0016149666317474669,1.967109950040671,-2.915,-1.0469296557116003,0.38681947374206577
2025-01-02,-0.03019697623255766,-0.026926495820253006,-0.005137406906155599,0.1291174796677263,0.5324747556745951,0.21052631578947367,0.34210526315789475,-0.14071555596149085,0.2,1.359007198591546,2.28,0.04999999999999982,0.0016149666317474669,1.967109950040671,-2.915,-1.0409365624260725,0.38009175680174834
2025-01-03,-0.04583226212551823,-0.03969443839909728,-0.01816792350835178,0.13298675427257248,0.558460087345856,0.21052631578947367,0.3157894736842105,-0.14071555596149085,0.2,1.359007198591546,2.28,0.04999999999999982,0.0016149666317474669,1.967109950040671,-2.915,-1.0349884278455872,0.373309529336294
2025-01-06,-0.04596726194525158,-0.050068380700522275,0.00371385304053695,0.12587221069486618,0.5390542768044356,0.23684210526315788,0.2894736842105263,0.011222062906263798,0.5,1.360995994513305,2.26,-0.020000000000000018,0.00835365283938951,1.960242290694628,-3.0104999999999995,0.023736987345256824,0.649670065000473
2025-01-07,-0.03949481973924571,-0.04200825438015372,-0.008295505536103672,0.12893236889352225,0.5632256252133971,0.2631578947368421,0.2631578947368421,0.011222062906263798,0.5,1.360995994513305,2.26,-0.020000000000000018,0.00835365283938951,1.960242290694628,-3.0104999999999995,0.023269679847723334,0.6465483302014746
2025-01-08,-0.02725777308458725,-0.052071461543818795,0.005740642099972523,0.12497784488427506,0.5575737738811842,0.2894736842105263,0.2631578947368421,0.011222062906263798,0.5,1.360995994513305,2.26,-0.020000000000000018,0.00835365283938951,1.960242290694628,-3.0104999999999995,0.022802361816733358,0.6436794585045184
2025-01-09,-0.008660674011708057,-0.05289337676075166,0.01108604959222168,0.12459313363404552,0.5678824002782635,0.3684210526315789,0.2631578947368421,0.011222062906263798,0.5,1.360995994513305,2.26,-0.020000000000000018,0.00835365283938951,1.960242290694628,-3.0104999999999995,0.024138108309804257,0.6399133630086222
2025-01-10,-0.009111535207859227,-0.07490904346839154,0.006547688026355334,0.11807580079754923,0.55048461545045,0.3157894736842105,0.23684210526315788,0.011222062906263798,0.5,1.360995994513305,2.26,-0.020000000000000018,0.00835365283938951,1.960242290694628,-3.0104999999999995,0.0254745832737435,0.6363308152294972
2025-01-13,-0.010062141760390643,-0.05893241227976429,-0.028259349032965474,0.10610671841324751,0.5070665203057467,0.2894736842105263,0.18421052631578946,0.19178275447751916,0.9,1.36423119182118,2.34,0.08000000000000007,0.006729891503081764,1.953125467876971,-3.0987999999999998,1.277389739425637,1.1341522737120797
2025-01-14,0.007829302495995435,-0.02770978424865249,-0.010936270260473946,0.13925820766448296,0.680672600838392,0.7105263157894737,0.3157894736842105,0.19178275447751916,0.9,1.36423119182118,2.34,0.08000000000000007,0.006729891503081764,1.953125467876971,-3.0987999999999998,1.269940134002045,1.1362962066931457
2025-01-15,0.007238541360024017,-0.028922303473094428,-0.018363080394274707,0.1395109760494393,0.6977242172341755,0.6842105263157895,0.2894736842105263,0.19178275447751916,0.9,1.36423119182118,2.34,0.08000000000000007,0.006729891503081764,1.953125467876971,-3.0987999999999998,1.2625626436945996,1.1391918344925283
2025-01-16,0.010967040663357627,-0.02750639365760865,-0.014048660552895765,0.14028953018628354,0.7182422915421293,0.7894736842105263,0.2631578947368421,0.19178275447751916,0.9,1.36423119182118,2.34,0.08000000000000007,0.006729891503081764,1.953125467876971,-3.0987999999999998,1.2524636216709093,1.1425916361330832
2025-01-17,0.026466359309825785,-0.021449001239408547,-0.0018987991140145674,0.14154368066492676,0.7425071160299124,0.9473684210526315,0.3684210526315789,0.19178275447751916,0.9,1.36423119182118,2.34,0.08000000000000007,0.006729891503081764,1.953125467876971,-3.0987999999999998,1.2424845014745052,1.1468853663704717
2025-01-20,0.034173625596061824,-0.015119224087391674,-0.00369702515138061,0.14376087828784287,0.7729409852790811,0.9210526315789473,0.42105263157894735,-0.20175168438771549,0.15,1.362820558013233,2.2,-0.13999999999999968,-0.0025338325678083066,1.952594077475924,-2.9675000000000002,-1.4526703160947168,0.912951161248771
2025-01-21,0.013254638994381446,-0.010289251529064401,-0.009257917790905663,0.14401367177388574,0.7939964882803366,0.7631578947368421,0.5,-0.20175168438771549,0.15,1.362820558013233,2.2,-0.13999999999999968,-0.0025338325678083066,1.952594077475924,-2.9675000000000002,-1.4428063924297014,0.9160993427728443
2025-01-22,0.013338924174790233,-0.02151384556755625,-0.004931449783942969,0.14163838102054513,0.8011995953722945,0.7368421052631579,0.3684210526315789,-0.20175168438771549,0.15,1.362820558013233,2.2,-0.13999999999999968,-0.0025338325678083066,1.952594077475924,-2.9675000000000002,-1.4300529201599241,0.9151869476714458
2025-01-23,0.0058772089921644574,-0.022013400588743428,-0.003492723560233934,0.14168639424243992,0.8230311915929458,0.631578947368421,0.3157894736842105,-0.20175168438771549,0.15,1.362820558013233,2.2,-0.13999999999999968,-0.0025338325678083066,1.952594077475924,-2.9675000000000002,-1.41749077657004,0.9147131586367108
2025-01-24,0.009477290865827756,-0.01900014715772371,0.003565119438321168,0.1436816275929292,0.856116237992465,0.7105263157894737,0.2894736842105263,-0.20175168438771549,0.15,1.362820558013233,2.2,-0.13999999999999968,-0.0025338325678083066,1.952594077475924,-2.9675000000000002,-1.4051142803383445,0.9147239309187377
2025-01-27,-0.00657405737356723,-0.02842983548314742,0.0012761301783211238,0.1472349224218033,0.8979922086763877,0.2894736842105263,0.34210526315789475,-0.07271209697821254,0.35,1.363241837164851,2.2,0.0,-0.017512238577524583,1.953572326086974,-2.9520999999999997,-0.5307819531490038,0.9935705885590544
2025-02-05,-0.0025624147779218205,-0.020973293026790435,-0.003409666382856791,0.14980921658736196,0.9278258314837569,0.34210526315789475,0.34210526315789475,0.10110906680046818,0.8,1.36276935768695,2.16,-0.040000000000000036,0.009589122183350595,1.953766190004241,-2.8850000000000002,0.6403347848244989,0.9061188197276487
2025-02-06,0.015568568482877462,0.008888260933104668,-0.011473569300468927,0.14814434026512505,0.9289233736217137,0.7105263157894737,0.5526315789473685,0.10110906680046818,0.8,1.36276935768695,2.16,-0.040000000000000036,0.009589122183350595,1.953766190004241,-2.8850000000000002,0.6359615319207746,0.9040391436907105
2025-02-07,0.028789518956461296,0.036973094600275536,-0.003265541063580568,0.13681766389024394,0.8642300426097304,0.7894736842105263,0.8157894736842105,0.10110906680046818,0.8,1.36276935768695,2.16,-0.040000000000000036,0.009589122183350595,1.953766190004241,-2.8850000000000002,0.6316033604632446,0.9022864596377118
2025-02-10,0.027660820191336574,0.054492935159131096,-0.02069899435771406,0.12882138190376155,0.8217250248019715,0.7368421052631579,0.8421052631578947,0.0066727575463684215,0.45,1.36300647422423,2.07,-0.0900000000000003,-0.003839977832228442,1.957099293079854,-2.8613,-0.0058423429247322165,0.9478250177458886
2025-02-11,0.03302562424172535,0.050563050703829514,-0.01991442278250373,0.13096015521894977,0.8417932583993527,0.7894736842105263,0.8157894736842105,0.0066727575463684215,0.45,1.36300647422423,2.07,-0.0900000000000003,-0.003839977832228442,1.957099293079854,-2.8613,-0.007357124534058428,0.9472159778332003
2025-02-12,0.03601547546906171,0.05453700218151698,-0.020386948705087567,0.1328520079035917,0.8599285710692748,0.8421052631578947,0.7894736842105263,0.0066727575463684215,0.45,1.36300647422423,2.07,-0.0900000000000003,-0.003839977832228442,1.957099293079854,-2.8613,-0.008872835208955718,0.9470747036285102
2025-02-13,0.020478442369569187,0.05662447638726111,-0.011533240406672302,0.1317307894285564,0.8579682170536852,0.7894736842105263,0.868421052631579,0.0066727575463684215,0.45,1.36300647422423,2.07,-0.0900000000000003,-0.003839977832228442,1.957099293079854,-2.8613,-0.007817682973125779,0.9453411241599444
2025-02-14,0.016931944483579285,0.06256571309556287,-0.003991378754728351,0.1325415639612296,0.8684207258783485,0.7105263157894737,0.8157894736842105,0.0066727575463684215,0.45,1.36300647422423,2.07,-0.0900000000000003,-0.003839977832228442,1.957099293079854,-2.8613,-0.006762259215171093,0.9439680066610808
2025-02-17,0.011526733947707592,0.07513120431469791,0.017258264547172837,0.12117183205114851,0.8010655802078471,0.6842105263157895,0.868421052631579,-0.11318359305225674,0.3,1.365606107231224,2.04,-0.029999999999999805,-0.012065079593360218,1.969114527951211,-2.8213999999999997,-0.8095951165640021,1.4959367604088725
2025-02-18,0.00808763779608456,0.06871283026030471,0.02619697519123621,0.12699935874755688,0.84469120445726,0.5526315789473685,0.9210526315789473,-0.11318359305225674,0.3,1.365606107231224,2.04,-0.029999999999999805,-0.012065079593360218,1.969114527951211,-2.8213999999999997,-0.804405885937246,1.4978662511673493
2025-02-19,0.007780893977266865,0.05448859366278841,0.0420092229473769,0.1058094786305576,0.7097918315105752,0.6578947368421053,0.8947368421052632,-0.11318359305225674,0.3,1.365606107231224,2.04,-0.029999999999999805,-0.012065079593360218,1.969114527951211,-2.8213999999999997,-0.7992441900290652,1.5006102926554774
2025-02-20,0.008972771708274707,0.058358706735511794,0.02921512982362375,0.10330626746123019,0.6995871089339004,0.7105263157894737,0.9210526315789473,-0.11318359305225674,0.3,1.365606107231224,2.04,-0.029999999999999805,-0.012065079593360218,1.969114527951211,-2.8213999999999997,-0.7953045387533474,1.5002237975642194
2025-02-21,0.014143342418270205,0.06574201485047546,0.03643413080111358,0.10856271880024959,0.7418580455310548,0.6052631578947368,0.7894736842105263,-0.11318359305225674,0.3,1.365606107231224,2.04,-0.029999999999999805,-0.012065079593360218,1.969114527951211,-2.8213999999999997,-0.7913828649940224,1.5004735551497874
2025-02-24,0.010149249489563594,0.05881409449443572,0.033817833697010184,0.1107192836507164,0.763084355485977,0.6578947368421053,0.7894736842105263,0.20937279719622823,0.95,1.366068855704236,2.0,-0.040000000000000036,-0.001439187557327533,1.98242235981159,-2.6883,1.359577621512676,1.6055625718613662
2025-02-25,0.006374991263805576,0.04091419592804846,0.044642338187112454,0.12179761701436076,0.8472205476266507,0.6052631578947368,0.6842105263157895,0.20937279719622823,0.95,1.366068855704236,2.0,-0.040000000000000036,-0.001439187557327533,1.98242235981159,-2.6883,1.34902269048906,1.6070881391087788
2025-02-26,0.007365939408952457,0.04859989407735942,0.0581442301909308,0.1250619183198884,0.8775115499145139,0.6052631578947368,0.7894736842105263,0.20937279719622823,0.95,1.366068855704236,2.0,-0.040000000000000036,-0.001439187557327533,1.98242235981159,-2.6883,1.3386038558924074,1.609449145242445
2025-02-27,0.0069584106451136465,0.05197819320583521,0.06058359523725936,0.1232742782510224,0.8725787349818832,0.5789473684210527,0.7368421052631579,0.20937279719622823,0.95,1.366068855704236,2.0,-0.040000000000000036,-0.001439187557327533,1.98242235981159,-2.6883,1.3296676122981583,1.6053832718287764
2025-02-28,-0.031134192354592555,0.028730613503718437,0.01910819052594836,0.1583257048560871,1.1270084289787132,0.07894736842105263,0.7105263157894737,0.20937279719622823,0.95,1.366068855704236,2.0,-0.040000000000000036,-0.001439187557327533,1.98242235981159,-2.6883,1.3208327369599662,1.601797520628492
2025-03-03,-0.023836564405614047,0.025500239222993923,0.031068421800214477,0.15706675704002754,1.1248136487238973,0.18421052631578946,0.6578947368421053,0.07508811454885297,0.65,1.365701677024743,1.86,-0.1399999999999999,0.008536355401072495,1.995250416757027,-2.4400000000000004,0.4358077751955203,1.5118883588697833
2025-03-04,-0.010867677853746106,0.036620575447869584,0.021548640691370288,0.15130230695571098,1.091049466312825,0.34210526315789475,0.7368421052631579,0.07508811454885297,0.65,1.365701677024743,1.86,-0.1399999999999999,0.008536355401072495,1.995250416757027,-2.4400000000000004,0.4348643303450852,1.5097280118426553
2025-03-05,-0.01818611763980835,0.03297619121547289,0.014893149445156562,0.15040606996779765,1.0921493934317803,0.23684210526315788,0.7368421052631579,0.07508811454885297,0.65,1.365701677024743,1.86,-0.1399999999999999,0.008536355401072495,1.995250416757027,-2.4400000000000004,0.43117428502471633,1.5048287898236277
2025-03-06,-0.002109452077201441,0.034300172645756306,0.02824153385923147,0.15191423747350302,1.1085226605533565,0.42105263157894735,0.7631578947368421,0.07508811454885297,0.65,1.365701677024743,1.86,-0.1399999999999999,0.008536355401072495,1.995250416757027,-2.4400000000000004,0.4274891873203755,1.5003085539026935
2025-03-07,0.017297823848644124,0.01723891839590127,0.027285517175923812,0.15036113473270005,1.1028795103502993,0.7631578947368421,0.6052631578947368,0.07508811454885297,0.65,1.365701677024743,1.86,-0.1399999999999999,0.008536355401072495,1.995250416757027,-2.4400000000000004,0.42380888577164244,1.4961819094491062
2025-03-10,0.011636705000537132,0.009476124032194479,0.024274620792228304,0.14903599503455678,1.0959702074083617,0.7368421052631579,0.6578947368421053,0.17439414026239697,0.85,1.365701540888578,1.99,0.1299999999999999,-0.03471377677537012,2.00631719660809,-2.5512000000000006,1.069349994475415,1.4924317393630575
2025-03-11,0.007080582669298596,0.010675533875442829,0.011170203878750083,0.14854712937515885,1.0958031447748198,0.7631578947368421,0.6052631578947368,0.17439414026239697,0.85,1.365701540888578,1.99,0.1299999999999999,-0.03471377677537012,2.00631719660809,-2.5512000000000006,1.0612054838014442,1.4891437171069446
2025-03-12,0.0029645996062122983,-7.468464737652152e-05,0.012454063153986759,0.14494341930208807,1.0724354537104386,0.7105263157894737,0.47368421052631576,0.17439414026239697,0.85,1.365701540888578,1.99,0.1299999999999999,-0.03471377677537012,2.00631719660809,-2.5512000000000006,1.0536130834316382,1.4861765720288653
2025-03-13,-0.016463840327407928,-0.0026421100512208076,0.001910904792221525,0.14558815203349582,1.0802374298266033,0.23684210526315788,0.5789473684210527,0.17439414026239697,0.85,1.365701540888578,1.99,0.1299999999999999,-0.03471377677537012,2.00631719660809,-2.5512000000000006,1.046086655696879,1.483674556252108
2025-03-14,0.009945582551062036,0.01025255646338402,0.019924892798195246,0.16073729058742173,1.1938130547098253,0.7105263157894737,0.7368421052631579,0.17439414026239697,0.85,1.365701540888578,1.99,0.1299999999999999,-0.03471377677537012,2.00631719660809,-2.5512000000000006,1.038624840112752,1.4816629450437757
2025-03-17,0.010409475967777278,0.008358866052264166,0.008581026898570548,0.16079062273718164,1.1935552753505094,0.7105263157894737,0.6842105263157895,-0.07092027330431053,0.35,1.365653327563919,2.01,0.019999999999999796,-0.0015238589902230714,2.016299189430214,-2.4511999999999996,-0.5600494358744142,1.4677217950542056
2025-03-18,0.020173218536114517,0.02276111461547279,0.03254153259601323,0.1587769695470267,1.1783951422210643,0.8421052631578947,0.7894736842105263,-0.07092027330431053,0.35,1.365653327563919,2.01,0.019999999999999796,-0.0015238589902230714,2.016299189430214,-2.4511999999999996,-0.5588900514099856,1.466805939290796
2025-03-19,0.0188728823142226,0.011017303689579218,0.03779611310371516,0.15647856999998722,1.1615745741403471,0.7894736842105263,0.7105263157894737,-0.07092027330431053,0.35,1.365653327563919,2.01,0.019999999999999796,-0.0015238589902230714,2.016299189430214,-2.4511999999999996,-0.5581260067214056,1.4601518536346352
2025-03-20,0.017953353748921222,0.0063384719894257115,0.0357748752518431,0.1577094899204171,1.1699418556114145,0.8421052631578947,0.6578947368421053,-0.07092027330431053,0.35,1.365653327563919,2.01,0.019999999999999796,-0.0015238589902230714,2.016299189430214,-2.4511999999999996,-0.557362656588588,1.4537822888883623
2025-03-21,-0.015937920003904676,-0.01982870595879086,0.018406915234075963,0.1582934019017018,1.1733265707978815,0.21052631578947367,0.3684210526315789,-0.07092027330431053,0.35,1.365653327563919,2.01,0.019999999999999796,-0.0015238589902230714,2.016299189430214,-2.4511999999999996,-0.5565999991639219,1.4477035378412
2025-03-24,-0.0119283901757825,-0.013718773613081926,0.023646319641945267,0.15878937411559835,1.176005676379439,0.2894736842105263,0.3684210526315789,-0.12146458606405644,0.2,1.367306846299356,1.92,-0.08999999999999986,0.004018470915560455,2.025864046828747,-2.4112999999999998,-0.8826738026412256,1.8819445438760536
2025-03-25,-0.02105758647951449,-0.004671463127847273,0.021123508712809533,0.1534878407917638,1.1329762158199819,0.2894736842105263,0.42105263157894735,-0.12146458606405644,0.2,1.367306846299356,1.92,-0.08999999999999986,0.004018470915560455,2.025864046828747,-2.4112999999999998,-0.8796907391645419,1.8720690935844548
2025-03-26,-0.019230279091530127,-0.015578914810903365,0.022731727737391676,0.14861701642369926,1.0939983645397906,0.23684210526315788,0.2894736842105263,-0.12146458606405644,0.2,1.367306846299356,1.92,-0.08999999999999986,0.004018470915560455,2.025864046828747,-2.4112999999999998,-0.8729924005168114,1.8621676272736951
2025-03-27,-0.012703505644175826,-0.013323444299863759,0.017140903338415215,0.14883827150281406,1.0926874788569663,0.2894736842105263,0.34210526315789475,-0.12146458606405644,0.2,1.367306846299356,1.92,-0.08999999999999986,0.004018470915560455,2.025864046828747,-2.4112999999999998,-0.8663356192736057,1.8527319099726907
2025-03-28,-0.003560520953169095,0.007744965442632602,0.01446217835760763,0.11749140080478215,0.8623344164298915,0.39473684210526316,0.5263157894736842,-0.12146458606405644,0.2,1.367306846299356,1.92,-0.08999999999999986,0.004018470915560455,2.025864046828747,-2.4112999999999998,-0.8597195000406236,1.843765333412041
2025-03-31,-0.017587278699699387,-0.007469487907167265,-0.0009693958418970396,0.12292991836037659,0.9010403388851437,0.15789473684210525,0.4473684210526316,0.11593716526609911,0.8,1.368910294322739,1.9,-0.020000000000000018,-0.001156649228128564,2.033554348806518,-2.4574,0.679417648277771,2.2664536115373335
2025-04-01,-0.009978512038455074,-0.003782297312556241,0.004408442652165942,0.12420114357913703,0.9083858464899742,0.18421052631578946,0.42105263157894735,0.11593716526609911,0.8,1.368910294322739,1.9,-0.020000000000000018,-0.001156649228128564,2.033554348806518,-2.4574,0.679464892964878,2.2507495648139573
2025-04-02,-0.009525493396455595,-0.006918290567550608,0.0050846076211318696,0.12372659071059991,0.9024640135694387,0.23684210526315788,0.3157894736842105,0.11593716526609911,0.8,1.368910294322739,1.9,-0.020000000000000018,-0.001156649228128564,2.033554348806518,-2.4574,0.6753475360764535,2.231724733312123
2025-04-03,-0.018944461633133743,-0.03015845385579606,0.013029979723064933,0.11158850832952907,0.8143553776363709,0.18421052631578946,0.3157894736842105,0.11593716526609911,0.8,1.368910294322739,1.9,-0.020000000000000018,-0.001156649228128564,2.033554348806518,-2.4574,0.6712458850751469,2.2134045348691336
2025-04-07,-0.09452922855857888,-0.10408208696459041,-0.04987007396841359,0.3008612898755693,2.150711455545362,0.05263157894736842,0.10526315789473684,0.7385223042305481,1.0,1.369101767932017,1.83,-0.06999999999999984,-0.010772624442853363,2.038263145040733,-2.3123999999999993,4.489381104258742,2.2470059253622474
2025-04-08,-0.07332513594159552,-0.09243132884929992,-0.028462269657974326,0.3056770928086417,2.141085199433634,0.10526315789473684,0.15789473684210525,0.7385223042305481,1.0,1.369101767932017,1.83,-0.06999999999999984,-0.010772624442853363,2.038263145040733,-2.3123999999999993,4.302418804392186,2.2288341765411706
2025-04-09,-0.06911909462166181,-0.07998197460351665,-0.0187433900242443,0.3094704066967518,2.12217007325039,0.10526315789473684,0.13157894736842105,0.7385223042305481,1.0,1.369101767932017,1.83,-0.06999999999999984,-0.010772624442853363,2.038263145040733,-2.3123999999999993,4.135714860936815,2.2113628160268513
2025-04-10,-0.0412854845154181,-0.05116837468918101,0.0032939428449594715,0.3289656683140249,2.2054369122647355,0.23684210526315788,0.21052631578947367,0.7385223042305481,1.0,1.369101767932017,1.83,-0.06999999999999984,-0.010772624442853363,2.038263145040733,-2.3123999999999993,3.98731974476968,2.1948495459757775
2025-04-11,-0.029001528585344626,-0.042696142113732766,0.011286224222307555,0.3298119344277464,2.1616363369729648,0.3157894736842105,0.18421052631578946,0.7385223042305481,1.0,1.369101767932017,1.83,-0.06999999999999984,-0.010772624442853363,2.038263145040733,-2.3123999999999993,3.852783302527315,2.1790077407113855
2025-04-14,0.05787684372603252,-0.05615082578961993,0.016667443769326978,0.3210667629281463,2.0601052983708135,0.9736842105263158,0.15789473684210525,-0.1875881043389847,0.1,1.368837034971611,2.28,0.44999999999999973,-0.031083785621322392,2.022982146369247,-2.8379000000000003,-1.1645919222141103,2.0926897360780443
2025-04-15,0.044260078717201716,-0.05858072609987549,0.024909344267086613,0.32098339674505505,2.0158287742760366,0.9473684210526315,0.10526315789473684,-0.1875881043389847,0.1,1.368837034971611,2.28,0.44999999999999973,-0.031083785621322392,2.022982146369247,-2.8379000000000003,-1.1606183919114386,2.079599073254625
2025-04-16,0.030768753314299437,-0.06938643982533174,0.02208750505044578,0.3191515238751787,1.960604253766169,0.9210526315789473,0.10526315789473684,-0.1875881043389847,0.1,1.368837034971611,2.28,0.44999999999999973,-0.031083785621322392,2.022982146369247,-2.8379000000000003,-1.1566667415258631,2.06710281624333
2025-04-17,0.006335697021088241,-0.06370555998231538,0.001800337370052276,0.31996880303396547,1.9299170670822994,0.6052631578947368,0.10526315789473684,-0.1875881043389847,0.1,1.368837034971611,2.28,0.44999999999999973,-0.031083785621322392,2.022982146369247,-2.8379000000000003,-1.1497455694942067,2.0561046341168545
2025-04-18,0.0032541498243695644,-0.05739534603828443,0.0073018326866531,0.32027235254004266,1.8972720969524095,0.5,0.18421052631578946,-0.1875881043389847,0.1,1.368837034971611,2.28,0.44999999999999973,-0.031083785621322392,2.022982146369247,-2.8379000000000003,-1.142885396932407,2.045715580517128
2025-04-21,0.00281864505515776,-0.03739426073055751,0.008519048161127106,0.3191801389518648,1.857985656433456,0.6052631578947368,0.21052631578947367,-0.23647752889632784,0.05,1.369353879506534,2.11,-0.16999999999999993,-0.005431234632041417,2.005184046207362,-2.6879999999999997,-1.3948574723687943,2.177007069328511
2025-04-22,0.007777695852189773,-0.03887464007190322,0.006220680809450598,0.3189122414853382,1.8250211219819152,0.6842105263157895,0.21052631578947367,-0.23647752889632784,0.05,1.369353879506534,2.11,-0.16999999999999993,-0.005431234632041417,2.005184046207362,-2.6879999999999997,-1.3827908489653995,2.163352152347149
2025-04-23,0.01577197014315461,-0.03255688320266265,0.0036858495975385618,0.31946621378833107,1.7980588673823577,0.8421052631578947,0.21052631578947367,-0.23647752889632784,0.05,1.369353879506534,2.11,-0.16999999999999993,-0.005431234632041417,2.005184046207362,-2.6879999999999997,-1.3708965491571874,2.150363508400414
2025-04-24,0.008618777541207944,-0.03585650334957731,-0.00283552408312123,0.31957765591183745,1.7695437572673192,0.7631578947368421,0.21052631578947367,-0.23647752889632784,0.05,1.369353879506534,2.11,-0.16999999999999993,-0.005431234632041417,2.005184046207362,-2.6879999999999997,-1.3591696769756243,2.138038021897555
2025-04-25,0.01209277771267293,-0.03259906268143568,0.006055686224535794,0.3202320266818875,1.7444163043616474,0.6842105263157895,0.18421052631578946,-0.23647752889632784,0.05,1.369353879506534,2.11,-0.16999999999999993,-0.005431234632041417,2.005184046207362,-2.6879999999999997,-1.3476055247566572,2.1263745702174615
2025-04-28,0.0013103307395427614,-0.03252340903784565,0.003952169908505407,0.3202230093296385,1.7165433987573464,0.5263157894736842,0.18421052631578946,-0.17700686837845642,0.2,1.369752505192737,2.02,-0.08999999999999986,0.003571213208171888,1.992677913824642,-2.6187,-1.0238051380220192,2.2254379869065346
2025-04-29,0.00017061453152661496,-0.021116746840677224,-0.003085995524850546,0.31842463626500334,1.6806652093746128,0.47368421052631576,0.3157894736842105,-0.17700686837845642,0.2,1.369752505192737,2.02,-0.08999999999999986,0.003571213208171888,1.992677913824642,-2.6187,-1.0165647766903367,2.2085916190266603
2025-04-30,-0.000779243652224676,-0.023357614816432254,0.009480663318881111,0.3179795025894266,1.65348047247339,0.47368421052631576,0.3157894736842105,-0.17700686837845642,0.2,1.369752505192737,2.02,-0.08999999999999986,0.003571213208171888,1.992677913824642,-2.6187,-1.0093835288164796,2.1924284923876427
2025-05-06,0.017481695895513592,-0.008849314057608127,0.01720858659031418,0.3225686365373915,1.652600443737695,0.7631578947368421,0.34210526315789475,-0.09097177820572676,0.4,1.369311087373345,2.06,0.040000000000000036,0.0045966037271983505,1.986071397976873,-2.5294999999999996,-0.5507157321992862,2.0546642319709303
2025-05-07,0.01576561513967563,0.002111014091373691,0.006252732881333956,0.3215462053365757,1.6233267147530894,0.8421052631578947,0.4473684210526316,-0.09097177820572676,0.4,1.369311087373345,2.06,0.040000000000000036,0.0045966037271983505,1.986071397976873,-2.5294999999999996,-0.5469923513184114,2.0422726153817496
2025-05-08,0.0249756732327618,0.08698149275349504,0.00013832418480590625,0.11627048884362645,0.588008407623044,0.9210526315789473,0.9736842105263158,-0.09097177820572676,0.4,1.369311087373345,2.06,0.040000000000000036,0.0045966037271983505,1.986071397976873,-2.5294999999999996,-0.5432785655685278,2.0304518165656855
2025-05-09,0.01991643155516564,0.07212482065608394,-0.010830384161021486,0.11802327460708735,0.59741641091148,0.8947368421052632,0.9210526315789473,-0.09097177820572676,0.4,1.369311087373345,2.06,0.040000000000000036,0.0045966037271983505,1.986071397976873,-2.5294999999999996,-0.5395580514256614,2.0117407874600035
2025-05-12,0.027149872362073738,0.0729113521673033,0.0036049114392294945,0.11853021750319108,0.6006123083001698,0.8157894736842105,0.9210526315789473,-0.034996842037096215,0.55,1.369111997106388,2.08,0.020000000000000018,0.003785219036614114,1.987285676702878,-2.7286,-0.24167480998267282,1.938128683953787
2025-05-13,0.011762238562297928,0.0441984090201079,-0.007044650316449609,0.07959432123827538,0.40513987350064545,0.6842105263157895,0.8947368421052632,-0.034996842037096215,0.55,1.369111997106388,2.08,0.020000000000000018,0.003785219036614114,1.987285676702878,-2.7286,-0.2393441760505145,1.9215792006875507
2025-05-14,0.01944457697034633,0.05055711964706465,0.005218867482111095,0.08490637731085954,0.4339021550757564,0.7631578947368421,0.8421052631578947,-0.034996842037096215,0.55,1.369111997106388,2.08,0.020000000000000018,0.003785219036614114,1.987285676702878,-2.7286,-0.23701424259118564,1.9054809712978895
2025-05-15,0.0027661003627735114,0.03187074939023603,-0.014027519935999868,0.09754985321516248,0.5000050524236389,0.631578947368421,0.7631578947368421,-0.034996842037096215,0.55,1.369111997106388,2.08,0.020000000000000018,0.003785219036614114,1.987285676702878,-2.7286,-0.23468497111660994,1.88982157902653
2025-05-16,0.00565356810978001,0.033518310048662237,-0.016703549998949067,0.09663525170598507,0.49635754948891525,0.631578947368421,0.7105263157894737,-0.034996842037096215,0.55,1.369111997106388,2.08,0.020000000000000018,0.003785219036614114,1.987285676702878,-2.7286,-0.2392131789222201,1.87326223689989
2025-05-19,-0.0048670958392249,0.03727550301377897,-0.009349822196079965,0.094337834197544,0.48591573097760044,0.34210526315789475,0.7368421052631579,-0.23925437158690807,0.05,1.371282000877632,2.09,0.009999999999999787,0.005570890147265207,1.997625121892262,-2.7327999999999997,-1.3201995347343118,2.4553552785305905
2025-05-20,0.0020790046126690593,0.03994171661168872,-0.012746539681047418,0.09522656422030595,0.490939428226762,0.5263157894736842,0.7105263157894737,-0.23925437158690807,0.05,1.371282000877632,2.09,0.009999999999999787,0.005570890147265207,1.997625121892262,-2.7327999999999997,-1.3139164166880961,2.4242972747895397
2025-05-21,-0.004709877176987597,0.04259309264570749,-0.00846378140315121,0.09542980613030355,0.49232043378822615,0.34210526315789475,0.7894736842105263,-0.23925437158690807,0.05,1.371282000877632,2.09,0.009999999999999787,0.005570890147265207,1.997625121892262,-2.7327999999999997,-1.3076860422485472,2.394333677105275
2025-05-22,0.001991179694457226,0.031043284029535496,-0.026179682659812846,0.09749648180389113,0.503461419330652,0.5263157894736842,0.7894736842105263,-0.23925437158690807,0.05,1.371282000877632,2.09,0.009999999999999787,0.005570890147265207,1.997625121892262,-2.7327999999999997,-1.3015075674196968,2.3654070347356924
2025-05-23,-0.002247202917920036,0.023493411278552423,-0.0291000024064327,0.10095998084518523,0.521784822918207,0.42105263157894735,0.7368421052631579,-0.23925437158690807,0.05,1.371282000877632,2.09,0.009999999999999787,0.005570890147265207,1.997625121892262,-2.7327999999999997,-1.295380166885761,2.337464439314602
2025-05-26,-0.002953099370386315,0.018550433500238047,-0.018677912830271856,0.10098548518108068,0.5228539553307552,0.3684210526315789,0.7894736842105263,0.2569058821622305,0.95,1.372418334042285,2.18,0.0900000000000003,-0.018587693255590277,2.005882682151159,-2.7973,1.2931226733639418,2.612514903562357
2025-05-27,-0.011033467586299583,0.0202894714841812,-0.03114594667629946,0.10000424274034825,0.5188955519894944,0.21052631578947367,0.7368421052631579,0.2569058821622305,0.95,1.372418334042285,2.18,0.0900000000000003,-0.018587693255590277,2.005882682151159,-2.7973,1.2825264509709875,2.573055337421666
2025-05-28,-0.016488869330923937,0.014011445602110621,-0.031911061379188796,0.0993643166285723,0.5166434123120988,0.13157894736842105,0.7368421052631579,0.2569058821622305,0.95,1.372418334042285,2.18,0.0900000000000003,-0.018587693255590277,2.005882682151159,-2.7973,1.2720618482827286,2.5351434463485067
2025-05-29,-0.0008171239772560412,0.028915829312736695,0.004137385717523661,0.10309600704510677,0.5386241956798093,0.3684210526315789,0.7894736842105263,0.2569058821622305,0.95,1.372418334042285,2.18,0.0900000000000003,-0.018587693255590277,2.005882682151159,-2.7973,1.26172542972141,2.498681145423908
2025-05-30,-0.0015836525903472187,0.02173914415667859,-0.0068470905911658785,0.10698194930534659,0.5613744930386568,0.5,0.8157894736842105,0.2569058821622305,0.95,1.372418334042285,2.18,0.0900000000000003,-0.018587693255590277,2.005882682151159,-2.7973,1.2515138770833694,2.4635790579032695
2025-06-03,0.0035471402227195362,0.022876817375182257,-0.004263094753806218,0.10726182078799415,0.565019321551839,0.5789473684210527,0.868421052631579,-0.18259077203316296,0.25,1.372764043592187,2.07,-0.11000000000000032,0.003184895703142022,2.008729894481303,-2.6905,-1.0151665047840592,2.517774746450526
2025-06-04,0.013041051533076914,0.01584882712174452,8.122249658580084e-05,0.09856200481353339,0.5215655748129455,0.8157894736842105,0.7105263157894737,-0.18259077203316296,0.25,1.372764043592187,2.07,-0.11000000000000032,0.003184895703142022,2.008729894481303,-2.6905,-1.0104868708268637,2.4808768074881233
2025-06-05,0.018383655624558376,0.016629486086993373,-0.01141795367742898,0.09883737061103891,0.5254826098039814,0.9210526315789473,0.7894736842105263,-0.18259077203316296,0.25,1.372764043592187,2.07,-0.11000000000000032,0.003184895703142022,2.008729894481303,-2.6905,-1.0058358739840845,2.4453506653965333
2025-06-06,0.008734738196854306,0.012674894276829203,-0.00442569993426616,0.09775303245869447,0.5221516574338956,0.6842105263157895,0.6842105263157895,-0.18259077203316296,0.25,1.372764043592187,2.07,-0.11000000000000032,0.003184895703142022,2.008729894481303,-2.6905,-1.0012131378700384,2.411112894925248
2025-06-09,0.021300951962197445,0.0231236645637104,0.0028171563704944332,0.09752122991880924,0.5233134615933336,0.9210526315789473,0.7631578947368421,-0.101955799529497,0.4,1.372223551611038,2.2,0.13000000000000034,-0.002378143954366543,2.012013641632439,-2.8403,-0.5861554370087178,2.2443778435283375
2025-06-10,0.013031358841200574,0.008758303854309096,0.0016876814180957602,0.09396475958521282,0.5067024396786606,0.8421052631578947,0.5789473684210527,-0.101955799529497,0.4,1.372223551611038,2.2,0.13000000000000034,-0.002378143954366543,2.012013641632439,-2.8403,-0.5847132131778708,2.216660600701461
2025-06-11,0.01164708355545563,0.015733672114902224,0.008763706445829132,0.09550277358359306,0.5172947150559764,0.7631578947368421,0.7368421052631579,-0.101955799529497,0.4,1.372223551611038,2.2,0.13000000000000034,-0.002378143954366543,2.012013641632439,-2.8403,-0.5823556527523542,2.1884715636764867
2025-06-12,0.0075470418510012825,0.0047319509676483264,0.012592928500980226,0.0880021037734847,0.47915798779120433,0.8157894736842105,0.5526315789473685,-0.101955799529497,0.4,1.372223551611038,2.2,0.13000000000000034,-0.002378143954366543,2.012013641632439,-2.8403,-0.5800037277834799,2.1611401428880397
2025-06-13,-0.0010280805917006848,0.008880713322355007,-0.015399363077028884,0.0813731102765866,0.44627827203519227,0.5,0.5789473684210527,-0.101955799529497,0.4,1.372223551611038,2.2,0.13000000000000034,-0.002378143954366543,2.012013641632439,-2.8403,-0.5776573916870321,2.134622716680915
2025-06-16,-0.001501256815268387,0.015968839638662004,-0.009093576412551235,0.08288131734206738,0.45781003085508526,0.4473684210526316,0.7631578947368421,0.21632248735170545,0.9,1.372855359147405,2.13,-0.07000000000000028,-0.010723286812744386,2.015180359018057,-2.7622,1.0433017822830557,2.2607916775054937
2025-06-17,0.0013232797062812589,0.014948679399815257,-0.017162257411737502,0.08321316406508904,0.4628629560042508,0.6842105263157895,0.7368421052631579,0.21632248735170545,0.9,1.372855359147405,2.13,-0.07000000000000028,-0.010723286812744386,2.015180359018057,-2.7622,1.0366001498050486,2.231435033149327
2025-06-18,-0.0033207506265419025,0.010333916875691261,-0.013429926494935377,0.08119828919129601,0.45482969895736225,0.34210526315789475,0.631578947368421,0.21632248735170545,0.9,1.372855359147405,2.13,-0.07000000000000028,-0.010723286812744386,2.015180359018057,-2.7622,1.03187592555117,2.2013246389910264
2025-06-19,-0.012424006780267427,-0.0029821786356315026,-0.017784432028208428,0.08728210545803704,0.4921438266125501,0.2894736842105263,0.42105263157894735,0.21632248735170545,0.9,1.372855359147405,2.13,-0.07000000000000028,-0.010723286812744386,2.015180359018057,-2.7622,1.0271811066347127,2.1721563856948802
2025-06-20,-0.006821751858188318,6.778176970946397e-05,-0.0062831949313125295,0.08557962453014202,0.4858643870623807,0.34210526315789475,0.42105263157894735,0.21632248735170545,0.9,1.372855359147405,2.13,-0.07000000000000028,-0.010723286812744386,2.015180359018057,-2.7622,1.0225153053855156,2.1438796596746736
2025-06-23,-0.008169188964816151,0.01004685359176589,-0.00533437520158489,0.08385013948146254,0.47944522581932786,0.2631578947368421,0.631578947368421,-0.009652584598008941,0.6,1.373035696861915,2.05,-0.08000000000000007,0.006286176379402581,2.016738348078988,-2.737,-0.11991556411780545,2.1582468845764584
2025-06-24,0.004441029539494332,0.022342808309695907,0.008336358607271317,0.09108184464141808,0.5239110520882474,0.6578947368421053,0.8421052631578947,-0.009652584598008941,0.6,1.373035696861915,2.05,-0.08000000000000007,0.006286176379402581,2.016738348078988,-2.737,-0.11814232370598549,2.130423659697467
2025-06-25,0.015393025919633313,0.036760410381624156,0.02119337851622806,0.09775796783919996,0.5650678575729393,0.7631578947368421,0.9210526315789473,-0.009652584598008941,0.6,1.373035696861915,2.05,-0.08000000000000007,0.006286176379402581,2.016738348078988,-2.737,-0.11909399317991426,2.103007569143713
2025-06-26,0.02265338715267262,0.03616007784796506,0.017572460768640018,0.09805387821663285,0.5695648751709528,0.8421052631578947,0.8421052631578947,-0.009652584598008941,0.6,1.373035696861915,2.05,-0.08000000000000007,0.006286176379402581,2.016738348078988,-2.737,-0.12004618806519733,2.076388096873044
2025-06-27,0.026920615591928133,0.02780552133889364,0.024197941613784697,0.09263827578451701,0.5394051495862167,0.8157894736842105,0.7894736842105263,-0.009652584598008941,0.6,1.373035696861915,2.05,-0.08000000000000007,0.006286176379402581,2.016738348078988,-2.737,-0.12099891137724508,2.0505250233205015
2025-06-30,0.029603703418790962,0.04123420960090407,0.04185660691690546,0.08946582193860743,0.5226301480054512,0.8157894736842105,0.8421052631578947,-0.2338701290528529,0.15,1.372911910382225,2.0,-0.04999999999999982,-0.015332010406763637,2.021419426230568,-2.6371,-1.250292008503744,1.9976143396841246
2025-07-01,0.018596605802709755,0.03739227388968612,0.03691147644843614,0.08958848434985914,0.525116307562904,0.868421052631579,0.8421052631578947,-0.2338701290528529,0.15,1.372911910382225,2.0,-0.04999999999999982,-0.015332010406763637,2.021419426230568,-2.6371,-1.2410815497277934,1.9733830241298569
2025-07-02,0.0036533782042681737,0.027372737052815416,0.03437225011695182,0.08894797333909416,0.5231393855825958,0.5789473684210527,0.7894736842105263,-0.2338701290528529,0.15,1.372911910382225,2.0,-0.04999999999999982,-0.015332010406763637,2.021419426230568,-2.6371,-1.231974405060357,1.9497876605889601
2025-07-03,0.010341228341169455,0.028117650564576133,0.04685815074294321,0.08925981575636538,0.5261250070990133,0.7368421052631579,0.7631578947368421,-0.2338701290528529,0.15,1.372911910382225,2.0,-0.04999999999999982,-0.015332010406763637,2.021419426230568,-2.6371,-1.2229681815597455,1.9267986608517238
2025-07-04,0.006890984707162268,0.0259617678492016,0.12561815487952588,0.0897844376042646,0.5404234424871731,0.7105263157894737,0.7105263157894737,-0.2338701290528529,0.15,1.372911910382225,2.0,-0.04999999999999982,-0.015332010406763637,2.021419426230568,-2.6371,-1.2140605601196643,1.9043883270669506
2025-07-07,-0.00391976817247176,0.016013489466234865,0.11126197468602922,0.08988355708622288,0.5529912792114117,0.4473684210526316,0.631578947368421,0.06866602069142842,0.65,1.37378934379289,2.02,0.020000000000000018,-0.002812883452152966,2.027727541947501,-2.7048999999999994,0.2960734105453033,2.073177277355944
2025-07-08,0.005662872783249947,0.030023787831735493,0.1116934438533479,0.09244317300301091,0.581683394926181,0.6842105263157895,0.6842105263157895,0.06866602069142842,0.65,1.37378934379289,2.02,0.020000000000000018,-0.002812883452152966,2.027727541947501,-2.7048999999999994,0.2955043226505072,2.0469304744173225
2025-07-09,0.006424804542465843,0.02215045803982563,0.08208253917483577,0.09195177735752222,0.5933395225336489,0.6578947368421053,0.6842105263157895,0.06866602069142842,0.65,1.37378934379289,2.02,0.020000000000000018,-0.002812883452152966,2.027727541947501,-2.7048999999999994,0.2949354624359996,2.0214173871620336
2025-07-10,0.007098672773160432,0.027669281486735284,0.08295835210144827,0.09293448177677885,0.6153569127909283,0.6578947368421053,0.7105263157894737,0.06866602069142842,0.65,1.37378934379289,2.02,0.020000000000000018,-0.002812883452152966,2.027727541947501,-2.7048999999999994,0.2943668292742763,1.996601960991329
2025-07-11,0.013779813806335705,0.04076966224723799,0.08152112495982904,0.087247969292029,0.5930058232085308,0.7105263157894737,0.868421052631579,0.06866602069142842,0.65,1.37378934379289,2.02,0.020000000000000018,-0.002812883452152966,2.027727541947501,-2.7048999999999994,0.2937984225388917,1.972450574580891
2025-07-14,0.017001971367934746,0.034516717649438,0.08400386733676224,0.08679602005772204,0.6060106926536096,0.8421052631578947,0.8421052631578947,-0.06377603539723681,0.55,1.374968189166996,2.06,0.040000000000000036,0.009084482096279855,2.030852061067137,-2.7550999999999997,-0.36501938516144317,2.195578488388916
2025-07-15,0.011009754047278253,0.03971026217273249,0.09193444458632673,0.08597243338628859,0.6170023366362196,0.7631578947368421,0.8421052631578947,-0.06377603539723681,0.55,1.374968189166996,2.06,0.040000000000000036,0.009084482096279855,2.030852061067137,-2.7550999999999997,-0.36491926421969606,2.16639215407129
2025-07-16,0.01231427918804055,0.037785487854408085,0.08806112134178808,0.08652561372071393,0.6388096678387287,0.8421052631578947,0.868421052631579,-0.06377603539723681,0.55,1.374968189166996,2.06,0.040000000000000036,0.009084482096279855,2.030852061067137,-2.7550999999999997,-0.36481915282030464,2.138096457416597
2025-07-17,0.015536969661692983,0.05563025792869569,0.09524117193877168,0.07852674088060045,0.5975291457678752,0.8157894736842105,0.868421052631579,-0.06377603539723681,0.55,1.374968189166996,2.06,0.040000000000000036,0.009084482096279855,2.030852061067137,-2.7550999999999997,-0.3647190509593965,2.1106445115507184
2025-07-18,0.01582173215386773,0.06341314625929403,0.094524212058539,0.07683904927888267,0.6032265788000811,0.8157894736842105,0.868421052631579,-0.06377603539723681,0.55,1.374968189166996,2.06,0.040000000000000036,0.009084482096279855,2.030852061067137,-2.7550999999999997,-0.3646189586331004,2.083992831660971
2025-07-21,0.02240398769043525,0.0650898943046894,0.09863015917500773,0.0773471070938979,0.6270336689400651,0.9736842105263158,0.8947368421052632,0.0006095702718469018,0.7,1.375192102804541,2.03,-0.03000000000000025,0.005978632723477106,2.035713451104633,-2.7679000000000005,-0.04459177330448029,2.1032364466524864
2025-07-22,0.02594407523195912,0.06121330786519727,0.10210654967513123,0.0734321450190661,0.6157654979236297,0.8947368421052632,0.9736842105263158,0.0006095702718469018,0.7,1.375192102804541,2.03,-0.03000000000000025,0.005978632723477106,2.035713451104633,-2.7679000000000005,-0.04454018537593218,2.076219305266193
2025-07-23,0.030785483546882847,0.053177945481657614,0.11022782734746298,0.0656054536339158,0.5703802532497749,0.9210526315789473,0.9736842105263158,0.0006095702718469018,0.7,1.375192102804541,2.03,-0.03000000000000025,0.005978632723477106,2.035713451104633,-2.7679000000000005,-0.044488597769151914,2.049975163551635
2025-07-24,0.03160096792741491,0.06457783870343797,0.11474936215351367,0.06706496772533979,0.6052734578319531,0.8947368421052632,0.9473684210526315,0.0006095702718469018,0.7,1.375192102804541,2.03,-0.03000000000000025,0.005978632723477106,2.035713451104633,-2.7679000000000005,-0.044437010483724226,2.0244652956196085
2025-07-25,0.024203357682530298,0.060695888349896206,0.11741723900152655,0.06932321068861766,0.6501929651561468,0.9210526315789473,0.9736842105263158,0.0006095702718469018,0.7,1.375192102804541,2.03,-0.03000000000000025,0.005978632723477106,2.035713451104633,-2.7679000000000005,-0.044385423519233795,1.9996536412559436
2025-07-28,0.020401546814631633,0.05588773770053007,0.11886109145811274,0.06792947510131138,0.6630854808387634,0.8421052631578947,0.9210526315789473,-0.09451829355090054,0.45,1.375368170932089,1.96,-0.06999999999999984,-0.00805490101535193,2.042909963441422,-2.6607000000000003,-0.5168788728296237,2.009814032241929
2025-07-29,0.01820641271928506,0.060823114781772575,0.12109220604664096,0.06732850113677066,0.6851587768882604,0.7105263157894737,0.8421052631578947,-0.09451829355090054,0.45,1.375368170932089,1.96,-0.06999999999999984,-0.00805490101535193,2.042909963441422,-2.6607000000000003,-0.5147698532331936,1.9852246428906568
2025-07-30,0.011137594317840714,0.060662161595230156,0.1038837257697901,0.06752093770995737,0.7181839972556586,0.6052631578947368,0.8421052631578947,-0.09451829355090054,0.45,1.375368170932089,1.96,-0.06999999999999984,-0.00805490101535193,2.042909963441422,-2.6607000000000003,-0.5126649221548072,1.9612878501177653
2025-07-31,-0.009077111059513667,0.045159499302754855,0.08990663595432437,0.08339291081555925,0.9261043818313451,0.34210526315789475,0.8947368421052632,-0.09451829355090054,0.45,1.375368170932089,1.96,-0.06999999999999984,-0.00805490101535193,2.042909963441422,-2.6607000000000003,-0.5105640471795289,1.9379729758316542
2025-08-01,-0.013291255111670725,0.040513648531063214,0.07915031065709402,0.08759706804694867,0.9779831397991912,0.2631578947368421,0.8157894736842105,-0.09451829355090054,0.45,1.375368170932089,1.96,-0.06999999999999984,-0.00805490101535193,2.042909963441422,-2.6607000000000003,-0.5084671961229155,1.9152513217006448
2025-08-04,-0.011124066034261979,0.04868343983873985,0.08782059386868513,0.0849121201750043,0.9538839291349371,0.23684210526315788,0.9473684210526315,0.3111814162434798,0.95,1.374768566965073,1.9,-0.06000000000000005,0.010388150869213178,2.044082247328151,-2.4777000000000005,1.4978337381741624,1.7796894984888196
2025-08-05,-0.008488647795312464,0.04667159420321017,0.08545368588925477,0.08299814214034683,0.9386270889398357,0.3157894736842105,0.9473684210526315,0.3111814162434798,0.95,1.374768566965073,1.9,-0.06000000000000005,0.010388150869213178,2.044082247328151,-2.4777000000000005,1.4960350839084267,1.7605082993688408
2025-08-06,-0.0014267077094452813,0.052810649343319034,0.0906947794980469,0.08139738677176547,0.9202113930857645,0.39473684210526316,0.9473684210526315,0.3111814162434798,0.95,1.374768566965073,1.9,-0.06000000000000005,0.010388150869213178,2.044082247328151,-2.4777000000000005,1.4942408630148398,1.7417416749679693
2025-08-07,0.010553026213339043,0.048613852742933464,0.08101508519731708,0.08097780444088531,0.9161460924914987,0.8157894736842105,0.9210526315789473,0.3111814162434798,0.95,1.374768566965073,1.9,-0.06000000000000005,0.010388150869213178,2.044082247328151,-2.4777000000000005,1.4924510556268507,1.7233731986104515
2025-08-08,0.014030151273556037,0.04076398599828354,0.09041436156787655,0.08205918443932902,0.931099990544446,0.8421052631578947,0.8947368421052632,0.3111814162434798,0.95,1.374768566965073,1.9,-0.06000000000000005,0.010388150869213178,2.044082247328151,-2.4777000000000005,1.4906656420027535,1.705387333133781
2025-08-11,0.01763875581541015,0.04932022428621526,0.09980578157431527,0.08377805375498099,0.9529204372808923,0.7894736842105263,0.8421052631578947,-0.29655349583920054,0.05,1.375428717969908,1.88,-0.020000000000000018,-0.004295360412339558,2.044606923644511,-2.5684999999999993,-1.4980881693695975,1.809566293873586
2025-08-12,0.014820237499478108,0.05048207765541002,0.10514101922795777,0.08405450967580329,0.9579323686223723,0.7894736842105263,0.868421052631579,-0.29655349583920054,0.05,1.375428717969908,1.88,-0.020000000000000018,-0.004295360412339558,2.044606923644511,-2.5684999999999993,-1.4858479265748936,1.7897511500467727
2025-08-13,0.025067548761467606,0.0655639189167461,0.11368332364684544,0.09254049718083872,1.0551817975464854,0.8421052631578947,0.9473684210526315,-0.29655349583920054,0.05,1.375428717969908,1.88,-0.020000000000000018,-0.004295360412339558,2.044606923644511,-2.5684999999999993,-1.4737901859962683,1.7703764069511079
2025-08-14,0.018610595552859523,0.05168747863410001,0.10433555792716422,0.09528573621978469,1.0865138004531252,0.8157894736842105,0.9210526315789473,-0.29655349583920054,0.05,1.375428717969908,1.88,-0.020000000000000018,-0.004295360412339558,2.044606923644511,-2.5684999999999993,-1.4619097881167726,1.7514242190931657
2025-08-15,0.03085002253784063,0.05579227638225644,0.11927320441125996,0.09808033859006353,1.1182557070557935,0.8157894736842105,0.8947368421052632,-0.29655349583920054,0.05,1.375428717969908,1.88,-0.020000000000000018,-0.004295360412339558,2.044606923644511,-2.5684999999999993,-1.4502017730779753,1.7328777303144927
2025-08-18,0.03163384088875391,0.05855007748453391,0.13368682538098922,0.09968297118068033,1.1368038629979427,0.8421052631578947,0.8421052631578947,-0.003968259175620622,0.7,1.375539042285677,1.95,0.07000000000000006,-0.004286295587617349,2.047140556026767,-2.5903,-0.03128721695072664,1.734539998001071
2025-08-19,0.02454120655843248,0.049079208981883386,0.1326353251567766,0.1002690640050683,1.143643508847339,0.8157894736842105,0.7894736842105263,-0.003968259175620622,0.7,1.375539042285677,1.95,0.07000000000000006,-0.004286295587617349,2.047140556026767,-2.5903,-0.024510648711987777,1.7163914351860017
2025-08-20,0.015766467330476756,0.05054490270034,0.1404832585636218,0.10069270318843856,1.1483251446690375,0.5526315789473685,0.7631578947368421,-0.003968259175620622,0.7,1.375539042285677,1.95,0.07000000000000006,-0.004286295587617349,2.047140556026767,-2.5903,-0.017654892856329405,1.6986176598744938
2025-08-21,0.019667849430300328,0.03975436013698543,0.14049227668838848,0.09834660033674472,1.1217865887006335,0.631578947368421,0.7368421052631579,-0.003968259175620622,0.7,1.375539042285677,1.95,0.07000000000000006,-0.004286295587617349,2.047140556026767,-2.5903,-0.010716770164392141,1.6812043958669014
2025-08-22,0.02549815971576625,0.05708707841549239,0.14558848810428227,0.10823964384353892,1.2334250980032115,0.7105263157894737,0.7894736842105263,-0.003968259175620622,0.7,1.375539042285677,1.95,0.07000000000000006,-0.004286295587617349,2.047140556026767,-2.5903,-0.003692937066802689,1.6641381100385022
2025-08-25,0.03783274915546224,0.07598127982536453,0.17310322712679865,0.12566185092754506,1.426894450786125,0.8421052631578947,0.9210526315789473,-0.059382848404662666,0.6,1.37537832268509,1.85,-0.09999999999999987,-0.0012506962014552853,2.043730486563467,-2.4732,-0.272580450603505,1.6191550943510107
2025-08-26,0.03467584969359574,0.06554864595619407,0.16376403462765277,0.12998112185382485,1.4696210724160703,0.8421052631578947,0.9473684210526315,-0.059382848404662666,0.6,1.37537832268509,1.85,-0.09999999999999987,-0.0012506962014552853,2.043730486563467,-2.4732,-0.2743482263724123,1.6032105939862489
2025-08-27,0.01971810384548019,0.059125412227979485,0.14716031087602507,0.13603380006992044,1.5272708300804105,0.7105263157894737,0.8421052631578947,-0.059382848404662666,0.6,1.37537832268509,1.85,-0.09999999999999987,-0.0012506962014552853,2.043730486563467,-2.4732,-0.27611945306148583,1.5875592514339878
2025-08-28,0.034817086342861195,0.0836485575393603,0.1569257074066913,0.1305724126719469,1.4573012657502162,0.7894736842105263,0.8421052631578947,-0.059382848404662666,0.6,1.37537832268509,1.85,-0.09999999999999987,-0.0012506962014552853,2.043730486563467,-2.4732,-0.2778941562769331,1.5721908578381674
2025-08-29,0.02486174690613737,0.0952400804333005,0.1617154968135653,0.12492733344461847,1.3872848255698886,0.7894736842105263,0.9210526315789473,-0.059382848404662666,0.6,1.37537832268509,1.85,-0.09999999999999987,-0.0012506962014552853,2.043730486563467,-2.4732,-0.27967236182562366,1.5570956867183354
2025-09-01,0.014648883660548137,0.10175422952017464,0.16645115882514938,0.12665116288746314,1.3988856307550905,0.5526315789473685,0.8947368421052632,0.0771173033444312,0.85,1.375838041820648,1.82,-0.030000000000000027,0.0012609162179707959,2.045446956265405,-2.4378,0.400882440501614,1.6213955342183988
2025-09-02,0.011128518945638686,0.08516581269714522,0.16186119473209087,0.1359789076106766,1.4903853150856619,0.5263157894736842,0.8421052631578947,0.0771173033444312,0.85,1.375838041820648,1.82,-0.030000000000000027,0.0012609162179707959,2.045446956265405,-2.4378,0.39486229233440817,1.6054962001069661
2025-09-03,0.012784889701226123,0.07333700963865088,0.14829811702179557,0.1426637492248964,1.5502980381952922,0.5263157894736842,0.868421052631579,0.0771173033444312,0.85,1.375838041820648,1.82,-0.030000000000000027,0.0012609162179707959,2.045446956265405,-2.4378,0.3888181338504473,1.5898891154406471
2025-09-04,-0.018628056084105456,0.054467475241915794,0.13075060947158457,0.16170816039185132,1.7341010249969924,0.34210526315789475,0.8157894736842105,0.0771173033444312,0.85,1.375838041820648,1.82,-0.030000000000000027,0.0012609162179707959,2.045446956265405,-2.4378,0.38274852069050797,1.5745641341833287
2025-09-05,-0.002382282262225543,0.07882764689751891,0.16036129514304046,0.17386000686251252,1.8340956214246629,0.5,0.868421052631579,0.0771173033444312,0.85,1.375838041820648,1.82,-0.030000000000000027,0.0012609162179707959,2.045446956265405,-2.4378,0.3766519534610235,1.5595115889984534
2025-09-08,-0.008449531247192882,0.0756659424575716,0.15950288439322488,0.17329397457156584,1.7995184332405478,0.6052631578947368,0.8157894736842105,-0.01178795575204224,0.6,1.376210073851535,1.73,-0.09000000000000008,-0.0011452915967557487,2.050974208588023,-2.2771999999999997,-0.0851108807156211,1.6072889160427224
2025-09-09,-0.003541490695007139,0.06680408450265997,0.1569964243308025,0.17559238388770962,1.7946919147732459,0.5526315789473685,0.8157894736842105,-0.01178795575204224,0.6,1.376210073851535,1.73,-0.09000000000000008,-0.0011452915967557487,2.050974208588023,-2.2771999999999997,-0.08347464019452,1.5915650033519169
2025-09-10,0.008822110140105161,0.057091571017288435,0.16044097778844263,0.17095761678534516,1.7210064620588783,0.631578947368421,0.7894736842105263,-0.01178795575204224,0.6,1.376210073851535,1.73,-0.09000000000000008,-0.0011452915967557487,2.050974208588023,-2.2771999999999997,-0.08183795373141241,1.5761265716265398
2025-09-11,0.04445846033340351,0.08031534002245978,0.1876330765852555,0.1758758067629693,1.7445850874011568,0.9473684210526315,0.7894736842105263,-0.01178795575204224,0.6,1.376210073851535,1.73,-0.09000000000000008,-0.0011452915967557487,2.050974208588023,-2.2771999999999997,-0.08020080748782173,1.5609637758705899
2025-09-12,0.02272597900936908,0.07070360336904735,0.18990902601059786,0.1750614428016279,1.7111926230585661,0.868421052631579,0.7368421052631579,-0.01178795575204224,0.6,1.376210073851535,1.73,-0.09000000000000008,-0.0011452915967557487,2.050974208588023,-2.2771999999999997,-0.07856318759643104,1.5460672314008244
2025-09-15,0.020084457380185362,0.06411655894900306,0.1877565307382264,0.17410767602903005,1.6772077782086878,0.7631578947368421,0.8157894736842105,-0.02805795279515738,0.55,1.37687695883937,1.7,-0.030000000000000027,-0.0012070427641638747,2.055743082890208,-2.1949999999999994,-0.16040809072067458,1.6411601152307482
2025-09-16,0.02772355999167896,0.06998643793590645,0.1802789547829871,0.1727930811118427,1.642989749477865,0.8421052631578947,0.8157894736842105,-0.02805795279515738,0.55,1.37687695883937,1.7,-0.030000000000000027,-0.0012070427641638747,2.055743082890208,-2.1949999999999994,-0.16099544292536833,1.6249898123785678
2025-09-17,0.02830409601615227,0.06962919970296395,0.17335204788496159,0.1727452483029671,1.6232450803081133,0.868421052631579,0.8421052631578947,-0.02805795279515738,0.55,1.37687695883937,1.7,-0.030000000000000027,-0.0012070427641638747,2.055743082890208,-2.1949999999999994,-0.16158300492766461,1.609122841254346
2025-09-18,0.002439182577798852,0.06308667316995831,0.16741887201038172,0.17676507854883933,1.6407921292048753,0.5789473684210527,0.8157894736842105,-0.02805795279515738,0.55,1.37687695883937,1.7,-0.030000000000000027,-0.0012070427641638747,2.055743082890208,-2.1949999999999994,-0.16217077743088834,1.5935485700834244
2025-09-19,0.0026272797797721246,0.047832723433053226,0.16561569019844183,0.1707895901182266,1.5663873489928306,0.5,0.8157894736842105,-0.02805795279515738,0.55,1.37687695883937,1.7,-0.030000000000000027,-0.0012070427641638747,2.055743082890208,-2.1949999999999994,-0.16275876113955043,1.578256876683353
2025-09-22,0.007259554436819843,0.03354336423036067,0.16541238175625525,0.1572406143991723,1.4273366261758273,0.5789473684210527,0.6842105263157895,0.04568818417142793,0.75,1.376424704994345,1.75,0.050000000000000044,0.00034926053910707604,2.061920041345705,-2.2852999999999994,0.21530830428562683,1.4901070121173803
2025-09-23,0.0014041713697005905,0.0367147596120113,0.16308652034997798,0.15567086046067075,1.3990996856902047,0.5,0.6842105263157895,0.04568818417142793,0.75,1.376424704994345,1.75,0.050000000000000044,0.00034926053910707604,2.061920041345705,-2.2852999999999994,0.22441619431074045,1.4765694626215533
2025-09-24,0.007454217647174932,0.05736531350465869,0.17715288732786832,0.15288128352862226,1.3609943464563943,0.47368421052631576,0.7631578947368421,0.04568818417142793,0.75,1.376424704994345,1.75,0.050000000000000044,0.00034926053910707604,2.061920041345705,-2.2852999999999994,0.23370671789132771,1.4632477487908278
2025-09-25,0.01835109543920946,0.04662068226630657,0.17542873910842174,0.14754902738579612,1.302262458452063,0.7105263157894737,0.7368421052631579,0.04568818417142793,0.75,1.376424704994345,1.75,0.050000000000000044,0.00034926053910707604,2.061920041345705,-2.2852999999999994,0.24318891920809543,1.4501352032931305
2025-09-26,0.008923378884280537,0.031894355411196396,0.1676480843755601,0.15243076046629359,1.3330639604948966,0.6052631578947368,0.7105263157894737,0.04568818417142793,0.75,1.376424704994345,1.75,0.050000000000000044,0.00034926053910707604,2.061920041345705,-2.2852999999999994,0.2528724762606668,1.4372254384701981
2025-09-29,0.01619298986949482,0.03508747043930735,0.18552513979822186,0.15535164854804062,1.3457664010757635,0.7368421052631579,0.6578947368421053,-0.010409983402783523,0.55,1.375959864117631,1.82,0.07000000000000006,0.005521741726842478,2.067470150281101,-2.3115,-0.038106254027230176,1.3501219185255864
2025-09-30,0.024717679016695606,0.05030391968306822,0.18214132658342364,0.15044808538847526,1.2924642986759232,0.7368421052631579,0.7105263157894737,-0.010409983402783523,0.55,1.375959864117631,1.82,0.07000000000000006,0.005521741726842478,2.067470150281101,-2.3115,-0.04454973391432789,1.338833436066661
2025-10-09,0.028109617878200974,0.07269004168163354,0.19883770066360348,0.1509013307539465,1.285507869645292,0.7894736842105263,0.8157894736842105,0.08521119648548196,0.85,1.375956780195955,1.8,-0.020000000000000018,-0.004794933529209151,2.070484633222777,-2.2780000000000005,0.46702271586895183,1.3272057309734373
2025-10-10,0.008658109297983697,0.07390684764839574,0.176988175633245,0.1486518130762987,1.2564053562964799,0.5263157894736842,0.8157894736842105,0.08521119648548196,0.85,1.375956780195955,1.8,-0.020000000000000018,-0.004794933529209151,2.070484633222777,-2.2780000000000005,0.46095772171965305,1.316226259423176
2025-10-13,0.014056066301111551,0.04833270397453351,0.16792433687033595,0.13431548139950078,1.1277573512989962,0.5789473684210527,0.7894736842105263,0.26305702514639173,0.95,1.375879844677903,1.75,-0.050000000000000044,0.011187365211219508,2.075292889753225,-2.2032999999999996,1.421174892430156,1.2930214550254688
2025-10-14,-0.013913534998643281,0.02962346668785696,0.15460963343164383,0.14613482472919423,1.2168916490268085,0.3684210526315789,0.7105263157894737,0.26305702514639173,0.95,1.375879844677903,1.75,-0.050000000000000044,0.011187365211219508,2.075292889753225,-2.2032999999999996,1.4093788850615618,1.282374817015726
2025-10-15,-0.005325999906688028,0.04851941047138734,0.16580557262945736,0.1515466027359716,1.2505752831640937,0.4473684210526316,0.7631578947368421,0.26305702514639173,0.95,1.375879844677903,1.75,-0.050000000000000044,0.011187365211219508,2.075292889753225,-2.2032999999999996,1.3977504304107495,1.2718625861235415
2025-10-16,-0.017468230946427472,0.046399700595100915,0.16905519052913545,0.15135306821325042,1.2379407077902982,0.2894736842105263,0.7105263157894737,0.26305702514639173,0.95,1.375879844677903,1.75,-0.050000000000000044,0.011187365211219508,2.075292889753225,-2.2032999999999996,1.3862848687556988,1.2614812946639975
2025-10-17,-0.018433634955535273,0.01101475235945695,0.14301757101601675,0.15536752117174094,1.2576023184906857,0.21052631578947367,0.39473684210526316,0.26305702514639173,0.95,1.375879844677903,1.75,-0.050000000000000044,0.011187365211219508,2.075292889753225,-2.2032999999999996,1.374977715724064,1.2512275971176212
2025-10-20,-0.006210868896083301,0.01939585606908113,0.14589173582038492,0.1578664300787666,1.2640123751186765,0.39473684210526316,0.47368421052631576,-0.04147625590176316,0.35,1.377222840666542,1.75,0.0,-0.0027024318559697564,2.080943088303718,-2.1885999999999997,-0.2558470178473908,1.4550923872377333
2025-10-21,0.022334738207979054,0.031873747515650655,0.15454038394918765,0.16498164033853607,1.3057129782857884,0.6842105263157895,0.6842105263157895,-0.04147625590176316,0.35,1.377222840666542,1.75,0.0,-0.0027024318559697564,2.080943088303718,-2.1885999999999997,-0.2524854205566091,1.4440232029293234
2025-10-22,0.0016176682135528014,0.022413518693261185,0.14147916561105106,0.1670439103425949,1.305909217529179,0.3684210526315789,0.5526315789473685,-0.04147625590176316,0.35,1.377222840666542,1.75,0.0,-0.0027024318559697564,2.080943088303718,-2.1885999999999997,-0.24912250467298355,1.4331453814846808
2025-10-23,0.00025687789223749003,0.018352482471186135,0.1385265848744901,0.1663957456585935,1.2839800608495755,0.5,0.5526315789473685,-0.04147625590176316,0.35,1.377222840666542,1.75,0.0,-0.0027024318559697564,2.080943088303718,-2.1885999999999997,-0.24575814261232215,1.4224551058382158
2025-10-24,0.02727226762210589,0.03584783740376399,0.13868887071070773,0.16547808756708804,1.2609397840359502,0.8421052631578947,0.6842105263157895,-0.04147625590176316,0.35,1.377222840666542,1.75,0.0,-0.0027024318559697564,2.080943088303718,-2.1885999999999997,-0.24239220609826,1.4119487823921564
2025-10-27,0.032693895265457934,0.049462471554766935,0.15438227340331256,0.17079758384637386,1.2849152656819633,0.8157894736842105,0.7368421052631579,-0.23854059428803773,0.1,1.378594747049425,1.73,-0.020000000000000018,0.003909931850990668,2.085055888949389,-2.1708999999999996,-1.2913804690172455,1.6254891495483341
2025-10-28,0.011708433874462878,0.03632262695329369,0.1458472710090189,0.17292641728318475,1.284026439353369,0.7368421052631579,0.7368421052631579,-0.23854059428803773,0.1,1.378594747049425,1.73,-0.020000000000000018,0.003909931850990668,2.085055888949389,-2.1708999999999996,-1.2810129177190532,1.6183040217292557
2025-10-29,0.03111827470639284,0.05212762202995344,0.15439102759815881,0.17675650192129458,1.29492965514457,0.8157894736842105,0.8157894736842105,-0.23854059428803773,0.1,1.378594747049425,1.73,-0.020000000000000018,0.003909931850990668,2.085055888949389,-2.1708999999999996,-1.2707727709732668,1.6114816559427307
2025-10-30,0.018321513355837968,0.02921977817984918,0.14571050391248735,0.18080398490808494,1.3065101529409182,0.631578947368421,0.6052631578947368,-0.23854059428803773,0.1,1.378594747049425,1.73,-0.020000000000000018,0.003909931850990668,2.085055888949389,-2.1708999999999996,-1.2606567714402686,1.605029583411604
2025-10-31,0.0038912977454064303,0.021388039709960973,0.15165727951562785,0.18213943136270663,1.3006916872537084,0.47368421052631576,0.5526315789473685,-0.23854059428803773,0.1,1.378594747049425,1.73,-0.020000000000000018,0.003909931850990668,2.085055888949389,-2.1708999999999996,-1.2506617716173476,1.5989565403863952
2025-11-03,-0.008238924044344668,0.03230016862614173,0.15943460447063862,0.17809344879826428,1.2582461779035918,0.2894736842105263,0.7105263157894737,0.06331602709779005,0.75,1.378267528696349,1.81,0.08000000000000007,0.00794376825754566,2.091309318442671,-2.3067,0.3441087310299049,1.5318237802471764
2025-11-04,-0.014681884749618596,0.0054477523341802826,0.1422894522936623,0.17906090094733748,1.2512101981288701,0.21052631578947367,0.42105263157894735,0.06331602709779005,0.75,1.378267528696349,1.81,0.08000000000000007,0.00794376825754566,2.091309318442671,-2.3067,0.34033775108336833,1.5191005679762162
2025-11-05,-0.029233112766432128,-0.001823169753174284,0.13364656262703917,0.17781684444975362,1.228946406907085,0.21052631578947367,0.39473684210526316,0.06331602709779005,0.75,1.378267528696349,1.81,0.08000000000000007,0.00794376825754566,2.091309318442671,-2.3067,0.33656744357268686,1.5066001589770743
2025-11-06,-0.0047599250193357395,-0.0036497647176875238,0.1423772866025969,0.1759374524835618,1.2028583251362759,0.34210526315789475,0.39473684210526316,0.06331602709779005,0.75,1.378267528696349,1.81,0.08000000000000007,0.00794376825754566,2.091309318442671,-2.3067,0.33279763460748,1.4943167138017057
2025-11-07,-0.0046084031538223,0.008121527258154978,0.13649585014846652,0.16604948583790333,1.124356575899787,0.3684210526315789,0.5263157894736842,0.06331602709779005,0.75,1.378267528696349,1.81,0.08000000000000007,0.00794376825754566,2.091309318442671,-2.3067,0.3290281496853616,1.4822446753724619
2025-11-10,0.0024462454064665276,0.020690347731496715,0.14785069860354913,0.16785970793079882,1.125713808329073,0.6578947368421053,0.7105263157894737,0.08987424753930674,0.9,1.379434851472565,1.83,0.020000000000000018,-0.0018376297646318903,2.090747809694442,-2.2861000000000002,0.4709402018619178,1.660343981999498
2025-11-11,0.010267644944076271,0.02962893227689984,0.13491834142232842,0.15999592498072918,1.0639136478870774,0.7894736842105263,0.7368421052631579,0.08987424753930674,0.9,1.379434851472565,1.83,0.020000000000000018,-0.0018376297646318903,2.090747809694442,-2.2861000000000002,0.47174320790454727,1.646026387975271
2025-11-12,0.012380803024745465,0.01588363317825921,0.13120712815230653,0.15228395425288502,1.0050321713307386,0.6578947368421053,0.5526315789473685,0.08987424753930674,0.9,1.379434851472565,1.83,0.020000000000000018,-0.0018376297646318903,2.090747809694442,-2.2861000000000002,0.47254703200316617,1.631994488362167
2025-11-13,0.010157481714905,0.023975947943644948,0.12746721955603432,0.15604714980037407,1.0227240480028328,0.631578947368421,0.7105263157894737,0.08987424753930674,0.9,1.379434851472565,1.83,0.020000000000000018,-0.0018376297646318903,2.090747809694442,-2.2861000000000002,0.47335167657589083,1.6182401454029616
2025-11-14,-0.0008073134565208719,0.025747848757169383,0.11707794113908612,0.15332368221847226,0.998544204560856,0.4473684210526316,0.7105263157894737,0.08987424753930674,0.9,1.379434851472565,1.83,0.020000000000000018,-0.0018376297646318903,2.090747809694442,-2.2861000000000002,0.4741571440494834,1.6047556509617387
2025-11-17,-0.015688654142824485,0.011212562484755533,0.10131202192288402,0.1529712633345562,0.9903484329792672,0.15789473684210525,0.6842105263157895,0.03855527651156408,0.6,1.379429243824422,1.86,0.030000000000000027,-0.002647460056587472,2.094220271570448,-2.3219999999999996,0.20178724023024333,1.592543312749098
2025-11-18,-0.021084544252767762,-0.01379035018384698,0.08219995628080676,0.14851918166699543,0.9564851012064232,0.10526315789473684,0.2894736842105263,0.03855527651156408,0.6,1.379429243824422,1.86,0.030000000000000027,-0.002647460056587472,2.094220271570448,-2.3219999999999996,0.20256924767982754,1.5815140535027226
2025-11-19,-0.021342878216161286,-0.0070769132514548715,0.08532304337771278,0.1471803225008004,0.9431138347786959,0.15789473684210525,0.39473684210526316,0.03855527651156408,0.6,1.379429243824422,1.86,0.030000000000000027,-0.002647460056587472,2.094220271570448,-2.3219999999999996,0.2033517181104348,1.5707433109671913
2025-11-20,-0.032858641008841956,-0.009139570957434494,0.07884211121671561,0.1471117213467137,0.9380240318468526,0.07894736842105263,0.2631578947368421,0.03855527651156408,0.6,1.379429243824422,1.86,0.030000000000000027,-0.002647460056587472,2.094220271570448,-2.3219999999999996,0.2041346533029638,1.5602279440515205
2025-11-21,-0.04177015871476299,-0.0432945775796995,0.05563993299402282,0.16543274439901928,1.0473767319387715,0.02631578947368421,0.15789473684210525,0.03855527651156408,0.6,1.379429243824422,1.86,0.030000000000000027,-0.002647460056587472,2.094220271570448,-2.3219999999999996,0.20491805504305252,1.5499652112917428
2025-11-24,-0.030319206376816586,-0.05180053915751897,0.04549465583030121,0.15702366364693163,0.9890464713961763,0.10526315789473684,0.13157894736842105,0.16682130998799968,0.9,1.379569917064169,1.82,-0.040000000000000036,0.008706555090222176,2.094644480950897,-2.2411999999999996,0.8827470598344608,1.5621821130750788
2025-11-25,-0.009665033089031272,-0.035163817147341125,0.034702174036313246,0.16250377402854113,1.0196206012869962,0.3157894736842105,0.23684210526315788,0.16682130998799968,0.9,1.379569917064169,1.82,-0.040000000000000036,0.008706555090222176,2.094644480950897,-2.2411999999999996,0.8772013306067824,1.5513383531483396
2025-11-26,-0.003108598581623893,-0.0413037865394716,0.047538595102493156,0.15629649102249224,0.9779820471590336,0.4473684210526316,0.18421052631578946,0.16682130998799968,0.9,1.379569917064169,1.82,-0.040000000000000036,0.008706555090222176,2.094644480950897,-2.2411999999999996,0.8717434649793249,1.5407387866687456
2025-11-27,-0.0024324019560794893,-0.029893486269351944,0.05669160541515593,0.15205926260002803,0.9498812752350306,0.42105263157894735,0.21052631578947367,0.16682130998799968,0.9,1.379569917064169,1.82,-0.040000000000000036,0.008706555090222176,2.094644480950897,-2.2411999999999996,0.8663759116799626,1.530380407982651
2025-11-28,0.02773061686121032,-0.019455258463895606,0.04855346351237195,0.15339096529013746,0.9559291238063505,0.8947368421052632,0.18421052631578946,0.16682130998799968,0.9,1.379569917064169,1.82,-0.040000000000000036,0.008706555090222176,2.094644480950897,-2.2411999999999996,0.8611014193092003,1.5202605754504823
2025-12-01,0.02951364445242319,-0.01404797066075111,0.050146553376587036,0.15585122692814532,0.9681517647974286,0.9210526315789473,0.21052631578947367,-0.35978935517644184,0.05,1.379305179741412,1.79,-0.030000000000000027,-0.007150624831415343,2.094453202419663,-2.1691999999999996,-2.0228532009139424,1.4650340021596104
2025-12-02,0.013646516008866794,-0.006835416388855732,0.033699806384631915,0.15032783917707324,0.9315567824093411,0.6578947368421053,0.34210526315789475,-0.35978935517644184,0.05,1.379305179741412,1.79,-0.030000000000000027,-0.007150624831415343,2.094453202419663,-2.1691999999999996,-1.9977667629586182,1.4542597888856463
2025-12-03,0.002864557688029871,-0.009206116085009604,0.039274633844884346,0.15075126203309533,0.9327575581764518,0.5,0.2631578947368421,-0.35978935517644184,0.05,1.379305179741412,1.79,-0.030000000000000027,-0.007150624831415343,2.094453202419663,-2.1691999999999996,-1.9733555711623845,1.4436829237865147
2025-12-04,0.006700944981356535,-0.018432616268659673,0.050607660695286355,0.14347354371468207,0.8876533157824795,0.6052631578947368,0.21052631578947367,-0.35978935517644184,0.05,1.379305179741412,1.79,-0.030000000000000027,-0.007150624831415343,2.094453202419663,-2.1691999999999996,-1.9495874128782145,1.4333000227623593
2025-12-05,0.007463673610875324,-0.007383181699197977,0.07464519320735274,0.1448336648871677,0.8976301026294616,0.6578947368421053,0.2631578947368421,-0.35978935517644184,0.05,1.379305179741412,1.79,-0.030000000000000027,-0.007150624831415343,2.094453202419663,-2.1691999999999996,-1.9264321826147046,1.4231079436484761
2025-12-08,0.0063293270967621895,-0.010164888970455447,0.05885816273557479,0.14281598709572943,0.8879726550075335,0.5263157894736842,0.2631578947368421,-0.05921124801123806,0.3,1.379176934754572,1.88,0.08999999999999986,-0.004597278259877531,2.100191994983827,-2.2622999999999998,-0.32724520664340895,1.3909499540857284
2025-12-09,0.004744270244284508,-0.012358791088647491,0.046893607876109314,0.1439686212377319,0.8978677929687726,0.5789473684210527,0.23684210526315788,-0.05921124801123806,0.3,1.379176934754572,1.88,0.08999999999999986,-0.004597278259877531,2.100191994983827,-2.2622999999999998,-0.32720238449152067,1.3805233964439443
2025-12-10,0.013143847037865695,-0.008443072071889369,0.055959971577757193,0.14517139948074448,0.9082408707107794,0.5789473684210527,0.2894736842105263,-0.05921124801123806,0.3,1.379176934754572,1.88,0.08999999999999986,-0.004597278259877531,2.100191994983827,-2.2622999999999998,-0.3271595639566976,1.3702648945300395
2025-12-11,0.002193411535339065,-0.026396686448225605,0.043978962090520275,0.14127732480379615,0.8866221815522405,0.5263157894736842,0.13157894736842105,-0.05921124801123806,0.3,1.379176934754572,1.88,0.08999999999999986,-0.004597278259877531,2.100191994983827,-2.2622999999999998,-0.3271167450386449,1.3601712917269857
2025-12-12,0.0028257859966813823,-0.0037500822459957195,0.03301251887063062,0.13313349557318707,0.8392655687237079,0.5,0.42105263157894735,-0.05921124801123806,0.3,1.379176934754572,1.88,0.08999999999999986,-0.004597278259877531,2.100191994983827,-2.2622999999999998,-0.3270739277370678,1.3502396139270998
2025-12-15,-0.009406535619227493,-0.003882770446858453,0.026725648106978223,0.13321198143449994,0.8434690228872472,0.15789473684210525,0.3157894736842105,0.021188593657232732,0.55,1.378668722884702,1.93,0.050000000000000044,-0.005895119111992172,2.105750246322404,-2.3445000000000005,0.09773532513487145,1.2549356325638072
2025-12-16,-0.014719606611164617,-0.005993853447044342,0.012089543884759347,0.13557678207873378,0.8619472304878737,0.21052631578947367,0.2894736842105263,0.021188593657232732,0.55,1.378668722884702,1.93,0.050000000000000044,-0.005895119111992172,2.105750246322404,-2.3445000000000005,0.09482191943214445,1.2456042584630256
2025-12-17,-0.002730196287466069,0.010169609856805852,0.025506215298612175,0.1485387706823369,0.9467880232432441,0.2894736842105263,0.47368421052631576,0.021188593657232732,0.55,1.378668722884702,1.93,0.050000000000000044,-0.005895119111992172,2.105750246322404,-2.3445000000000005,0.09190447887923037,1.236397429355581
2025-12-18,0.0026612780980828873,0.009123232658699243,0.018336144172450896,0.148732354001936,0.9504464909592362,0.5,0.39473684210526316,0.021188593657232732,0.55,1.378668722884702,1.93,0.050000000000000044,-0.005895119111992172,2.105750246322404,-2.3445000000000005,0.08898290998632952,1.2273129053587133
2025-12-19,0.0033797172621123353,0.04139979373087961,0.033953053554944115,0.1170564748753822,0.7528150279789197,0.47368421052631576,0.7368421052631579,0.021188593657232732,0.55,1.378668722884702,1.93,0.050000000000000044,-0.005895119111992172,2.105750246322404,-2.3445000000000005,0.08605711843804209,1.2183485599910227
2025-12-22,0.021641003081279427,0.04807743901123756,0.04573937140848554,0.12186741607266553,0.7878867437347203,0.868421052631579,0.631578947368421,-0.054173114212610174,0.3,1.378176298869498,1.92,-0.010000000000000009,0.0031585857179005613,2.113136360988375,-2.3228,-0.3166284516086915,1.1260423601814538
2025-12-23,0.03655382206253583,0.04022500170452276,0.04138381151047534,0.11841875800043067,0.7688067938389626,0.9473684210526315,0.6578947368421053,-0.054173114212610174,0.3,1.378176298869498,1.92,-0.010000000000000009,0.0031585857179005613,2.113136360988375,-2.3228,-0.3166789032024109,1.1175352509196244
2025-12-24,0.026966440096960347,0.04024464853539009,0.05106848402587194,0.11843012611990475,0.7719914280183251,0.8947368421052632,0.5789473684210527,-0.054173114212610174,0.3,1.378176298869498,1.92,-0.010000000000000009,0.0031585857179005613,2.113136360988375,-2.3228,-0.3167293570262712,1.10911810825455
2025-12-25,0.028621843612070805,0.04017747822684954,0.03950377013734677,0.11844844725227352,0.7750100617037005,0.9473684210526315,0.6052631578947368,-0.054173114212610174,0.3,1.378176298869498,1.92,-0.010000000000000009,0.0031585857179005613,2.113136360988375,-2.3228,-0.316779813080756,1.1007892039906295
2025-12-26,0.02157315369388848,0.03524233056355777,0.03717511180962315,0.11783823140428576,0.7735236031348242,0.8157894736842105,0.5526315789473685,-0.054173114212610174,0.3,1.378176298869498,1.92,-0.010000000000000009,0.0031585857179005613,2.113136360988375,-2.3228,-0.3168302713663484,1.0925468759086692
2025-12-29,0.004494120373188295,0.023057914932002665,0.0413101128973933,0.11835740563949598,0.7798386821013221,0.6052631578947368,0.5263157894736842,-0.09196233603464071,0.15,1.378599920103423,1.91,-0.010000000000000009,-0.006896207493211246,2.121160515207054,-2.3023,-0.5150159754080634,1.157446337453666
2025-12-30,0.001294513556119969,0.027872999251775936,0.026485335197100498,0.11583729838681243,0.7665603680255293,0.5526315789473685,0.5,-0.09196233603464071,0.15,1.378599920103423,1.91,-0.010000000000000009,-0.006896207493211246,2.121160515207054,-2.3023,-0.5112985704617079,1.149970309584515
2025-12-31,-0.010830363617508353,0.02654972722985187,0.015520441391667993,0.11668806893324504,0.7750763773530158,0.2631578947368421,0.5263157894736842,-0.09196233603464071,0.15,1.378599920103423,1.91,-0.010000000000000009,-0.006896207493211246,2.121160515207054,-2.3023,-0.5075893948945442,1.1426110853044145
2026-01-05,0.012085171850775069,0.04556170509626807,0.02347932410992088,0.13870203285801375,0.922545500137454,0.7894736842105263,0.7105263157894737,0.06476827415409014,0.75,1.379014129681886,1.94,0.030000000000000027,0.00432890313578258,2.125049160729948,-2.3133999999999997,0.3296268595430766,1.2066017193461482
2026-01-06,0.027323383721204735,0.05510204067388717,0.055840386232844194,0.14622568897946323,0.9728490582639377,0.868421052631579,0.7368421052631579,0.06476827415409014,0.75,1.379014129681886,1.94,0.030000000000000027,0.00432890313578258,2.125049160729948,-2.3133999999999997,0.32994824020328656,1.199082848079325
2026-01-07,0.03184876361103943,0.048577351446279914,0.059102810207321194,0.14611815716677126,0.9708630417090051,0.8947368421052632,0.7631578947368421,0.06476827415409014,0.75,1.379014129681886,1.94,0.030000000000000027,0.00432890313578258,2.125049160729948,-2.3133999999999997,0.336061374039752,1.1932332605184142
2026-01-08,0.02798016632828356,0.05110889533577499,0.06837903652402735,0.14413623538194803,0.957906427354911,0.8947368421052632,0.7631578947368421,0.06476827415409014,0.75,1.379014129681886,1.94,0.030000000000000027,0.00432890313578258,2.125049160729948,-2.3133999999999997,0.34224181468916065,1.1875672518295464
2026-01-09,0.042766239169167164,0.05617211936115334,0.06361268046752319,0.14628003730994582,0.972721225917304,0.9473684210526315,0.8157894736842105,0.06476827415409014,0.75,1.379014129681886,1.94,0.030000000000000027,0.00432890313578258,2.125049160729948,-2.3133999999999997,0.3484914107799146,1.1820896252023592
2026-01-12,0.03563814388179202,0.07900643744272103,0.07658569893814038,0.1473775382609429,0.9804512889036235,0.8947368421052632,0.8947368421052632,-0.0013793105635054872,0.5,1.379953244048684,1.9,-0.040000000000000036,0.0068564340179743085,2.133883614935265,-2.2883999999999998,-0.003340375343210287,1.342942457537305
2026-01-13,0.014285257408303529,0.06656151208550933,0.088559278596683,0.1507132484605791,1.0031602888903233,0.5526315789473685,0.8947368421052632,-0.0013793105635054872,0.5,1.379953244048684,1.9,-0.040000000000000036,0.0068564340179743085,2.133883614935265,-2.2883999999999998,0.00284784241159747,1.3372641227159843
2026-01-14,0.0194309877102836,0.077414874775791,0.0847446668136881,0.14648079767489183,0.9762217630007842,0.5526315789473685,0.8947368421052632,-0.0013793105635054872,0.5,1.379953244048684,1.9,-0.040000000000000036,0.0068564340179743085,2.133883614935265,-2.2883999999999998,-0.0001733983392187579,1.3334364175772784
2026-01-15,0.021430683419053825,0.08725918536599345,0.06747498173510214,0.13550922479258587,0.9060678281749973,0.6842105263157895,0.9210526315789473,-0.0013793105635054872,0.5,1.379953244048684,1.9,-0.040000000000000036,0.0068564340179743085,2.133883614935265,-2.2883999999999998,-0.0032016446835146893,1.329947933095299
2026-01-16,0.008389995307955134,0.06729231095657455,0.07038500756192555,0.12966056218838232,0.8705882426469163,0.5789473684210527,0.868421052631579,-0.0013793105635054872,0.5,1.379953244048684,1.9,-0.040000000000000036,0.0068564340179743085,2.133883614935265,-2.2883999999999998,-0.006237017188112779,1.3268153075827398
2026-01-19,-0.006426276340335763,0.06991888300430238,0.06990254470556714,0.12851873296968827,0.8665947926910993,0.2894736842105263,0.8947368421052632,0.09034145987411087,0.9,1.380081899456169,1.91,0.010000000000000009,0.0023404856585369734,2.144730105358423,-2.3874000000000004,0.49197631422890475,1.347766715637388
2026-01-20,-0.0035379650919061994,0.05964382973149079,0.057749045882670914,0.12937330172660366,0.8759111505321753,0.3157894736842105,0.8157894736842105,0.09034145987411087,0.9,1.380081899456169,1.91,0.010000000000000009,0.0023404856585369734,2.144730105358423,-2.3874000000000004,0.4900214522407271,1.341999217332091
2026-01-21,-0.001396886888534215,0.05437698480597736,0.05065388465969596,0.12576971830846512,0.8558619873058884,0.3157894736842105,0.7894736842105263,0.09034145987411087,0.9,1.380081899456169,1.91,0.010000000000000009,0.0023404856585369734,2.144730105358423,-2.3874000000000004,0.4880700020133856,1.3364861478729901
2026-01-22,0.005854177105291425,0.05655954040874903,0.061620724965930684,0.12590256904717875,0.8613599110887855,0.47368421052631576,0.8157894736842105,0.09034145987411087,0.9,1.380081899456169,1.91,0.010000000000000009,0.0023404856585369734,2.144730105358423,-2.3874000000000004,0.4861219378325134,1.3312349440427635
2026-01-23,0.013585437258847814,0.053911308118462016,0.052852170114380516,0.12503415754095284,0.8604935577983925,0.42105263157894735,0.7894736842105263,0.09034145987411087,0.9,1.380081899456169,1.91,0.010000000000000009,0.0023404856585369734,2.144730105358423,-2.3874000000000004,0.4841772341507226,1.3262539668533464
2026-01-26,0.0122430570577072,0.05354009644993877,0.06382408840743638,0.12516523794724435,0.8669282483344574,0.4473684210526316,0.7368421052631579,0.01439774479758999,0.5,1.380640692601691,1.92,0.010000000000000009,-0.01893446464201708,2.152331265281196,-2.4066,0.06820451320550669,1.4280235456734292
2026-01-27,0.01665688224478145,0.05472755828238376,0.07051463038204593,0.1249645502459146,0.8712888635192373,0.5789473684210527,0.7105263157894737,0.01439774479758999,0.5,1.380640692601691,1.92,0.010000000000000009,-0.01893446464201708,2.152331265281196,-2.4066,0.07221495560093284,1.4183245396482487
2026-01-28,0.019661716241698234,0.0695445806744873,0.07855452494573886,0.1238391565782665,0.8689204988256669,0.6578947368421053,0.7631578947368421,0.01439774479758999,0.5,1.380640692601691,1.92,0.010000000000000009,-0.01893446464201708,2.152331265281196,-2.4066,0.07624425075839797,1.4088166622774485
2026-01-29,0.02589014007639942,0.08115516692902848,0.10219274979194871,0.1251968630856033,0.8840152679258586,0.631578947368421,0.7894736842105263,0.01439774479758999,0.5,1.380640692601691,1.92,0.010000000000000009,-0.01893446464201708,2.152331265281196,-2.4066,0.08029277181280865,1.3994979968011454
2026-01-30,0.006659364816925698,0.07140103655289606,0.08874464769773835,0.13856529430156062,0.9829502813950151,0.5526315789473685,0.8157894736842105,0.01439774479758999,0.5,1.380640692601691,1.92,0.010000000000000009,-0.01893446464201708,2.152331265281196,-2.4066,0.08436089978535652,1.3903668838109644
2026-02-02,-0.024511731946337045,0.016943192652826657,0.04407228148043507,0.17112702153953072,1.2146264746966788,0.15789473684210525,0.5,0.0805684574765419,0.75,1.380661815386915,1.9,-0.020000000000000018,-0.004008832804692719,2.160755598693667,-2.4433999999999996,0.45321410234291776,1.385492535267367
2026-02-03,-0.011338779155084739,0.016065395406094286,0.0637842543807835,0.1701381266556733,1.2070236854371565,0.23684210526315788,0.47368421052631576,0.0805684574765419,0.75,1.380661815386915,1.9,-0.020000000000000018,-0.004008832804692719,2.160755598693667,-2.4433999999999996,0.44793775017253434,1.3785968896944838
2026-02-04,-0.0179768592420881,0.019718957821359767,0.058131420297184246,0.17026437938898287,1.2075760227860293,0.3684210526315789,0.5,0.0805684574765419,0.75,1.380661815386915,1.9,-0.020000000000000018,-0.004008832804692719,2.160755598693667,-2.4433999999999996,0.4426586587209144,1.3719344104519025
2026-02-05,-0.0400701016915571,0.013104898909187814,0.05185500315631534,0.17480784535227986,1.2376329933440782,0.13157894736842105,0.4473684210526316,0.0805684574765419,0.75,1.380661815386915,1.9,-0.020000000000000018,-0.004008832804692719,2.160755598693667,-2.4433999999999996,0.437376245055444,1.365509208512574
2026-02-06,-0.03418863595119111,-0.0055538385674622145,0.04217520872180178,0.17433855841215276,1.2311065912685806,0.34210526315789475,0.3157894736842105,0.0805684574765419,0.75,1.380661815386915,1.9,-0.020000000000000018,-0.004008832804692719,2.160755598693667,-2.4433999999999996,0.43208991803137403,1.3593260302492716
2026-02-09,0.01799388200004114,-0.0007010692289242254,0.05190868176557121,0.1808303235067641,1.273234961645122,0.9473684210526315,0.3684210526315789,0.018182319083190547,0.5,1.380718654311475,1.88,-0.020000000000000018,0.005084093459094694,2.159673522298463,-2.4052,0.07915252721687202,1.3646535640717266
2026-02-10,0.004056827423904333,0.005836965421695087,0.06864839526120871,0.17964933014159326,1.261023804881903,0.6842105263157895,0.5,0.018182319083190547,0.5,1.380718654311475,1.88,-0.020000000000000018,0.005084093459094694,2.159673522298463,-2.4052,0.07716125845556591,1.358236504170443
2026-02-11,0.0015221106021586633,0.0018100807132348288,0.07534218504216739,0.17891875801364188,1.2520948185710474,0.631578947368421,0.42105263157894735,0.018182319083190547,0.5,1.380718654311475,1.88,-0.020000000000000018,0.005084093459094694,2.159673522298463,-2.4052,0.0790491637438331,1.352834117002282
2026-02-12,0.010857533707795516,0.0025317491979295016,0.0837970811168786,0.17878193665572897,1.2467367121083517,0.7368421052631579,0.3684210526315789,0.018182319083190547,0.5,1.380718654311475,1.88,-0.020000000000000018,0.005084093459094694,2.159673522298463,-2.4052,0.08093954234533528,1.3477062725298943
2026-02-13,0.01112080471691743,-0.0028230291584999227,0.0746388916548805,0.18109549462258534,1.2579118908308768,0.631578947368421,0.3684210526315789,0.018182319083190547,0.5,1.380718654311475,1.88,-0.020000000000000018,0.005084093459094694,2.159673522298463,-2.4052,0.08283242035389922,1.3428620913739628
2026-02-24,-0.0016302572632730331,0.004094949848138501,0.08313706551114014,0.18308067448509238,1.2664276907925267,0.47368421052631576,0.34210526315789475,0.1483423382315114,0.9,1.380868969091382,1.77,-0.10999999999999988,-0.007723618557574721,2.157129093499801,-2.2323,0.8086665821360839,1.3686879398264684
2026-02-25,0.006228484332869576,0.015603414846470858,0.11664703830884128,0.1851983666186194,1.2781638270058822,0.5263157894736842,0.5263157894736842,0.1483423382315114,0.9,1.380868969091382,1.77,-0.10999999999999988,-0.007723618557574721,2.157129093499801,-2.2323,0.8044746043104027,1.363877427937688
2026-02-26,0.0018554203353159408,0.0050623879370849814,0.10751681175429992,0.18443363625373635,1.2688853324033027,0.47368421052631576,0.42105263157894735,0.1483423382315114,0.9,1.380868969091382,1.77,-0.10999999999999988,-0.007723618557574721,2.157129093499801,-2.2323,0.8003027321825577,1.3593728266181058
2026-02-27,0.00558384807663627,0.002261420169274343,0.09904596228254615,0.18385693529810943,1.2618281494558536,0.4473684210526316,0.39473684210526316,0.1483423382315114,0.9,1.380868969091382,1.77,-0.10999999999999988,-0.007723618557574721,2.157129093499801,-2.2323,0.7961507085038338,1.355186148482731
2026-03-02,0.01491725002915523,-0.0014912163881925125,0.0926647402656596,0.18313972951829857,1.2530584265493083,0.47368421052631576,0.4473684210526316,0.039543020879370214,0.65,1.381577117560712,1.72,-0.08000000000000007,-0.0010184858607157903,2.158119063591153,-2.1430000000000002,0.18830998156784415,1.5008144543458621
2026-03-03,-0.013293149682379386,-0.021441256891948087,0.07227631778484023,0.19736960720255303,1.3434788260680997,0.23684210526315788,0.2894736842105263,0.039543020879370214,0.65,1.381577117560712,1.72,-0.08000000000000007,-0.0010184858607157903,2.158119063591153,-2.1430000000000002,0.1850789452675746,1.4915714999075547
2026-03-04,-0.03481058125666456,-0.03586404865497515,0.0541058401909664,0.20127750442949327,1.362676601425892,0.23684210526315788,0.3157894736842105,0.039543020879370214,0.65,1.381577117560712,1.72,-0.08000000000000007,-0.0010184858607157903,2.158119063591153,-2.1430000000000002,0.18184485999084826,1.4825633711807524
2026-03-05,-0.0233585068950421,-0.03795783519965536,0.054644660406834626,0.19980945406825534,1.3460611598464542,0.23684210526315788,0.2894736842105263,0.039543020879370214,0.65,1.381577117560712,1.72,-0.08000000000000007,-0.0010184858607157903,2.158119063591153,-2.1430000000000002,0.17860760528444303,1.4737896529591936
2026-03-06,-0.018316683602329853,-0.04194540350945493,0.06708276267134951,0.19696376832292437,1.3199788563785944,0.13157894736842105,0.2631578947368421,0.039543020879370214,0.65,1.381577117560712,1.72,-0.08000000000000007,-0.0010184858607157903,2.158119063591153,-2.1430000000000002,0.17536705976489994,1.4652503439775946
2026-03-09,-0.027507848654869,-0.03565842985998721,0.062292333922760734,0.1928535518718474,1.2863843846546619,0.13157894736842105,0.23684210526315788,0.39534356421015837,1.0,1.381411141311952,1.8,0.08000000000000007,0.013342001909909687,2.154399075183952,-2.3691000000000004,2.138093798098401,1.4213446969123873
2026-03-10,0.004994166223335742,0.0080646412777247,0.07056953902681944,0.16196500614814308,1.0781332493761262,0.6052631578947368,0.5263157894736842,0.39534356421015837,1.0,1.381411141311952,1.8,0.08000000000000007,0.013342001909909687,2.154399075183952,-2.3691000000000004,2.1199181331818693,1.412842313695118
2026-03-11,0.021675079140594054,-0.0028501903592963555,0.06831724572068512,0.1534351961650931,1.02038014654114,0.8157894736842105,0.47368421052631576,0.39534356421015837,1.0,1.381411141311952,1.8,0.08000000000000007,0.013342001909909687,2.154399075183952,-2.3691000000000004,2.1021055196814356,1.404548499742906
2026-03-12,0.010628211399982074,-0.009352764557585186,0.0589435447100545,0.15331226120720096,1.01837784157597,0.5789473684210527,0.42105263157894735,0.39534356421015837,1.0,1.381411141311952,1.8,0.08000000000000007,0.013342001909909687,2.154399075183952,-2.3691000000000004,2.0846433951602967,1.3964635979208033
2026-03-13,-0.0021232481649571307,-0.003998549982854961,0.060215244262107864,0.14936516201666142,0.9915668013304625,0.34210526315789475,0.4473684210526316,0.39534356421015837,1.0,1.381411141311952,1.8,0.08000000000000007,0.013342001909909687,2.154399075183952,-2.3691000000000004,2.0675197994001433,1.3885883273519812
2026-03-16,0.006985394848191879,0.005515600939395773,0.05613388173308692,0.14586855679847477,0.9682797546917378,0.6578947368421053,0.4473684210526316,-0.08120196418280537,0.15,1.381417119987156,1.92,0.11999999999999988,0.015524241909006371,2.153832986234904,-2.471,-0.5053038417958164,1.3822314938851181
2026-03-17,-0.013649450771314051,-0.023578691493630493,0.054726676720166324,0.12876625496329108,0.8559389196191366,0.3157894736842105,0.18421052631578946,-0.08120196418280537,0.15,1.381417119987156,1.92,0.11999999999999988,0.015524241909006371,2.153832986234904,-2.471,-0.5018069724641083,1.375375311750119
2026-03-18,-0.012794450922112548,-0.019701468705313238,0.05269700880189119,0.13033943165728037,0.8666644599029232,0.2894736842105263,0.23684210526315788,-0.08120196418280537,0.15,1.381417119987156,1.92,0.11999999999999988,0.015524241909006371,2.153832986234904,-2.471,-0.4983176751609083,1.3687519033047904
2026-03-19,-0.028561356400703827,-0.039436231560447677,0.03978872392857817,0.14508630744942186,0.9634528520023752,0.13157894736842105,0.21052631578947367,-0.08120196418280537,0.15,1.381417119987156,1.92,0.11999999999999988,0.015524241909006371,2.153832986234904,-2.471,-0.4948358202872314,1.3623654520703572
2026-03-20,-0.03193140645307619,-0.04678749014372667,0.04300344442019628,0.14749052090684822,0.9781284273398212,0.13157894736842105,0.21052631578947367,-0.08120196418280537,0.15,1.381417119987156,1.92,0.11999999999999988,0.015524241909006371,2.153832986234904,-2.471,-0.4913612792027508,1.3562207807399789
2026-03-23,-0.07042052824040285,-0.07602573201792451,-0.011556450219849874,0.193232612755712,1.2751816615976939,0.07894736842105263,0.10526315789473684,-0.01519391838135289,0.35,1.381373708061619,2.01,0.08999999999999986,-0.009939386075045966,2.152165911981741,-2.5604999999999998,-0.1320746681959195,1.3405557766294633
2026-03-24,-0.04426153128359925,-0.0662099655139567,0.007803867338484184,0.20365979104105095,1.3359220575041295,0.13157894736842105,0.10526315789473684,-0.01519391838135289,0.35,1.381373708061619,2.01,0.08999999999999986,-0.009939386075045966,2.152165911981741,-2.5604999999999998,-0.1282017150477401,1.334959423364002
2026-03-25,-0.03356646138479608,-0.05949641442297889,0.01575083015498277,0.2102431352716733,1.3651977156674437,0.10526315789473684,0.15789473684210525,-0.01519391838135289,0.35,1.381373708061619,2.01,0.08999999999999986,-0.009939386075045966,2.152165911981741,-2.5604999999999998,-0.1243189626505015,1.3296208097491655
2026-03-26,-0.02664334831484564,-0.06793500021060926,-0.008495627467546901,0.21277067255057502,1.3681503740747964,0.15789473684210525,0.13157894736842105,-0.01519391838135289,0.35,1.381373708061619,2.01,0.08999999999999986,-0.009939386075045966,2.152165911981741,-2.5604999999999998,-0.12042615064168256,1.3245479295034643
2026-03-27,-0.00944831996756281,-0.06181965818792575,-0.002998697609902354,0.21577723449658867,1.3731557601095594,0.23684210526315788,0.18421052631578946,-0.01519391838135289,0.35,1.381373708061619,2.01,0.08999999999999986,-0.009939386075045966,2.152165911981741,-2.5604999999999998,-0.11652301457600181,1.3197497535287455
2026-03-30,0.027939345949487097,-0.06300363609759264,-0.010583544367323118,0.21553579646982404,1.357636604450103,0.8947368421052632,0.18421052631578946,0.14794346811646125,0.85,1.381874963897895,2.13,0.1200000000000001,0.006655523617395359,2.146968226934,-2.6226000000000003,0.7735448485097025,1.431983280976644
2026-03-31,0.0008004170101960743,-0.05211639882138124,-0.020017559263390543,0.20702107399130296,1.2919897380914855,0.5,0.15789473684210525,0.14794346811646125,0.85,1.381874963897895,2.13,0.1200000000000001,0.006655523617395359,2.146968226934,-2.6226000000000003,0.7681721078732573,1.4274210682339068
2026-04-01,0.005726324004055103,-0.018959509162259226,-9.59995348506007e-05,0.2186725644841237,1.3505403096404478,0.5789473684210527,0.3157894736842105,0.14794346811646125,0.85,1.381874963897895,2.13,0.1200000000000001,0.006655523617395359,2.146968226934,-2.6226000000000003,0.762825905211615,1.4232094626059084
2026-04-02,0.004457026534446268,-0.04011946678112088,-0.008532721306288925,0.22045422839164838,1.3473839406892618,0.5526315789473685,0.21052631578947367,0.14794346811646125,0.85,1.381874963897895,2.13,0.1200000000000001,0.006655523617395359,2.146968226934,-2.6226000000000003,0.7575057636192315,1.4193630131314945
2026-04-03,-0.009089043484465712,-0.0525920180700616,-0.013382254650488028,0.21836988863094275,1.3208492795892677,0.39473684210526316,0.10526315789473684,0.14794346811646125,0.85,1.381874963897895,2.13,0.1200000000000001,0.006655523617395359,2.146968226934,-2.6226000000000003,0.7522112138223527,1.4158980260542287
2026-04-07,-0.005809805521609169,-0.041305592964332796,-0.00556298627142393,0.21808632594313515,1.3057862340749191,0.42105263157894735,0.18421052631578946,-0.2629763680287491,0.1,1.382081881260509,1.99,-0.1399999999999999,0.00019763556067067104,2.145009814849116,-2.5323999999999995,-1.4713564227159226,1.4629790459030634
2026-04-08,0.04044546309073303,-0.016665101953983942,0.008342731976567427,0.2534234896067538,1.5001920942530331,0.8421052631578947,0.39473684210526316,-0.2629763680287491,0.1,1.382081881260509,1.99,-0.1399999999999999,0.00019763556067067104,2.145009814849116,-2.5323999999999995,-1.4634695714548003,1.4561101348200636
2026-04-09,0.01136206835620326,-0.029272519946650012,-0.01605731489985207,0.2542077026821918,1.4889713599453416,0.631578947368421,0.23684210526315788,-0.2629763680287491,0.1,1.382081881260509,1.99,-0.1399999999999999,0.00019763556067067104,2.145009814849116,-2.5323999999999995,-1.4556637016967175,1.4495163977252765
2026-04-10,0.03433780986438305,-0.016409868316719898,-0.006043675052945303,0.2570345375486263,1.4894019708906445,0.8157894736842105,0.42105263157894735,-0.2629763680287491,0.1,1.382081881260509,1.99,-0.1399999999999999,0.00019763556067067104,2.145009814849116,-2.5323999999999995,-1.4479372731573483,1.4432033187754816
2026-04-13,0.03957164236762884,-0.01089712753747562,-0.0017907786111427547,0.2562854949601866,1.469149350533136,0.8947368421052632,0.4473684210526316,-0.21615088075005034,0.15,1.383041656040591,1.95,-0.040000000000000036,-0.015029393883997993,2.144077863023855,-2.4925999999999995,-1.1926189836113847,1.6744786406786119
2026-04-14,0.048853753173232914,0.0005627653607082478,0.0005245277326418191,0.2602245643757954,1.4756652775112038,0.9473684210526315,0.4473684210526316,-0.21615088075005034,0.15,1.383041656040591,1.95,-0.040000000000000036,-0.015029393883997993,2.144077863023855,-2.4925999999999995,-1.1883598622982894,1.6668121305224712
2026-04-15,0.012107255814344142,0.00909160463167426,-0.015188156090880445,0.2580902405331103,1.4484063796774775,0.7368421052631579,0.5263157894736842,-0.21615088075005034,0.15,1.383041656040591,1.95,-0.040000000000000036,-0.015029393883997993,2.144077863023855,-2.4925999999999995,-1.1788417356249254,1.6554811393105795
2026-04-16,0.03400563618610621,0.017527567161568752,0.0036630638779506144,0.2616946843625606,1.453546050540401,0.9736842105263158,0.5789473684210527,-0.21615088075005034,0.15,1.383041656040591,1.95,-0.040000000000000036,-0.015029393883997993,2.144077863023855,-2.4925999999999995,-1.1694262952460406,1.6444477161865865
2026-04-17,0.022181002378975884,0.034332490462959823,-0.003293660384253015,0.2512676301921749,1.3822223544431773,0.8421052631578947,0.631578947368421,-0.21615088075005034,0.15,1.383041656040591,1.95,-0.040000000000000036,-0.015029393883997993,2.144077863023855,-2.4925999999999995,-1.160111019384448,1.6337086789462074
2026-04-20,0.027179981701081678,0.048214260616682256,0.0039585196708851016,0.2479028568650614,1.3498035406068802,0.8157894736842105,0.8157894736842105,-0.09541418937329894,0.15,1.382392753476305,1.9,-0.050000000000000044,-0.004781437505347566,2.145097190412455,-2.4818999999999996,-0.5148758398004856,1.4607702186544493
2026-04-21,0.01467202938576449,0.0856553229868756,0.006806561810451176,0.19798506985619635,1.0713639287098895,0.7368421052631579,0.8947368421052632,-0.09541418937329894,0.15,1.382392753476305,1.9,-0.050000000000000044,-0.004781437505347566,2.145097190412455,-2.4818999999999996,-0.5129990560237792,1.4519434715730881
2026-04-22,0.021508611936665707,0.07486174785193922,0.012746732186121029,0.19223527043171798,1.0343061576298485,0.7631578947368421,0.868421052631579,-0.09541418937329894,0.15,1.382392753476305,1.9,-0.050000000000000044,-0.004781437505347566,2.145097190412455,-2.4818999999999996,-0.5117237035339388,1.4433385925470752
2026-04-23,0.002830508717315601,0.05392453726368044,0.010031537687172416,0.18957812734363585,1.0145323735811052,0.47368421052631576,0.8947368421052632,-0.09541418937329894,0.15,1.382392753476305,1.9,-0.050000000000000044,-0.004781437505347566,2.145097190412455,-2.4818999999999996,-0.5111873433110496,1.4349556412472577
2026-04-24,0.000650916852072617,0.06162675562987808,-0.0012458566436461798,0.18343296909429188,0.9766235171547053,0.631578947368421,0.8947368421052632,-0.09541418937329894,0.15,1.382392753476305,1.9,-0.050000000000000044,-0.004781437505347566,2.145097190412455,-2.4818999999999996,-0.5115719910274725,1.426795075487283
2026-04-27,0.001361487374106911,0.05902406795835198,-0.00053417006029941,0.18278465334688643,0.9682844011482695,0.47368421052631576,0.8421052631578947,0.06800077005860893,0.75,1.38191185266366,1.89,-0.010000000000000009,0.0030271080203519833,2.149343042662213,-2.5679999999999996,0.5252418799634103,1.295902409362798
2026-04-28,-0.0009733976811925498,0.05674257935619595,-0.0077522731295891845,0.1835168589282063,0.967169267603917,0.47368421052631576,0.8421052631578947,0.06800077005860893,0.75,1.38191185266366,1.89,-0.010000000000000009,0.0030271080203519833,2.149343042662213,-2.5679999999999996,0.5197626831002641,1.289484157134125
2026-04-29,0.0006500364985227297,0.07471136734026587,0.0011537116269365617,0.1779860972682453,0.9336891400901912,0.5,0.868421052631579,0.06800077005860893,0.75,1.38191185266366,1.89,-0.010000000000000009,0.0030271080203519833,2.149343042662213,-2.5679999999999996,0.5142861777891218,1.2832713644811449
2026-04-30,0.008177293139740704,0.05637550639936604,0.0015519485821316745,0.16670345091191524,0.871322330441378,0.5789473684210527,0.7105263157894737,0.06800077005860893,0.75,1.38191185266366,1.89,-0.010000000000000009,0.0030271080203519833,2.149343042662213,-2.5679999999999996,0.5088117605297532,1.2772682973427514
2026-05-06,0.029378569580230097,0.08654829867566191,0.008470996694885685,0.16198547974305594,0.8438583553570532,0.8421052631578947,0.8157894736842105,-0.09643320460215771,0.15,1.382137665043172,1.91,0.020000000000000018,-0.0032276801096366705,2.151521826545351,-2.6431000000000004,-0.5497580231178874,1.3306214254157473
2026-05-07,0.032561311924794875,0.10067442336761256,0.0061370017880960515,0.15799570723721973,0.8207365122086351,0.8947368421052632,0.8421052631578947,-0.09643320460215771,0.15,1.382137665043172,1.91,0.020000000000000018,-0.0032276801096366705,2.151521826545351,-2.6431000000000004,-0.5531749736187244,1.3247905313089114
2026-05-08,0.03124992529802139,0.0938023101758265,0.016838287351506512,0.16108960632695013,0.8351796248326554,0.7894736842105263,0.8421052631578947,-0.09643320460215771,0.15,1.382137665043172,1.91,0.020000000000000018,-0.0032276801096366705,2.151521826545351,-2.6431000000000004,-0.5587795228434503,1.3181702306666137
2026-05-11,0.033889786655502074,0.06815569090503491,0.059555230228775694,0.11265183030584425,0.5870168829632405,0.7894736842105263,0.7368421052631579,0.011702883710917293,0.5,1.38201336518302,1.93,0.020000000000000018,-0.0036795331880217466,2.153556749736826,-2.6144999999999996,0.13460423251117634,1.2786530358433967
2026-05-12,0.02910120310748819,0.07411464115065097,0.04199193084470461,0.10598618340765413,0.55537717061621,0.8157894736842105,0.7368421052631579,0.011702883710917293,0.5,1.38201336518302,1.93,0.020000000000000018,-0.0036795331880217466,2.153556749736826,-2.6144999999999996,0.12876799938335287,1.2726222463670156
2026-05-13,0.017772664366100206,0.06998315317737906,0.044220520303073996,0.10397307598614719,0.5480009796946184,0.8157894736842105,0.7631578947368421,0.011702883710917293,0.5,1.38201336518302,1.93,0.020000000000000018,-0.0036795331880217466,2.153556749736826,-2.6144999999999996,0.12288816378643241,1.2668028817996182
2026-05-14,-0.004517298213427806,0.056585482786555924,0.04168980526622535,0.12047039856216797,0.6379971244577123,0.39473684210526316,0.6842105263157895,0.011702883710917293,0.5,1.38201336518302,1.93,0.020000000000000018,-0.0036795331880217466,2.153556749736826,-2.6144999999999996,0.1169631584064915,1.2612002626610492
2026-05-15,-0.013173227629793189,0.0317753293728004,0.03785369567290443,0.12698524662642566,0.6753215890176759,0.2894736842105263,0.5789473684210527,0.011702883710917293,0.5,1.38201336518302,1.93,0.020000000000000018,-0.0036795331880217466,2.153556749736826,-2.6144999999999996,0.11231728017850819,1.2550553666564606
2026-05-18,-0.03001473460847623,0.026033700482214546,0.01154661362025833,0.12977320721693733,0.6932857061843023,0.18421052631578946,0.5526315789473685,0.045488228567683635,0.65,1.382144487227525,2.1,0.17000000000000015,0.01439081062575672,2.155292699356468,-2.8301999999999996,0.3301440362572528,1.2851195068571568
2026-05-19,-0.0238510100640063,0.016257994900538454,0.014084093356793982,0.12225103878334094,0.6564550267060437,0.15789473684210525,0.5789473684210527,0.045488228567683635,0.65,1.382144487227525,2.1,0.17000000000000015,0.01439081062575672,2.155292699356468,-2.8301999999999996,0.32508497480895926,1.2792256047724293
2026-05-20,-0.03078374302784799,0.017018407770555185,0.01191466667306734,0.12202384041328979,0.6585884591258832,0.13157894736842105,0.5526315789473685,0.045488228567683635,0.65,1.382144487227525,2.1,0.17000000000000015,0.01439081062575672,2.155292699356468,-2.8301999999999996,0.3216452375283319,1.2744895026079046
2026-05-21,-0.026637857565423036,0.0027676435200512037,0.004194413993006806,0.12684905217034623,0.6878444437925797,0.10526315789473684,0.47368421052631576,0.045488228567683635,0.65,1.382144487227525,2.1,0.17000000000000015,0.01439081062575672,2.155292699356468,-2.8301999999999996,0.3182064919436385,1.2700199062113926
2026-05-22,-0.005414699962725424,0.011688600024310488,0.021318190993261592,0.13030507084797782,0.7098431908901661,0.34210526315789475,0.42105263157894735,0.045488228567683635,0.65,1.382144487227525,2.1,0.17000000000000015,0.01439081062575672,2.155292699356468,-2.8301999999999996,0.3147686094561977,1.2658275547214017
