date,code,weight
2018-01-14,510300,0.125
2018-01-14,510050,0.125
2018-01-14,159901,0.125
2018-01-14,512880,0.125
2018-01-14,510900,0.125
2018-01-14,159920,0.125
2018-01-14,513050,0.125
2018-01-14,518880,0.125
2018-01-21,510300,0.1
2018-01-21,159901,0.1
2018-01-21,512880,0.1
2018-01-21,510900,0.1
2018-01-21,159920,0.1
2018-01-21,513050,0.1
2018-01-21,518880,0.1
2018-01-21,518800,0.1
2018-01-21,513100,0.1
2018-01-21,159941,0.1
2018-01-28,510300,0.1111111111111111
2018-01-28,512880,0.1111111111111111
2018-01-28,512000,0.1111111111111111
2018-01-28,510900,0.1111111111111111
2018-01-28,513050,0.1111111111111111
2018-01-28,518880,0.1111111111111111
2018-01-28,518800,0.1111111111111111
2018-01-28,513100,0.1111111111111111
2018-01-28,159941,0.1111111111111111
2018-02-04,510300,0.125
2018-02-04,510500,0.125
2018-02-04,512880,0.125
2018-02-04,512000,0.125
2018-02-04,512660,0.125
2018-02-04,510900,0.125
2018-02-04,513050,0.125
2018-02-04,518880,0.125
2018-02-11,510300,0.1
2018-02-11,510500,0.1
2018-02-11,510050,0.1
2018-02-11,159915,0.1
2018-02-11,159928,0.1
2018-02-11,512880,0.1
2018-02-11,512000,0.1
2018-02-11,512660,0.1
2018-02-11,510900,0.1
2018-02-11,513050,0.1
2018-02-18,510300,0.1
2018-02-18,510500,0.1
2018-02-18,510050,0.1
2018-02-18,159915,0.1
2018-02-18,512880,0.1
2018-02-18,512000,0.1
2018-02-18,512660,0.1
2018-02-18,510900,0.1
2018-02-18,159920,0.1
2018-02-18,513050,0.1
2018-02-25,510300,0.1
2018-02-25,510500,0.1
2018-02-25,510050,0.1
2018-02-25,159915,0.1
2018-02-25,512880,0.1
2018-02-25,512000,0.1
2018-02-25,512660,0.1
2018-02-25,510900,0.1
2018-02-25,159920,0.1
2018-02-25,513050,0.1
2018-03-04,510300,0.1
2018-03-04,510500,0.1
2018-03-04,510050,0.1
2018-03-04,159915,0.1
2018-03-04,159901,0.1
2018-03-04,512880,0.1
2018-03-04,512000,0.1
2018-03-04,512660,0.1
2018-03-04,510900,0.1
2018-03-04,159920,0.1
2018-03-11,510300,0.1
2018-03-11,510500,0.1
2018-03-11,510050,0.1
2018-03-11,159901,0.1
2018-03-11,512880,0.1
2018-03-11,512000,0.1
2018-03-11,512800,0.1
2018-03-11,512660,0.1
2018-03-11,510900,0.1
2018-03-11,159920,0.1
2018-03-18,510300,0.1
2018-03-18,510500,0.1
2018-03-18,510050,0.1
2018-03-18,159901,0.1
2018-03-18,512880,0.1
2018-03-18,512000,0.1
2018-03-18,512800,0.1
2018-03-18,512660,0.1
2018-03-18,510900,0.1
2018-03-18,513050,0.1
2018-03-25,510300,0.1111111111111111
2018-03-25,510500,0.1111111111111111
2018-03-25,510050,0.1111111111111111
2018-03-25,159901,0.1111111111111111
2018-03-25,512880,0.1111111111111111
2018-03-25,512000,0.1111111111111111
2018-03-25,512400,0.1111111111111111
2018-03-25,512660,0.1111111111111111
2018-03-25,510900,0.1111111111111111
2018-04-01,510300,0.14285714285714285
2018-04-01,510500,0.14285714285714285
2018-04-01,510050,0.14285714285714285
2018-04-01,512880,0.14285714285714285
2018-04-01,512000,0.14285714285714285
2018-04-01,510900,0.14285714285714285
2018-04-01,513100,0.14285714285714285
2018-04-08,510300,0.14285714285714285
2018-04-08,510500,0.14285714285714285
2018-04-08,510050,0.14285714285714285
2018-04-08,512880,0.14285714285714285
2018-04-08,512000,0.14285714285714285
2018-04-08,510900,0.14285714285714285
2018-04-08,513100,0.14285714285714285
2018-04-15,510300,0.1
2018-04-15,510500,0.1
2018-04-15,510050,0.1
2018-04-15,512010,0.1
2018-04-15,512880,0.1
2018-04-15,512000,0.1
2018-04-15,512200,0.1
2018-04-15,510900,0.1
2018-04-15,159920,0.1
2018-04-15,513100,0.1
2018-04-22,510300,0.1
2018-04-22,510500,0.1
2018-04-22,510050,0.1
2018-04-22,512010,0.1
2018-04-22,512880,0.1
2018-04-22,512000,0.1
2018-04-22,510900,0.1
2018-04-22,159920,0.1
2018-04-22,513050,0.1
2018-04-22,518880,0.1
2018-04-29,510300,0.1
2018-04-29,510500,0.1
2018-04-29,510050,0.1
2018-04-29,512010,0.1
2018-04-29,512880,0.1
2018-04-29,512000,0.1
2018-04-29,510900,0.1
2018-04-29,159920,0.1
2018-04-29,518880,0.1
2018-04-29,513500,0.1
2018-05-06,510300,0.1111111111111111
2018-05-06,510500,0.1111111111111111
2018-05-06,510050,0.1111111111111111
2018-05-06,512010,0.1111111111111111
2018-05-06,512000,0.1111111111111111
2018-05-06,510900,0.1111111111111111
2018-05-06,159920,0.1111111111111111
2018-05-06,518880,0.1111111111111111
2018-05-06,513500,0.1111111111111111
2018-05-13,510300,0.125
2018-05-13,510500,0.125
2018-05-13,510050,0.125
2018-05-13,512010,0.125
2018-05-13,512000,0.125
2018-05-13,510900,0.125
2018-05-13,159920,0.125
2018-05-13,518880,0.125
2018-05-20,510300,0.125
2018-05-20,510500,0.125
2018-05-20,510050,0.125
2018-05-20,512010,0.125
2018-05-20,512000,0.125
2018-05-20,510900,0.125
2018-05-20,159920,0.125
2018-05-20,518880,0.125
2018-05-27,510500,0.14285714285714285
2018-05-27,510050,0.14285714285714285
2018-05-27,512010,0.14285714285714285
2018-05-27,512000,0.14285714285714285
2018-05-27,510900,0.14285714285714285
2018-05-27,159920,0.14285714285714285
2018-05-27,518880,0.14285714285714285
2018-06-03,510500,0.1111111111111111
2018-06-03,510050,0.1111111111111111
2018-06-03,512010,0.1111111111111111
2018-06-03,512000,0.1111111111111111
2018-06-03,512660,0.1111111111111111
2018-06-03,510900,0.1111111111111111
2018-06-03,159920,0.1111111111111111
2018-06-03,513050,0.1111111111111111
2018-06-03,518880,0.1111111111111111
2018-06-10,510500,0.1
2018-06-10,510050,0.1
2018-06-10,159915,0.1
2018-06-10,512010,0.1
2018-06-10,512000,0.1
2018-06-10,512660,0.1
2018-06-10,510900,0.1
2018-06-10,159920,0.1
2018-06-10,518880,0.1
2018-06-10,513500,0.1
2018-06-17,510300,0.1
2018-06-17,510500,0.1
2018-06-17,510050,0.1
2018-06-17,159915,0.1
2018-06-17,159901,0.1
2018-06-17,512010,0.1
2018-06-17,512200,0.1
2018-06-17,512660,0.1
2018-06-17,512120,0.1
2018-06-17,510900,0.1
2018-06-24,510300,0.1
2018-06-24,510500,0.1
2018-06-24,510050,0.1
2018-06-24,159915,0.1
2018-06-24,159901,0.1
2018-06-24,512010,0.1
2018-06-24,512200,0.1
2018-06-24,512120,0.1
2018-06-24,510900,0.1
2018-06-24,159920,0.1
2018-07-01,510300,0.1
2018-07-01,510500,0.1
2018-07-01,510050,0.1
2018-07-01,159915,0.1
2018-07-01,159901,0.1
2018-07-01,512010,0.1
2018-07-01,159928,0.1
2018-07-01,512200,0.1
2018-07-01,512120,0.1
2018-07-01,510900,0.1
2018-07-08,510300,0.129455532627177
2018-07-08,510500,0.1284777441762372
2018-07-08,510050,0.12440754729441562
2018-07-08,159915,0.10235095224810048
2018-07-08,159901,0.1286015351859089
2018-07-08,512010,0.12545306721621746
2018-07-08,159928,0.11226502951825315
2018-07-08,159920,0.1489885917336902
2018-07-15,510300,0.1235762194456571
2018-07-15,510500,0.12303033456496301
2018-07-15,510050,0.12087306372513229
2018-07-15,159915,0.09917665758728934
2018-07-15,512010,0.11855799083006117
2018-07-15,512400,0.10938196513784293
2018-07-15,513500,0.1812568830324024
2018-07-15,159941,0.12414688567665179
2018-07-22,510300,0.11812308326428318
2018-07-22,510500,0.1164960909462387
2018-07-22,510050,0.11854219135375717
2018-07-22,159915,0.09513989186280654
2018-07-22,512800,0.1462359579555387
2018-07-22,512400,0.10391761647753736
2018-07-22,513500,0.1796743973408909
2018-07-22,159941,0.1218707707989475
2018-07-29,510300,0.10223379806523451
2018-07-29,510500,0.1004451035443731
2018-07-29,510050,0.10425902674649831
2018-07-29,159915,0.08255312959478349
2018-07-29,512800,0.14273013790698996
2018-07-29,512400,0.09008988232509366
2018-07-29,518880,0.27317093648137214
2018-07-29,159941,0.10451798533565493
2018-08-05,510300,0.09177353882054085
2018-08-05,510500,0.08955916682652841
2018-08-05,510050,0.09281025859370848
2018-08-05,159915,0.07572894409203731
2018-08-05,512000,0.0859687470644984
2018-08-05,512800,0.1273187723370192
2018-08-05,512400,0.07989104622421929
2018-08-05,518880,0.264843898841961
2018-08-05,159941,0.09210562719948702
2018-08-12,510300,0.09946695806627193
2018-08-12,510500,0.10282058723176976
2018-08-12,510050,0.10263812690311763
2018-08-12,159915,0.08611483812346284
2018-08-12,159901,0.09612173849591024
2018-08-12,159928,0.08966089443796683
2018-08-12,512880,0.09696003240187044
2018-08-12,512000,0.09868691677713082
2018-08-12,512800,0.14464547385083934
2018-08-12,512200,0.0828844337116602
2018-08-19,510300,0.10325091982939434
2018-08-19,510500,0.09499819000720335
2018-08-19,510050,0.10797083312478942
2018-08-19,159901,0.09283710437011565
2018-08-19,512880,0.10303036431281029
2018-08-19,512000,0.10529721152203728
2018-08-19,512400,0.08580623870896731
2018-08-19,512660,0.07382252949209905
2018-08-19,159920,0.14535945562288116
2018-08-19,513050,0.08762715300970203
2018-08-26,510300,0.09727268646883548
2018-08-26,510500,0.09106308932821629
2018-08-26,510050,0.09870506842023885
2018-08-26,159901,0.09107107130855717
2018-08-26,512880,0.09808018098656375
2018-08-26,512000,0.10044308459960813
2018-08-26,512980,0.08312427964207625
2018-08-26,510900,0.11815334342745178
2018-08-26,513050,0.08395133014870734
2018-08-26,513100,0.13813586566974492
2018-09-02,510300,0.12130451430628814
2018-09-02,510500,0.11614052985575568
2018-09-02,510050,0.12074387397648423
2018-09-02,159901,0.11439660861664244
2018-09-02,512880,0.12169537870378733
2018-09-02,512000,0.12479247966166797
2018-09-02,512980,0.10493954756281461
2018-09-02,513100,0.17598706731655966
2018-09-09,510300,0.08906247257303376
2018-09-09,510500,0.0880696285952125
2018-09-09,510050,0.09064557930549098
2018-09-09,159901,0.08411739473408161
2018-09-09,512880,0.08951700862137087
2018-09-09,512000,0.09187106675861599
2018-09-09,512980,0.08342111510350617
2018-09-09,518880,0.2561810509847477
2018-09-09,513100,0.12711468332394046
2018-09-16,510300,0.09008681919982796
2018-09-16,510500,0.08929177168271835
2018-09-16,510050,0.09065511485702486
2018-09-16,159901,0.08558575201997329
2018-09-16,512880,0.09118040894260074
2018-09-16,512000,0.09356872810673883
2018-09-16,512980,0.08456772841105345
2018-09-16,518880,0.2555375476692961
2018-09-16,159941,0.11952612911076652
2018-09-23,510300,0.10024417163944652
2018-09-23,510500,0.09880869694032714
2018-09-23,510050,0.10103726414959671
2018-09-23,159901,0.09494045391544298
2018-09-23,512010,0.07937061298537125
2018-09-23,512880,0.10177423600739334
2018-09-23,512000,0.1044224338175927
2018-09-23,512400,0.0930241330142842
2018-09-23,512980,0.09340375285990804
2018-09-23,159941,0.13297424467063723
2018-09-30,510300,0.0981964358300391
2018-09-30,510500,0.10586261611252791
2018-09-30,510050,0.0962162817768466
2018-09-30,159915,0.08691826707376148
2018-09-30,512010,0.08292678716974163
2018-09-30,159928,0.08846246159198974
2018-09-30,512200,0.09283909032098973
2018-09-30,512980,0.10174884811849651
2018-09-30,510900,0.14651371625520862
2018-09-30,513050,0.10031549575039865
2018-10-14,510300,0.08839968721800566
2018-10-14,510500,0.10558917519026424
2018-10-14,510050,0.08771159530312485
2018-10-14,512010,0.07442966886278606
2018-10-14,159928,0.07780779741577071
2018-10-14,512200,0.085252899730319
2018-10-14,512980,0.10093269740625584
2018-10-14,510900,0.13212397370397513
2018-10-14,513050,0.09101939814056172
2018-10-14,159941,0.1567331070289368
2018-10-21,510300,0.0832846454178465
2018-10-21,510500,0.09950880779253819
2018-10-21,510050,0.08256501362788625
2018-10-21,512010,0.07002020307889656
2018-10-21,159928,0.0734997464373915
2018-10-21,512980,0.09542852453428552
2018-10-21,510900,0.12478812441298053
2018-10-21,159920,0.13526631991445207
2018-10-21,513050,0.08695579931484668
2018-10-21,159941,0.14868281546887635
2018-10-28,510300,0.08895969954724371
2018-10-28,510500,0.10502775929094155
2018-10-28,510050,0.08851919293070477
2018-10-28,159901,0.09114101308692364
2018-10-28,512010,0.07196788357136465
2018-10-28,159928,0.07839170199582063
2018-10-28,512660,0.08440604213051936
2018-10-28,512980,0.10204999241296396
2018-10-28,510900,0.136071572594235
2018-10-28,159920,0.15346514243928272
2018-11-04,510300,0.09887602956579705
2018-11-04,510500,0.1126672354915223
2018-11-04,510050,0.09929935503342223
2018-11-04,159915,0.10870925935261183
2018-11-04,159901,0.10076731801401503
2018-11-04,512010,0.07916220495297414
2018-11-04,159928,0.08202787889494528
2018-11-04,512800,0.13115047322109902
2018-11-04,512400,0.09279986055168446
2018-11-04,512660,0.09454038492192854
2018-11-11,510300,0.09862328757637087
2018-11-11,510500,0.10716247109152756
2018-11-11,510050,0.10181196699715281
2018-11-11,159915,0.10118172032265323
2018-11-11,159901,0.10045187437557118
2018-11-11,512010,0.07794286525150522
2018-11-11,159928,0.08601087620832991
2018-11-11,512800,0.13728046893986381
2018-11-11,512400,0.09215824346546186
2018-11-11,512660,0.09737622577156346
2018-11-18,510300,0.0912472868552235
2018-11-18,510050,0.09297290113802989
2018-11-18,159915,0.09660851145674057
2018-11-18,512010,0.0746958070911338
2018-11-18,159928,0.08214469350739743
2018-11-18,512400,0.08743711497678597
2018-11-18,512660,0.092912543288645
2018-11-18,512980,0.10100298491296217
2018-11-18,510900,0.1409089215826736
2018-11-18,159920,0.14006923519040806
2018-11-25,510300,0.0947002799835428
2018-11-25,159915,0.09434519838578694
2018-11-25,512010,0.07877286335213206
2018-11-25,159928,0.08838349363076098
2018-11-25,512880,0.07335054364766193
2018-11-25,512400,0.09119831598784661
2018-11-25,512980,0.08934336323263392
2018-11-25,510900,0.15237197437747652
2018-11-25,159920,0.1514195427421311
2018-11-25,513050,0.08611442466002722
2018-12-02,510300,0.08184874488501367
2018-12-02,159915,0.07988908629481471
2018-12-02,512010,0.0719372007770288
2018-12-02,159928,0.07934632630714988
2018-12-02,512880,0.06315193312361869
2018-12-02,512400,0.07743110744951973
2018-12-02,512980,0.0756956291892127
2018-12-02,510900,0.13400370187775593
2018-12-02,513050,0.07514273082961785
2018-12-02,518800,0.26155353926626806
2018-12-09,510300,0.11471379164005138
2018-12-09,510500,0.11312566765306147
2018-12-09,512880,0.08918432531294426
2018-12-09,512980,0.10619336615751943
2018-12-09,510900,0.1866207593446933
2018-12-09,513050,0.10380760368823545
2018-12-09,518800,0.2863544862034947
2018-12-16,510300,0.16617904197185165
2018-12-16,510500,0.16601694384636606
2018-12-16,512880,0.13081292231309
2018-12-16,512000,0.13394443242792986
2018-12-16,510900,0.25273283572911537
2018-12-16,513050,0.1503138237116471
2018-12-23,510300,0.0730868147608324
2018-12-23,510500,0.07292832341936573
2018-12-23,510050,0.07784690816029312
2018-12-23,512880,0.05733165080190597
2018-12-23,512000,0.05855224011147553
2018-12-23,512800,0.10519955202227096
2018-12-23,510900,0.11677276537930364
2018-12-23,159920,0.1147621821330875
2018-12-23,513050,0.06857044113758494
2018-12-23,518880,0.2549491220738801
2018-12-30,510300,0.07264253158743772
2018-12-30,510500,0.07528746399244336
2018-12-30,510050,0.07619003944152282
2018-12-30,159928,0.07627741197842923
2018-12-30,512880,0.058542622282165314
2018-12-30,512000,0.05987924562533709
2018-12-30,512800,0.10078020810810298
2018-12-30,518880,0.2565165986878357
2018-12-30,513100,0.09915271305808858
2018-12-30,513500,0.1247311652386373
2019-01-06,510300,0.10001041212645621
2019-01-06,510500,0.10646930069558745
2019-01-06,510050,0.10420088958222883
2019-01-06,512010,0.08572098075561904
2019-01-06,159928,0.10270008302667578
2019-01-06,512880,0.0855045806387768
2019-01-06,512000,0.08749260777063941
2019-01-06,512800,0.13693700571651887
2019-01-06,512980,0.1009845085268022
2019-01-06,512120,0.08997963116069546
2019-01-13,510300,0.10382213801948802
2019-01-13,510500,0.10940767986758211
2019-01-13,510050,0.1107758576918952
2019-01-13,159901,0.10702090716165412
2019-01-13,512010,0.08777104391553568
2019-01-13,159928,0.10723208875423133
2019-01-13,512880,0.08197270442471086
2019-01-13,512000,0.08363965990215436
2019-01-13,512400,0.10327033272140447
2019-01-13,512980,0.1050875875413439
2019-01-20,510300,0.08516517780759543
2019-01-20,510500,0.08978339844113555
2019-01-20,510050,0.09008090299364431
2019-01-20,159901,0.08765786267845904
2019-01-20,512010,0.07044409894422869
2019-01-20,512880,0.06618365334495965
2019-01-20,512000,0.06777898726028438
2019-01-20,512120,0.07502123588094516
2019-01-20,518880,0.2625993488007358
2019-01-20,513100,0.10528533384801204
2019-01-27,510300,0.1203458338861788
2019-01-27,510500,0.1280858300228543
2019-01-27,510050,0.12536049982753722
2019-01-27,159901,0.1265521140090605
2019-01-27,512880,0.09095521468761705
2019-01-27,512000,0.09319301990452573
2019-01-27,512660,0.12818789346796314
2019-01-27,510900,0.18731959419426325
2019-02-03,510300,0.10231524496358406
2019-02-03,510500,0.10882356902824222
2019-02-03,510050,0.10672109770251721
2019-02-03,159901,0.10758590775949513
2019-02-03,512880,0.07715449902097538
2019-02-03,512000,0.07903522690585388
2019-02-03,512660,0.10898754313558273
2019-02-03,510900,0.15798666885618892
2019-02-03,159920,0.15139024262756032
2019-02-17,510300,0.10097925720107649
2019-02-17,510500,0.10898165486867013
2019-02-17,510050,0.10550182720332031
2019-02-17,159901,0.10526004846064027
2019-02-17,512880,0.0769019052085687
2019-02-17,512000,0.07878187597069047
2019-02-17,512660,0.1099646724998221
2019-02-17,510900,0.16113640183916408
2019-02-17,159920,0.15249235674804743
2019-02-24,510300,0.10099774434818447
2019-02-24,510500,0.10693636112087655
2019-02-24,510050,0.10209501012660578
2019-02-24,512880,0.07334203701143562
2019-02-24,512000,0.07502527888725576
2019-02-24,512800,0.13213763920030747
2019-02-24,512660,0.12235479233222428
2019-02-24,159920,0.14358969489357795
2019-02-24,513500,0.14352144207953207
2019-03-03,510300,0.1343463668215307
2019-03-03,510500,0.1375440590001529
2019-03-03,510050,0.14238607936081396
2019-03-03,512800,0.1846703218416787
2019-03-03,159920,0.2004698387798474
2019-03-03,513500,0.20058333419597635
2019-03-10,510300,0.12218621972329803
2019-03-10,510500,0.12201549003358109
2019-03-10,510050,0.12632430162640507
2019-03-10,512800,0.1494129720885545
2019-03-10,512980,0.10567585553448114
2019-03-10,159920,0.19470472672963407
2019-03-10,513500,0.1796804342640461
2019-03-17,510300,0.09752357501393544
2019-03-17,510500,0.09632307996151414
2019-03-17,510050,0.09774793433799872
2019-03-17,512800,0.11467569406302247
2019-03-17,512980,0.08225098828495443
2019-03-17,159920,0.15751470926267808
2019-03-17,513050,0.08567780447737774
2019-03-17,518880,0.2682862145985189
2019-03-24,510300,0.08557695575127229
2019-03-24,510500,0.08498498437554068
2019-03-24,510050,0.08552283902287701
2019-03-24,512800,0.10093405428156774
2019-03-24,512980,0.07269211276386144
2019-03-24,159920,0.13466388953155456
2019-03-24,513050,0.07560884328248892
2019-03-24,518880,0.2600982975759967
2019-03-24,513100,0.09991802341484063
2019-03-31,510300,0.0764891550350178
2019-03-31,510500,0.07340503699143579
2019-03-31,510050,0.07671303491792794
2019-03-31,512880,0.04609970782578026
2019-03-31,512800,0.09025246255164839
2019-03-31,512980,0.06263875824769943
2019-03-31,510900,0.12454057877897612
2019-03-31,159920,0.12687509721610077
2019-03-31,513050,0.06954796437775253
2019-03-31,518880,0.253438204057661
2019-04-07,510300,0.07748698734940815
2019-04-07,510500,0.07432664506927032
2019-04-07,510050,0.07703833670529607
2019-04-07,512880,0.046506538074648336
2019-04-07,512800,0.09030687874780306
2019-04-07,512200,0.06963128111430938
2019-04-07,512980,0.06116396442463447
2019-04-07,510900,0.1238963435041527
2019-04-07,159920,0.12699802899851984
2019-04-07,518880,0.2526449960119576
2019-04-14,510300,0.07748039190551394
2019-04-14,510500,0.07067402226656716
2019-04-14,510050,0.07989934302713353
2019-04-14,512880,0.04553559800883841
2019-04-14,512800,0.09109590411451073
2019-04-14,512200,0.06815633677700172
2019-04-14,512980,0.05960063228776921
2019-04-14,510900,0.13052029891565203
2019-04-14,159920,0.12537494039364414
2019-04-14,518880,0.2516625323033691
2019-04-21,510300,0.09588751106981283
2019-04-21,510500,0.08711187680712862
2019-04-21,510050,0.10007423472191651
2019-04-21,512880,0.05571577305713229
2019-04-21,512000,0.05567601933921348
2019-04-21,512800,0.11402701988675373
2019-04-21,512200,0.0892437427420417
2019-04-21,512400,0.07868874530461553
2019-04-21,510900,0.16489510752954917
2019-04-21,159920,0.15867996954183622
2019-04-28,510500,0.08339991232218583
2019-04-28,510050,0.09337445590158054
2019-04-28,512880,0.053251509180739655
2019-04-28,512000,0.05317969803446593
2019-04-28,512800,0.1064443094621373
2019-04-28,512400,0.07528392892471993
2019-04-28,510900,0.15679345335846895
2019-04-28,159920,0.1519395292355077
2019-04-28,513500,0.12892025670176008
2019-04-28,159941,0.09741294687843412
2019-05-05,510500,0.08249642547121522
2019-05-05,510050,0.09234677148860676
2019-05-05,159901,0.09518007227838242
2019-05-05,512880,0.05550203897844769
2019-05-05,512000,0.05554421397508252
2019-05-05,512800,0.10476482992871056
2019-05-05,512660,0.08897242144777548
2019-05-05,510900,0.15939984797168588
2019-05-05,159920,0.1580380677571737
2019-05-05,513100,0.10775531070291983
2019-05-12,510500,0.07965387581948626
2019-05-12,510050,0.08991371623096407
2019-05-12,159901,0.09224199718901847
2019-05-12,512880,0.05839656470705746
2019-05-12,512000,0.05805705200677499
2019-05-12,512800,0.10317191189259342
2019-05-12,512660,0.0859611491247462
2019-05-12,510900,0.15731650313031484
2019-05-12,159920,0.16495074251538183
2019-05-12,513100,0.11033648738366257
2019-05-19,510500,0.0884957857373004
2019-05-19,510050,0.09498010127444383
2019-05-19,159901,0.10058005799853079
2019-05-19,512010,0.09957308517333652
2019-05-19,159928,0.11043710451649466
2019-05-19,512880,0.06372369991606375
2019-05-19,512000,0.06347828521219868
2019-05-19,512800,0.10959907722695834
2019-05-19,512200,0.09771438044334109
2019-05-19,510900,0.17141842250133194
2019-05-26,510300,0.1031823403360324
2019-05-26,510500,0.09488246586548855
2019-05-26,510050,0.10600250967577844
2019-05-26,159915,0.10203583718887739
2019-05-26,159901,0.11011984966666127
2019-05-26,512010,0.10784359783833031
2019-05-26,159928,0.1176244331896473
2019-05-26,512880,0.06773046709700692
2019-05-26,512000,0.06753921902335937
2019-05-26,512800,0.12303928011881819
2019-06-02,510300,0.1034093793372689
2019-06-02,510500,0.10033946334698783
2019-06-02,510050,0.10549851691511858
2019-06-02,159915,0.10610284870105618
2019-06-02,159901,0.11192424710586137
2019-06-02,512010,0.10601546568135219
2019-06-02,159928,0.10247191474955536
2019-06-02,512880,0.07084576538364348
2019-06-02,512000,0.0703991926600431
2019-06-02,512800,0.12299320611911313
2019-06-09,510300,0.1045752467217645
2019-06-09,510500,0.1051264374106159
2019-06-09,510050,0.10427115678658969
2019-06-09,159915,0.1088742746854367
2019-06-09,159901,0.11378266401375407
2019-06-09,512010,0.10244414388078872
2019-06-09,159928,0.10030725432777422
2019-06-09,512880,0.07063823066277877
2019-06-09,512000,0.07000901836449101
2019-06-09,512800,0.11997157314600633
2019-06-16,510300,0.10601422785148594
2019-06-16,510500,0.10296452744370879
2019-06-16,510050,0.10631286372510396
2019-06-16,159915,0.10755696038277149
2019-06-16,159901,0.11283935801518877
2019-06-16,512010,0.09853187192693885
2019-06-16,159928,0.09949276017773641
2019-06-16,512880,0.07214439584336743
2019-06-16,512000,0.07150238270411013
2019-06-16,512800,0.12264065192958822
2019-06-23,510300,0.09954729506179745
2019-06-23,510500,0.09672979324425694
2019-06-23,510050,0.09961703076546835
2019-06-23,159915,0.10139451596628465
2019-06-23,159901,0.10593304285185287
2019-06-23,159928,0.09315914846265944
2019-06-23,512880,0.06856790340403447
2019-06-23,512000,0.06794363966430553
2019-06-23,512980,0.0837415685955157
2019-06-23,510900,0.1833660619838248
2019-06-30,510300,0.10930084189628153
2019-06-30,510500,0.10761047523781193
2019-06-30,510050,0.10787517386459465
2019-06-30,159915,0.11183875601599418
2019-06-30,159901,0.11803757320384112
2019-06-30,159928,0.10582733602513357
2019-06-30,512880,0.07377252817281374
2019-06-30,512000,0.07352276276529468
2019-06-30,512400,0.09957559324771721
2019-06-30,512980,0.09263895957051754
2019-07-07,510300,0.10282714992645973
2019-07-07,510500,0.09634130813943939
2019-07-07,510050,0.10252089216526193
2019-07-07,159915,0.10026650204279175
2019-07-07,512880,0.06584471050428622
2019-07-07,512000,0.06556868829040431
2019-07-07,512980,0.08141727611543996
2019-07-07,510900,0.17876247045089874
2019-07-07,159920,0.20645100236501795
2019-07-14,510300,0.10328554646567309
2019-07-14,510500,0.09675519725218507
2019-07-14,510050,0.1028442830998437
2019-07-14,159915,0.10014092416757021
2019-07-14,512010,0.10642066635531809
2019-07-14,512880,0.06583603622878854
2019-07-14,512000,0.06555608970684845
2019-07-14,512660,0.09659787581245732
2019-07-14,512980,0.08192107921123289
2019-07-14,510900,0.1806423017000826
2019-07-21,510300,0.10184546459323564
2019-07-21,510500,0.09452225253372713
2019-07-21,510050,0.1016411146237374
2019-07-21,159915,0.09942678709283
2019-07-21,512010,0.10978851736113689
2019-07-21,512880,0.06890787989517577
2019-07-21,512000,0.0686184171171086
2019-07-21,512660,0.09624174135866283
2019-07-21,512980,0.08041226318485248
2019-07-21,510900,0.1785955622395332
2019-07-28,510300,0.10176006186011193
2019-07-28,510500,0.09464000607751262
2019-07-28,510050,0.1011644975423678
2019-07-28,159915,0.09905145422451389
2019-07-28,512010,0.10822798752281183
2019-07-28,512880,0.06875832692237722
2019-07-28,512000,0.06844057313420478
2019-07-28,512660,0.09666352003406041
2019-07-28,512980,0.08058116938913014
2019-07-28,510900,0.18071240329290944
2019-08-04,510300,0.10684772171473352
2019-08-04,510500,0.09896974026898231
2019-08-04,510050,0.10642165228622545
2019-08-04,512010,0.11746212166053313
2019-08-04,512880,0.07169521000235778
2019-08-04,512000,0.07134636502797632
2019-08-04,512660,0.10086836708652902
2019-08-04,512120,0.11115919900703235
2019-08-04,159920,0.21522962294563017
2019-08-11,510300,0.09891053905121801
2019-08-11,510500,0.09372793159247671
2019-08-11,510050,0.09821770915396337
2019-08-11,512010,0.11017969312794457
2019-08-11,512880,0.0664917343046454
2019-08-11,512000,0.0661002755918458
2019-08-11,512400,0.0853282703503261
2019-08-11,512660,0.09464011640558057
2019-08-11,512120,0.10527271627881084
2019-08-11,159920,0.18113101414318863
2019-08-18,510300,0.117039789910949
2019-08-18,510500,0.10937911199287659
2019-08-18,510050,0.11679507801854863
2019-08-18,512010,0.13308410557373804
2019-08-18,512000,0.07824443256427507
2019-08-18,512400,0.10326167544548269
2019-08-18,512120,0.12671202150082755
2019-08-18,159920,0.21548378499330245
2019-08-25,510300,0.08873305414737508
2019-08-25,510500,0.0827230203283092
2019-08-25,510050,0.08867901454815288
2019-08-25,512010,0.09968204426021972
2019-08-25,512000,0.05952366205171204
2019-08-25,512200,0.08937361385929671
2019-08-25,512400,0.078625580527965
2019-08-25,512120,0.09374567270505804
2019-08-25,510900,0.15769292142626642
2019-08-25,159920,0.1612214161456449
2019-09-01,510300,0.08720090330288388
2019-09-01,510500,0.08129153764959146
2019-09-01,510050,0.0844220793981071
2019-09-01,512010,0.09001606414918865
2019-09-01,512000,0.07393996176098339
2019-09-01,512200,0.08474820221815839
2019-09-01,512120,0.08660477204485988
2019-09-01,510900,0.15325790411474938
2019-09-01,159920,0.15042979902007547
2019-09-01,513050,0.10808877634140238
2019-09-08,510300,0.08438510550462974
2019-09-08,510500,0.07664836558001127
2019-09-08,510050,0.08258296722059594
2019-09-08,512010,0.08625086494892385
2019-09-08,512000,0.06946289179405886
2019-09-08,512200,0.07986025024044009
2019-09-08,510900,0.13722763238646582
2019-09-08,159920,0.13229989862882752
2019-09-08,513050,0.09710723700239161
2019-09-08,518880,0.15417478669365528
2019-09-15,510300,0.09233423960892131
2019-09-15,510500,0.08359371384684516
2019-09-15,510050,0.09486256635404622
2019-09-15,159915,0.0945848509478393
2019-09-15,512010,0.09770723002487051
2019-09-15,512880,0.07228502345262594
2019-09-15,512000,0.07186212911174125
2019-09-15,510900,0.14806041859183627
2019-09-15,159920,0.14003695618140805
2019-09-15,513050,0.10467287187986607
2019-09-22,510300,0.09263173333227777
2019-09-22,510500,0.08322980670456258
2019-09-22,510050,0.09543108185608283
2019-09-22,159915,0.09412571681261873
2019-09-22,512010,0.09953586259812969
2019-09-22,512880,0.07095837582517962
2019-09-22,512000,0.07061497806566293
2019-09-22,510900,0.14731854050158402
2019-09-22,159920,0.1425059713634064
2019-09-22,513050,0.10364793294049551
2019-09-29,510300,0.09385598560613338
2019-09-29,510500,0.08790776506163085
2019-09-29,510050,0.09556185445579221
2019-09-29,159915,0.09516873971457619
2019-09-29,512010,0.1025931848062709
2019-09-29,512880,0.07023851963058018
2019-09-29,512000,0.07007029038713192
2019-09-29,510900,0.140749539476409
2019-09-29,159920,0.13991729520871835
2019-09-29,513050,0.10393682565275703
2019-10-06,510300,0.09410554865221396
2019-10-06,510500,0.08718250280162361
2019-10-06,510050,0.09651220512557883
2019-10-06,159915,0.09446953776005673
2019-10-06,512010,0.1025640751785578
2019-10-06,512880,0.07093994534529358
2019-10-06,512000,0.07057364990331914
2019-10-06,510900,0.1406187917216512
2019-10-06,159920,0.1400057546107194
2019-10-06,513050,0.10302798890098591
2019-10-13,510300,0.09679558101582286
2019-10-13,510500,0.09093591614515949
2019-10-13,510050,0.09693340763247957
2019-10-13,159915,0.09532310684434243
2019-10-13,512010,0.09919690834196378
2019-10-13,512880,0.07109847713864932
2019-10-13,512000,0.07156232315903613
2019-10-13,510900,0.13815429055293058
2019-10-13,159920,0.13956794481699353
2019-10-13,513050,0.10043204435262232
2019-10-20,510300,0.09453175662480091
2019-10-20,510500,0.08920031159780528
2019-10-20,510050,0.0943941979584782
2019-10-20,159915,0.0972122405945695
2019-10-20,159901,0.09881661257263476
2019-10-20,512010,0.09715563639450628
2019-10-20,512880,0.07189733175035923
2019-10-20,512800,0.11909444221656425
2019-10-20,159920,0.13772869569285712
2019-10-20,513050,0.09996877459742456
2019-10-27,510300,0.09694239043087746
2019-10-27,510500,0.08903353738925121
2019-10-27,510050,0.09782396404683705
2019-10-27,159915,0.09675717628252944
2019-10-27,512010,0.09609073811559715
2019-10-27,159928,0.09583826530041248
2019-10-27,512880,0.07095567433631514
2019-10-27,512800,0.12453005482947341
2019-10-27,512200,0.09582221462091396
2019-10-27,159920,0.13620598464779263
2019-11-03,510300,0.11161470066257634
2019-11-03,510500,0.10066512337603602
2019-11-03,510050,0.10866261086022391
2019-11-03,512690,0.027345424832855448
2019-11-03,159928,0.09890162404627724
2019-11-03,512800,0.142036246313506
2019-11-03,159920,0.14152547861836787
2019-11-03,513050,0.10130795819567284
2019-11-03,518880,0.16794083309448424
2019-11-10,510300,0.10612777301100676
2019-11-10,510500,0.09729732855928697
2019-11-10,510050,0.1044642388507366
2019-11-10,512690,0.026470996845708177
2019-11-10,159928,0.09460229378947015
2019-11-10,512000,0.07228889266975498
2019-11-10,512800,0.13819776268162937
2019-11-10,512980,0.08942326596481283
2019-11-10,510900,0.13621081359052636
2019-11-10,159920,0.13491663403706783
2019-11-17,510300,0.10869774970213104
2019-11-17,510500,0.09571807445977495
2019-11-17,510050,0.10926892445438326
2019-11-17,512690,0.02524101032858142
2019-11-17,159928,0.09070150147850317
2019-11-17,512000,0.07186128790440807
2019-11-17,512800,0.14487387125027057
2019-11-17,512980,0.08581993563632452
2019-11-17,510900,0.1378924403936658
2019-11-17,159920,0.12992520439195726
2019-11-24,510300,0.1172718744159528
2019-11-24,510500,0.10364887873476325
2019-11-24,510050,0.11874598002506483
2019-11-24,159901,0.11517817228593265
2019-11-24,512690,0.027807381457415403
2019-11-24,159928,0.10597949347733873
2019-11-24,512880,0.07927534101893677
2019-11-24,512000,0.07977702071287886
2019-11-24,512800,0.15428502288173385
2019-11-24,512980,0.09803083498998288
2019-12-01,510300,0.11143096821670713
2019-12-01,510500,0.09860491367268776
2019-12-01,510050,0.11178633870662694
2019-12-01,159901,0.11021940427215729
2019-12-01,512690,0.027350882041230228
2019-12-01,512010,0.10084337722986007
2019-12-01,159928,0.11976290516031668
2019-12-01,512880,0.07472337397077024
2019-12-01,512800,0.142890214333171
2019-12-01,512200,0.10238762239647266
2019-12-08,510300,0.12444036293730268
2019-12-08,510500,0.11049921958694868
2019-12-08,510050,0.12445402907211568
2019-12-08,159901,0.12351996304176573
2019-12-08,512760,0.08013213547396135
2019-12-08,512480,0.08184239007795076
2019-12-08,512690,0.030271360250135604
2019-12-08,512010,0.10890794503341107
2019-12-08,159928,0.13246510183328508
2019-12-08,512880,0.08346749269312338
2019-12-15,510300,0.1309537214217158
2019-12-15,510500,0.12190123802085968
2019-12-15,510050,0.13001066924185656
2019-12-15,159901,0.1331994065328546
2019-12-15,512760,0.07728755067547473
2019-12-15,512480,0.07974864291253193
2019-12-15,512690,0.034201131970385226
2019-12-15,513050,0.12644355937794763
2019-12-15,518880,0.1662540798463738
2019-12-22,510300,0.12879601850131905
2019-12-22,510500,0.11938399012737398
2019-12-22,510050,0.1277749813725876
2019-12-22,159901,0.1310159545285318
2019-12-22,512760,0.07321378736650615
2019-12-22,159920,0.1337662485241581
2019-12-22,513050,0.12559399067889682
2019-12-22,518880,0.16045502890062652
2019-12-29,510300,0.11628586025380269
2019-12-29,510500,0.10126589451769555
2019-12-29,510050,0.12186396089144699
2019-12-29,159901,0.11119075836550174
2019-12-29,512760,0.059028640255901786
2019-12-29,159920,0.1173023690303883
2019-12-29,513050,0.1025452844257884
2019-12-29,518880,0.1309610437552048
2019-12-29,159941,0.1395561885042698
2020-01-05,510300,0.11566054001457603
2020-01-05,510500,0.101257630006765
2020-01-05,510050,0.12126487549964247
2020-01-05,159901,0.11036212382500084
2020-01-05,512760,0.05887341743718214
2020-01-05,512880,0.07582096820323309
2020-01-05,512000,0.07523880912797569
2020-01-05,159920,0.11576597047539679
2020-01-05,513050,0.09683048364623881
2020-01-05,518880,0.1289251817639891
2020-01-12,510300,0.10959560035908843
2020-01-12,510500,0.09532312025113494
2020-01-12,510050,0.11712641714702794
2020-01-12,512760,0.057367337136560656
2020-01-12,512880,0.07034544006152756
2020-01-12,512000,0.06952182048334396
2020-01-12,159920,0.11515792305175324
2020-01-12,513050,0.09542170605555796
2020-01-12,518880,0.12476725551369766
2020-01-12,159941,0.14537337994030766
2020-01-19,510300,0.11691801139595039
2020-01-19,510500,0.10412951044280769
2020-01-19,510050,0.12410731479003745
2020-01-19,512760,0.06137680783754414
2020-01-19,512880,0.07375316423827594
2020-01-19,512000,0.07283969207963825
2020-01-19,512400,0.09399583817858863
2020-01-19,159920,0.12135383752994906
2020-01-19,513050,0.10111352185847386
2020-01-19,518880,0.13041230164873457
2020-01-26,510300,0.12274652472182997
2020-01-26,510500,0.10947098500205404
2020-01-26,510050,0.12999494337273879
2020-01-26,512760,0.0631051762269443
2020-01-26,512480,0.06538222084612846
2020-01-26,512010,0.12685677911413984
2020-01-26,512880,0.0777392488899744
2020-01-26,512000,0.07682191113197363
2020-01-26,512400,0.09962629392739845
2020-01-26,159920,0.1282559167668182
2020-02-09,510300,0.12417094488497832
2020-02-09,510500,0.11566805698712766
2020-02-09,510050,0.13149172346870064
2020-02-09,512760,0.06687558729011307
2020-02-09,512480,0.0659262445314914
2020-02-09,512010,0.13630896816985008
2020-02-09,512880,0.08300274439103607
2020-02-09,512000,0.08200623102915233
2020-02-09,512400,0.1044873413692785
2020-02-09,512980,0.09006215787827201
2020-02-16,510300,0.13248958660994875
2020-02-16,510500,0.11967402256989688
2020-02-16,510050,0.14122674670539637
2020-02-16,512760,0.06882415033616607
2020-02-16,512480,0.06765446698760073
2020-02-16,512690,0.04058686047172192
2020-02-16,512010,0.14586951516162458
2020-02-16,512880,0.08916223722670857
2020-02-16,512000,0.08827480079914848
2020-02-16,512400,0.10623761313178762
2020-02-23,510300,0.12998508018519853
2020-02-23,510500,0.12349744739897381
2020-02-23,510050,0.1379994184328207
2020-02-23,512760,0.06849556558102796
2020-02-23,512690,0.03870918919688499
2020-02-23,512170,0.11199863160505344
2020-02-23,512010,0.13806785289750642
2020-02-23,512880,0.08720762969345228
2020-02-23,512000,0.08661312939683369
2020-02-23,512400,0.07742605561224837
2020-03-01,510300,0.12105839586837547
2020-03-01,510500,0.1068487110744452
2020-03-01,510050,0.13438209051096106
2020-03-01,512760,0.05820340478244892
2020-03-01,512690,0.04080470605346757
2020-03-01,512170,0.11204614068830603
2020-03-01,512010,0.14209248957345283
2020-03-01,512880,0.0717957443729814
2020-03-01,512000,0.07168328298947631
2020-03-01,510900,0.1410850340860853
2020-03-08,510300,0.11661089416074676
2020-03-08,510500,0.10311936972080359
2020-03-08,510050,0.13265495623714837
2020-03-08,512760,0.05398617914734774
2020-03-08,512690,0.038479616425742345
2020-03-08,512170,0.12329152256420312
2020-03-08,512010,0.1496204442005307
2020-03-08,512880,0.07249752960150388
2020-03-08,512000,0.07224179903771324
2020-03-08,510900,0.13749768890426017
2020-03-15,510300,0.11893455124885877
2020-03-15,510500,0.10656546338478522
2020-03-15,510050,0.13281181167262052
2020-03-15,512760,0.058143969387689856
2020-03-15,512690,0.03786800433886288
2020-03-15,512170,0.11646641382364202
2020-03-15,512010,0.12865468733245805
2020-03-15,512880,0.07524802907071554
2020-03-15,512000,0.0747750113806606
2020-03-15,510900,0.1505320583597064
2020-03-22,510300,0.12428188341471316
2020-03-22,510500,0.11683525378525961
2020-03-22,510050,0.14130861700587655
2020-03-22,159915,0.10805797061567081
2020-03-22,159901,0.11411211923347987
2020-03-22,512760,0.06590948304355687
2020-03-22,512480,0.0643751242506979
2020-03-22,512690,0.04012151745374815
2020-03-22,512170,0.10618002537104718
2020-03-22,512010,0.11881800582594977
2020-03-29,512980,0.08829196754309362
2020-03-29,513100,0.08676094843167709
2020-03-29,513500,0.11147473885213148
2020-03-29,159941,0.09366913584866646
2020-03-29,159901,0.0889615289016454
2020-03-29,513880,0.11298450059004415
2020-03-29,513050,0.11620650951349247
2020-03-29,512660,0.07909746439337668
2020-03-29,159920,0.1253874717580666
2020-03-29,510500,0.09716573416780616
2020-04-05,161226,0.06102552424355962
2020-04-05,513520,0.09995111567674474
2020-04-05,518800,0.1260277525020108
2020-04-05,512690,0.029324815927013612
2020-04-05,512800,0.1298262716511089
2020-04-05,513880,0.09913897284872798
2020-04-05,159928,0.0950246065104527
2020-04-05,513500,0.11128485671009193
2020-04-05,518880,0.12589915116403216
2020-04-05,159920,0.12249693276625767
2020-04-12,518880,0.13892589714847473
2020-04-12,159901,0.09991717744579004
2020-04-12,512480,0.057778313978583545
2020-04-12,159915,0.10027326448392432
2020-04-12,518800,0.13904034942738908
2020-04-12,512760,0.058810853422444166
2020-04-12,510500,0.11067024775245335
2020-04-12,510050,0.11866322930113073
2020-04-12,510300,0.10813087673529813
2020-04-12,161226,0.06778979030451197
2020-04-19,513520,0.0968564414732924
2020-04-19,513500,0.10418208580209819
2020-04-19,512690,0.03088495994895048
2020-04-19,159901,0.09603088597814922
2020-04-19,510500,0.10611157780231366
2020-04-19,518800,0.13160539081855982
2020-04-19,159915,0.09640843218282284
2020-04-19,510050,0.11352670484144127
2020-04-19,512660,0.08600951421801788
2020-04-19,512800,0.13838400693435432
2020-04-26,512010,0.09849215551321822
2020-04-26,510500,0.10480688986835389
2020-04-26,513520,0.09264032224624226
2020-04-26,513500,0.09964485592684309
2020-04-26,518800,0.12884665683655588
2020-04-26,510300,0.103212002739036
2020-04-26,515050,0.07672070998299438
2020-04-26,512660,0.0841999991117197
2020-04-26,518880,0.12861358976794832
2020-04-26,513100,0.08282281800708827
2020-05-03,512010,0.10923902334940463
2020-05-03,510500,0.11708929849084172
2020-05-03,510300,0.11444625751742263
2020-05-03,512760,0.06102342720410955
2020-05-03,513520,0.10277372166116004
2020-05-03,513500,0.10910471234998789
2020-05-03,512660,0.09493241798481136
2020-05-03,512480,0.059144618351770616
2020-05-03,518800,0.14077743943331592
2020-05-03,513100,0.09146908365717557
2020-05-10,512120,0.1107497360580312
2020-05-10,159928,0.10025746967054092
2020-05-10,513500,0.09634643598566484
2020-05-10,510500,0.10983141746264455
2020-05-10,512010,0.10276277609605501
2020-05-10,510300,0.1053451228808857
2020-05-10,513520,0.09282024578895569
2020-05-10,518800,0.13208688941442176
2020-05-10,512760,0.05588080053525374
2020-05-10,512980,0.09391910610754675
2020-05-17,512120,0.11635514924067136
2020-05-17,512010,0.10930501566840337
2020-05-17,159901,0.10279039619143096
2020-05-17,159928,0.10495575192652469
2020-05-17,512480,0.0567609260334927
2020-05-17,513500,0.10090662967280208
2020-05-17,512760,0.05845588477014424
2020-05-17,510500,0.11416537347286358
2020-05-17,512980,0.09774230235937284
2020-05-17,518880,0.13856257066429414
2020-05-24,512120,0.12273577457490915
2020-05-24,512010,0.11529301293578097
2020-05-24,512760,0.061366426860138414
2020-05-24,159928,0.1101340713733604
2020-05-24,512480,0.059527822941140826
2020-05-24,159901,0.10813312339554598
2020-05-24,513500,0.1059484833051599
2020-05-24,513050,0.12784624552824278
2020-05-24,512980,0.10299831944242528
2020-05-24,513100,0.08601671964329624
2020-05-31,512010,0.11814137648708418
2020-05-31,512760,0.060796372437468923
2020-05-31,159928,0.11330291947770424
2020-05-31,159901,0.11090399745112987
2020-05-31,513500,0.10795395808459868
2020-05-31,515050,0.07947217923003523
2020-05-31,510900,0.1328896035888198
2020-05-31,510050,0.12895760199400633
2020-05-31,512480,0.05925899269722642
2020-05-31,513100,0.08832299855192631
2020-06-07,512170,0.09844718036875208
2020-06-07,512010,0.11111466108064835
2020-06-07,159928,0.10462173616092973
2020-06-07,513500,0.09745464346093377
2020-06-07,515050,0.07300378959457819
2020-06-07,512760,0.05606982627054784
2020-06-07,159920,0.12875911503775503
2020-06-07,510500,0.11265110157659572
2020-06-07,513050,0.12123422772400036
2020-06-07,512980,0.09664371872525897
2020-06-14,515050,0.07928382493414383
2020-06-14,512760,0.06330089080199112
2020-06-14,512880,0.09465910120612774
2020-06-14,515880,0.09619723605894066
2020-06-14,513050,0.1314401616583562
2020-06-14,512010,0.12808633863509938
2020-06-14,513880,0.10251061814144306
2020-06-14,512480,0.06112379538679686
2020-06-14,159928,0.12061058813525244
2020-06-14,510300,0.1227874450418488
2020-06-21,512010,0.1121270577534562
2020-06-21,512170,0.10337313474316161
2020-06-21,159928,0.10709330578909317
2020-06-21,512690,0.03308010585360562
2020-06-21,510300,0.10957876240218352
2020-06-21,513050,0.11643118956612816
2020-06-21,512880,0.0842826632947965
2020-06-21,510900,0.11847629303887491
2020-06-21,512980,0.09726961247199686
2020-06-21,510050,0.11828787508670324
2020-06-28,512010,0.10856950330260243
2020-06-28,510300,0.11104943129330563
2020-06-28,512690,0.03378041913170306
2020-06-28,512170,0.10262571068127996
2020-06-28,513050,0.11423799312742527
2020-06-28,510050,0.12148318792022535
2020-06-28,159928,0.10873561988399626
2020-06-28,512980,0.09923033102872177
2020-06-28,510500,0.11298118476537246
2020-06-28,515880,0.08730661886536792
2020-07-05,512880,0.08583189478078515
2020-07-05,512000,0.08453699474594575
2020-07-05,512010,0.10957384262692586
2020-07-05,510900,0.12506335976750824
2020-07-05,510050,0.12193904925164148
2020-07-05,512170,0.1038443503073398
2020-07-05,512690,0.03406999184436678
2020-07-05,510300,0.11163422571286487
2020-07-05,510500,0.11441153770589725
2020-07-05,159928,0.10909475325672478
2020-07-12,512010,0.12184496349799102
2020-07-12,512170,0.11755474477683728
2020-07-12,512690,0.036548120180887024
2020-07-12,512980,0.11349264633109725
2020-07-12,515880,0.09589284100694738
2020-07-12,159941,0.09264005593779229
2020-07-12,513050,0.12604286133892012
2020-07-12,513100,0.09296669104479972
2020-07-12,510500,0.12326008970248495
2020-07-12,161226,0.07975698618224292
2020-07-19,512010,0.11231849013812603
2020-07-19,512690,0.035943167444757056
2020-07-19,512170,0.10857224575747973
2020-07-19,515050,0.07542771624586987
2020-07-19,512980,0.10500150776771974
2020-07-19,513050,0.11593537373579667
2020-07-19,159941,0.09225757267401351
2020-07-19,161226,0.07945192677286313
2020-07-19,510500,0.10650302055142695
2020-07-19,518800,0.16858897891194735
2020-07-26,159901,0.10695520029534764
2020-07-26,512120,0.13127856060205836
2020-07-26,512010,0.11903197240683862
2020-07-26,512690,0.03804506038683712
2020-07-26,512170,0.11376932314987842
2020-07-26,512980,0.10826511958863577
2020-07-26,515050,0.07591574482411662
2020-07-26,161226,0.08433536785792954
2020-07-26,513050,0.11501456224688686
2020-07-26,510500,0.10738908864147104
2020-08-02,159901,0.11230670411618873
2020-08-02,512120,0.13841609504025157
2020-08-02,512400,0.08545550071858127
2020-08-02,512690,0.0399197057471209
2020-08-02,515050,0.07888869518379889
2020-08-02,512170,0.11968116664780097
2020-08-02,512980,0.11207885704504
2020-08-02,161226,0.07864025010629229
2020-08-02,513050,0.1216162455865701
2020-08-02,510500,0.11299677980835535
2020-08-09,512480,0.060512888820896144
2020-08-09,510500,0.1152410107585645
2020-08-09,159901,0.11499209943233796
2020-08-09,512170,0.12160388671450215
2020-08-09,512400,0.08820570429219804
2020-08-09,512760,0.06250702173769906
2020-08-09,512690,0.042717913056229816
2020-08-09,513050,0.12609774583603556
2020-08-09,513100,0.1076278941547756
2020-08-09,512800,0.16049383519676122
2020-08-16,510500,0.11213173426121163
2020-08-16,512760,0.06086374393602432
2020-08-16,512480,0.058921936567110964
2020-08-16,159901,0.11129522749411803
2020-08-16,512170,0.1163293826342524
2020-08-16,512400,0.08431802982009311
2020-08-16,513050,0.12265016760313077
2020-08-16,512690,0.04059580137923299
2020-08-16,510900,0.14661900309558515
2020-08-16,159920,0.1462749732092407
2020-08-23,512010,0.1059614661436809
2020-08-23,510500,0.10644973278445567
2020-08-23,512690,0.038623774962022406
2020-08-23,512170,0.10718571071096625
2020-08-23,513100,0.10630394120983203
2020-08-23,512760,0.058200149121885536
2020-08-23,513050,0.11606591131536201
2020-08-23,518800,0.14146951192345936
2020-08-23,512400,0.082707756660962
2020-08-23,159920,0.1370320451673739
2020-08-30,510500,0.11450186737767465
2020-08-30,513050,0.11826305493567857
2020-08-30,513100,0.11493308726762833
2020-08-30,512010,0.10765652540923101
2020-08-30,512170,0.10983731696868947
2020-08-30,512760,0.0642241369085916
2020-08-30,512690,0.040272597108618975
2020-08-30,512660,0.0765816902113849
2020-08-30,159920,0.13985163099116504
2020-08-30,510300,0.1138780928213374
2020-09-06,513100,0.1063150433074286
2020-09-06,513050,0.12124320680949115
2020-09-06,159928,0.12283510418092931
2020-09-06,159915,0.10457767626500364
2020-09-06,512170,0.10789554146846277
2020-09-06,510500,0.12372112558500116
2020-09-06,512660,0.0806056730682813
2020-09-06,512690,0.04322337230828847
2020-09-06,512760,0.06846261728583274
2020-09-06,510300,0.12112063972128093
2020-09-13,513100,0.10591105544482743
2020-09-13,159928,0.12762582132634334
2020-09-13,513050,0.11435405620722046
2020-09-13,159915,0.10594226463143643
2020-09-13,512760,0.0683285318699518
2020-09-13,512690,0.044634845541386074
2020-09-13,512170,0.11009490652137323
2020-09-13,512660,0.08115614211191875
2020-09-13,510500,0.12683944692817367
2020-09-13,513880,0.11511292941736895
2020-09-20,518880,0.11986975120607549
2020-09-20,159920,0.12241334302685798
2020-09-20,512200,0.09255208652485397
2020-09-20,518800,0.12011386342048559
2020-09-20,512880,0.05867590742889069
2020-09-20,510900,0.12439670210774068
2020-09-20,510300,0.0970940342713986
2020-09-20,512800,0.12085650493383879
2020-09-20,515220,0.07541917877616318
2020-09-20,515030,0.06860862830369514
2020-09-27,512010,0.10399483953616398
2020-09-27,518800,0.14655883007681958
2020-09-27,515220,0.08803708411579146
2020-09-27,512120,0.10976628068545245
2020-09-27,512690,0.04884175445710972
2020-09-27,518880,0.1461279628823278
2020-09-27,513100,0.09259367251464845
2020-09-27,515030,0.08371308316679524
2020-09-27,512170,0.1046305553489092
2020-09-27,515050,0.07573593721598212
2020-10-04,512120,0.1178456358551916
2020-10-04,510900,0.1570116405121759
2020-10-04,512010,0.11357674522858655
2020-10-04,515050,0.07915570601648045
2020-10-04,512660,0.07194652325170459
2020-10-04,159915,0.09792189889964897
2020-10-04,512980,0.10772719460363009
2020-10-04,512880,0.07087290944811454
2020-10-04,512000,0.07227640268005546
2020-10-04,512170,0.11166534350441158
2020-10-11,159941,0.10220352708758496
2020-10-11,512660,0.08355742073379588
2020-10-11,515030,0.0988012041650242
2020-10-11,513100,0.10561970126797018
2020-10-11,512880,0.08225315668145927
2020-10-11,513500,0.14821499527708404
2020-10-11,513050,0.1190556162780824
2020-10-11,512690,0.0627589045400703
2020-10-11,159915,0.11365134090789812
2020-10-11,512000,0.08388413306103065
2020-10-18,510900,0.14012679657388757
2020-10-18,159941,0.0771271390915784
2020-10-18,512690,0.04810956012703062
2020-10-18,512800,0.13703077412183304
2020-10-18,512170,0.0994050368366244
2020-10-18,513500,0.12047270570298776
2020-10-18,512880,0.061880375262052235
2020-10-18,159920,0.13368617370022254
2020-10-18,513100,0.07945773206881791
2020-10-18,512120,0.10270370651496548
2020-10-25,159901,0.10883983936952134
2020-10-25,510900,0.1419275913154843
2020-10-25,512690,0.049822657438074895
2020-10-25,159928,0.10694034514597249
2020-10-25,512170,0.10160306635365425
2020-10-25,510050,0.11892088656686683
2020-10-25,159920,0.13803093030570163
2020-10-25,515030,0.07650016935902337
2020-10-25,512480,0.054047691945598865
2020-10-25,510500,0.103366822200102
2020-11-01,512690,0.05342306766015715
2020-11-01,159941,0.08731666373714934
2020-11-01,513100,0.09016557021098216
2020-11-01,159920,0.14663342769521834
2020-11-01,513050,0.10156415445654157
2020-11-01,510900,0.15070816628997477
2020-11-01,510300,0.11660195036979057
2020-11-01,515030,0.08206787042532197
2020-11-01,161226,0.07038545909512191
2020-11-01,512170,0.10113367005974212
2020-11-08,515030,0.09061413098267523
2020-11-08,512690,0.05898673764530519
2020-11-08,512760,0.06739093827470381
2020-11-08,510900,0.17622460005593135
2020-11-08,512480,0.0652896505540635
2020-11-08,512170,0.10970068376741476
2020-11-08,512120,0.11130807552680376
2020-11-08,510300,0.1296604349773556
2020-11-08,512660,0.07365724857721007
2020-11-08,510500,0.11716749963853691
2020-11-15,512480,0.06352168769793078
2020-11-15,512690,0.05810414744842555
2020-11-15,513050,0.11082106486437546
2020-11-15,515030,0.08225588688439718
2020-11-15,510900,0.15858652237887869
2020-11-15,518880,0.1807271784592711
2020-11-15,510300,0.12397081751654324
2020-11-15,515220,0.07612218307164104
2020-11-15,161226,0.07213883722813567
2020-11-15,512000,0.07375167445040147
2020-11-22,159901,0.11902774192314128
2020-11-22,515030,0.08179412115712899
2020-11-22,515220,0.0761701633525029
2020-11-22,512690,0.05798592958197931
2020-11-22,510500,0.11368134040748613
2020-11-22,512480,0.06386976638968803
2020-11-22,513520,0.19416601459955482
2020-11-22,510300,0.12395116554584626
2020-11-22,159915,0.09763818281898444
2020-11-22,512880,0.07171557422368796
2020-11-29,510500,0.10912496257024357
2020-11-29,510050,0.1284043664000763
2020-11-29,512690,0.05481902558166853
2020-11-29,510300,0.11905870303131806
2020-11-29,515220,0.07094330749148325
2020-11-29,512000,0.07000752264916735
2020-11-29,512400,0.07964958930050328
2020-11-29,512800,0.13763504790875164
2020-11-29,515050,0.08343888567014096
2020-11-29,159920,0.14691858939664712
2020-12-06,515220,0.07461318812817574
2020-12-06,512480,0.06613498179659386
2020-12-06,515030,0.08341731923969942
2020-12-06,159915,0.09842575447779774
2020-12-06,510500,0.11613050958403778
2020-12-06,512010,0.10278883331040989
2020-12-06,512800,0.14140676601318222
2020-12-06,515050,0.08946525664540429
2020-12-06,159941,0.1004278345356021
2020-12-06,510300,0.12718955626909695
2020-12-13,518800,0.1386518481467407
2020-12-13,518880,0.138797971811028
2020-12-13,510900,0.13559216652475967
2020-12-13,515220,0.06038592315657882
2020-12-13,510300,0.10613854568453719
2020-12-13,510050,0.11353057036586148
2020-12-13,510500,0.09662357097000752
2020-12-13,512120,0.08331757682435506
2020-12-13,515030,0.06978273900594391
2020-12-13,512760,0.05717908751018761
2020-12-20,515220,0.07211089457884635
2020-12-20,512690,0.05898817432740611
2020-12-20,518800,0.16478248124937978
2020-12-20,515030,0.0828627123605592
2020-12-20,513100,0.0951163437167708
2020-12-20,159941,0.09759179417238999
2020-12-20,512660,0.06911347573950324
2020-12-20,518880,0.165098891780746
2020-12-20,512120,0.09818885654049128
2020-12-20,512170,0.09614637553390723
2020-12-27,515220,0.0717225620472643
2020-12-27,512120,0.09546347552938451
2020-12-27,512660,0.06747855013788155
2020-12-27,512010,0.0893360927382962
2020-12-27,513100,0.09271470385987633
2020-12-27,512170,0.09558245211142048
2020-12-27,512690,0.05679035232261609
2020-12-27,518880,0.1572686397030591
2020-12-27,510300,0.11711762383457516
2020-12-27,518800,0.1565255477156261
2021-01-03,512880,0.06457937827492789
2021-01-03,512000,0.0661075623784207
2021-01-03,512660,0.06126568540313903
2021-01-03,510300,0.1116939686281787
2021-01-03,510900,0.1523571264696103
2021-01-03,510050,0.11956597738632568
2021-01-03,512800,0.1215719057235363
2021-01-03,512690,0.05382499739818114
2021-01-03,159920,0.16410965429105406
2021-01-03,512010,0.08492374404662625
2021-01-10,510900,0.14685273177281058
2021-01-10,159920,0.15608795956999735
2021-01-10,510050,0.12669359113941725
2021-01-10,512800,0.12323681505665605
2021-01-10,510300,0.11366532315323576
2021-01-10,512010,0.07921518284763006
2021-01-10,512690,0.05429703476519348
2021-01-10,512660,0.05673102561444121
2021-01-10,512170,0.08508473659120244
2021-01-10,512480,0.05813559948941588
2021-01-17,512010,0.0964238861803125
2021-01-17,512480,0.08856815583488188
2021-01-17,512170,0.10643910505204379
2021-01-17,512690,0.06605321219791147
2021-01-17,515030,0.08422117963790093
2021-01-17,515220,0.0929627197347991
2021-01-17,512400,0.08096027443033385
2021-01-17,518800,0.16368085944552638
2021-01-17,512980,0.12460136751357817
2021-01-17,513100,0.09608923997271189
2021-01-24,512660,0.07659710036497959
2021-01-24,512010,0.09836435687265017
2021-01-24,510300,0.15729358373669217
2021-01-24,515030,0.08831297125060715
2021-01-24,512400,0.08337370819734548
2021-01-24,512170,0.11172169203564915
2021-01-24,512690,0.06430523643533417
2021-01-24,512760,0.11176766446978882
2021-01-24,512480,0.10959467772624708
2021-01-24,515220,0.09866900891070625
2021-01-31,512010,0.07473761776476635
2021-01-31,512170,0.07453060176631018
2021-01-31,512690,0.05314084365939517
2021-01-31,515220,0.08059550428868605
2021-01-31,518800,0.151709249317986
2021-01-31,512480,0.09030916205902054
2021-01-31,518880,0.15339586561394689
2021-01-31,513100,0.08102823953341139
2021-01-31,513500,0.1280368851386196
2021-01-31,512980,0.11251603085785797
2021-02-07,159920,0.12611148340958672
2021-02-07,512800,0.11430466572565788
2021-02-07,510050,0.12810719944875362
2021-02-07,513050,0.08683021679139145
2021-02-07,518800,0.1410666402252286
2021-02-07,513100,0.07224207059642666
2021-02-07,518880,0.1426196127237475
2021-02-07,512690,0.048402649891626175
2021-02-07,512120,0.07703473919584489
2021-02-07,512170,0.06328072199173657
2021-02-14,512880,0.10806164851453878
2021-02-14,512660,0.07012382527964459
2021-02-14,512010,0.07481493318383088
2021-02-14,512690,0.058709699393235414
2021-02-14,510300,0.12993401003869362
2021-02-14,512000,0.10854802091396386
2021-02-14,515030,0.06990900369220038
2021-02-14,510050,0.14322442192615698
2021-02-14,159915,0.0944012922656866
2021-02-14,159920,0.14227314479204894
2021-02-21,512010,0.08456209984411626
2021-02-21,515030,0.07861450512531916
2021-02-21,512690,0.06555940765804442
2021-02-21,159915,0.10426468705131024
2021-02-21,510300,0.13670425951542506
2021-02-21,512170,0.0830473374375461
2021-02-21,510050,0.15433029412376348
2021-02-21,512120,0.09629286994247613
2021-02-21,515050,0.11803522994601291
2021-02-21,512660,0.07858930935598636
2021-02-28,515220,0.05928168357433758
2021-02-28,512880,0.09526628477397746
2021-02-28,512000,0.09617146944809309
2021-02-28,512800,0.11236990339583754
2021-02-28,510500,0.11555758022277227
2021-02-28,515050,0.09360866997400012
2021-02-28,518880,0.1820977356206656
2021-02-28,512120,0.07427184378798965
2021-02-28,512660,0.06296558509067843
2021-02-28,510300,0.10840924411164826
2021-03-07,512880,0.07918563852150688
2021-03-07,510900,0.09715708696297831
2021-03-07,159920,0.10592296994537528
2021-03-07,512000,0.08000119925539953
2021-03-07,518880,0.1590503871871051
2021-03-07,510300,0.08027588817397599
2021-03-07,510500,0.09401005564281424
2021-03-07,518800,0.15611229017360004
2021-03-07,513050,0.06783325798894144
2021-03-07,515050,0.08045122614830304
2021-03-14,510300,0.07741516359133091
2021-03-14,510900,0.0983257130221902
2021-03-14,518880,0.1440751202331844
2021-03-14,512800,0.08974631345876952
2021-03-14,161226,0.06057063497013579
2021-03-14,159920,0.1079097843056952
2021-03-14,510050,0.08992510458531981
2021-03-14,518800,0.1414342471053877
2021-03-14,510500,0.09026309047227138
2021-03-14,513500,0.10033482825571524
2021-03-21,512200,0.11150530790695468
2021-03-21,510900,0.11787901155228035
2021-03-21,510300,0.0929551219222034
2021-03-21,159920,0.12944319422924402
2021-03-21,510050,0.10664294073425137
2021-03-21,518880,0.16957320795451014
2021-03-21,512690,0.0430723917305927
2021-03-21,161226,0.0715600829520125
2021-03-21,512760,0.07648502446642598
2021-03-21,513050,0.08088371655152497
2021-03-28,510900,0.10785247893817425
2021-03-28,159920,0.11897066258622414
2021-03-28,518880,0.15124474177478514
2021-03-28,512200,0.10721972436431511
2021-03-28,510050,0.09632193936605507
2021-03-28,512690,0.03977457987972635
2021-03-28,510300,0.08470372623833639
2021-03-28,513050,0.07310695060298134
2021-03-28,518800,0.14870808687625095
2021-03-28,512760,0.07209710937315138
2021-04-04,159928,0.08035676671280335
2021-04-04,512120,0.0765464124403922
2021-04-04,510500,0.1282718998941907
2021-04-04,510300,0.1032042574764772
2021-04-04,515880,0.11427655341537113
2021-04-04,515030,0.06490343803210376
2021-04-04,512690,0.047627495582491165
2021-04-04,159985,0.11586004121227239
2021-04-04,518800,0.18552133080209693
2021-04-04,159901,0.08343180443180102
2021-04-11,159928,0.07824153405093479
2021-04-11,159901,0.08240893299407108
2021-04-11,159996,0.09745244612239015
2021-04-11,159985,0.1151601064277403
2021-04-11,515880,0.11320846471003818
2021-04-11,512010,0.06395975567421992
2021-04-11,515220,0.06034323167441654
2021-04-11,512120,0.07601455772090768
2021-04-11,518800,0.1853840459818118
2021-04-11,510500,0.1278269246434695
2021-04-18,515220,0.05907851439434277
2021-04-18,159985,0.12189406003996289
2021-04-18,518880,0.18736347747062876
2021-04-18,159981,0.1332109981573677
2021-04-18,159996,0.09656622633316485
2021-04-18,159928,0.07614064426464932
2021-04-18,512880,0.10234311191449115
2021-04-18,512660,0.06390157275272719
2021-04-18,512690,0.04390749110304968
2021-04-18,513100,0.11559390356961563
2021-04-25,510900,0.12224597994066583
2021-04-25,515220,0.05770330898117025
2021-04-25,159985,0.11528722023059873
2021-04-25,159996,0.09172511144730841
2021-04-25,161226,0.0867403774610645
2021-04-25,159981,0.11832510531971206
2021-04-25,512690,0.04163496900714378
2021-04-25,512400,0.05714034556171482
2021-04-25,159920,0.13634838088156218
2021-04-25,518800,0.17284920116905955
2021-05-02,159928,0.09288969324049212
2021-05-02,512010,0.07704350663366265
2021-05-02,512690,0.05369350597804764
2021-05-02,159901,0.09715085943644278
2021-05-02,510500,0.16458723771684292
2021-05-02,510050,0.13967049375832669
2021-05-02,512760,0.09926843928329247
2021-05-02,510300,0.12193712870556164
2021-05-02,512400,0.07452446085419415
2021-05-02,515220,0.07923467439313699
2021-05-09,159981,0.10570386947394388
2021-05-09,512400,0.05132446364176148
2021-05-09,513520,0.11430637452540753
2021-05-09,515220,0.05546304336584818
2021-05-09,159985,0.09953843644072352
2021-05-09,512690,0.0368942780477524
2021-05-09,518800,0.1545819427822207
2021-05-09,510500,0.11426645225569952
2021-05-09,512800,0.10983659748439831
2021-05-09,518880,0.15808454198224461
2021-05-16,512880,0.09921248678308234
2021-05-16,512000,0.09926494395403801
2021-05-16,512660,0.05811372212629966
2021-05-16,510900,0.12886276299963523
2021-05-16,159920,0.14386945426890266
2021-05-16,510050,0.10218088461289497
2021-05-16,510300,0.08979127335722537
2021-05-16,518880,0.16766636852258826
2021-05-16,515220,0.054719911534329015
2021-05-16,512400,0.056318191841004464
2021-05-23,159915,0.07450980115237013
2021-05-23,512200,0.1544825961689518
2021-05-23,510500,0.14377327965204673
2021-05-23,512690,0.04474662178976605
2021-05-23,512800,0.13499363115048887
2021-05-23,513100,0.13840901688252905
2021-05-23,515220,0.06258014975324587
2021-05-23,515030,0.07125861626942294
2021-05-23,512400,0.06478736334908446
2021-05-23,588000,0.11045892383209432
2021-05-30,159915,0.07435230122752602
2021-05-30,512690,0.04437865686967273
2021-05-30,515030,0.06840151292167443
2021-05-30,588000,0.11204364481924133
2021-05-30,512400,0.06572227683153148
2021-05-30,512800,0.13706605822451315
2021-05-30,513100,0.13843463501179162
2021-05-30,515220,0.06167312309896473
2021-05-30,510500,0.14462292073025243
2021-05-30,513880,0.15330487026483214
2021-06-06,512120,0.08094144569391408
2021-06-06,512010,0.06825419578434054
2021-06-06,159915,0.08321739135386597
2021-06-06,512690,0.049437140801428234
2021-06-06,515030,0.07572103063384818
2021-06-06,515220,0.0704491852837791
2021-06-06,512400,0.0734685619096259
2021-06-06,510500,0.1600185010264759
2021-06-06,513880,0.18214504170039272
2021-06-06,512800,0.15634750581232934
2021-06-13,513880,0.18379444389874558
2021-06-13,512120,0.0840840674566367
2021-06-13,512010,0.07070992983269393
2021-06-13,515030,0.07558859510037862
2021-06-13,515220,0.07086938945578763
2021-06-13,515050,0.1074939978738328
2021-06-13,161226,0.12840029035158146
2021-06-13,159915,0.08492148312307979
2021-06-13,588000,0.11988319674104027
2021-06-13,512400,0.07425460616622338
2021-06-20,512760,0.07148574819224099
2021-06-20,515050,0.08526748119269223
2021-06-20,161226,0.09860872211432552
2021-06-20,512000,0.08851062280520386
2021-06-20,515220,0.05437401098526861
2021-06-20,513050,0.07510432859189066
2021-06-20,512800,0.12805869648386461
2021-06-20,512880,0.08829764038410179
2021-06-20,518800,0.1780711342128211
2021-06-20,510900,0.1322216150375905
2021-06-27,512880,0.09292269951470891
2021-06-27,512760,0.07068660489229817
2021-06-27,512000,0.09318768417467167
2021-06-27,512660,0.06236100517328315
2021-06-27,510900,0.13907867243134142
2021-06-27,588000,0.09625709044232525
2021-06-27,159920,0.1549641850545089
2021-06-27,510300,0.09671413424592191
2021-06-27,515050,0.08855935202311588
2021-06-27,510050,0.1052685720478246
2021-07-04,512880,0.09893642019047172
2021-07-04,512660,0.07322315775671318
2021-07-04,512000,0.0992166250934624
2021-07-04,512760,0.07562794215060807
2021-07-04,515790,0.07458863249988014
2021-07-04,588000,0.10315119561240392
2021-07-04,510300,0.1031200419840129
2021-07-04,510050,0.11205548730048065
2021-07-04,515050,0.09381765538476146
2021-07-04,159920,0.1662628420272056
2021-07-11,510900,0.1540242600990344
2021-07-11,512010,0.06957611282913152
2021-07-11,512660,0.07733968129238655
2021-07-11,512880,0.10609254541575737
2021-07-11,512760,0.08072759063792706
2021-07-11,159920,0.17749971827969507
2021-07-11,588000,0.11103970246948963
2021-07-11,512480,0.07712311943378274
2021-07-11,512170,0.06660969674754508
2021-07-11,515790,0.07996757279525056
2021-07-18,512660,0.06981716616580894
2021-07-18,159901,0.08598154004698279
2021-07-18,515050,0.0907171667719934
2021-07-18,512800,0.13244581441380593
2021-07-18,159920,0.15294567371951026
2021-07-18,515220,0.05162181880394566
2021-07-18,513100,0.1328131658801779
2021-07-18,513880,0.16367389653207037
2021-07-18,512400,0.05785837461981503
2021-07-18,512010,0.06212538304588985
2021-07-25,512660,0.07700699244068426
2021-07-25,515790,0.07761465985858065
2021-07-25,512760,0.07225401432661356
2021-07-25,512880,0.09963861256484739
2021-07-25,515220,0.05415530270027348
2021-07-25,512400,0.06381963009757988
2021-07-25,512800,0.15520027275671472
2021-07-25,588000,0.1050195496036422
2021-07-25,512000,0.09998777537140607
2021-07-25,518800,0.19530319027965787
2021-08-01,515790,0.0886560621805127
2021-08-01,512400,0.07063869831864045
2021-08-01,512760,0.0749691814639759
2021-08-01,512660,0.08463777905160448
2021-08-01,512480,0.0728077261025143
2021-08-01,513100,0.16464619297263916
2021-08-01,512120,0.08953227245637863
2021-08-01,515220,0.060177640148197126
2021-08-01,588000,0.11703763411486512
2021-08-01,510500,0.17689681319067221
2021-08-08,512660,0.06927548039375833
2021-08-08,510300,0.08854780690374991
2021-08-08,512800,0.10978804381159367
2021-08-08,515790,0.06618409461068815
2021-08-08,513100,0.12182800836589107
2021-08-08,159920,0.12939169406558904
2021-08-08,510900,0.10839955083363734
2021-08-08,512880,0.07670838140667163
2021-08-08,513500,0.1761702330448951
2021-08-08,512480,0.05370670656352581
2021-08-15,510300,0.13494736890418316
2021-08-15,515030,0.0889774797986733
2021-08-15,515220,0.07054758429338663
2021-08-15,159928,0.0929117703921757
2021-08-15,512880,0.11875964066958575
2021-08-15,512400,0.08304054476713084
2021-08-15,512690,0.050953552104662805
2021-08-15,512000,0.11931127598255246
2021-08-15,515790,0.10032912708497388
2021-08-15,510050,0.1402216560026756
2021-08-22,512660,0.061688527834989286
2021-08-22,518880,0.1545669694159467
2021-08-22,512000,0.07460281744385117
2021-08-22,512880,0.07421132526483204
2021-08-22,512200,0.10365743905444905
2021-08-22,513880,0.16218887922691835
2021-08-22,518800,0.15407771002681325
2021-08-22,512400,0.05660442751578944
2021-08-22,159941,0.1154850421100064
2021-08-22,515220,0.042916862106404365
2021-08-29,510050,0.08889860384687391
2021-08-29,512760,0.05096094988189236
2021-08-29,513880,0.15751960310039848
2021-08-29,512660,0.06106811778776452
2021-08-29,161226,0.09734949386827571
2021-08-29,512400,0.057206725907687564
2021-08-29,518800,0.15923776518177762
2021-08-29,515030,0.05414671332961322
2021-08-29,518880,0.15952339163110257
2021-08-29,159941,0.11408863546461408
2021-09-05,515220,0.04071434983797559
2021-09-05,515790,0.06011771377580257
2021-09-05,512400,0.05239122422288769
2021-09-05,510500,0.1429655973664961
2021-09-05,159920,0.12401176766971365
2021-09-05,518880,0.15501929873611883
2021-09-05,513880,0.1556501503559966
2021-09-05,512880,0.07232264415121965
2021-09-05,159928,0.06329745682754259
2021-09-05,159941,0.1335097970562468
2021-09-12,515790,0.08282568357340894
2021-09-12,159915,0.10283629959110784
2021-09-12,510500,0.18619784507028103
2021-09-12,512880,0.09209359689776078
2021-09-12,515220,0.05317158153791985
2021-09-12,512000,0.09253018181448333
2021-09-12,159920,0.15885249274932875
2021-09-12,512400,0.06864225268342723
2021-09-12,510050,0.11958359025162449
2021-09-12,512690,0.04326647583065783
2021-09-19,515220,0.0556530772784703
2021-09-19,512170,0.08708099835126659
2021-09-19,159915,0.1177942129858583
2021-09-19,515030,0.0815348957516232
2021-09-19,159928,0.09444118450810085
2021-09-19,512690,0.048758283310855105
2021-09-19,512120,0.10185244375823597
2021-09-19,510300,0.1451684603837412
2021-09-19,510050,0.1323977410885429
2021-09-19,159901,0.13531870258330536
2021-09-26,159928,0.08891026824563338
2021-09-26,512170,0.07971197753508134
2021-09-26,512690,0.045821096215579456
2021-09-26,512660,0.09139895389386235
2021-09-26,515880,0.1442387605066447
2021-09-26,512980,0.13988496637424933
2021-09-26,159915,0.11284714717885325
2021-09-26,588000,0.12312974442262725
2021-09-26,515030,0.078393338208816
2021-09-26,512120,0.09566374741865297
2021-10-03,513050,0.1041771657585904
2021-10-03,512880,0.09787754628912175
2021-10-03,512000,0.09841944072983724
2021-10-03,510050,0.13015522385349715
2021-10-03,159920,0.16316761974523883
2021-10-03,512690,0.047877842699465725
2021-10-03,512760,0.07053652592552714
2021-10-03,515030,0.08041664060512856
2021-10-03,510300,0.14058114489291298
2021-10-03,512480,0.06679084950068027
2021-10-10,512690,0.041124704049944553
2021-10-10,159928,0.07763463557383304
2021-10-10,510050,0.11043945360005103
2021-10-10,512200,0.11477748766004668
2021-10-10,512120,0.08535741041369108
2021-10-10,159915,0.10075833556811951
2021-10-10,512980,0.11939242375573135
2021-10-10,159901,0.1128906349141104
2021-10-10,512800,0.1171796353699138
2021-10-10,510300,0.1204452790945586
2021-10-17,512690,0.03951866356120521
2021-10-17,512880,0.0764744129707568
2021-10-17,512760,0.057913374889225454
2021-10-17,159920,0.13174764327869443
2021-10-17,510050,0.10395166976484944
2021-10-17,159928,0.07320751386010789
2021-10-17,510300,0.11448727854769211
2021-10-17,510500,0.1333813095889974
2021-10-17,512000,0.07694288781258057
2021-10-17,518880,0.19237524572589068
2021-10-24,512800,0.10858501427007919
2021-10-24,515220,0.04092266991914414
2021-10-24,515030,0.06160279916444756
2021-10-24,512660,0.07018984011903508
2021-10-24,159901,0.10886331602859355
2021-10-24,159915,0.0955282391558527
2021-10-24,518800,0.18851466802782568
2021-10-24,518880,0.18862011024152645
2021-10-24,512480,0.057106202114114636
2021-10-24,512120,0.08006714095938115
2021-10-31,588000,0.12230868379680686
2021-10-31,510050,0.1222822163425256
2021-10-31,515790,0.0771853992267127
2021-10-31,512880,0.08682947314041012
2021-10-31,512660,0.08161399920148002
2021-10-31,510300,0.13911376236378348
2021-10-31,512170,0.08582135148396416
2021-10-31,512000,0.08741169368288271
2021-10-31,515030,0.0730836131215891
2021-10-31,159915,0.12434980763984525
2021-11-07,159915,0.08997066901481351
2021-11-07,515030,0.051706899048736245
2021-11-07,513500,0.24450579417553858
2021-11-07,513100,0.14877150846755194
2021-11-07,512660,0.05927622528759111
2021-11-07,515050,0.08273412158048793
2021-11-07,159901,0.10076985463295614
2021-11-07,515880,0.10035826901332491
2021-11-07,515220,0.031456127561228224
2021-11-07,512980,0.09045053121777151
2021-11-14,512880,0.08917825888399412
2021-11-14,512000,0.08982441295630414
2021-11-14,512660,0.08552370872445865
2021-11-14,512200,0.1098573364790755
2021-11-14,588000,0.1330893451034099
2021-11-14,510900,0.11821221663339937
2021-11-14,512760,0.07119031590061285
2021-11-14,513050,0.08797719213263741
2021-11-14,159920,0.14502038779965867
2021-11-14,512480,0.07012682538644947
2021-11-21,513050,0.097730675631728
2021-11-21,510500,0.1723941655264725
2021-11-21,515790,0.08211241166656248
2021-11-21,512400,0.067565885487172
2021-11-21,515050,0.1315048087407935
2021-11-21,512760,0.07727588241994353
2021-11-21,159928,0.10013566787084381
2021-11-21,512480,0.07651569620712531
2021-11-21,512690,0.0529676435674377
2021-11-21,510050,0.14179716288192107
2021-11-28,159996,0.11880497408938755
2021-11-28,513010,0.0771612169950918
2021-11-28,159928,0.08123118594686352
2021-11-28,512000,0.08364377185916176
2021-11-28,159941,0.17295231192829982
2021-11-28,510050,0.11551919794601118
2021-11-28,512800,0.11664339684054509
2021-11-28,512880,0.08361538104509313
2021-11-28,515050,0.10772921022307451
2021-11-28,515220,0.0426993531264717
2021-12-05,515220,0.04922003918076165
2021-12-05,512760,0.0728970090757522
2021-12-05,512400,0.06276502893590466
2021-12-05,510500,0.16439122048199
2021-12-05,515030,0.07881876435012765
2021-12-05,512480,0.07331718155582785
2021-12-05,159915,0.1627164198012783
2021-12-05,512660,0.08472397138996199
2021-12-05,515880,0.14553034681636662
2021-12-05,512000,0.10562001841202913
2021-12-12,515220,0.04876936388401831
2021-12-12,512400,0.06333383348773355
2021-12-12,510500,0.1655296654464957
2021-12-12,515030,0.08078096291219207
2021-12-12,512760,0.07335802403496564
2021-12-12,512480,0.07350388477025531
2021-12-12,510300,0.16447427239381118
2021-12-12,510050,0.14771207800353905
2021-12-12,512880,0.10696137145321936
2021-12-12,515790,0.0755765436137699
2021-12-19,518880,0.144878344865345
2021-12-19,512120,0.0871717940004393
2021-12-19,512800,0.0861301779661625
2021-12-19,518800,0.14432280913254236
2021-12-19,159981,0.037811501420977375
2021-12-19,513520,0.1040745011728765
2021-12-19,513010,0.054862018188535124
2021-12-19,515880,0.0909898524827148
2021-12-19,512200,0.06161378106341889
2021-12-19,513500,0.18814521970698825
2021-12-26,515220,0.02873194654170174
2021-12-26,518800,0.16235386607460353
2021-12-26,159981,0.036474845286198314
2021-12-26,512980,0.06376516971528734
2021-12-26,513500,0.181340083214391
2021-12-26,513100,0.11512001908290806
2021-12-26,518880,0.16314869298053816
2021-12-26,512120,0.08414233508242927
2021-12-26,515880,0.089874322287129
2021-12-26,161226,0.07504871973481367
2022-01-02,513050,0.06592823205986854
2022-01-02,512660,0.05678881708194719
2022-01-02,512980,0.07434754084710658
2022-01-02,512200,0.0697037074416893
2022-01-02,588000,0.11026241897939104
2022-01-02,513500,0.21302034107431023
2022-01-02,159920,0.10287018151888488
2022-01-02,510900,0.08335839565999226
2022-01-02,515220,0.03427413924919197
2022-01-02,518800,0.18944622608761813
2022-01-09,513050,0.05731557299724049
2022-01-09,510500,0.10457311066478665
2022-01-09,510900,0.0736464077014559
2022-01-09,515880,0.09519579445639623
2022-01-09,515050,0.08198396238403839
2022-01-09,512120,0.0879450328283391
2022-01-09,159920,0.09036291521467939
2022-01-09,518800,0.16568317659523008
2022-01-09,513010,0.05445851920071609
2022-01-09,513500,0.18883550795711773
2022-01-16,513050,0.08441598623787762
2022-01-16,512200,0.08412749588701383
2022-01-16,159981,0.05268925188512206
2022-01-16,159920,0.12904646628944688
2022-01-16,512800,0.12105020243958986
2022-01-16,515220,0.044268769996015575
2022-01-16,512980,0.09390318814820812
2022-01-16,510300,0.1401023568476545
2022-01-16,159901,0.1435672032588693
2022-01-16,510900,0.10682907901020226
2022-01-23,513050,0.07273197083668693
2022-01-23,159920,0.10810528285043905
2022-01-23,510900,0.09068873560412885
2022-01-23,512690,0.03732619121590624
2022-01-23,512880,0.08243347895042122
2022-01-23,510050,0.10617982346200631
2022-01-23,518800,0.1966342344052234
2022-01-23,512000,0.08227527499773886
2022-01-23,510300,0.11926246931831505
2022-01-23,512800,0.1043625383591341
2022-01-30,518880,0.23423454170975352
2022-01-30,159766,0.0703745752373448
2022-01-30,159981,0.053969393487029386
2022-01-30,518800,0.2333670123017242
2022-01-30,512660,0.07167873968548122
2022-01-30,515030,0.06834449612449152
2022-01-30,515050,0.1129333367439789
2022-01-30,512690,0.04412308051556338
2022-01-30,512400,0.06464431273478197
2022-01-30,515220,0.04633051145985117
2022-02-13,159981,0.051585896017443296
2022-02-13,512120,0.11183152866798661
2022-02-13,512400,0.060837651002731606
2022-02-13,159740,0.07432979473580376
2022-02-13,512000,0.10051852828547304
2022-02-13,512010,0.1018713257373765
2022-02-13,159915,0.11426036089675953
2022-02-13,515050,0.10306189010099945
2022-02-13,515030,0.06505654364202201
2022-02-13,518800,0.21664648091340427
2022-02-20,159981,0.04075895583564104
2022-02-20,518880,0.17226851838285548
2022-02-20,513010,0.05778751158840121
2022-02-20,518800,0.1723866240713763
2022-02-20,512120,0.08849131967308266
2022-02-20,159740,0.05792321945999737
2022-02-20,513880,0.10596256494075211
2022-02-20,513500,0.14306373363806404
2022-02-20,513100,0.09918882174977331
2022-02-20,512660,0.06216873066005645
2022-02-27,512170,0.09460664865521716
2022-02-27,512690,0.07405915715199497
2022-02-27,515790,0.08338025129659066
2022-02-27,512760,0.11088940903226827
2022-02-27,512480,0.11044984467084192
2022-02-27,515030,0.08984714556931268
2022-02-27,159981,0.06976083129626745
2022-02-27,515220,0.05864786382137735
2022-02-27,159901,0.1983145468112001
2022-02-27,159766,0.11004430169492944
2022-03-06,515790,0.05244163276553007
2022-03-06,518880,0.1866164495822727
2022-03-06,512480,0.06938300679945493
2022-03-06,159981,0.04588660436812936
2022-03-06,518800,0.18635021391107237
2022-03-06,512660,0.06830068128722039
2022-03-06,159766,0.06838575709646769
2022-03-06,588000,0.10002911554320554
2022-03-06,510050,0.11676044686782153
2022-03-06,513100,0.10584609177882544
2022-03-13,513050,0.07233751884556003
2022-03-13,515790,0.057954927522822816
2022-03-13,518800,0.1835897462679796
2022-03-13,515220,0.04107814839259573
2022-03-13,512480,0.06843361953654359
2022-03-13,518880,0.18355512278776467
2022-03-13,510300,0.13153186319649113
2022-03-13,515030,0.056951168488782226
2022-03-13,510900,0.08765249755986398
2022-03-13,510050,0.11691538740159634
2022-03-20,159920,0.11478241981066786
2022-03-20,513050,0.0839300780922999
2022-03-20,518800,0.2114255592660051
2022-03-20,515790,0.07028170667270985
2022-03-20,512480,0.09015132253304498
2022-03-20,512120,0.119737209555946
2022-03-20,159766,0.07727441656839129
2022-03-20,510900,0.09996249847165771
2022-03-20,515220,0.0511555342430031
2022-03-20,512660,0.0812992547862742
2022-03-27,515220,0.04957884212040026
2022-03-27,512120,0.09872338700586226
2022-03-27,518800,0.1666138517859187
2022-03-27,159766,0.06400833987257416
2022-03-27,512480,0.07905071124457717
2022-03-27,159915,0.11323006224843822
2022-03-27,512660,0.06754657913980958
2022-03-27,518880,0.1671327146056877
2022-03-27,159901,0.13671374057007837
2022-03-27,515790,0.05740177140665362
2022-04-03,512880,0.1018470591484115
2022-04-03,512200,0.07968039525449776
2022-04-03,159920,0.09080736075625208
2022-04-03,512000,0.10130163763023843
2022-04-03,510050,0.11865809832418475
2022-04-03,512120,0.09590846643061775
2022-04-03,515220,0.048643456504902906
2022-04-03,518800,0.17168605319999958
2022-04-03,159996,0.08233616735394672
2022-04-03,588000,0.10913130539694864
2022-04-10,512880,0.09683191627737335
2022-04-10,510300,0.1336383788738118
2022-04-10,510050,0.1139204166028643
2022-04-10,510500,0.1344866062064158
2022-04-10,512200,0.06937258434293572
2022-04-10,512000,0.09682105601376792
2022-04-10,515220,0.049219925210117435
2022-04-10,518880,0.1709765527494342
2022-04-10,159766,0.0654504111233659
2022-04-10,512400,0.0692821525999135
2022-04-17,588000,0.08761684877212947
2022-04-17,512660,0.06246461954353398
2022-04-17,512760,0.06680913661848233
2022-04-17,518800,0.14649427826983888
2022-04-17,159928,0.08163000733356116
2022-04-17,510050,0.09792056352972402
2022-04-17,518880,0.14736245713935497
2022-04-17,510300,0.1134261572869589
2022-04-17,159901,0.11699605112105148
2022-04-17,512120,0.07927988038536482
2022-04-24,518800,0.20622290689273892
2022-04-24,513050,0.08973179039429983
2022-04-24,515220,0.05989018877096135
2022-04-24,512200,0.08345421990668843
2022-04-24,161226,0.10404940550532457
2022-04-24,512400,0.0907532785146353
2022-04-24,159985,0.10005029918792711
2022-04-24,515030,0.07177615130376597
2022-04-24,513010,0.07399015108292961
2022-04-24,515880,0.12008160844072889
2022-05-01,513050,0.09597458858335882
2022-05-01,512200,0.07779083251448857
2022-05-01,512880,0.12152333488914875
2022-05-01,512010,0.11714616843302025
2022-05-01,513010,0.07681989785661497
2022-05-01,510050,0.14505176808971226
2022-05-01,512000,0.12151306704583345
2022-05-01,159981,0.0757488731268593
2022-05-01,512170,0.0937545996568279
2022-05-01,515790,0.07467686980413565
2022-05-08,512760,0.07975020787644307
2022-05-08,515050,0.08991112152868964
2022-05-08,512800,0.12226521206685875
2022-05-08,515030,0.06022270926079652
2022-05-08,510500,0.13013893359009432
2022-05-08,515790,0.06040965480712886
2022-05-08,512170,0.07753472945259075
2022-05-08,518880,0.17886051718491786
2022-05-08,512880,0.09864007731617691
2022-05-08,515880,0.10226683691630344
2022-05-15,512200,0.07461890804664946
2022-05-15,159981,0.10471641112991094
2022-05-15,512660,0.0846078273080574
2022-05-15,512980,0.07943821464042632
2022-05-15,512170,0.08749759963073853
2022-05-15,518800,0.19928694628179755
2022-05-15,510900,0.09033252238477066
2022-05-15,588000,0.11837777576021229
2022-05-15,515030,0.0700176581928144
2022-05-15,512760,0.0911061366246223
2022-05-22,588000,0.1060431136290443
2022-05-22,512880,0.11073061705923008
2022-05-22,515790,0.07347239342227818
2022-05-22,512690,0.07686854528434284
2022-05-22,510500,0.13696757322532205
2022-05-22,512170,0.09029865895338372
2022-05-22,515030,0.06792703552171943
2022-05-22,512000,0.1101107895949273
2022-05-22,510050,0.138602863458988
2022-05-22,512660,0.08897840985076406
2022-05-29,510500,0.1372035998031094
2022-05-29,512760,0.08994604465653878
2022-05-29,515790,0.06691463446262323
2022-05-29,515030,0.06603280035502263
2022-05-29,515220,0.06189998692652338
2022-05-29,510300,0.14729933891988117
2022-05-29,512660,0.1006382105132304
2022-05-29,159928,0.1189334198657964
2022-05-29,512000,0.11665480493810704
2022-05-29,510900,0.0944771595591676
2022-06-05,510500,0.13320671942607484
2022-06-05,512760,0.0860604701689812
2022-06-05,515030,0.06397716410410063
2022-06-05,515220,0.05818591512075727
2022-06-05,510300,0.1420184226888829
2022-06-05,515790,0.06441736828888835
2022-06-05,512000,0.11281232072828373
2022-06-05,159928,0.11738177301695363
2022-06-05,510900,0.09122282124158138
2022-06-05,510050,0.1307170252154961
2022-06-12,510500,0.1381301367398535
2022-06-12,510300,0.14846596385660113
2022-06-12,515220,0.06277862928666955
2022-06-12,515030,0.06757291553499768
2022-06-12,515790,0.06859450161019945
2022-06-12,513050,0.0742564093961616
2022-06-12,512000,0.12180685686444769
2022-06-12,510900,0.09878647266373734
2022-06-12,159981,0.134076578240215
2022-06-12,512690,0.08553153580711707
2022-06-19,510500,0.1364224027461477
2022-06-19,510300,0.14129130880560256
2022-06-19,159915,0.10528387015239303
2022-06-19,515220,0.062032501135531916
2022-06-19,515030,0.06507106122838996
2022-06-19,512690,0.08643568174195873
2022-06-19,515790,0.06727153696024075
2022-06-19,159981,0.12647144220273143
2022-06-19,588000,0.09490331525317632
2022-06-19,159920,0.11481687977382757
2022-06-26,515030,0.0665047961980548
2022-06-26,513050,0.06969614523887868
2022-06-26,159915,0.10569722969082793
2022-06-26,510500,0.14104332754414098
2022-06-26,510300,0.15336026365814032
2022-06-26,515790,0.07030506546961002
2022-06-26,515220,0.06364998700950089
2022-06-26,512690,0.09584762054201323
2022-06-26,512980,0.10233217321064465
2022-06-26,513300,0.13156339143818843
2022-07-03,515030,0.060163999568980824
2022-07-03,515880,0.1168584817969439
2022-07-03,512760,0.085429505403034
2022-07-03,515050,0.1026018491323541
2022-07-03,510300,0.1359959680562426
2022-07-03,512690,0.08774970950047521
2022-07-03,512980,0.09962554299436512
2022-07-03,510500,0.12648908734543085
2022-07-03,512660,0.09577039707182447
2022-07-03,512480,0.08931545913034908
2022-07-10,159941,0.09498172138048515
2022-07-10,515050,0.09807286420302558
2022-07-10,518880,0.22712508139338317
2022-07-10,512660,0.08948198910134501
2022-07-10,512760,0.07560030681184537
2022-07-10,515880,0.10776053377366113
2022-07-10,512480,0.07969984662015982
2022-07-10,513050,0.05812526834536655
2022-07-10,515030,0.05833548935764868
2022-07-10,159928,0.11081689901307973
2022-07-17,159941,0.10483955135833577
2022-07-17,515030,0.06827390651603087
2022-07-17,515790,0.07033023468609396
2022-07-17,512660,0.10873299712946566
2022-07-17,159996,0.11781179539544347
2022-07-17,159901,0.1296186933471747
2022-07-17,515880,0.126767936908712
2022-07-17,512400,0.08276896713878638
2022-07-17,510900,0.09758802582433103
2022-07-17,512480,0.09326789169562619
2022-07-24,512800,0.13041818919036693
2022-07-24,510050,0.11338834749135947
2022-07-24,159941,0.0894880573422985
2022-07-24,515790,0.06540902030465066
2022-07-24,515220,0.051256668088043446
2022-07-24,515030,0.06071196089879065
2022-07-24,518880,0.20496430328662105
2022-07-24,512480,0.07950385614655446
2022-07-24,159996,0.10236771811336062
2022-07-24,512660,0.10249187913795416
2022-07-31,159941,0.07573391183220585
2022-07-31,518880,0.19011385155386706
2022-07-31,518800,0.18856607782866022
2022-07-31,512480,0.07217171330049393
2022-07-31,512660,0.09262453280394642
2022-07-31,512000,0.08786759624853208
2022-07-31,512760,0.06884614790953485
2022-07-31,515220,0.04673622906516834
2022-07-31,512120,0.07725444405472508
2022-07-31,159901,0.10008549540286625
2022-08-07,588000,0.09357190862307711
2022-08-07,512880,0.10400100189025233
2022-08-07,512010,0.09632854341210394
2022-08-07,512200,0.08023506107680854
2022-08-07,513050,0.05842739308447915
2022-08-07,510050,0.12533132730357743
2022-08-07,512660,0.11414397773486816
2022-08-07,512000,0.10460065029172387
2022-08-07,512170,0.09425153835624558
2022-08-07,510300,0.12910859822686388
2022-08-14,512880,0.09585951391569225
2022-08-14,512000,0.09634023267447461
2022-08-14,512170,0.08938177844854617
2022-08-14,513010,0.051498641206878665
2022-08-14,512690,0.08690864498596339
2022-08-14,518880,0.1930867630533256
2022-08-14,512120,0.08476687392751418
2022-08-14,510900,0.07744698419008444
2022-08-14,159901,0.1086170487867387
2022-08-14,159928,0.11609351881078202
2022-08-21,515030,0.06015164405961902
2022-08-21,515790,0.06327412762443954
2022-08-21,510500,0.12030921039274531
2022-08-21,515220,0.051899743000180666
2022-08-21,512400,0.0700112556912959
2022-08-21,518880,0.19907584397657624
2022-08-21,512120,0.08739303754804
2022-08-21,510300,0.12706671150060564
2022-08-21,159920,0.09614412652574963
2022-08-21,510050,0.12467429968074803
2022-08-28,515030,0.06640916099157182
2022-08-28,512400,0.07590611953831969
2022-08-28,510500,0.1283661758745782
2022-08-28,515220,0.05514434843795485
2022-08-28,518880,0.2284361328784846
2022-08-28,515790,0.06717069028531766
2022-08-28,510300,0.13565035620321045
2022-08-28,159920,0.10212442808190945
2022-08-28,510900,0.0849859294199111
2022-08-28,159740,0.05580665828874225
2022-09-04,515030,0.06663571770738755
2022-09-04,515220,0.05420313284954505
2022-09-04,510500,0.12785123560490624
2022-09-04,512800,0.15515993140795742
2022-09-04,512400,0.07633133100020678
2022-09-04,518880,0.2298376761708419
2022-09-04,515050,0.10143080778765437
2022-09-04,515790,0.06721768601517435
2022-09-04,159740,0.057307273045552255
2022-09-04,512480,0.06402520841077405
2022-09-11,515030,0.06130748941576773
2022-09-11,518880,0.2075045003590741
2022-09-11,515220,0.05196692803681262
2022-09-11,512400,0.06759870015548261
2022-09-11,512800,0.14336389105494188
2022-09-11,510300,0.12534775457088412
2022-09-11,159915,0.08679428815112708
2022-09-11,513050,0.055918930727785636
2022-09-11,510500,0.11632617599550653
2022-09-11,510900,0.08387134153261769
2022-09-18,515030,0.06258513007469459
2022-09-18,159901,0.11708070993800551
2022-09-18,515220,0.05192187026719086
2022-09-18,512800,0.15239266896192666
2022-09-18,512660,0.10437321962246912
2022-09-18,515790,0.05818561344225425
2022-09-18,510050,0.1309686143399126
2022-09-18,515880,0.10210663379411826
2022-09-18,159915,0.08848717021420217
2022-09-18,510300,0.131898369345226
2022-09-25,510050,0.12374244062459208
2022-09-25,512000,0.09025167091637709
2022-09-25,512880,0.08895053580702166
2022-09-25,512690,0.09211654120565395
2022-09-25,159928,0.12612821578580063
2022-09-25,512800,0.14749479357727743
2022-09-25,510300,0.12117866958481317
2022-09-25,513010,0.05954511713983093
2022-09-25,513050,0.05652954021115106
2022-09-25,515880,0.09406247514748219
2022-10-02,159766,0.08530063990633523
2022-10-02,159928,0.13370757432209535
2022-10-02,159901,0.11183375697304
2022-10-02,515790,0.056561058246706944
2022-10-02,518880,0.2270407009905332
2022-10-02,515220,0.05105070753955121
2022-10-02,512200,0.07065352634127278
2022-10-02,515030,0.06098686975606964
2022-10-02,512690,0.10177746838638861
2022-10-02,513300,0.10108769753800718
2022-10-16,513300,0.10087664743308984
2022-10-16,159928,0.1308774645369766
2022-10-16,159766,0.08746339698024866
2022-10-16,513010,0.059970543315502035
2022-10-16,512200,0.0806166035758833
2022-10-16,512980,0.11172893679762208
2022-10-16,159920,0.11873631884274392
2022-10-16,512170,0.08199305307457679
2022-10-16,510050,0.13370491829741327
2022-10-16,515880,0.09403211714594356
2022-10-23,513300,0.10528671489991168
2022-10-23,515790,0.059377761685070134
2022-10-23,159928,0.13982832427358172
2022-10-23,159920,0.1232641811017706
2022-10-23,513010,0.062349854753606146
2022-10-23,515880,0.09980736247392688
2022-10-23,515030,0.06223906921236084
2022-10-23,513500,0.10740818166285954
2022-10-23,510050,0.13881037975364713
2022-10-23,510900,0.10162817018326537
2022-10-30,512760,0.06361486274891288
2022-10-30,515880,0.10905608748621688
2022-10-30,515030,0.06603426883865196
2022-10-30,512400,0.06532460690013714
2022-10-30,159928,0.13726023144442356
2022-10-30,513880,0.14508260222925798
2022-10-30,512660,0.10850152211663483
2022-10-30,512980,0.13127008196956164
2022-10-30,515220,0.053665961437898264
2022-10-30,510500,0.1201897748283049
2022-11-06,588000,0.101342298119235
2022-11-06,513050,0.06494321434736289
2022-11-06,159920,0.11671344160324068
2022-11-06,513010,0.06742333344522215
2022-11-06,510050,0.13808407316550594
2022-11-06,512660,0.12654799393549376
2022-11-06,510900,0.1022259859391479
2022-11-06,159740,0.06725977591269963
2022-11-06,515790,0.0716259418981119
2022-11-06,510300,0.14383394163398028
2022-11-13,513010,0.07930439093931904
2022-11-13,513050,0.08411853733550596
2022-11-13,159740,0.07950742930293526
2022-11-13,512690,0.10208071581672139
2022-11-13,512170,0.12257994624620308
2022-11-13,588000,0.11783402765186293
2022-11-13,510900,0.11685822106345174
2022-11-13,515790,0.0861192539986578
2022-11-13,512480,0.08672621091928755
2022-11-13,159920,0.1248712667260552
2022-11-20,513050,0.06639278281966464
2022-11-20,159920,0.09380163723786805
2022-11-20,513010,0.06262273065029793
2022-11-20,512200,0.08528588001069624
2022-11-20,512000,0.10593614016924909
2022-11-20,510900,0.09066784699847062
2022-11-20,518800,0.2339001982536639
2022-11-20,159740,0.06282084416846838
2022-11-20,510050,0.11914364914911277
2022-11-20,159981,0.07942829054250827
2022-11-27,513010,0.07253233369338566
2022-11-27,159740,0.07311663614859326
2022-11-27,510900,0.1049594459823948
2022-11-27,513050,0.07803714187893371
2022-11-27,159920,0.10999394350726374
2022-11-27,512200,0.10566959551627589
2022-11-27,512170,0.11316171164940411
2022-11-27,512000,0.1296871401564418
2022-11-27,159981,0.09623865592493425
2022-11-27,159928,0.11660339554237284
2022-12-04,512200,0.08050889038318333
2022-12-04,515220,0.05812106375853537
2022-12-04,518880,0.2217312690113679
2022-12-04,159928,0.09014399569053115
2022-12-04,510500,0.12564705890813427
2022-12-04,515790,0.06641169944765449
2022-12-04,512980,0.1010336466385591
2022-12-04,159915,0.08751440374607651
2022-12-04,159985,0.10437435066081983
2022-12-04,515030,0.06451362175513814
2022-12-11,513010,0.07231131706385448
2022-12-11,159740,0.07295874608113538
2022-12-11,510900,0.1065700226128632
2022-12-11,512170,0.11553205644636765
2022-12-11,513050,0.07765175554922675
2022-12-11,159920,0.11128770666586502
2022-12-11,515790,0.08859539340370563
2022-12-11,588000,0.12172132781694076
2022-12-11,159981,0.10009642276587723
2022-12-11,512880,0.13327525159416398
2022-12-18,159740,0.07328404863957029
2022-12-18,159981,0.10580443865372349
2022-12-18,159928,0.11558544128025178
2022-12-18,510300,0.163417087303958
2022-12-18,512480,0.09393579688593286
2022-12-18,513010,0.07260411544645737
2022-12-18,513050,0.0804138319037026
2022-12-18,512760,0.0957097273944078
2022-12-18,159920,0.11454638177631947
2022-12-18,515220,0.08469913071567645
2022-12-25,510500,0.13541343731580097
2022-12-25,159928,0.08578281588476074
2022-12-25,510300,0.12526294489198603
2022-12-25,512980,0.10074499406075964
2022-12-25,515050,0.09788693386820023
2022-12-25,515030,0.07317819852634819
2022-12-25,515880,0.11159362960599103
2022-12-25,159740,0.05538159701297587
2022-12-25,510050,0.1173110157655364
2022-12-25,159915,0.09744443306764099
2023-01-01,510900,0.07571687501152859
2023-01-01,512010,0.08452489163619933
2023-01-01,159766,0.06648081418913582
2023-01-01,159928,0.07853481949343649
2023-01-01,518880,0.20522413673242504
2023-01-01,159920,0.07844058992068126
2023-01-01,588000,0.09358819253901889
2023-01-01,512880,0.09986063842213723
2023-01-01,510050,0.10550300018000561
2023-01-01,510300,0.11212604187543163
2023-01-08,510050,0.10609639652103436
2023-01-08,512010,0.08376002954066972
2023-01-08,512880,0.10036912225762021
2023-01-08,510300,0.113473548313883
2023-01-08,159915,0.09693976286759177
2023-01-08,588000,0.08991705376143709
2023-01-08,512120,0.08797977125987126
2023-01-08,512660,0.10596049600290765
2023-01-08,512800,0.13867803703418116
2023-01-08,510900,0.07682578244080389
2023-01-15,515030,0.07655527527190152
2023-01-15,512800,0.1523096504247378
2023-01-15,159915,0.1034503819122886
2023-01-15,510500,0.12326255300589269
2023-01-15,512010,0.09356870759502503
2023-01-15,515790,0.06350528705506837
2023-01-15,510300,0.12276829423365948
2023-01-15,512170,0.09412341069565427
2023-01-15,512690,0.07211163247913069
2023-01-15,512980,0.09834480732664168
2023-01-22,588000,0.0947429811930205
2023-01-22,515050,0.09147155947952325
2023-01-22,510050,0.11142934875686168
2023-01-22,512760,0.06700214353541968
2023-01-22,510500,0.11978166779395959
2023-01-22,510300,0.1168401323753639
2023-01-22,512980,0.09583778079010852
2023-01-22,512170,0.09024073049216402
2023-01-22,513520,0.13828994252472698
2023-01-22,515030,0.07436371305885191
2023-02-05,512690,0.0799526151111001
2023-02-05,512170,0.1016468768013307
2023-02-05,512400,0.08306846177658662
2023-02-05,512760,0.07416964684333642
2023-02-05,515790,0.07033482508294657
2023-02-05,513500,0.14683557883723397
2023-02-05,510500,0.13459130641558137
2023-02-05,515030,0.08320818910033873
2023-02-05,512980,0.11260542849147909
2023-02-05,515880,0.11358707154006638
2023-02-12,512760,0.07096593229117225
2023-02-12,512170,0.09754259640086038
2023-02-12,512690,0.07670228108500145
2023-02-12,512480,0.06947208721972649
2023-02-12,512400,0.0793930430310655
2023-02-12,518880,0.25438729823155753
2023-02-12,515790,0.06724623142910535
2023-02-12,515880,0.11133943301028057
2023-02-12,515030,0.07978064120885339
2023-02-12,510900,0.09317045609237708
2023-02-19,518880,0.2506431920673329
2023-02-19,159928,0.08670065613442163
2023-02-19,512400,0.07313768934862867
2023-02-19,510900,0.08763178301344746
2023-02-19,515880,0.10039223887915046
2023-02-19,159920,0.08820410590377667
2023-02-19,515790,0.0626727848042379
2023-02-19,159740,0.05627600087556701
2023-02-19,515030,0.0739698138966293
2023-02-19,510500,0.1203717350768081
2023-02-26,518880,0.245122868428387
2023-02-26,515790,0.06025352632194126
2023-02-26,159920,0.0844446472567896
2023-02-26,510900,0.08403187420718819
2023-02-26,159928,0.08339760327028696
2023-02-26,510500,0.11505089686378972
2023-02-26,513010,0.05403460890147654
2023-02-26,515030,0.07026061827896747
2023-02-26,515880,0.10026732047922311
2023-02-26,512660,0.1031360359919503
2023-03-05,513010,0.05838055432115659
2023-03-05,510900,0.09022554274232901
2023-03-05,159920,0.09116196153501889
2023-03-05,159740,0.058340704472756105
2023-03-05,512880,0.10903611353689488
2023-03-05,159915,0.10030317907365849
2023-03-05,515220,0.08074554753862552
2023-03-05,518880,0.2532686396404723
2023-03-05,513050,0.06760719506628093
2023-03-05,159928,0.0909305620728072
2023-03-12,513880,0.13591188364787246
2023-03-12,515220,0.06830546954874187
2023-03-12,518880,0.2267545183058393
2023-03-12,159928,0.07644515867756509
2023-03-12,510500,0.10602463723858459
2023-03-12,515790,0.05651260956682652
2023-03-12,515880,0.08753349352116513
2023-03-12,159915,0.0847234481875351
2023-03-12,512980,0.08650284133240839
2023-03-12,512480,0.07128593997346158
2023-03-19,159985,0.12675741886557487
2023-03-19,512480,0.08030940562831504
2023-03-19,512000,0.09101391579083143
2023-03-19,518880,0.241237516913863
2023-03-19,515220,0.07558499249168874
2023-03-19,159740,0.04927228356368364
2023-03-19,515790,0.060782055196703204
2023-03-19,510500,0.11051791993433242
2023-03-19,515880,0.09680655456736957
2023-03-19,515030,0.06771793704763814
2023-03-26,588000,0.12432863839418308
2023-03-26,159740,0.06365211476202143
2023-03-26,513010,0.06355038950988096
2023-03-26,159915,0.11801588452994353
2023-03-26,512000,0.11795872097963679
2023-03-26,513050,0.07535302951355181
2023-03-26,512480,0.10050269117692118
2023-03-26,159985,0.16008309126452336
2023-03-26,515790,0.07910320494969655
2023-03-26,512760,0.09745223491964125
2023-04-02,515880,0.09323347046507799
2023-04-02,512480,0.08801572721146317
2023-04-02,515220,0.09683534674153654
2023-04-02,512760,0.08479493811710065
2023-04-02,510300,0.12529526998680135
2023-04-02,512010,0.10458176301825467
2023-04-02,515790,0.07403355319233099
2023-04-02,510500,0.1328483261415682
2023-04-02,159996,0.109260234191631
2023-04-02,159920,0.09110137093423554
2023-04-09,512010,0.0941107709078018
2023-04-09,159920,0.07736886239687096
2023-04-09,512000,0.10260945445566425
2023-04-09,159996,0.09534074713233122
2023-04-09,515790,0.06742076962265865
2023-04-09,512480,0.07637911758426794
2023-04-09,512690,0.06573547656622487
2023-04-09,512760,0.07374688983134793
2023-04-09,518800,0.2418222781331141
2023-04-09,510050,0.10546563336971834
2023-04-16,512000,0.11084199314777725
2023-04-16,512690,0.07320227794460525
2023-04-16,512480,0.07840103442886172
2023-04-16,515790,0.07583373827240819
2023-04-16,159920,0.08870996847959636
2023-04-16,512760,0.0759709232314226
2023-04-16,159996,0.11104769626611852
2023-04-16,510500,0.13976813328892965
2023-04-16,510300,0.12633060255012601
2023-04-16,510050,0.11989363239015442
2023-04-23,512170,0.12589100309341286
2023-04-23,512000,0.11733767856806993
2023-04-23,512690,0.07098487784895932
2023-04-23,159920,0.09201501764391135
2023-04-23,510050,0.12079357933586286
2023-04-23,515790,0.07652227804571624
2023-04-23,512760,0.0771832222128304
2023-04-23,510900,0.08869225264484733
2023-04-23,510300,0.12768268480501377
2023-04-23,515220,0.10289740580137587
2023-04-30,512170,0.11924217656299971
2023-04-30,512000,0.11751500440775564
2023-04-30,159920,0.09355450115548826
2023-04-30,159915,0.10928541634560553
2023-04-30,515790,0.07783087423170122
2023-04-30,512690,0.07235983992986364
2023-04-30,510050,0.12290514941838808
2023-04-30,515030,0.08295981680339153
2023-04-30,510300,0.1293505557125304
2023-04-30,512760,0.07499666543227596
2023-05-07,512170,0.11627488761038075
2023-05-07,512000,0.11606194160397179
2023-05-07,159915,0.10853269271928657
2023-05-07,515790,0.07799656359371622
2023-05-07,512690,0.07407469378335191
2023-05-07,512760,0.07152091109011367
2023-05-07,510050,0.1275625796066755
2023-05-07,159920,0.09399260254151467
2023-05-07,515030,0.08265044949218131
2023-05-07,510300,0.13133267795880763
2023-05-14,512000,0.09963919258867919
2023-05-14,512010,0.10025879402357867
2023-05-14,512170,0.09702269267685461
2023-05-14,512800,0.14830455714123808
2023-05-14,510050,0.12468345404221394
2023-05-14,159915,0.09319991541300647
2023-05-14,159920,0.09052271022323731
2023-05-14,512690,0.06897369604624895
2023-05-14,512760,0.0570063470960141
2023-05-14,510300,0.12038864074892877
2023-05-21,513050,0.07065445778439654
2023-05-21,159920,0.11315673884794895
2023-05-21,515790,0.07397304510242338
2023-05-21,512120,0.10833372625331922
2023-05-21,512760,0.06178790630747029
2023-05-21,518800,0.20840511614601132
2023-05-21,515030,0.09876144022109992
2023-05-21,513010,0.061138394956559226
2023-05-21,512660,0.11639680403599444
2023-05-21,512400,0.08739237034477682
2023-05-28,588000,0.09138543943997955
2023-05-28,512880,0.11091324607372412
2023-05-28,512000,0.10978010623395387
2023-05-28,512760,0.06154779583556158
2023-05-28,513050,0.06998880362584925
2023-05-28,515790,0.07500555296547727
2023-05-28,513010,0.060930991817998874
2023-05-28,512800,0.15523007304414493
2023-05-28,159920,0.11751457906538691
2023-05-28,510050,0.14770341189792374
2023-06-04,510500,0.11530119694375257
2023-06-04,518800,0.17700570882893862
2023-06-04,512120,0.09187275592549007
2023-06-04,510300,0.10946722009824746
2023-06-04,512800,0.11374292254462323
2023-06-04,515790,0.05892742163410146
2023-06-04,510050,0.11047444884612824
2023-06-04,159920,0.0906110362128297
2023-06-04,510900,0.08320081252488568
2023-06-04,512980,0.04939647644100294
2023-06-11,512980,0.04745869618218443
2023-06-11,515880,0.052172340204221825
2023-06-11,513050,0.05709966205416808
2023-06-11,518800,0.1729012238882794
2023-06-11,518880,0.17342146057472538
2023-06-11,510300,0.10869250924144472
2023-06-11,159901,0.09568924096063397
2023-06-11,159920,0.08962711165015785
2023-06-11,512800,0.11982485413722409
2023-06-11,512000,0.0831129011069603
2023-06-18,515790,0.06976249716513289
2023-06-18,512010,0.11743568970009176
2023-06-18,512000,0.10359155942433772
2023-06-18,515880,0.06474412972756714
2023-06-18,512170,0.11385474291315391
2023-06-18,159920,0.11622793112396453
2023-06-18,510300,0.13885957761726495
2023-06-18,510050,0.140284484759947
2023-06-18,512980,0.05916643671353286
2023-06-18,513050,0.0760729508550073
2023-06-25,515880,0.05002192971763149
2023-06-25,159901,0.09733052181268971
2023-06-25,515790,0.05589078379990548
2023-06-25,512980,0.049717615880878606
2023-06-25,515220,0.07579985150785233
2023-06-25,518880,0.18761147167243647
2023-06-25,515030,0.0776024651363468
2023-06-25,518800,0.1870281739085177
2023-06-25,159920,0.1025532890303846
2023-06-25,510300,0.1164438975333569
2023-07-02,515880,0.06182603527866863
2023-07-02,159901,0.11756008062816432
2023-07-02,513520,0.05537960487886015
2023-07-02,510300,0.1381178988256209
2023-07-02,515220,0.0927972042999668
2023-07-02,515790,0.07008050299750236
2023-07-02,159996,0.11376492938867803
2023-07-02,510050,0.142730550975308
2023-07-02,512980,0.05757383623453381
2023-07-02,512800,0.15016935649269691
2023-07-09,515880,0.055794763670532946
2023-07-09,515220,0.08395019897939478
2023-07-09,513520,0.047828426860259385
2023-07-09,159901,0.10477103967990263
2023-07-09,510300,0.1275196607148012
2023-07-09,512980,0.04845999019229634
2023-07-09,512800,0.13471433254578385
2023-07-09,512690,0.07087957131394962
2023-07-09,518800,0.19721273501114342
2023-07-09,510050,0.12886928103193587
2023-07-16,510500,0.12812420593890575
2023-07-16,515790,0.06330173493960443
2023-07-16,515220,0.07124969158937597
2023-07-16,510050,0.11413901644617824
2023-07-16,512660,0.08404526287443477
2023-07-16,512880,0.08551769293537427
2023-07-16,512200,0.07960328172082859
2023-07-16,518800,0.17412450941420302
2023-07-16,510300,0.11292121539110478
2023-07-16,512170,0.08697338874999014
2023-07-23,512690,0.06814782330185863
2023-07-23,159985,0.0859724981565138
2023-07-23,512170,0.09665961850187287
2023-07-23,159920,0.10090317167840177
2023-07-23,510900,0.09150120327130468
2023-07-23,159901,0.10482138162428867
2023-07-23,515220,0.07857645000262216
2023-07-23,515030,0.0859609562494322
2023-07-23,518800,0.19276886274928287
2023-07-23,512880,0.09468803446442242
2023-07-30,512880,0.09829130048797592
2023-07-30,512690,0.07072486007227453
2023-07-30,510300,0.12929389768403943
2023-07-30,512170,0.10273176455364204
2023-07-30,588000,0.08194009034645214
2023-07-30,159766,0.08625617494423017
2023-07-30,513300,0.1168405812687035
2023-07-30,510900,0.0905063552959301
2023-07-30,515220,0.07947520901615525
2023-07-30,510500,0.143939766330597
2023-08-06,512880,0.07203305829622289
2023-08-06,510300,0.12057486164115903
2023-08-06,513050,0.06810717909534977
2023-08-06,512690,0.06629964973451472
2023-08-06,510900,0.08449567686003534
2023-08-06,512170,0.10690368676687517
2023-08-06,159928,0.0993910230569681
2023-08-06,510500,0.15524558488856652
2023-08-06,513300,0.12090232176267164
2023-08-06,159901,0.10604695789763693
2023-08-13,512880,0.07442671128341548
2023-08-13,512000,0.07438666326946444
2023-08-13,510300,0.12794056972224466
2023-08-13,513050,0.07238985238673759
2023-08-13,512690,0.07051515327477774
2023-08-13,510500,0.16215102378331522
2023-08-13,510900,0.08977554416429052
2023-08-13,513300,0.12068713608762636
2023-08-13,159920,0.10201768291469995
2023-08-13,159928,0.10570966311342812
2023-08-20,512880,0.07636337822855821
2023-08-20,512000,0.07617284011251277
2023-08-20,510300,0.1255752727384159
2023-08-20,513050,0.0762581171595649
2023-08-20,512690,0.07236250271162142
2023-08-20,510900,0.0939560039479226
2023-08-20,510500,0.15365891550814945
2023-08-20,159928,0.10769370634115387
2023-08-20,159901,0.11211305518151155
2023-08-20,159920,0.10584620807058932
2023-08-27,512880,0.07150256003920108
2023-08-27,588000,0.09011027480961417
2023-08-27,513050,0.06865407727979486
2023-08-27,512000,0.07126402195297725
2023-08-27,512690,0.0672360160760351
2023-08-27,510300,0.11408855094516435
2023-08-27,510900,0.0825489333568165
2023-08-27,159981,0.10795185870682042
2023-08-27,518880,0.21596044029846329
2023-08-27,510050,0.110683266535113
2023-09-03,159981,0.10842005610817751
2023-09-03,588000,0.08847877029962949
2023-09-03,512980,0.045054925429977306
2023-09-03,515220,0.09586186053083462
2023-09-03,518880,0.21929050099838718
2023-09-03,512120,0.11786405621404551
2023-09-03,159928,0.0997389196504488
2023-09-03,512200,0.06864318447838508
2023-09-03,515030,0.08454036530650448
2023-09-03,512000,0.07210736098361005
2023-09-10,512200,0.06866618386184244
2023-09-10,515880,0.04634677442405588
2023-09-10,510300,0.11445778980872676
2023-09-10,512880,0.07160241012312292
2023-09-10,512660,0.10555520917902096
2023-09-10,510500,0.1291960245704787
2023-09-10,512000,0.07136830046984129
2023-09-10,159928,0.09957399168419764
2023-09-10,513050,0.07340900972701736
2023-09-10,518880,0.21982430615169604
2023-09-17,512170,0.11318140354240716
2023-09-17,512010,0.10995680587143498
2023-09-17,159740,0.06969972810331414
2023-09-17,513010,0.06892660863991752
2023-09-17,510500,0.14379977006544847
2023-09-17,161226,0.09068301294042211
2023-09-17,510900,0.10157234788843568
2023-09-17,515220,0.09270081069763535
2023-09-17,159920,0.11240247223312626
2023-09-17,512400,0.0970770400178583
2023-09-24,159740,0.06444419355323028
2023-09-24,161226,0.08659098777938656
2023-09-24,513010,0.06373806118485996
2023-09-24,159915,0.09492225119176514
2023-09-24,159920,0.1034780860610384
2023-09-24,512010,0.10001710879303646
2023-09-24,518880,0.249663780315089
2023-09-24,512880,0.07403442915995613
2023-09-24,513050,0.08015462784440094
2023-09-24,515220,0.08295647411723717
2023-10-01,510050,0.11262626830637057
2023-10-01,515880,0.04446271437575782
2023-10-01,510300,0.11133771012142447
2023-10-01,515050,0.0514500373495177
2023-10-01,510500,0.12372539973619236
2023-10-01,512660,0.09016246726625965
2023-10-01,512480,0.05247188755599359
2023-10-01,159901,0.09518745954792249
2023-10-01,512010,0.09155862815839685
2023-10-01,518880,0.22701742758216453
2023-10-15,588000,0.0838209646234954
2023-10-15,512480,0.059900447977749044
2023-10-15,512760,0.05961322064646689
2023-10-15,518880,0.2335430541313651
2023-10-15,515790,0.08096886519446231
2023-10-15,512120,0.10760190806719189
2023-10-15,512200,0.07262733793595746
2023-10-15,159901,0.10928849354260672
2023-10-15,515880,0.05091252088061555
2023-10-15,510500,0.14172318700008962
2023-10-22,518880,0.19499500108664866
2023-10-22,518800,0.20070419988176202
2023-10-22,159901,0.09133861270934679
2023-10-22,515880,0.04532582150021475
2023-10-22,515220,0.07230125852538495
2023-10-22,512120,0.09441201904103971
2023-10-22,515050,0.051963396775863216
2023-10-22,510500,0.12036200321958535
2023-10-22,512000,0.0641745889210641
2023-10-22,512880,0.06442309833909049
2023-10-29,588000,0.10911614122372189
2023-10-29,512010,0.10785127802921836
2023-10-29,510300,0.13362593601180126
2023-10-29,512880,0.08736602512322098
2023-10-29,512690,0.0841611678011635
2023-10-29,510050,0.1303917977304516
2023-10-29,512000,0.08708425420765889
2023-10-29,159740,0.0732829258133481
2023-10-29,512480,0.08461130967189119
2023-10-29,513050,0.10250916438752418
2023-11-05,510300,0.12280785528892992
2023-11-05,510900,0.09789375150073115
2023-11-05,510050,0.12031587054845834
2023-11-05,513010,0.06782814181637364
2023-11-05,512800,0.13105660111034834
2023-11-05,513050,0.09582571421125345
2023-11-05,159740,0.06824003463285395
2023-11-05,159920,0.10972348640509233
2023-11-05,515790,0.08283347187792138
2023-11-05,159928,0.10347507260803766
2023-11-12,512880,0.09538190329221478
2023-11-12,512200,0.09229840733605713
2023-11-12,512000,0.09480897087623882
2023-11-12,515790,0.09520612133206387
2023-11-12,588000,0.11625165092024597
2023-11-12,159920,0.12573314562330384
2023-11-12,515880,0.06399254851690053
2023-11-12,512760,0.09294443578343742
2023-11-12,159915,0.11794867982647429
2023-11-12,515220,0.10543413649306342
2023-11-19,510050,0.13359972414462673
2023-11-19,512660,0.11638371287552668
2023-11-19,515030,0.10594643572438224
2023-11-19,515220,0.099345707556081
2023-11-19,588000,0.11319341470477669
2023-11-19,159915,0.11290359177825565
2023-11-19,159740,0.07508354248426016
2023-11-19,515880,0.0625146749725195
2023-11-19,513010,0.07459671995941311
2023-11-19,513050,0.10643247580015834
2023-11-26,512980,0.07141018043395625
2023-11-26,159920,0.12762967524127478
2023-11-26,159740,0.07954631554831172
2023-11-26,512660,0.12233724800852532
2023-11-26,512000,0.09725256823470368
2023-11-26,513010,0.079200749975998
2023-11-26,515880,0.06626505118593028
2023-11-26,159928,0.12072804978186262
2023-11-26,159915,0.12006891806362795
2023-11-26,515030,0.1155612435258093
2023-12-03,510050,0.11672648902387944
2023-12-03,159915,0.09704417388357123
2023-12-03,510300,0.11847767394669559
2023-12-03,513050,0.09156337603712865
2023-12-03,512760,0.08314822290737006
2023-12-03,159920,0.10352385081446451
2023-12-03,512980,0.0586558052632045
2023-12-03,510500,0.13585283865366582
2023-12-03,510900,0.09291032278960835
2023-12-03,159901,0.10209724668041201
2023-12-10,512980,0.06118912813985141
2023-12-10,510050,0.12317165667549133
2023-12-10,513010,0.06556369653168577
2023-12-10,518880,0.20622502382774213
2023-12-10,159920,0.10816686775936438
2023-12-10,515050,0.06428146949646217
2023-12-10,515880,0.056305030348352686
2023-12-10,510300,0.12438592541335013
2023-12-10,512760,0.08522307463904852
2023-12-10,159901,0.10548812716865147
2023-12-17,515880,0.0546927204235251
2023-12-17,513520,0.1153674577564314
2023-12-17,518880,0.19897911682497396
2023-12-17,515050,0.06321867623921458
2023-12-17,159920,0.1015032367891248
2023-12-17,515220,0.0938915228507664
2023-12-17,512980,0.06579917192958003
2023-12-17,512120,0.09636331456865962
2023-12-17,159901,0.09892074157743548
2023-12-17,159985,0.11126404104028861
2023-12-24,510050,0.1165920552634406
2023-12-24,512010,0.09536247818170386
2023-12-24,510300,0.11930320449577567
2023-12-24,512200,0.07556640197560097
2023-12-24,159920,0.10785818938370202
2023-12-24,512660,0.10925130468616832
2023-12-24,513520,0.11318511894844699
2023-12-24,515030,0.0969002111905536
2023-12-24,515220,0.09730366319408004
2023-12-24,512980,0.06867737268052793
2023-12-31,510300,0.1394269133516254
2023-12-31,512010,0.10656148011304471
2023-12-31,512170,0.11234004086877945
2023-12-31,512880,0.0847714233562449
2023-12-31,513010,0.07337762080950902
2023-12-31,513050,0.10072053369071872
2023-12-31,510050,0.1297657196980148
2023-12-31,510900,0.10818022886349371
2023-12-31,512200,0.07929928041904175
2023-12-31,512980,0.0655567588295276
2024-01-07,510300,0.13226334692134617
2024-01-07,513050,0.10128194728840066
2024-01-07,513010,0.07189923944255326
2024-01-07,510050,0.1280608163770777
2024-01-07,510900,0.10396797158537001
2024-01-07,515030,0.10492790345461651
2024-01-07,512200,0.08125447513797451
2024-01-07,512480,0.09185607803825929
2024-01-07,512660,0.11607129516797221
2024-01-07,515880,0.0684169265864297
2024-01-14,588000,0.11486689166379664
2024-01-14,510300,0.13721227566867636
2024-01-14,510050,0.13481696667093654
2024-01-14,512880,0.08953939709239933
2024-01-14,513050,0.1088525587088052
2024-01-14,513010,0.07627547265670642
2024-01-14,512980,0.07203836079303665
2024-01-14,512000,0.08955862484764535
2024-01-14,515790,0.09070056288176885
2024-01-14,512200,0.08613888901622872
2024-01-21,510050,0.12781110900093576
2024-01-21,510300,0.13021070958724862
2024-01-21,515790,0.08323358184068405
2024-01-21,513880,0.11003151836510364
2024-01-21,588000,0.10708149950963776
2024-01-21,512880,0.08435718603471482
2024-01-21,159901,0.11335218089011954
2024-01-21,515050,0.07275339271369723
2024-01-21,515220,0.10455371824015416
2024-01-21,515880,0.06661510381770451
2024-01-28,512690,0.09787173215408215
2024-01-28,515880,0.07397289384886913
2024-01-28,515790,0.09383241458088967
2024-01-28,515050,0.08230147499504069
2024-01-28,512880,0.09340962969356996
2024-01-28,512980,0.07836923307000204
2024-01-28,512200,0.08960067176427702
2024-01-28,515220,0.10928152515548432
2024-01-28,159981,0.13032765553203218
2024-01-28,159985,0.15103276920575284
2024-02-04,515220,0.0927697748697776
2024-02-04,513520,0.08377644615882815
2024-02-04,512980,0.07153978076294484
2024-02-04,159901,0.11523251107093471
2024-02-04,513880,0.1078183897514163
2024-02-04,512400,0.1216261184671646
2024-02-04,510500,0.14200035049324655
2024-02-04,515050,0.07742778005260327
2024-02-04,512660,0.10047648314739518
2024-02-04,512690,0.0873323652256887
2024-02-11,513520,0.07890630286249614
2024-02-11,513880,0.10173507207980945
2024-02-11,510050,0.1364235148453904
2024-02-11,159985,0.14111993237138967
2024-02-11,159920,0.11016245066668678
2024-02-11,513010,0.0713204963235195
2024-02-11,513050,0.09852151051974374
2024-02-11,512480,0.06760751254498684
2024-02-11,510900,0.09832486645998037
2024-02-11,512400,0.09587834132599717
2024-02-25,512660,0.08500128429841639
2024-02-25,515050,0.07556951431275194
2024-02-25,159901,0.12065197662093856
2024-02-25,510300,0.15185086587037452
2024-02-25,515030,0.08826526946108151
2024-02-25,512760,0.07665065294817264
2024-02-25,159915,0.09757880726587183
2024-02-25,159740,0.09331126673485399
2024-02-25,512980,0.08150057021148835
2024-02-25,513050,0.1296197922760502
2024-03-03,512660,0.08856938423822953
2024-03-03,159901,0.12769361643760188
2024-03-03,515030,0.09188569383263895
2024-03-03,510500,0.09667601089015546
2024-03-03,510300,0.16332898384413258
2024-03-03,512980,0.08510826165210375
2024-03-03,515790,0.08449691590952028
2024-03-03,512760,0.07990570517951316
2024-03-03,159915,0.10208248735566672
2024-03-03,515050,0.0802529406604378
2024-03-10,515880,0.06319577587955287
2024-03-10,515050,0.06437409235966435
2024-03-10,510500,0.0818975894057391
2024-03-10,513880,0.1331148376222174
2024-03-10,515030,0.07679021896395184
2024-03-10,512690,0.10089438987292476
2024-03-10,510300,0.14104580422142837
2024-03-10,513050,0.11885016938392669
2024-03-10,510050,0.14695482396795065
2024-03-10,512980,0.07288229832264398
2024-03-17,510500,0.08207799297521756
2024-03-17,515030,0.07729085212471692
2024-03-17,515880,0.062003510174327425
2024-03-17,512980,0.07168904930197674
2024-03-17,513880,0.12891561261404355
2024-03-17,513050,0.117214283828093
2024-03-17,510050,0.14485079478363086
2024-03-17,512170,0.079499423524657
2024-03-17,510300,0.14043795213726482
2024-03-17,513520,0.09602052853607215
2024-03-24,510300,0.15174685748162187
2024-03-24,510500,0.08739060647345814
2024-03-24,510050,0.1564775135388147
2024-03-24,515030,0.07736952011656881
2024-03-24,512800,0.2303520176050132
2024-03-24,515880,0.06732976619864663
2024-03-24,513520,0.10158561710221854
2024-03-24,513880,0.12774810148365817
2024-03-31,510500,0.06837984887210788
2024-03-31,515880,0.0529506790688083
2024-03-31,515030,0.06076816514974072
2024-03-31,159985,0.12891285357166937
2024-03-31,513880,0.09527279252610858
2024-03-31,512800,0.18088856790112323
2024-03-31,512000,0.10059373853738271
2024-03-31,588000,0.0701608415100832
2024-03-31,510300,0.11958099503737382
2024-03-31,510050,0.12249151782560216
2024-04-07,510500,0.07469758711200163
2024-04-07,515030,0.0667686008314163
2024-04-07,515880,0.05742732141520662
2024-04-07,518880,0.17693179340874196
2024-04-07,515220,0.09186738669016309
2024-04-07,513880,0.10440313919646642
2024-04-07,510300,0.13110104964520108
2024-04-07,588000,0.07585279700189516
2024-04-07,510050,0.133947055031556
2024-04-07,513520,0.08700326966735171
2024-04-14,510500,0.07155303700738712
2024-04-14,515030,0.062323452886063
2024-04-14,518880,0.16783712977061835
2024-04-14,515880,0.05584081492475903
2024-04-14,515220,0.08790272752208518
2024-04-14,159901,0.09416264547059772
2024-04-14,513880,0.10149715530844935
2024-04-14,510300,0.1260694574978541
2024-04-14,512880,0.10232543975863456
2024-04-14,510050,0.13048813985355168
2024-04-21,518880,0.18471529047023663
2024-04-21,515030,0.07135298497497893
2024-04-21,510500,0.08228853674800075
2024-04-21,515880,0.06449295521034187
2024-04-21,512660,0.07581673633170408
2024-04-21,159766,0.09904840402365683
2024-04-21,159901,0.10550561217375094
2024-04-21,515050,0.06602784440315768
2024-04-21,515790,0.07113714190666165
2024-04-21,513500,0.17961449375751073
2024-04-28,510500,0.08913578071385199
2024-04-28,512880,0.12057051184018518
2024-04-28,515030,0.07728260839505209
2024-04-28,588000,0.0911923832673595
2024-04-28,159901,0.11368807159562623
2024-04-28,518880,0.19719763785895417
2024-04-28,515050,0.07149572093497158
2024-04-28,512170,0.08706040080201716
2024-04-28,512980,0.07164892173709989
2024-04-28,512660,0.08072796285488221
2024-05-05,510500,0.09285672021732082
2024-05-05,515030,0.07995235275225494
2024-05-05,159901,0.12089778831182764
2024-05-05,512400,0.09654948226866994
2024-05-05,512980,0.07469608055639107
2024-05-05,515050,0.07505753355620567
2024-05-05,518880,0.20390445931884682
2024-05-05,588000,0.09258097648253365
2024-05-05,515790,0.07962768875929226
2024-05-05,512660,0.08387691777665714
2024-05-12,518880,0.19277704456639144
2024-05-12,510500,0.08879345946280665
2024-05-12,512400,0.09206940466305681
2024-05-12,512660,0.08108795066493608
2024-05-12,159901,0.11648844355809981
2024-05-12,513050,0.08543435396755883
2024-05-12,159920,0.11759373340327779
2024-05-12,515030,0.07631342945495152
2024-05-12,512980,0.07145168911791808
2024-05-12,512200,0.07799049114100297
2024-05-19,512200,0.0700987914970078
2024-05-19,159920,0.09841221046737966
2024-05-19,159901,0.10687728722913875
2024-05-19,515790,0.06998097082436251
2024-05-19,510050,0.15297232470146208
2024-05-19,510900,0.09162191594183013
2024-05-19,512800,0.1890530617895936
2024-05-19,512660,0.07305154548803142
2024-05-19,510500,0.08172066710453359
2024-05-19,515050,0.06621122495666035
2024-05-26,513500,0.133013442714406
2024-05-26,512120,0.06610656527094273
2024-05-26,513100,0.1266150301231785
2024-05-26,159901,0.08906516471654143
2024-05-26,518880,0.15082476281795074
2024-05-26,515050,0.055106208381487366
2024-05-26,512800,0.1512090666156035
2024-05-26,515220,0.07053136737765286
2024-05-26,513880,0.08780809301482735
2024-05-26,512400,0.06972029896740956
2024-06-02,513100,0.13620394749233375
2024-06-02,513500,0.1363360477896421
2024-06-02,518880,0.14761448435999006
2024-06-02,513520,0.07257439273925217
2024-06-02,513880,0.09031990260137483
2024-06-02,512980,0.05806881253768937
2024-06-02,512200,0.04918136846235951
2024-06-02,515220,0.07152785264732905
2024-06-02,512000,0.0851736400077859
2024-06-02,512800,0.15299955136224327
2024-06-09,512980,0.06680579240060386
2024-06-09,513500,0.1563407041102229
2024-06-09,515220,0.08273657624965029
2024-06-09,159915,0.08040115137008551
2024-06-09,510500,0.07876062808404101
2024-06-09,512000,0.09830810915071267
2024-06-09,159996,0.1254995564428285
2024-06-09,510300,0.1399866911998706
2024-06-09,159920,0.09047531782943953
2024-06-09,512400,0.08068547316254508
2024-06-16,513880,0.09787326667757275
2024-06-16,518800,0.16577031974007814
2024-06-16,512400,0.07578983342401373
2024-06-16,510900,0.08269844864338713
2024-06-16,159920,0.08764136687602246
2024-06-16,512980,0.06319247811705156
2024-06-16,159996,0.12059384011664981
2024-06-16,159740,0.059482934726755754
2024-06-16,159915,0.07585094856822848
2024-06-16,512800,0.17110656311024008
2024-06-23,512200,0.0645038732043768
2024-06-23,513880,0.11421671540525553
2024-06-23,159985,0.15827936905326023
2024-06-23,512980,0.07366353130210938
2024-06-23,159996,0.14480708296129602
2024-06-23,159915,0.08920788358379557
2024-06-23,512880,0.10665118137572402
2024-06-23,512690,0.09184514322606284
2024-06-23,515880,0.06915970105243746
2024-06-23,512400,0.0876655188356822
2024-06-30,518800,0.1493500318067699
2024-06-30,513880,0.09508910510250534
2024-06-30,515050,0.05640044506495639
2024-06-30,512660,0.06440819003787619
2024-06-30,512800,0.1664294557583485
2024-06-30,510050,0.14249296350054466
2024-06-30,159996,0.11216106184100719
2024-06-30,159901,0.09637705522335414
2024-06-30,515880,0.05725618978445603
2024-06-30,512980,0.06003550188018166
2024-07-07,588000,0.07286185792690818
2024-07-07,512170,0.07380259335832653
2024-07-07,518880,0.1584627697720639
2024-07-07,513500,0.14331550834075849
2024-07-07,513880,0.10164730983275523
2024-07-07,159915,0.07736860332906642
2024-07-07,512200,0.05595711427755237
2024-07-07,518800,0.1565689773749911
2024-07-07,512010,0.08242826712663041
2024-07-07,512400,0.07758699866094737
2024-07-14,513880,0.09261406751082459
2024-07-14,513520,0.07426838942741468
2024-07-14,512400,0.0741016260416292
2024-07-14,518880,0.1492295644027267
2024-07-14,515050,0.058073503453539656
2024-07-14,510300,0.1407270016180925
2024-07-14,588000,0.06912883149541012
2024-07-14,513500,0.13575491270082632
2024-07-14,518800,0.14734158676123796
2024-07-14,515880,0.05876051658829832
2024-07-21,510300,0.16008680050216526
2024-07-21,588000,0.07682362606057161
2024-07-21,510050,0.16620314408984063
2024-07-21,159915,0.0855087090663961
2024-07-21,512010,0.08791439223436083
2024-07-21,512880,0.09687996393715363
2024-07-21,512690,0.09095060252598357
2024-07-21,512170,0.07887208234642261
2024-07-21,512480,0.06030234793367702
2024-07-21,512000,0.09645833130342862
2024-07-28,515790,0.07938744784712745
2024-07-28,512760,0.06491613565310404
2024-07-28,512660,0.07720683771913148
2024-07-28,512980,0.08202072599620723
2024-07-28,513880,0.12428208488286066
2024-07-28,515030,0.0744969460907093
2024-07-28,159996,0.12063164318692335
2024-07-28,512480,0.06340573343829937
2024-07-28,159985,0.1492340230701517
2024-07-28,513100,0.1644184221154854
2024-08-04,518800,0.13243197940579554
2024-08-04,159985,0.11973259047024848
2024-08-04,512200,0.04872015462157974
2024-08-04,159981,0.18336135838524936
2024-08-04,518880,0.13408956155935708
2024-08-04,159996,0.09573398399873885
2024-08-04,513880,0.09649305873381929
2024-08-04,512980,0.06484016992248665
2024-08-04,515030,0.05934933244967525
2024-08-04,512400,0.06524781045304998
2024-08-11,512200,0.06919546917067224
2024-08-11,510500,0.08879467244351169
2024-08-11,518880,0.17353441248804954
2024-08-11,515790,0.08347799323582147
2024-08-11,512760,0.06730528643601247
2024-08-11,588000,0.08284079428076056
2024-08-11,159901,0.12239787164152241
2024-08-11,512980,0.08538469882553434
2024-08-11,159985,0.15464713118515241
2024-08-11,515880,0.07242167029296287
2024-08-18,512200,0.061512632431511345
2024-08-18,510050,0.14858851363117978
2024-08-18,512170,0.07731040220052608
2024-08-18,510300,0.1437534874330589
2024-08-18,513100,0.11941155648848979
2024-08-18,588000,0.07511823459973783
2024-08-18,512880,0.09623324858841185
2024-08-18,512010,0.08792581667414273
2024-08-18,513520,0.09509916090158173
2024-08-18,512000,0.09504694705135991
2024-08-25,513050,0.05880953848922341
2024-08-25,510900,0.08313651288547466
2024-08-25,513100,0.08863850721366653
2024-08-25,159920,0.08459827606957651
2024-08-25,513880,0.08129648614142065
2024-08-25,513500,0.09428562201266513
2024-08-25,513300,0.08090054521694265
2024-08-25,512800,0.13788637886472713
2024-08-25,510050,0.16651241703130862
2024-08-25,518880,0.12393571607499473
2024-09-01,513050,0.06594040185814455
2024-09-01,512170,0.10137834192959685
2024-09-01,510900,0.09321783709213578
2024-09-01,512690,0.07786354211742373
2024-09-01,513100,0.09899780854056524
2024-09-01,518880,0.13892101315864422
2024-09-01,513880,0.09039956876462142
2024-09-01,518800,0.13761995194917795
2024-09-01,513500,0.10540997443128566
2024-09-01,513300,0.09025156015840449
2024-09-08,512200,0.06150376950990241
2024-09-08,515030,0.09100377942956751
2024-09-08,512980,0.08132180931338687
2024-09-08,510500,0.15680304909656903
2024-09-08,515790,0.09135074539759516
2024-09-08,515880,0.08752234195559112
2024-09-08,159901,0.14668984808998936
2024-09-08,515050,0.08767584899414642
2024-09-08,159766,0.11758978615344233
2024-09-08,512760,0.07853902205980974
2024-09-15,515030,0.0848248162210351
2024-09-15,512000,0.0986110950090632
2024-09-15,518880,0.13736770000753026
2024-09-15,512980,0.07509332149599762
2024-09-15,510900,0.08133116360765148
2024-09-15,513520,0.06796822749278578
2024-09-15,512170,0.09196705921794313
2024-09-15,510300,0.16409994723504676
2024-09-15,512660,0.10178461202437701
2024-09-15,588000,0.09695205768856974
2024-09-22,510300,0.15556596084568067
2024-09-22,510050,0.14531385686493287
2024-09-22,159915,0.11167029277467765
2024-09-22,513300,0.07116694607500573
2024-09-22,512690,0.07228210221398036
2024-09-22,588000,0.09429520601484351
2024-09-22,510900,0.07941804667922316
2024-09-22,512000,0.09572527784546124
2024-09-22,512170,0.09384766841699695
2024-09-22,513100,0.08071464226919785
2024-09-29,588000,0.09587703159911087
2024-09-29,512170,0.09587910825765181
2024-09-29,512010,0.11457836008370378
2024-09-29,159915,0.11304422035125929
2024-09-29,512000,0.09629835356704246
2024-09-29,510300,0.153681568572498
2024-09-29,513520,0.06708507918910409
2024-09-29,510500,0.1432094754101431
2024-09-29,512200,0.05564471373258354
2024-09-29,512480,0.06470208923690314
2024-10-06,510300,0.09023024357265304
2024-10-06,510500,0.08298088076010618
2024-10-06,515220,0.07428353803456778
2024-10-06,513050,0.0698084242755615
2024-10-06,518880,0.2137152073596249
2024-10-06,513100,0.12206833615373514
2024-10-06,513300,0.10684709880514667
2024-10-06,513500,0.13925698042791443
2024-10-06,513520,0.10080929061069044
2024-10-13,510500,0.06887364282088429
2024-10-13,515220,0.06449140976472284
2024-10-13,518880,0.19359804683423756
2024-10-13,513300,0.09490391427711134
2024-10-13,513880,0.11746634273571903
2024-10-13,510300,0.07348727194974995
2024-10-13,513100,0.10889317620729805
2024-10-13,513520,0.09025043785244294
2024-10-13,513500,0.12722576145884137
2024-10-13,513050,0.060809996098992604
2024-10-20,510500,0.06412996158041447
2024-10-20,518880,0.22909798159110586
2024-10-20,515220,0.06009665921026847
2024-10-20,513500,0.12139447177452686
2024-10-20,513520,0.08789917152631056
2024-10-20,513300,0.09068340768755986
2024-10-20,513100,0.10514716716217819
2024-10-20,513880,0.11442862390848453
2024-10-20,510300,0.06915957761563189
2024-10-20,513050,0.05796297794351932
2024-10-27,518880,0.19410829651774672
2024-10-27,510500,0.05917466660673901
2024-10-27,515220,0.05618788795724017
2024-10-27,512800,0.08995310248417161
2024-10-27,513500,0.12169827595264361
2024-10-27,513880,0.12452164838621423
2024-10-27,513520,0.09357773625628651
2024-10-27,513300,0.0901390328704169
2024-10-27,513100,0.10630762883375999
2024-10-27,510300,0.06433172413478126
2024-11-03,510500,0.060143598397977574
2024-11-03,515220,0.05996112317142819
2024-11-03,518880,0.2137624808384597
2024-11-03,512800,0.09127435148117514
2024-11-03,513520,0.09607010011110974
2024-11-03,513300,0.09195863972330835
2024-11-03,513500,0.12296584971164132
2024-11-03,159996,0.08203710680333821
2024-11-03,510050,0.07287354722062904
2024-11-03,513100,0.10895320254093253
2024-11-10,513500,0.1478591873225554
2024-11-10,515030,0.07283200183800506
2024-11-10,512660,0.08402390608617508
2024-11-10,515220,0.07260690445043586
2024-11-10,515050,0.07943734066580095
2024-11-10,513300,0.1112197856146732
2024-11-10,515880,0.07471853417685115
2024-11-10,512800,0.10987540444627417
2024-11-10,513100,0.13133929320180196
2024-11-10,513520,0.11608764219742704
2024-11-17,512480,0.06735771390428148
2024-11-17,512000,0.06246687330873392
2024-11-17,512880,0.06898181735488243
2024-11-17,515050,0.08515914664141673
2024-11-17,513300,0.11637368995524291
2024-11-17,515030,0.07519576737473323
2024-11-17,512660,0.08239049044649542
2024-11-17,512200,0.054417267862200275
2024-11-17,513100,0.13440627601246843
2024-11-17,518880,0.25325095713954515
2024-11-24,512880,0.059687441466144985
2024-11-24,512000,0.054349946399871514
2024-11-24,518800,0.2151234389406716
2024-11-24,513300,0.10555745687466082
2024-11-24,512480,0.060072627065654756
2024-11-24,515030,0.06814327451779767
2024-11-24,510300,0.07529991936896875
2024-11-24,512660,0.07014532887647323
2024-11-24,515050,0.07609264954968044
2024-11-24,518880,0.21552791694007634
2024-12-01,512880,0.07359654192412697
2024-12-01,510300,0.09238618770410471
2024-12-01,512000,0.06702449751983174
2024-12-01,512480,0.07466875598224787
2024-12-01,513050,0.09648865292564304
2024-12-01,510050,0.10267778424138764
2024-12-01,518880,0.22973222667083693
2024-12-01,512660,0.08680074774879454
2024-12-01,515050,0.09224539759322976
2024-12-01,510500,0.08437920768979704
2024-12-08,588000,0.08970038926654748
2024-12-08,512010,0.1163822699659809
2024-12-08,513050,0.12036190400170141
2024-12-08,510300,0.1142754235331023
2024-12-08,159915,0.08088184288253225
2024-12-08,512000,0.0828810648888879
2024-12-08,512880,0.09098137519890019
2024-12-08,513010,0.10734579163012095
2024-12-08,510500,0.10420863238884344
2024-12-08,512480,0.09298130624338327
2024-12-15,510500,0.10702284192676378
2024-12-15,159928,0.08486305688132512
2024-12-15,513050,0.12285570025143261
2024-12-15,510300,0.11710165807073633
2024-12-15,512690,0.0763259063895855
2024-12-15,159915,0.08306301380254492
2024-12-15,512000,0.08565375224702289
2024-12-15,512010,0.11920759303367355
2024-12-15,512880,0.09425108906650208
2024-12-15,513010,0.1096553883304132
2024-12-22,588000,0.05617038661369843
2024-12-22,513050,0.07533187739885146
2024-12-22,512480,0.05849386975050029
2024-12-22,513010,0.06752711696926375
2024-12-22,513500,0.13928877836903106
2024-12-22,513300,0.1011439428361226
2024-12-22,512760,0.05875146330360826
2024-12-22,518880,0.1812586631680822
2024-12-22,510050,0.07991618354028647
2024-12-22,518800,0.1821177180505556
2024-12-29,513050,0.09742171652177244
2024-12-29,510050,0.10360919175337378
2024-12-29,588000,0.07264260077662128
2024-12-29,510300,0.09315695006843529
2024-12-29,513520,0.13553117534966838
2024-12-29,513300,0.131046354185704
2024-12-29,512880,0.0743627437135042
2024-12-29,512480,0.07512361603993352
2024-12-29,159920,0.13118434219307787
2024-12-29,515220,0.08592130939790936
2025-01-05,513300,0.11115085591846786
2025-01-05,513050,0.08421007816189278
2025-01-05,515880,0.07732275799410751
2025-01-05,510300,0.07963206060297946
2025-01-05,510050,0.08829819598109051
2025-01-05,159915,0.05687107029968577
2025-01-05,512880,0.06481777517199361
2025-01-05,513100,0.12453124182614696
2025-01-05,518880,0.20068943530222713
2025-01-05,159920,0.11247652874140861
2025-01-12,510500,0.07280166190277988
2025-01-12,510300,0.08074950184338252
2025-01-12,518880,0.209037394510033
2025-01-12,518800,0.21061003329440842
2025-01-12,159766,0.07020387389636462
2025-01-12,512690,0.05398190660153176
2025-01-12,515030,0.07512071710432905
2025-01-12,515220,0.07635310079440986
2025-01-12,588000,0.06410932611011863
2025-01-12,512400,0.08703248394264217
2025-01-19,518800,0.18761622338208486
2025-01-19,518880,0.1862297683349641
2025-01-19,510500,0.06477674221156704
2025-01-19,515880,0.06619948342666787
2025-01-19,513300,0.1041798658233934
2025-01-19,515030,0.0671514771320133
2025-01-19,512480,0.05734219103007817
2025-01-19,513880,0.13215457334890363
2025-01-19,515220,0.06899513316457477
2025-01-19,512660,0.06535454214575291
2025-01-26,515880,0.098775606786389
2025-01-26,512480,0.08685535925365384
2025-01-26,159740,0.10582095887091302
2025-01-26,513010,0.10665588878324331
2025-01-26,512980,0.09694680509618511
2025-01-26,512000,0.07649914751570495
2025-01-26,515030,0.10019495346701132
2025-01-26,512200,0.07368373118069964
2025-01-26,515050,0.10648951027159538
2025-01-26,510900,0.1480780387746045
2025-02-02,515050,0.08080115075363761
2025-02-02,513050,0.09150781408261802
2025-02-02,515880,0.07459071181747383
2025-02-02,518800,0.2199166157473102
2025-02-02,510900,0.11461941633281167
2025-02-02,513010,0.08198854044065157
2025-02-02,159740,0.08121246517643625
2025-02-02,512200,0.056362675663412735
2025-02-02,512980,0.07437574372879584
2025-02-02,159920,0.1246248662568522
2025-02-09,588000,0.0737942568311842
2025-02-09,159740,0.09098643631785765
2025-02-09,513050,0.10173342844604423
2025-02-09,513010,0.09163690951525291
2025-02-09,512010,0.09566378114506005
2025-02-09,159920,0.1395393306102908
2025-02-09,510300,0.09302102560140445
2025-02-09,510050,0.10440686474830031
2025-02-09,513520,0.1393720877872859
2025-02-09,512880,0.06984587899731959
2025-02-16,513050,0.11478105408108502
2025-02-16,159740,0.10149115457077618
2025-02-16,513010,0.10195200561445429
2025-02-16,588000,0.08610686357636506
2025-02-16,510900,0.1466924400780512
2025-02-16,159915,0.07585405813870433
2025-02-16,512480,0.08800620589343375
2025-02-16,515030,0.09891158464207425
2025-02-16,512880,0.08203533177776644
2025-02-16,515050,0.10416930162728948
2025-02-23,588000,0.07755745231072197
2025-02-23,513050,0.09583717947266508
2025-02-23,159915,0.06834705047799758
2025-02-23,512170,0.08910209963399775
2025-02-23,510300,0.09846581684755261
2025-02-23,512880,0.0738156994950264
2025-02-23,512000,0.06794067936184832
2025-02-23,512660,0.08871874513285526
2025-02-23,515030,0.08953295401708282
2025-02-23,518880,0.2506823232502523
2025-03-02,513520,0.14829553192686123
2025-03-02,510300,0.06960501958196616
2025-03-02,515030,0.06367969776466766
2025-03-02,510500,0.06199719079317634
2025-03-02,518880,0.1773445891776843
2025-03-02,512000,0.048186877569678856
2025-03-02,510050,0.07795882618832364
2025-03-02,513300,0.13362951895229674
2025-03-02,513500,0.16689957490223659
2025-03-02,512880,0.05240317314310844
2025-03-09,513520,0.17528744302920277
2025-03-09,510300,0.0851240988282357
2025-03-09,510050,0.09568505709273617
2025-03-09,518880,0.2112798891355559
2025-03-09,510500,0.07546692897127522
2025-03-09,159901,0.0815250410606887
2025-03-09,515030,0.07835351084752859
2025-03-09,512000,0.058858818199325064
2025-03-09,159915,0.05881165117027615
2025-03-09,513050,0.07960756166517578
2025-03-16,510300,0.09814011446958602
2025-03-16,510050,0.11097987748844469
2025-03-16,159915,0.06756354758415686
2025-03-16,515220,0.09502538084101578
2025-03-16,510500,0.086588396050368
2025-03-16,512000,0.0671938084516409
2025-03-16,159901,0.09400879808672517
2025-03-16,159985,0.2176664763639679
2025-03-16,512880,0.07308442021858502
2025-03-16,515030,0.08974918044550977
2025-03-23,518800,0.1738712974936323
2025-03-23,518880,0.1721357028794711
2025-03-23,515050,0.06298992244625953
2025-03-23,512200,0.047825794514864364
2025-03-23,510500,0.06269568180337215
2025-03-23,515220,0.06804379924645006
2025-03-23,512400,0.07456753540098685
2025-03-23,513300,0.13402440229955398
2025-03-23,512660,0.06267471644470543
2025-03-23,513100,0.14117114747070433
2025-03-30,518880,0.15762554017097238
2025-03-30,518800,0.15914488348956188
2025-03-30,515220,0.06313943145766038
2025-03-30,513300,0.12195764867676945
2025-03-30,513100,0.12805531541406545
2025-03-30,512400,0.06903248934124523
2025-03-30,512690,0.04383242905790041
2025-03-30,510500,0.05713786466932668
2025-03-30,510050,0.0731834084669145
2025-03-30,159941,0.1268909892555836
2025-04-06,518880,0.14093114672544735
2025-04-06,515220,0.08641932857914204
2025-04-06,513100,0.11775939602420411
2025-04-06,513300,0.11310990590303963
2025-04-06,512690,0.06428279320912689
2025-04-06,515880,0.0559409365430715
2025-04-06,510050,0.11451005827610293
2025-04-06,510500,0.07397195828936536
2025-04-06,518800,0.14243898012968764
2025-04-06,510300,0.0906354963208127
2025-04-13,518880,0.1371527442605732
2025-04-13,518800,0.1380733747968989
2025-04-13,159985,0.12467569099288082
2025-04-13,512690,0.07073911982711625
2025-04-13,512200,0.061329425498356106
2025-04-13,510050,0.13567390773684246
2025-04-13,512400,0.08559350524858349
2025-04-13,510500,0.08171580629701777
2025-04-13,510300,0.11288648158002439
2025-04-13,512980,0.052159943761706615
2025-04-20,518880,0.140763211941315
2025-04-20,518800,0.141968156247751
2025-04-20,159985,0.14710977639645945
2025-04-20,515790,0.06016347181143312
2025-04-20,512400,0.1009343561144925
2025-04-20,512880,0.06229025754609138
2025-04-20,512200,0.07567689211010836
2025-04-20,513520,0.13300675568297607
2025-04-20,512000,0.06200218261235872
2025-04-20,515030,0.07608493953701448
2025-04-27,518880,0.12540241077328207
2025-04-27,512400,0.09176121703348437
2025-04-27,510050,0.1347276542423699
2025-04-27,159996,0.10430114262995523
2025-04-27,510300,0.11786008658050309
2025-04-27,515880,0.05406096533836508
2025-04-27,518800,0.12604086708446957
2025-04-27,512760,0.05787912755973238
2025-04-27,512000,0.05721369683105724
2025-04-27,159985,0.1307528319267811
2025-05-04,513010,0.07503056785763819
2025-05-04,588000,0.0880556825614124
2025-05-04,513050,0.06741133491189846
2025-05-04,159915,0.08371988302741351
2025-05-04,512170,0.08565177336985166
2025-05-04,512480,0.07076732058990523
2025-05-04,159981,0.17085347552400232
2025-05-04,513500,0.1342266827598698
2025-05-04,518800,0.15505472969175257
2025-05-04,515050,0.06922854970625604
2025-05-11,512760,0.06750633330333058
2025-05-11,159915,0.07969982960901874
2025-05-11,513100,0.1122981755927615
2025-05-11,515050,0.06476316958608803
2025-05-11,512000,0.06582338753882946
2025-05-11,518880,0.1409405331814435
2025-05-11,159996,0.12398684175776738
2025-05-11,159981,0.15818924808784585
2025-05-11,513500,0.12433538698613081
2025-05-11,515880,0.06245709435678424
2025-05-18,518880,0.1248530687993263
2025-05-18,161226,0.10849657237155816
2025-05-18,159981,0.13263072414750618
2025-05-18,513500,0.1111856784107253
2025-05-18,518800,0.1248621442545514
2025-05-18,515050,0.05525051467703116
2025-05-18,510500,0.09016345479800794
2025-05-18,512760,0.06575206331357773
2025-05-18,512800,0.1334196859034303
2025-05-18,515880,0.05338609332428563
2025-05-25,159941,0.10162094890425084
2025-05-25,512010,0.12035565360818586
2025-05-25,512880,0.08522323301726807
2025-05-25,513010,0.06827840913429892
2025-05-25,512660,0.08749717110341625
2025-05-25,513100,0.10163500141001759
2025-05-25,512000,0.08501310242617417
2025-05-25,512690,0.10091422256077706
2025-05-25,510300,0.14793046843883115
2025-05-25,513300,0.10153178939678012
2025-06-01,518880,0.10821436381059134
2025-06-01,518800,0.10856958878132085
2025-06-01,510300,0.1224053975367939
2025-06-01,510500,0.08314613738504663
2025-06-01,510050,0.14139714450370977
2025-06-01,515050,0.04804704923261562
2025-06-01,512800,0.11874358816354061
2025-06-01,512760,0.0578295175873067
2025-06-01,159981,0.11565475941496908
2025-06-01,512010,0.09599245358410556
2025-06-08,518880,0.11423914997521246
2025-06-08,159981,0.12161023648054997
2025-06-08,512120,0.10643438573003478
2025-06-08,515050,0.05032043693926495
2025-06-08,510050,0.14739976944857583
2025-06-08,515880,0.04834632373787808
2025-06-08,510300,0.1291982479913196
2025-06-08,512800,0.1260173952267333
2025-06-08,510500,0.08800470102269303
2025-06-08,515030,0.068429353447738
2025-06-15,518880,0.12784555419881766
2025-06-15,161226,0.09234736769142375
2025-06-15,515880,0.05243107186647327
2025-06-15,515050,0.05485299313818032
2025-06-15,512120,0.11880537620336833
2025-06-15,512800,0.14182714199864133
2025-06-15,159920,0.08889380371192343
2025-06-15,510900,0.09051911890032201
2025-06-15,515220,0.10861051324605586
2025-06-15,513520,0.12386705904479407
2025-06-22,159981,0.13206497515783838
2025-06-22,518880,0.13119034087647075
2025-06-22,161226,0.09452366873602479
2025-06-22,510300,0.1497498101190657
2025-06-22,512400,0.09309435142945938
2025-06-22,512000,0.08372068892077411
2025-06-22,515050,0.056213751904408436
2025-06-22,512120,0.12211468872503835
2025-06-22,515880,0.0536536761323927
2025-06-22,512880,0.08367404799852747
2025-06-29,159941,0.11540620408005235
2025-06-29,512690,0.11143316275632931
2025-06-29,512170,0.09433599738274227
2025-06-29,512010,0.12960358063002045
2025-06-29,512760,0.0816748168734921
2025-06-29,513300,0.11559919293596292
2025-06-29,515220,0.13199452799262407
2025-06-29,515050,0.06578411398095843
2025-06-29,515880,0.06247632806199191
2025-06-29,159915,0.09169207530582625
2025-07-06,159941,0.11051802317915459
2025-07-06,513520,0.1438571350728924
2025-07-06,515220,0.12293986433199024
2025-07-06,512880,0.08190736835618066
2025-07-06,512760,0.07591088167108045
2025-07-06,515880,0.05773703831091922
2025-07-06,512000,0.08231721007215034
2025-07-06,161226,0.10565955925724149
2025-07-06,513050,0.059565976383780174
2025-07-06,510300,0.1595869433646106
2025-07-13,515880,0.04803928074578526
2025-07-13,513520,0.10742016221201851
2025-07-13,512760,0.0677467647594912
2025-07-13,510300,0.14445140430079711
2025-07-13,510050,0.17158251557888574
2025-07-13,512000,0.08086761088783445
2025-07-13,159985,0.11724837117161806
2025-07-13,510500,0.0987713017087329
2025-07-13,159941,0.08325650367165173
2025-07-13,512880,0.0806160849631851
2025-07-20,510300,0.17406807955632098
2025-07-20,510500,0.11712785207230669
2025-07-20,510050,0.20610821815104644
2025-07-20,512760,0.08190874525580055
2025-07-20,512880,0.09291964128081488
2025-07-20,512000,0.09327049740650105
2025-07-20,515880,0.05695368396494757
2025-07-20,513050,0.054385907399024366
2025-07-20,518880,0.12325737491323747
2025-07-27,515050,0.05380397312535807
2025-07-27,515880,0.05234336096385211
2025-07-27,510500,0.11808965446061
2025-07-27,510900,0.08721994408798625
2025-07-27,510050,0.19773560012835062
2025-07-27,512760,0.079412059415424
2025-07-27,510300,0.16964373409472114
2025-07-27,512000,0.09161672587442488
2025-07-27,513010,0.06018127695059833
2025-07-27,512660,0.08995367089867473
2025-08-03,159740,0.08285494992737859
2025-08-03,512660,0.12175702973600937
2025-08-03,512880,0.11811630712980688
2025-08-03,513050,0.0701804203605112
2025-08-03,510500,0.15479079370776627
2025-08-03,512000,0.11795336547259926
2025-08-03,515880,0.07330877381866399
2025-08-03,512760,0.10359339108557601
2025-08-03,513010,0.08161183045536695
2025-08-03,515050,0.07583313830632152
2025-08-10,510500,0.10846863574709763
2025-08-10,515880,0.052266321793065396
2025-08-10,510900,0.0807427964496399
2025-08-10,512880,0.08227237406948376
2025-08-10,513010,0.05620905729503359
2025-08-10,512690,0.0963238984797445
2025-08-10,518800,0.11143436562135182
2025-08-10,510300,0.15371210729261953
2025-08-10,510050,0.1795553204907486
2025-08-10,161226,0.07901512276121536
2025-08-17,510500,0.10068638733242352
2025-08-17,512800,0.11103665800604294
2025-08-17,512690,0.08335325263123813
2025-08-17,159981,0.07129062744513401
2025-08-17,510900,0.07416493397849487
2025-08-17,518800,0.09948039115604979
2025-08-17,518880,0.09935885986514911
2025-08-17,512170,0.06866079898317368
2025-08-17,510050,0.15526902446805882
2025-08-17,510300,0.13669906613423521
2025-08-24,510500,0.09715485787449094
2025-08-24,518800,0.10176222475130435
2025-08-24,159981,0.07265878921786635
2025-08-24,518880,0.10167286366360478
2025-08-24,515790,0.06810000937322123
2025-08-24,510050,0.1578076073968686
2025-08-24,510300,0.1327011166133018
2025-08-24,512800,0.10683108772968648
2025-08-24,512170,0.07463559207281613
2025-08-24,512690,0.08667585130683934
2025-08-31,510300,0.13611569209434543
2025-08-31,510500,0.10711902602597928
2025-08-31,510050,0.1644803876909463
2025-08-31,515790,0.0759994124873602
2025-08-31,512880,0.07370071349869367
2025-08-31,512800,0.1244450397261564
2025-08-31,518880,0.11729328793874823
2025-08-31,518800,0.11735139346722491
2025-08-31,159981,0.08349504707054545
2025-09-07,515880,0.04244856141198968
2025-09-07,515030,0.07104938760743319
2025-09-07,513520,0.10639170008516718
2025-09-07,518800,0.11744528751320171
2025-09-07,512200,0.09217134996053465
2025-09-07,510500,0.1079154014804163
2025-09-07,510050,0.16516509114677536
2025-09-07,513880,0.10151588875266487
2025-09-07,513050,0.06107021668996955
2025-09-07,510300,0.13482711535184755
2025-09-14,515880,0.0427383827623407
2025-09-14,515050,0.04510485731119292
2025-09-14,512400,0.06886653058599285
2025-09-14,510300,0.13478046892241866
2025-09-14,518800,0.11386757525323755
2025-09-14,513520,0.10846915359604059
2025-09-14,512200,0.09309986580437883
2025-09-14,510050,0.16332509146294977
2025-09-14,510500,0.10818963594875211
2025-09-14,513500,0.12155843835269599
2025-09-21,512000,0.08593750659704982
2025-09-21,512880,0.08609294661966505
2025-09-21,588000,0.07057857461838482
2025-09-21,512480,0.06672520944327633
2025-09-21,512400,0.08403922247474453
2025-09-21,159915,0.08436135418898291
2025-09-21,518800,0.13883493729573962
2025-09-21,512760,0.06372724681078255
2025-09-21,512980,0.11320510690880027
2025-09-21,510050,0.20649789504257418
2025-09-28,512400,0.06818505748391743
2025-09-28,512010,0.12748804832400723
2025-09-28,512000,0.07172533969019337
2025-09-28,510500,0.11103014236211356
2025-09-28,512980,0.10145732568706096
2025-09-28,512480,0.05754765992595605
2025-09-28,518800,0.11540852375074642
2025-09-28,510900,0.10644888105231771
2025-09-28,159996,0.10256380509236789
2025-09-28,513500,0.13814521663131948
2025-10-05,518800,0.1217668675243822
2025-10-05,510500,0.12117235185938427
2025-10-05,512800,0.1205348707036479
2025-10-05,510900,0.11624357391255527
2025-10-05,512980,0.11000940673512569
2025-10-05,159996,0.1093758074032986
2025-10-05,512400,0.07302038674000404
2025-10-05,512120,0.11195692276988063
2025-10-05,512760,0.056512103842396806
2025-10-05,512480,0.05940770850932459
2025-10-12,512400,0.07177541250920734
2025-10-12,510500,0.12323974085614975
2025-10-12,512000,0.07733476674507388
2025-10-12,510300,0.162507611899393
2025-10-12,510900,0.11903909063113452
2025-10-12,512660,0.08544114708482387
2025-10-12,518800,0.12310889482154631
2025-10-12,512480,0.060027111944672425
2025-10-12,513880,0.12041045000965553
2025-10-12,512760,0.057115773498343354
2025-10-19,512800,0.13326936093387823
2025-10-19,515880,0.058775718747614586
2025-10-19,515220,0.09178100680375953
2025-10-19,512400,0.07841985549774785
2025-10-19,513520,0.13197193627658596
2025-10-19,515050,0.06195005575240575
2025-10-19,512480,0.0618246260105402
2025-10-19,159996,0.15185835765410494
2025-10-19,161226,0.10178359802179683
2025-10-19,518800,0.12836548430156602
2025-10-26,518880,0.07586913169868738
2025-10-26,513880,0.10091432353018892
2025-10-26,512000,0.06853196129006818
2025-10-26,513520,0.10742050919838655
2025-10-26,518800,0.07606238871809567
2025-10-26,515220,0.07168658823762851
2025-10-26,159985,0.1641628231359759
2025-10-26,510050,0.17303065886028365
2025-10-26,512800,0.10211373365517877
2025-10-26,512400,0.06020788167550646
2025-11-02,515880,0.050471156609882266
2025-11-02,515050,0.05285420815710634
2025-11-02,512400,0.07600098821556833
2025-11-02,513880,0.11541698953941483
2025-11-02,512760,0.05502633382354691
2025-11-02,512480,0.05787749504106313
2025-11-02,513500,0.17882873892308077
2025-11-02,513300,0.14864729426607376
2025-11-02,513520,0.12156264309037368
2025-11-02,510900,0.1433141523338901
2025-11-09,513880,0.07190819837401406
2025-11-09,513520,0.09104948277508054
2025-11-09,513500,0.12936231968490175
2025-11-09,159985,0.1685615362629458
2025-11-09,510050,0.16022783499612922
2025-11-09,512400,0.059586969598430524
2025-11-09,515220,0.0716640459829886
2025-11-09,159941,0.09869010442395644
2025-11-09,512200,0.08191517498165306
2025-11-09,512000,0.06703433291989996
2025-11-16,588000,0.05284488950979519
2025-11-16,515220,0.07695710418591081
2025-11-16,510500,0.10781461218548573
2025-11-16,159941,0.10731727616727403
2025-11-16,518880,0.0735156551035924
2025-11-16,510300,0.15333551601230885
2025-11-16,512880,0.07426619409400428
2025-11-16,513520,0.09785042130873847
2025-11-16,510050,0.1818232774516842
2025-11-16,512000,0.07427505398120605
2025-11-23,159941,0.10829790374081343
2025-11-23,513500,0.1280970624852275
2025-11-23,513880,0.06821221027954923
2025-11-23,510500,0.09959733230833259
2025-11-23,518800,0.07253008807316075
2025-11-23,518880,0.07235160204723812
2025-11-23,161226,0.04798931675723072
2025-11-23,159766,0.09208663171381076
2025-11-23,510050,0.17100844316768035
2025-11-23,510300,0.13982940942695643
2025-11-30,512880,0.08067844267207679
2025-11-30,588000,0.05652416824386342
2025-11-30,159740,0.0826232818795743
2025-11-30,513010,0.08178374792541261
2025-11-30,513100,0.12614951788820447
2025-11-30,512690,0.11411939525425134
2025-11-30,510300,0.14691506514432104
2025-11-30,159941,0.1262557797776808
2025-11-30,512000,0.08064325270422948
2025-11-30,510500,0.10430734851038573
2025-12-07,515880,0.056212342490409725
2025-12-07,515050,0.0580408328312525
2025-12-07,588000,0.07037986518752017
2025-12-07,512480,0.06529344412289695
2025-12-07,512760,0.062278459368435526
2025-12-07,513100,0.14617465967321538
2025-12-07,510500,0.12825464113951165
2025-12-07,159915,0.08880519375114365
2025-12-07,513500,0.16228423941396125
2025-12-07,513300,0.16227632202165324
2025-12-14,515880,0.06647355527397471
2025-12-14,515050,0.06869880648531591
2025-12-14,515030,0.10010202394892839
2025-12-14,588000,0.08291409516627732
2025-12-14,512480,0.07718813362094841
2025-12-14,518880,0.1267548661551173
2025-12-14,159915,0.10477428635315195
2025-12-14,512760,0.07355956039797014
2025-12-14,518800,0.12713720833313016
2025-12-14,513100,0.17239746426518576
2025-12-21,515880,0.05792651969571783
2025-12-21,515050,0.06024617720549832
2025-12-21,515030,0.08800964898303851
2025-12-21,161226,0.05738813780262534
2025-12-21,512480,0.06873028525252427
2025-12-21,512760,0.06544624306911709
2025-12-21,512010,0.1422136481668091
2025-12-21,512880,0.10457584560150199
2025-12-21,518880,0.11109754355135099
2025-12-21,510050,0.24436595067181655
2025-12-28,510500,0.15052797109336308
2025-12-28,518800,0.12593678004683861
2025-12-28,159915,0.10159711474152658
2025-12-28,512660,0.12230282279438386
2025-12-28,515050,0.06616468522442438
2025-12-28,515880,0.06377902250892091
2025-12-28,518880,0.1254610460231693
2025-12-28,515790,0.08783719910529054
2025-12-28,588000,0.08103681249361536
2025-12-28,512480,0.07535654596846733
2026-01-04,515880,0.0619884746189449
2026-01-04,518800,0.1219968646628026
2026-01-04,515050,0.06419872930127941
2026-01-04,515030,0.09285940249567978
2026-01-04,512660,0.11908141742830568
2026-01-04,510500,0.14620260993657225
2026-01-04,512480,0.07291942744025913
2026-01-04,512200,0.12959309559930624
2026-01-04,512760,0.06954952298749828
2026-01-04,518880,0.1216104555293518
2026-01-11,515220,0.09138212692006532
2026-01-11,512200,0.11445907729298528
2026-01-11,512980,0.11817224715647068
2026-01-11,512400,0.08434810854067394
2026-01-11,515880,0.05448071082186971
2026-01-11,512760,0.061642872057143146
2026-01-11,512660,0.10428680337950362
2026-01-11,515790,0.07375934387789135
2026-01-11,515050,0.05638754713077839
2026-01-11,159985,0.24108116282261857
2026-01-18,513520,0.10636885428318459
2026-01-18,515790,0.06620949434070286
2026-01-18,515050,0.05068856881416551
2026-01-18,513880,0.08298532487024307
2026-01-18,515880,0.04893466693573882
2026-01-18,159985,0.21064525217976113
2026-01-18,159901,0.10979364888528233
2026-01-18,512660,0.0725924055898871
2026-01-18,512200,0.10831949749119058
2026-01-18,159920,0.14346228660984414
2026-01-25,515790,0.07918617779295525
2026-01-25,512400,0.08609660798011116
2026-01-25,512660,0.08366749733313125
2026-01-25,512200,0.1261163944087455
2026-01-25,510500,0.12100692995901965
2026-01-25,513880,0.0983558293502755
2026-01-25,513520,0.1260352888306631
2026-01-25,515880,0.05997557097569234
2026-01-25,518800,0.10990021947405525
2026-01-25,518880,0.10965948389535095
2026-02-01,510050,0.17131233350856626
2026-02-01,513050,0.08855082324696009
2026-02-01,159920,0.1367783092682799
2026-02-01,512200,0.09623284598923955
2026-02-01,515880,0.04620909898832116
2026-02-01,510300,0.1467279921470933
2026-02-01,513880,0.07680124560968139
2026-02-01,518800,0.07961182253822122
2026-02-01,515790,0.05865480670800557
2026-02-01,513520,0.09912072199563163
2026-02-08,512000,0.10005524339148425
2026-02-08,510050,0.17338860766296207
2026-02-08,512880,0.0998788341147875
2026-02-08,515790,0.05487962140321155
2026-02-08,510900,0.14517973640874854
2026-02-08,518800,0.07905260519730883
2026-02-08,512480,0.05074042695337205
2026-02-08,513880,0.07787641957157602
2026-02-08,513520,0.10124722432340003
2026-02-08,513100,0.11770128097314911
2026-02-15,512200,0.09699863144313361
2026-02-15,512880,0.09841813695955487
2026-02-15,512000,0.09864942111663826
2026-02-15,510300,0.14513465671464099
2026-02-15,513100,0.11000124745642116
2026-02-15,510050,0.1689487460203075
2026-02-15,515790,0.05405062184314775
2026-02-15,515050,0.045397821172869106
2026-02-15,512800,0.135245415266575
2026-02-15,512480,0.04715530200671177
2026-03-01,512880,0.11064151939495527
2026-03-01,512000,0.11222155541784265
2026-03-01,512200,0.08906651243363396
2026-03-01,513100,0.09763470442379696
2026-03-01,510300,0.1318862265167256
2026-03-01,512800,0.12294564858231172
2026-03-01,510050,0.15183896013006148
2026-03-01,515790,0.04821135991280338
2026-03-01,515220,0.07392489463324539
2026-03-01,513880,0.06162861855462369
2026-03-08,159928,0.12001179133455118
2026-03-08,512690,0.09809763959111155
2026-03-08,159981,0.09758757116453136
2026-03-08,159985,0.1640314718819085
2026-03-08,512200,0.07820865715236343
2026-03-08,515220,0.06479933722664216
2026-03-08,512000,0.1029633231386434
2026-03-08,513520,0.0636515407657418
2026-03-08,512800,0.10866594025950892
2026-03-08,512880,0.10198272748499773
2026-03-15,159985,0.18172941048191601
2026-03-15,512800,0.1552628849503915
2026-03-15,512690,0.1432460946639426
2026-03-15,515220,0.09406460882222874
2026-03-15,513520,0.08232183922913038
2026-03-15,513880,0.07435235238964616
2026-03-15,515050,0.06384301648645561
2026-03-15,515880,0.06305239896615189
2026-03-15,515790,0.06074876510010035
2026-03-15,159981,0.08137862891003685
2026-03-22,159981,0.06819875057994655
2026-03-22,159985,0.12036138514777911
2026-03-22,515220,0.08531845403713924
2026-03-22,159928,0.17734630490472864
2026-03-22,513050,0.08430607754539589
2026-03-22,515050,0.06201633686063464
2026-03-22,159915,0.08916362136763686
2026-03-22,159740,0.08850044978533357
2026-03-22,513010,0.08696808488293178
2026-03-22,512690,0.13782053488847393
2026-03-29,159740,0.08472225062194728
2026-03-29,513050,0.08195050353662063
2026-03-29,513010,0.08336208821307642
2026-03-29,588000,0.06284456076721612
2026-03-29,512000,0.13633253121467775
2026-03-29,512690,0.12537931488937276
2026-03-29,159915,0.08121340700956622
2026-03-29,159901,0.12074318325168733
2026-03-29,510300,0.16535498665790554
2026-03-29,515050,0.058097173837929846
2026-04-05,159981,0.07967365746282515
2026-04-05,159740,0.11715044488726926
2026-04-05,512400,0.06842390742676861
2026-04-05,513010,0.1151169469944883
2026-04-05,513050,0.10917304571685015
2026-04-05,159985,0.12392627803363723
2026-04-05,159941,0.14183199920972356
2026-04-05,588000,0.08170062707963778
2026-04-05,513520,0.09062126979441036
2026-04-05,515790,0.0723818233943895
2026-04-12,518800,0.07039469442673386
2026-04-12,518880,0.07059064324605108
2026-04-12,512760,0.06461509795279906
2026-04-12,513500,0.12597805384157137
2026-04-12,515880,0.06363666018029554
2026-04-12,159766,0.1001829895468701
2026-04-12,510300,0.18676581572318976
2026-04-12,512400,0.060837408913562645
2026-04-12,510500,0.08914155781116219
2026-04-12,512800,0.16785707835776448
2026-04-19,515880,0.07442718815375071
2026-04-19,515050,0.0728690442724765
2026-04-19,518800,0.08801856575082802
2026-04-19,512760,0.07424307647814388
2026-04-19,513520,0.09536814677297159
2026-04-19,513300,0.15904455742030976
2026-04-19,512480,0.07421139413873257
2026-04-19,512400,0.0771709171142857
2026-04-19,510500,0.10668558508847457
2026-04-19,512000,0.17796152481002664
2026-04-26,515050,0.05279599533220252
2026-04-26,510500,0.07862034041906783
2026-04-26,512760,0.05520237271592854
2026-04-26,512480,0.05522124946436855
2026-04-26,513100,0.10509813548769317
2026-04-26,513300,0.11194220838761089
2026-04-26,510050,0.18356316617324456
2026-04-26,159941,0.10509640939790203
2026-04-26,513500,0.11004332247343171
2026-04-26,512690,0.1424168001485503
2026-05-03,512760,0.054205855430103686
2026-05-03,512480,0.054131639696014824
2026-05-03,513100,0.1020986752595207
2026-05-03,510050,0.17158477452424847
2026-05-03,513300,0.10806796909737192
2026-05-03,510500,0.07851034057593949
2026-05-03,515050,0.05375760899049753
2026-05-03,159941,0.10188797880319973
2026-05-03,512690,0.13755640659556978
2026-05-03,159920,0.1381987510275338
2026-05-10,512760,0.05294539775201154
2026-05-10,510500,0.07821257489705051
2026-05-10,513100,0.1061999271804222
2026-05-10,512480,0.052442286545500934
2026-05-10,513300,0.12017951451922951
2026-05-10,515050,0.059064151234887265
2026-05-10,159941,0.11781527936196179
2026-05-10,513050,0.0921580812557075
2026-05-10,159920,0.14487001005584815
2026-05-10,510050,0.1761127771973806
2026-05-17,159901,0.15662629892987784
2026-05-17,512760,0.07342481713193061
2026-05-17,513300,0.1519790980132088
2026-05-17,512480,0.0726345136782528
2026-05-17,515050,0.07933962694030373
2026-05-17,513100,0.14072098796517185
2026-05-17,515030,0.0896811950708818
2026-05-17,512660,0.07558666287398405
2026-05-17,515790,0.06957866827687745
2026-05-17,513520,0.09042813111951123
2026-05-24,588000,0.07737465974746803
2026-05-24,512480,0.06603649625789434
2026-05-24,512760,0.06699689505592929
2026-05-24,515050,0.0735629858954411
2026-05-24,513300,0.1432280815576577
2026-05-24,513100,0.13477102508240923
2026-05-24,159985,0.11737834915221879
2026-05-24,515790,0.06856993491097844
2026-05-24,513500,0.14967999825863823
2026-05-24,512200,0.10240157408136491
2026-05-31,512480,0.05769964792893168
2026-05-31,588000,0.06772877069580661
2026-05-31,515050,0.06984457733422009
2026-05-31,513300,0.12507903016429886
2026-05-31,518880,0.08465376540309831
2026-05-31,513100,0.11679383010551694
2026-05-31,513500,0.13443267748215654
2026-05-31,512200,0.08870569927278527
2026-05-31,510050,0.19452436670926285
2026-05-31,515790,0.06053763490392293
